block_temp,block_rain,block_humidity,elevation,dist_to_water,land_cover,correction_delta
27.44,2.23,97.06,1300.4,31755.9,evergreen_forest,-6.190000000000001
27.73,2.31,96.62,895.4,8436.4,plantation_rubber_tea_spices,-6.010000000000002
27.55,2.62,97.34,1204.7,27445.0,evergreen_forest,-6.27
27.46,2.25,97.04,884.3,22472.5,plantation_rubber_tea_spices,-5.91
27.41,2.07,96.91,1385.2,33900.6,evergreen_forest,-5.510000000000002
27.74,2.6,96.97,946.4,5643.6,plantation_rubber_tea_spices,-6.629999999999999
28.83,0.09,91.8,1557.2,29540.6,evergreen_forest,-7.649999999999999
28.86,0.04,91.68,1427.8,24865.8,evergreen_forest,-7.399999999999999
28.54,0.43,92.76,1884.2,49583.4,evergreen_forest,-7.960000000000001
28.56,0.5,92.81,1220.3,26088.5,evergreen_forest,-6.559999999999999
28.81,0.13,91.88,1432.1,22708.9,evergreen_forest,-5.599999999999998
26.43,0.47,96.81,951.2,34828.6,plantation_rubber_tea_spices,-6.210000000000001
26.49,0.0,96.14,877.6,33105.8,plantation_rubber_tea_spices,-5.759999999999998
26.74,0.0,95.47,688.5,20636.6,plantation_rubber_tea_spices,-5.829999999999998
26.76,0.0,95.41,750.7,21967.3,plantation_rubber_tea_spices,-7.020000000000003
25.78,0.0,97.4,1010.0,38454.1,plantation_rubber_tea_spices,-5.190000000000001
26.36,0.53,97.09,1305.1,51304.9,evergreen_forest,-6.07
26.24,0.0,96.61,1277.5,52848.6,evergreen_forest,-6.719999999999999
26.26,0.0,96.59,1066.8,41253.5,plantation_rubber_tea_spices,-6.91
27.35,0.51,96.76,175.7,27246.3,mixed_agroforestry,-4.310000000000002
27.31,0.64,97.6,175.1,16149.2,mixed_agroforestry,-4.739999999999998
27.3,0.58,97.28,163.5,1360.9,mixed_agroforestry,-4.66
27.32,0.62,97.49,240.1,20016.1,mixed_agroforestry,-4.52
27.45,0.36,95.49,288.7,23950.8,mixed_agroforestry,-4.68
27.56,0.18,93.92,352.5,19497.4,plantation_rubber_tea_spices,-5.259999999999998
27.3,0.57,97.25,138.1,6743.7,mixed_agroforestry,-5.16
27.44,0.0,93.47,588.9,13996.2,plantation_rubber_tea_spices,-5.030000000000001
27.57,0.05,93.53,548.6,6048.6,plantation_rubber_tea_spices,-6.300000000000001
27.43,0.06,94.5,535.8,10581.8,plantation_rubber_tea_spices,-4.620000000000001
27.38,0.03,95.59,646.6,12551.3,plantation_rubber_tea_spices,-5.789999999999999
27.68,0.02,92.53,537.4,8098.1,plantation_rubber_tea_spices,-5.75
27.3,0.0,96.22,798.6,22450.1,plantation_rubber_tea_spices,-5.830000000000002
27.28,0.0,95.27,739.7,21622.1,plantation_rubber_tea_spices,-5.59
27.14,0.0,95.78,842.4,23767.0,plantation_rubber_tea_spices,-5.98
27.34,0.0,95.91,766.8,20906.3,plantation_rubber_tea_spices,-5.169999999999998
27.34,0.02,96.12,749.4,19370.7,plantation_rubber_tea_spices,-5.059999999999999
27.37,0.0,96.62,694.1,13258.0,plantation_rubber_tea_spices,-4.810000000000002
27.51,0.0,93.14,571.8,12437.0,plantation_rubber_tea_spices,-5.130000000000003
27.09,0.0,95.59,820.4,22861.7,plantation_rubber_tea_spices,-5.629999999999999
26.54,0.0,94.56,1060.9,28261.5,plantation_rubber_tea_spices,-5.649999999999999
26.63,0.0,94.3,458.0,25366.2,plantation_rubber_tea_spices,-5.0
26.54,0.4,92.79,1256.9,20852.6,evergreen_forest,-5.489999999999998
26.79,0.0,94.44,579.5,27079.2,plantation_rubber_tea_spices,-6.41
18.51,0.63,96.91,2234.1,34202.4,evergreen_forest,1.629999999999999
19.23,0.52,96.37,1910.4,39866.6,evergreen_forest,1.4800000000000004
17.68,0.05,97.15,2037.1,27757.2,evergreen_forest,4.100000000000001
27.32,0.0,91.86,539.4,24074.4,plantation_rubber_tea_spices,-4.43
27.04,0.0,92.09,489.2,33715.0,plantation_rubber_tea_spices,-4.899999999999999
27.19,0.0,92.13,456.3,31639.7,plantation_rubber_tea_spices,-6.0
27.07,0.0,91.64,503.4,35772.7,plantation_rubber_tea_spices,-5.280000000000001
26.87,0.0,89.72,1358.2,24271.4,evergreen_forest,-4.870000000000001
26.19,0.95,92.67,1419.7,13626.0,evergreen_forest,-3.860000000000003
26.37,0.85,92.01,1428.6,12880.4,evergreen_forest,-5.550000000000001
22.24,4.27,96.7,1780.3,20398.0,evergreen_forest,-1.3999999999999986
20.19,2.41,96.82,2032.8,16293.7,evergreen_forest,0.629999999999999
21.47,5.12,97.56,2260.1,28316.6,evergreen_forest,-2.0700000000000003
21.65,5.77,97.81,2088.5,24453.2,evergreen_forest,-1.3399999999999999
26.85,2.46,95.16,288.9,12765.4,mixed_agroforestry,-5.300000000000001
26.9,0.58,94.09,235.7,13937.1,mixed_agroforestry,-4.219999999999999
26.89,1.56,94.6,301.3,9540.4,mixed_agroforestry,-5.350000000000001
26.84,0.79,94.37,156.7,11250.1,mixed_agroforestry,-3.9899999999999984
26.87,1.62,94.7,290.5,11215.4,mixed_agroforestry,-5.420000000000002
26.85,1.17,94.5,126.7,11417.6,mixed_agroforestry,-3.7600000000000016
27.23,0.22,93.7,414.2,12217.9,plantation_rubber_tea_spices,-4.640000000000001
26.94,0.89,94.19,344.1,9701.3,mixed_agroforestry,-4.990000000000002
27.13,0.0,93.31,334.6,24472.9,mixed_agroforestry,-4.5
26.3,0.0,92.51,607.0,16070.7,plantation_rubber_tea_spices,-4.580000000000002
26.74,4.09,96.29,133.7,29534.2,mixed_agroforestry,-3.879999999999999
26.62,4.33,96.07,129.9,36513.0,mixed_agroforestry,-3.460000000000001
26.74,4.62,96.62,243.1,19910.6,mixed_agroforestry,-5.309999999999999
26.45,0.0,94.3,208.6,10979.1,mixed_agroforestry,-6.009999999999998
26.45,0.0,94.41,202.3,9620.2,mixed_agroforestry,-4.09
26.41,0.0,92.85,139.1,4468.1,mixed_agroforestry,-3.330000000000002
26.46,0.86,93.67,211.8,19443.2,mixed_agroforestry,-5.830000000000002
26.41,0.0,94.37,85.4,10060.3,mixed_agroforestry,-3.289999999999999
26.31,0.0,92.65,533.6,42588.1,plantation_rubber_tea_spices,-5.039999999999999
26.0,0.0,93.44,569.3,45570.8,plantation_rubber_tea_spices,-5.059999999999999
26.1,0.0,93.24,492.2,40324.3,plantation_rubber_tea_spices,-5.280000000000001
26.32,0.0,96.81,232.0,34351.4,mixed_agroforestry,-2.870000000000001
23.84,0.0,96.73,471.9,48468.5,plantation_rubber_tea_spices,-1.8000000000000007
21.63,0.0,97.19,574.4,61620.2,plantation_rubber_tea_spices,-1.5700000000000003
23.07,0.0,96.42,664.8,60922.4,plantation_rubber_tea_spices,-2.5199999999999996
25.63,0.0,96.97,390.9,43600.3,plantation_rubber_tea_spices,-4.919999999999998
23.13,0.0,96.67,458.5,55850.7,plantation_rubber_tea_spices,-1.6099999999999994
23.06,0.0,96.29,805.9,80983.5,plantation_rubber_tea_spices,-2.9899999999999984
25.93,0.0,95.38,149.3,38303.4,mixed_agroforestry,-4.879999999999999
26.03,0.0,94.58,102.4,41085.1,mixed_agroforestry,-3.5199999999999996
26.34,0.0,96.04,133.9,26892.7,mixed_agroforestry,-3.3299999999999983
26.32,0.0,95.47,56.2,22651.4,mixed_agroforestry,-2.9200000000000017
26.34,0.0,95.79,143.4,17700.5,mixed_agroforestry,-4.600000000000001
26.34,0.0,95.93,115.9,21778.8,mixed_agroforestry,-3.969999999999999
25.99,0.0,96.01,227.1,38332.8,mixed_agroforestry,-4.27
25.7,0.0,92.95,112.7,46637.8,mixed_agroforestry,-3.8999999999999986
24.11,0.71,93.36,180.8,48227.2,mixed_agroforestry,-2.759999999999998
24.85,0.26,91.97,183.5,51439.9,mixed_agroforestry,-3.3800000000000026
25.48,0.0,91.89,91.9,43011.8,mixed_agroforestry,-2.6999999999999993
23.74,0.44,96.42,60.2,25378.5,mixed_agroforestry,-1.3699999999999974
24.78,0.79,97.01,9.4,21573.4,mixed_agroforestry,-0.16000000000000014
25.48,0.18,96.26,14.6,27926.2,mixed_agroforestry,-1.2699999999999996
28.16,0.0,96.09,5.7,31535.2,mixed_agroforestry,-0.879999999999999
26.16,0.87,96.64,14.2,28012.1,mixed_agroforestry,-0.39000000000000057
27.96,0.0,96.17,1.5,39598.1,mixed_agroforestry,-0.17999999999999972
28.11,0.14,96.1,24.1,37515.9,mixed_agroforestry,-1.8900000000000006
27.21,0.54,96.34,1.5,32411.1,mixed_agroforestry,1.2100000000000009
21.32,0.73,97.13,93.1,23902.6,mixed_agroforestry,1.120000000000001
24.11,0.83,96.67,15.0,20764.6,mixed_agroforestry,-1.5399999999999991
20.3,0.09,97.71,42.1,15841.9,mixed_agroforestry,1.8999999999999986
20.83,2.24,97.8,78.6,20909.4,mixed_agroforestry,0.7200000000000024
21.56,5.89,97.89,61.0,16569.3,mixed_agroforestry,1.5
21.0,2.06,97.34,87.9,26359.2,mixed_agroforestry,1.1499999999999986
20.87,0.88,97.68,43.3,18477.1,mixed_agroforestry,0.7399999999999984
20.83,2.21,97.8,75.5,19824.1,mixed_agroforestry,2.210000000000001
22.09,7.21,97.84,40.3,28259.0,mixed_agroforestry,1.9899999999999984
22.6,6.88,97.7,7.1,13190.3,mixed_agroforestry,1.6799999999999997
21.52,3.79,97.16,263.8,47920.6,mixed_agroforestry,1.2899999999999991
21.12,3.41,97.58,123.7,29165.1,mixed_agroforestry,2.009999999999998
21.37,4.79,97.86,81.9,18191.4,mixed_agroforestry,1.2899999999999991
21.85,3.22,96.55,207.5,46859.5,mixed_agroforestry,1.1199999999999974
27.06,0.0,96.63,9.6,30373.0,mixed_agroforestry,-0.41000000000000014
26.99,0.0,97.02,12.3,14445.9,mixed_agroforestry,0.020000000000003126
26.9,0.0,96.09,27.9,28214.9,mixed_agroforestry,0.23000000000000043
27.03,0.0,96.25,25.7,37091.1,mixed_agroforestry,-1.3500000000000014
27.02,0.0,96.39,1.5,18918.8,mixed_agroforestry,-0.09999999999999787
27.2,0.34,96.3,9.4,29436.5,mixed_agroforestry,-1.2100000000000009
26.8,1.28,96.37,7.6,34016.1,mixed_agroforestry,-1.0700000000000003
26.85,1.23,96.37,12.6,34694.1,mixed_agroforestry,0.7099999999999973
27.06,0.66,96.28,5.8,45839.5,mixed_agroforestry,-2.0299999999999976
26.67,0.0,93.93,14.2,25223.4,mixed_agroforestry,-0.8000000000000007
26.58,0.0,93.73,1.5,28457.0,mixed_agroforestry,-0.6699999999999982
26.65,0.0,93.76,1.5,16520.4,mixed_agroforestry,-0.6099999999999994
26.67,0.0,93.79,1.5,14929.2,mixed_agroforestry,1.0599999999999987
27.03,0.0,94.49,20.6,7096.8,coastal_urban,-0.010000000000001563
27.04,0.0,94.54,4.4,8381.9,mixed_agroforestry,0.28999999999999915
29.4,1.12,94.0,1300.4,31755.9,evergreen_forest,-6.18
29.36,0.5,93.47,895.4,8436.4,plantation_rubber_tea_spices,-6.280000000000001
29.38,0.7,94.07,1204.7,27445.0,evergreen_forest,-7.109999999999999
29.37,0.89,93.74,884.3,22472.5,plantation_rubber_tea_spices,-6.260000000000002
29.41,1.26,93.95,1385.2,33900.6,evergreen_forest,-5.789999999999999
29.35,0.36,93.7,946.4,5643.6,plantation_rubber_tea_spices,-7.380000000000003
29.36,0.03,90.29,1557.2,29540.6,evergreen_forest,-8.04
29.36,0.01,90.2,1427.8,24865.8,evergreen_forest,-7.419999999999998
29.37,0.28,90.94,1884.2,49583.4,evergreen_forest,-8.75
29.36,0.21,90.96,1220.3,26088.5,evergreen_forest,-7.16
29.36,0.04,90.33,1432.1,22708.9,evergreen_forest,-6.329999999999998
29.54,3.66,94.34,951.2,34828.6,plantation_rubber_tea_spices,-7.029999999999998
29.58,3.35,93.47,877.6,33105.8,plantation_rubber_tea_spices,-6.379999999999999
29.05,0.67,89.89,688.5,20636.6,plantation_rubber_tea_spices,-5.98
28.93,0.19,89.22,750.7,21967.3,plantation_rubber_tea_spices,-4.969999999999999
30.01,7.22,97.91,1010.0,38454.1,plantation_rubber_tea_spices,-4.770000000000003
29.67,4.38,95.37,1305.1,51304.9,evergreen_forest,-5.450000000000003
29.76,4.81,95.19,1277.5,52848.6,evergreen_forest,-6.830000000000002
29.74,4.7,95.06,1066.8,41253.5,plantation_rubber_tea_spices,-5.18
29.21,0.87,95.24,175.7,27246.3,mixed_agroforestry,-4.789999999999999
29.14,1.17,96.82,175.1,16149.2,mixed_agroforestry,-4.93
29.22,1.22,96.45,163.5,1360.9,mixed_agroforestry,-4.07
29.15,1.14,96.66,240.1,20016.1,mixed_agroforestry,-4.729999999999997
29.37,0.62,93.61,288.7,23950.8,mixed_agroforestry,-4.580000000000002
29.57,0.3,91.56,352.5,19497.4,plantation_rubber_tea_spices,-5.719999999999999
29.23,1.21,96.42,138.1,6743.7,mixed_agroforestry,-5.400000000000002
29.69,0.51,90.34,588.9,13996.2,plantation_rubber_tea_spices,-5.450000000000003
29.76,0.33,90.89,548.6,6048.6,plantation_rubber_tea_spices,-6.010000000000002
29.73,0.59,91.72,535.8,10581.8,plantation_rubber_tea_spices,-4.990000000000002
29.61,0.39,91.63,646.6,12551.3,plantation_rubber_tea_spices,-5.719999999999999
29.77,0.04,89.89,537.4,8098.1,plantation_rubber_tea_spices,-6.09
29.57,0.47,91.7,798.6,22450.1,plantation_rubber_tea_spices,-6.140000000000001
29.64,0.9,92.44,739.7,21622.1,plantation_rubber_tea_spices,-5.740000000000002
29.54,1.03,91.62,842.4,23767.0,plantation_rubber_tea_spices,-6.43
29.54,0.39,91.73,766.8,20906.3,plantation_rubber_tea_spices,-5.43
29.57,0.37,91.74,749.4,19370.7,plantation_rubber_tea_spices,-5.050000000000001
29.46,0.02,91.25,694.1,13258.0,plantation_rubber_tea_spices,-4.720000000000002
29.73,0.39,90.18,571.8,12437.0,plantation_rubber_tea_spices,-6.07
29.54,1.22,91.65,820.4,22861.7,plantation_rubber_tea_spices,-5.119999999999997
30.26,4.1,97.65,1060.9,28261.5,plantation_rubber_tea_spices,-5.5
30.11,3.78,97.29,458.0,25366.2,plantation_rubber_tea_spices,-4.390000000000001
29.09,3.48,97.44,1256.9,20852.6,evergreen_forest,-4.57
30.12,3.17,95.97,579.5,27079.2,plantation_rubber_tea_spices,-5.550000000000001
19.63,0.23,88.69,2234.1,34202.4,evergreen_forest,1.990000000000002
20.37,0.35,89.19,1910.4,39866.6,evergreen_forest,1.7199999999999989
18.91,0.02,87.43,2037.1,27757.2,evergreen_forest,3.25
28.86,1.38,94.62,539.4,24074.4,plantation_rubber_tea_spices,-5.129999999999999
29.32,2.89,96.35,489.2,33715.0,plantation_rubber_tea_spices,-6.050000000000001
29.06,1.88,94.99,456.3,31639.7,plantation_rubber_tea_spices,-6.189999999999998
29.25,3.04,96.69,503.4,35772.7,plantation_rubber_tea_spices,-6.789999999999999
28.08,2.75,96.66,1358.2,24271.4,evergreen_forest,-5.419999999999998
28.16,3.02,97.18,1419.7,13626.0,evergreen_forest,-5.510000000000002
28.13,2.96,97.18,1428.6,12880.4,evergreen_forest,-6.379999999999999
22.97,1.61,95.86,1780.3,20398.0,evergreen_forest,-2.6099999999999994
21.08,0.87,92.09,2032.8,16293.7,evergreen_forest,0.23000000000000043
21.84,1.2,95.61,2260.1,28316.6,evergreen_forest,-2.7399999999999984
21.87,1.23,96.31,2088.5,24453.2,evergreen_forest,-1.1600000000000001
29.22,0.72,91.01,288.9,12765.4,mixed_agroforestry,-5.299999999999997
29.0,0.32,88.39,235.7,13937.1,mixed_agroforestry,-3.9800000000000004
29.12,0.55,90.06,301.3,9540.4,mixed_agroforestry,-4.98
29.04,0.29,87.83,156.7,11250.1,mixed_agroforestry,-4.419999999999998
29.13,0.53,89.79,290.5,11215.4,mixed_agroforestry,-5.489999999999998
29.07,0.41,88.68,126.7,11417.6,mixed_agroforestry,-3.740000000000002
29.0,0.29,92.55,414.2,12217.9,plantation_rubber_tea_spices,-4.359999999999999
29.04,0.42,89.55,344.1,9701.3,mixed_agroforestry,-4.57
29.06,0.85,92.37,334.6,24472.9,mixed_agroforestry,-5.049999999999997
27.77,0.97,92.79,607.0,16070.7,plantation_rubber_tea_spices,-4.489999999999998
29.38,0.92,93.0,133.7,29534.2,mixed_agroforestry,-3.469999999999999
29.15,0.98,95.01,129.9,36513.0,mixed_agroforestry,-3.7099999999999973
29.47,1.04,93.61,243.1,19910.6,mixed_agroforestry,-4.66
27.94,0.0,91.46,208.6,10979.1,mixed_agroforestry,-4.990000000000002
27.95,0.0,91.21,202.3,9620.2,mixed_agroforestry,-4.539999999999999
27.89,0.0,95.11,139.1,4468.1,mixed_agroforestry,-3.3900000000000006
28.11,0.19,94.6,211.8,19443.2,mixed_agroforestry,-5.449999999999999
27.91,0.0,90.9,85.4,10060.3,mixed_agroforestry,-3.0599999999999987
27.45,0.0,88.88,533.6,42588.1,plantation_rubber_tea_spices,-5.449999999999999
27.28,0.02,90.23,569.3,45570.8,plantation_rubber_tea_spices,-5.73
27.34,0.01,89.81,492.2,40324.3,plantation_rubber_tea_spices,-5.0
28.01,0.01,89.23,232.0,34351.4,mixed_agroforestry,-3.7600000000000016
25.49,0.11,93.53,471.9,48468.5,plantation_rubber_tea_spices,-1.7699999999999996
23.38,0.2,97.1,574.4,61620.2,plantation_rubber_tea_spices,-0.41000000000000014
24.7,0.14,94.62,664.8,60922.4,plantation_rubber_tea_spices,-2.759999999999998
27.29,0.04,90.94,390.9,43600.3,plantation_rubber_tea_spices,-4.789999999999999
24.85,0.14,94.74,458.5,55850.7,plantation_rubber_tea_spices,-1.3100000000000023
24.76,0.14,94.72,805.9,80983.5,plantation_rubber_tea_spices,-2.91
27.63,0.01,87.93,149.3,38303.4,mixed_agroforestry,-4.599999999999998
27.82,0.0,87.06,102.4,41085.1,mixed_agroforestry,-3.9800000000000004
27.87,0.0,85.25,133.9,26892.7,mixed_agroforestry,-3.5
27.88,0.0,86.94,56.2,22651.4,mixed_agroforestry,-2.7699999999999996
27.89,0.0,86.23,143.4,17700.5,mixed_agroforestry,-4.030000000000001
27.87,0.0,85.61,115.9,21778.8,mixed_agroforestry,-3.9700000000000024
27.69,0.02,88.8,227.1,38332.8,mixed_agroforestry,-4.620000000000001
27.64,0.0,88.35,112.7,46637.8,mixed_agroforestry,-3.289999999999999
26.38,0.5,90.77,180.8,48227.2,mixed_agroforestry,-3.4899999999999984
26.97,0.18,89.87,183.5,51439.9,mixed_agroforestry,-2.849999999999998
27.51,0.0,88.93,91.9,43011.8,mixed_agroforestry,-2.6400000000000006
26.25,0.31,89.31,60.2,25378.5,mixed_agroforestry,-1.2899999999999991
27.03,0.18,88.21,9.4,21573.4,mixed_agroforestry,-0.3500000000000014
27.85,0.13,86.91,14.6,27926.2,mixed_agroforestry,-1.5
28.58,0.0,88.21,5.7,31535.2,mixed_agroforestry,-0.7099999999999973
27.55,0.2,88.82,14.2,28012.1,mixed_agroforestry,-0.33000000000000185
28.48,0.0,87.86,1.5,39598.1,mixed_agroforestry,-0.4400000000000013
28.56,0.03,88.46,24.1,37515.9,mixed_agroforestry,-1.9699999999999989
28.05,0.12,88.82,1.5,32411.1,mixed_agroforestry,-0.019999999999999574
24.07,0.51,92.3,93.1,23902.6,mixed_agroforestry,1.1900000000000013
26.53,0.19,88.81,15.0,20764.6,mixed_agroforestry,-1.0700000000000003
23.23,0.04,92.26,42.1,15841.9,mixed_agroforestry,2.66
23.51,1.22,94.35,78.6,20909.4,mixed_agroforestry,1.2399999999999984
23.67,1.67,96.11,61.0,16569.3,mixed_agroforestry,1.759999999999998
23.67,1.16,94.18,87.9,26359.2,mixed_agroforestry,1.6099999999999994
23.66,0.38,92.49,43.3,18477.1,mixed_agroforestry,0.23000000000000043
23.51,1.14,94.22,75.5,19824.1,mixed_agroforestry,1.129999999999999
23.75,1.86,96.94,40.3,28259.0,mixed_agroforestry,1.9699999999999989
24.08,1.55,96.19,7.1,13190.3,mixed_agroforestry,1.990000000000002
23.99,2.32,96.13,263.8,47920.6,mixed_agroforestry,1.110000000000003
23.7,2.16,95.98,123.7,29165.1,mixed_agroforestry,1.8300000000000018
23.65,1.6,95.62,81.9,18191.4,mixed_agroforestry,1.740000000000002
24.3,1.91,95.18,207.5,46859.5,mixed_agroforestry,1.1999999999999993
28.04,0.0,83.94,9.6,30373.0,mixed_agroforestry,-0.3299999999999983
28.39,0.0,81.86,12.3,14445.9,mixed_agroforestry,0.620000000000001
28.06,0.43,85.06,27.9,28214.9,mixed_agroforestry,0.6900000000000013
27.77,0.41,85.87,25.7,37091.1,mixed_agroforestry,-0.4800000000000004
28.12,0.0,84.17,1.5,18918.8,mixed_agroforestry,0.03999999999999915
26.74,0.08,89.39,9.4,29436.5,mixed_agroforestry,-2.4599999999999973
26.44,0.29,91.04,7.6,34016.1,mixed_agroforestry,-1.8300000000000018
26.55,0.28,90.83,12.6,34694.1,mixed_agroforestry,-0.4700000000000024
26.47,0.15,90.43,5.8,45839.5,mixed_agroforestry,-3.3299999999999983
27.56,1.73,91.99,14.2,25223.4,mixed_agroforestry,-1.5399999999999991
27.51,0.92,91.34,1.5,28457.0,mixed_agroforestry,-0.5899999999999999
27.56,2.0,92.68,1.5,16520.4,mixed_agroforestry,-0.8599999999999994
27.57,2.25,92.93,1.5,14929.2,mixed_agroforestry,0.5599999999999987
27.82,6.39,96.78,20.6,7096.8,coastal_urban,-0.14000000000000057
27.83,6.55,96.89,4.4,8381.9,mixed_agroforestry,0.26000000000000156
34.79,3.61,77.39,1300.4,31755.9,evergreen_forest,-6.809999999999999
34.77,3.74,77.51,895.4,8436.4,plantation_rubber_tea_spices,-5.930000000000003
34.77,4.24,78.73,1204.7,27445.0,evergreen_forest,-6.490000000000002
34.82,3.64,77.4,884.3,22472.5,plantation_rubber_tea_spices,-6.75
34.8,3.35,76.84,1385.2,33900.6,evergreen_forest,-6.139999999999997
34.75,4.21,78.55,946.4,5643.6,plantation_rubber_tea_spices,-7.449999999999999
34.72,0.15,68.98,1557.2,29540.6,evergreen_forest,-7.939999999999998
34.72,0.07,68.79,1427.8,24865.8,evergreen_forest,-7.98
34.75,0.7,70.34,1884.2,49583.4,evergreen_forest,-8.559999999999999
34.74,0.81,70.58,1220.3,26088.5,evergreen_forest,-6.970000000000002
34.72,0.2,69.12,1432.1,22708.9,evergreen_forest,-6.199999999999999
35.01,1.04,72.1,951.2,34828.6,plantation_rubber_tea_spices,-5.889999999999997
35.22,0.95,71.66,877.6,33105.8,plantation_rubber_tea_spices,-5.129999999999999
35.56,0.19,69.3,688.5,20636.6,plantation_rubber_tea_spices,-6.320000000000004
35.62,0.03,68.83,750.7,21967.3,plantation_rubber_tea_spices,-6.329999999999998
34.64,0.02,70.81,1010.0,38454.1,plantation_rubber_tea_spices,-4.879999999999999
34.89,1.27,72.82,1305.1,51304.9,evergreen_forest,-6.59
35.01,0.72,71.6,1277.5,52848.6,evergreen_forest,-7.159999999999997
35.02,0.75,71.64,1066.8,41253.5,plantation_rubber_tea_spices,-6.530000000000005
35.1,0.44,69.22,175.7,27246.3,mixed_agroforestry,-4.920000000000002
34.88,0.15,68.57,175.1,16149.2,mixed_agroforestry,-4.880000000000003
34.95,0.29,69.07,163.5,1360.9,mixed_agroforestry,-4.770000000000003
34.9,0.16,68.6,240.1,20016.1,mixed_agroforestry,-4.419999999999998
35.38,0.57,69.62,288.7,23950.8,mixed_agroforestry,-4.650000000000002
35.71,0.68,70.04,352.5,19497.4,plantation_rubber_tea_spices,-5.77
34.95,0.31,69.11,138.1,6743.7,mixed_agroforestry,-5.300000000000004
35.87,1.42,71.88,588.9,13996.2,plantation_rubber_tea_spices,-5.529999999999998
35.85,1.84,72.82,548.6,6048.6,plantation_rubber_tea_spices,-6.170000000000002
35.71,2.7,74.84,535.8,10581.8,plantation_rubber_tea_spices,-4.640000000000001
35.66,4.71,78.92,646.6,12551.3,plantation_rubber_tea_spices,-5.4999999999999964
36.01,0.88,70.61,537.4,8098.1,plantation_rubber_tea_spices,-5.699999999999999
35.62,5.8,81.2,798.6,22450.1,plantation_rubber_tea_spices,-5.959999999999997
35.62,4.48,78.87,739.7,21622.1,plantation_rubber_tea_spices,-5.349999999999998
35.59,3.97,77.34,842.4,23767.0,plantation_rubber_tea_spices,-6.060000000000002
35.65,5.69,80.97,766.8,20906.3,plantation_rubber_tea_spices,-5.949999999999999
35.62,5.55,80.68,749.4,19370.7,plantation_rubber_tea_spices,-5.449999999999996
35.66,6.82,83.04,694.1,13258.0,plantation_rubber_tea_spices,-4.519999999999996
35.92,1.27,71.54,571.8,12437.0,plantation_rubber_tea_spices,-5.640000000000001
35.57,3.28,75.96,820.4,22861.7,plantation_rubber_tea_spices,-5.43
35.07,0.18,72.78,1060.9,28261.5,plantation_rubber_tea_spices,-4.949999999999999
35.09,0.27,72.49,458.0,25366.2,plantation_rubber_tea_spices,-5.540000000000003
34.91,0.14,71.63,1256.9,20852.6,evergreen_forest,-5.769999999999996
35.28,1.1,73.91,579.5,27079.2,plantation_rubber_tea_spices,-5.640000000000001
25.21,10.96,78.0,2234.1,34202.4,evergreen_forest,1.1600000000000001
26.02,10.12,77.18,1910.4,39866.6,evergreen_forest,0.6999999999999993
24.15,12.53,78.53,2037.1,27757.2,evergreen_forest,3.4299999999999997
35.21,0.06,68.41,539.4,24074.4,plantation_rubber_tea_spices,-4.23
35.28,0.09,70.7,489.2,33715.0,plantation_rubber_tea_spices,-3.9200000000000017
35.22,0.12,69.56,456.3,31639.7,plantation_rubber_tea_spices,-4.439999999999998
35.34,0.07,70.65,503.4,35772.7,plantation_rubber_tea_spices,-5.730000000000004
34.95,0.71,69.9,1358.2,24271.4,evergreen_forest,-4.190000000000001
34.47,0.34,71.75,1419.7,13626.0,evergreen_forest,-4.009999999999998
34.63,0.31,71.35,1428.6,12880.4,evergreen_forest,-5.460000000000001
30.28,2.87,76.69,1780.3,20398.0,evergreen_forest,-1.6000000000000014
27.51,7.21,77.51,2032.8,16293.7,evergreen_forest,1.9499999999999993
29.46,3.24,77.61,2260.1,28316.6,evergreen_forest,-2.5
29.77,2.45,77.74,2088.5,24453.2,evergreen_forest,-0.9699999999999989
35.43,1.01,75.64,288.9,12765.4,mixed_agroforestry,-5.759999999999998
35.35,1.46,77.57,235.7,13937.1,mixed_agroforestry,-4.360000000000003
35.38,1.15,76.03,301.3,9540.4,mixed_agroforestry,-5.050000000000004
35.39,1.63,78.82,156.7,11250.1,mixed_agroforestry,-3.8100000000000023
35.39,1.22,76.56,290.5,11215.4,mixed_agroforestry,-4.940000000000001
35.4,1.46,77.92,126.7,11417.6,mixed_agroforestry,-4.27
34.99,0.19,68.45,414.2,12217.9,plantation_rubber_tea_spices,-5.420000000000002
35.32,1.19,75.88,344.1,9701.3,mixed_agroforestry,-5.399999999999999
35.11,0.45,70.81,334.6,24472.9,mixed_agroforestry,-5.390000000000001
34.08,1.58,70.63,607.0,16070.7,plantation_rubber_tea_spices,-5.099999999999998
35.48,0.82,74.82,133.7,29534.2,mixed_agroforestry,-4.259999999999998
35.37,1.24,74.54,129.9,36513.0,mixed_agroforestry,-3.4099999999999966
35.51,0.65,74.18,243.1,19910.6,mixed_agroforestry,-5.219999999999999
34.44,2.27,73.97,208.6,10979.1,mixed_agroforestry,-4.969999999999999
34.44,2.09,73.49,202.3,9620.2,mixed_agroforestry,-3.469999999999999
34.83,2.8,76.97,139.1,4468.1,mixed_agroforestry,-3.549999999999997
34.77,2.85,76.61,211.8,19443.2,mixed_agroforestry,-4.420000000000002
34.55,1.78,72.65,85.4,10060.3,mixed_agroforestry,-3.5899999999999963
34.04,7.46,81.17,533.6,42588.1,plantation_rubber_tea_spices,-5.219999999999999
33.79,5.98,79.68,569.3,45570.8,plantation_rubber_tea_spices,-5.809999999999999
33.86,6.37,80.05,492.2,40324.3,plantation_rubber_tea_spices,-5.09
33.56,0.21,70.25,232.0,34351.4,mixed_agroforestry,-4.080000000000002
31.82,2.36,76.53,471.9,48468.5,plantation_rubber_tea_spices,-3.3599999999999994
30.25,2.79,79.96,574.4,61620.2,plantation_rubber_tea_spices,-1.3399999999999999
31.35,3.2,78.71,664.8,60922.4,plantation_rubber_tea_spices,-2.66
32.98,1.14,72.59,390.9,43600.3,plantation_rubber_tea_spices,-3.0399999999999956
31.31,2.41,78.01,458.5,55850.7,plantation_rubber_tea_spices,-1.139999999999997
31.32,2.83,78.84,805.9,80983.5,plantation_rubber_tea_spices,-3.039999999999999
33.76,0.39,70.84,149.3,38303.4,mixed_agroforestry,-4.759999999999998
34.03,0.76,72.53,102.4,41085.1,mixed_agroforestry,-3.4400000000000013
34.42,0.03,66.0,133.9,26892.7,mixed_agroforestry,-3.110000000000003
34.36,0.39,68.33,56.2,22651.4,mixed_agroforestry,-2.9899999999999984
34.39,0.22,67.24,143.4,17700.5,mixed_agroforestry,-3.8900000000000006
34.41,0.1,66.49,115.9,21778.8,mixed_agroforestry,-4.359999999999996
33.57,0.38,70.97,227.1,38332.8,mixed_agroforestry,-3.8000000000000007
33.74,0.95,76.61,112.7,46637.8,mixed_agroforestry,-4.150000000000002
32.48,2.4,78.97,180.8,48227.2,mixed_agroforestry,-2.859999999999996
33.1,1.4,79.07,183.5,51439.9,mixed_agroforestry,-3.2900000000000027
33.6,1.17,79.27,91.9,43011.8,mixed_agroforestry,-2.3200000000000003
32.44,5.99,80.88,60.2,25378.5,mixed_agroforestry,-1.4299999999999962
33.22,7.64,81.33,9.4,21573.4,mixed_agroforestry,-0.740000000000002
33.82,5.17,82.78,14.6,27926.2,mixed_agroforestry,-1.3500000000000014
34.78,0.16,68.96,5.7,31535.2,mixed_agroforestry,-0.03999999999999915
33.79,5.06,75.14,14.2,28012.1,mixed_agroforestry,-0.6899999999999977
34.64,0.52,70.49,1.5,39598.1,mixed_agroforestry,-0.6400000000000006
34.78,0.52,68.84,24.1,37515.9,mixed_agroforestry,-2.3700000000000045
34.3,2.6,71.07,1.5,32411.1,mixed_agroforestry,0.3100000000000023
30.57,7.73,78.67,93.1,23902.6,mixed_agroforestry,1.1600000000000001
32.78,8.16,82.01,15.0,20764.6,mixed_agroforestry,-0.6099999999999994
30.05,10.57,79.74,42.1,15841.9,mixed_agroforestry,2.66
29.91,8.09,76.58,78.6,20909.4,mixed_agroforestry,1.1900000000000013
30.22,16.02,77.39,61.0,16569.3,mixed_agroforestry,2.039999999999999
30.05,7.46,76.64,87.9,26359.2,mixed_agroforestry,1.5
30.32,10.09,79.23,43.3,18477.1,mixed_agroforestry,0.8599999999999994
29.95,8.66,76.91,75.5,19824.1,mixed_agroforestry,1.0899999999999999
30.35,18.26,77.51,40.3,28259.0,mixed_agroforestry,1.5499999999999972
30.76,18.8,77.82,7.1,13190.3,mixed_agroforestry,2.66
29.9,3.58,73.22,263.8,47920.6,mixed_agroforestry,0.3100000000000023
29.7,4.21,73.55,123.7,29165.1,mixed_agroforestry,1.620000000000001
30.12,13.11,76.91,81.9,18191.4,mixed_agroforestry,1.0199999999999996
30.31,4.07,74.49,207.5,46859.5,mixed_agroforestry,0.8900000000000006
33.88,1.25,73.21,9.6,30373.0,mixed_agroforestry,-0.23000000000000398
33.97,0.24,71.5,12.3,14445.9,mixed_agroforestry,-0.0799999999999983
34.2,3.32,73.67,27.9,28214.9,mixed_agroforestry,0.4099999999999966
33.85,2.12,74.61,25.7,37091.1,mixed_agroforestry,-0.5
34.09,2.33,73.06,1.5,18918.8,mixed_agroforestry,-0.20000000000000284
32.96,1.71,78.14,9.4,29436.5,mixed_agroforestry,-1.9100000000000001
32.79,3.99,77.76,7.6,34016.1,mixed_agroforestry,-1.4299999999999997
32.89,3.84,77.25,12.6,34694.1,mixed_agroforestry,-0.259999999999998
32.78,2.58,78.79,5.8,45839.5,mixed_agroforestry,-2.4200000000000017
34.98,10.44,77.44,14.2,25223.4,mixed_agroforestry,-0.3399999999999963
35.03,12.31,78.22,1.5,28457.0,mixed_agroforestry,0.36999999999999744
35.07,10.84,77.55,1.5,16520.4,mixed_agroforestry,-0.3500000000000014
35.06,10.38,77.35,1.5,14929.2,mixed_agroforestry,-0.1600000000000037
34.94,2.19,73.75,20.6,7096.8,coastal_urban,0.09000000000000341
34.93,1.78,73.58,4.4,8381.9,mixed_agroforestry,-0.490000000000002
34.09,4.66,80.28,1300.4,31755.9,evergreen_forest,-6.430000000000003
34.05,4.83,80.89,895.4,8436.4,plantation_rubber_tea_spices,-5.839999999999996
34.14,5.47,81.06,1204.7,27445.0,evergreen_forest,-6.0
34.07,4.7,79.98,884.3,22472.5,plantation_rubber_tea_spices,-6.550000000000001
34.07,4.33,80.01,1385.2,33900.6,evergreen_forest,-5.359999999999999
34.1,5.43,81.4,946.4,5643.6,plantation_rubber_tea_spices,-7.190000000000001
33.5,0.19,80.43,1557.2,29540.6,evergreen_forest,-7.890000000000001
33.49,0.08,80.43,1427.8,24865.8,evergreen_forest,-7.300000000000001
33.6,0.9,80.19,1884.2,49583.4,evergreen_forest,-9.0
33.61,1.04,80.34,1220.3,26088.5,evergreen_forest,-7.34
33.51,0.26,80.44,1432.1,22708.9,evergreen_forest,-6.919999999999998
33.92,0.98,75.06,951.2,34828.6,plantation_rubber_tea_spices,-6.650000000000002
33.69,0.0,73.54,877.6,33105.8,plantation_rubber_tea_spices,-6.529999999999998
33.54,0.0,69.83,688.5,20636.6,plantation_rubber_tea_spices,-6.539999999999999
33.52,0.0,69.06,750.7,21967.3,plantation_rubber_tea_spices,-3.820000000000004
34.18,0.01,77.18,1010.0,38454.1,plantation_rubber_tea_spices,-4.73
33.98,1.11,76.2,1305.1,51304.9,evergreen_forest,-6.089999999999996
33.86,0.0,75.0,1277.5,52848.6,evergreen_forest,-6.82
33.85,0.0,74.87,1066.8,41253.5,plantation_rubber_tea_spices,-5.650000000000002
33.35,6.74,79.73,175.7,27246.3,mixed_agroforestry,-4.650000000000002
33.37,8.47,81.69,175.1,16149.2,mixed_agroforestry,-4.409999999999997
33.33,7.67,80.89,163.5,1360.9,mixed_agroforestry,-5.559999999999999
33.37,8.3,81.53,240.1,20016.1,mixed_agroforestry,-4.7499999999999964
33.32,4.77,77.92,288.7,23950.8,mixed_agroforestry,-4.609999999999999
33.28,2.33,75.62,352.5,19497.4,plantation_rubber_tea_spices,-4.98
33.33,7.61,80.83,138.1,6743.7,mixed_agroforestry,-5.09
33.27,0.0,73.18,588.9,13996.2,plantation_rubber_tea_spices,-5.890000000000004
33.12,0.6,73.96,548.6,6048.6,plantation_rubber_tea_spices,-6.359999999999996
33.01,0.78,73.75,535.8,10581.8,plantation_rubber_tea_spices,-4.559999999999999
32.85,0.39,72.66,646.6,12551.3,plantation_rubber_tea_spices,-5.550000000000001
33.24,0.29,73.88,537.4,8098.1,plantation_rubber_tea_spices,-5.380000000000003
32.78,0.0,71.99,798.6,22450.1,plantation_rubber_tea_spices,-6.010000000000002
32.85,0.0,72.55,739.7,21622.1,plantation_rubber_tea_spices,-6.130000000000003
33.1,0.0,72.42,842.4,23767.0,plantation_rubber_tea_spices,-6.710000000000001
32.78,0.0,72.05,766.8,20906.3,plantation_rubber_tea_spices,-5.780000000000001
32.77,0.26,72.23,749.4,19370.7,plantation_rubber_tea_spices,-5.380000000000003
32.69,0.0,71.55,694.1,13258.0,plantation_rubber_tea_spices,-4.029999999999998
33.26,0.0,73.35,571.8,12437.0,plantation_rubber_tea_spices,-5.829999999999998
33.19,0.0,72.54,820.4,22861.7,plantation_rubber_tea_spices,-6.649999999999999
32.89,0.76,74.22,1060.9,28261.5,plantation_rubber_tea_spices,-5.310000000000002
32.94,1.91,74.81,458.0,25366.2,plantation_rubber_tea_spices,-5.419999999999998
32.85,2.91,76.74,1256.9,20852.6,evergreen_forest,-5.5
32.92,0.0,73.66,579.5,27079.2,plantation_rubber_tea_spices,-5.920000000000002
24.98,1.99,77.92,2234.1,34202.4,evergreen_forest,1.8900000000000006
25.67,2.57,78.04,1910.4,39866.6,evergreen_forest,1.25
24.21,0.18,76.86,2037.1,27757.2,evergreen_forest,3.629999999999999
33.38,12.76,80.54,539.4,24074.4,plantation_rubber_tea_spices,-3.650000000000002
33.31,4.77,77.26,489.2,33715.0,plantation_rubber_tea_spices,-4.7500000000000036
33.35,9.75,79.16,456.3,31639.7,plantation_rubber_tea_spices,-4.860000000000003
33.37,3.83,77.18,503.4,35772.7,plantation_rubber_tea_spices,-4.719999999999999
33.15,3.1,78.34,1358.2,24271.4,evergreen_forest,-5.379999999999999
32.45,4.78,78.33,1419.7,13626.0,evergreen_forest,-4.3700000000000045
32.63,4.66,78.53,1428.6,12880.4,evergreen_forest,-5.600000000000001
28.43,10.36,83.27,1780.3,20398.0,evergreen_forest,-2.4299999999999997
26.53,5.86,80.52,2032.8,16293.7,evergreen_forest,1.0499999999999972
27.62,12.42,84.79,2260.1,28316.6,evergreen_forest,-2.2200000000000024
27.75,14.0,85.83,2088.5,24453.2,evergreen_forest,-1.0500000000000007
33.91,2.76,75.56,288.9,12765.4,mixed_agroforestry,-5.579999999999998
33.78,3.65,75.06,235.7,13937.1,mixed_agroforestry,-4.640000000000001
33.83,3.86,75.66,301.3,9540.4,mixed_agroforestry,-5.149999999999999
33.86,1.73,74.16,156.7,11250.1,mixed_agroforestry,-3.7399999999999984
33.86,3.12,75.3,290.5,11215.4,mixed_agroforestry,-5.030000000000001
33.87,2.11,74.58,126.7,11417.6,mixed_agroforestry,-3.5299999999999976
33.25,17.92,81.49,414.2,12217.9,plantation_rubber_tea_spices,-5.390000000000001
33.74,5.4,76.06,344.1,9701.3,mixed_agroforestry,-6.460000000000001
33.34,12.52,79.31,334.6,24472.9,mixed_agroforestry,-5.010000000000005
32.5,10.62,79.62,607.0,16070.7,plantation_rubber_tea_spices,-5.98
34.05,1.27,76.02,133.7,29534.2,mixed_agroforestry,-3.549999999999997
34.02,0.46,78.04,129.9,36513.0,mixed_agroforestry,-3.5900000000000034
34.08,1.2,75.99,243.1,19910.6,mixed_agroforestry,-4.869999999999997
33.16,1.57,82.23,208.6,10979.1,mixed_agroforestry,-4.819999999999997
33.15,1.53,81.91,202.3,9620.2,mixed_agroforestry,-3.349999999999998
33.67,1.91,85.19,139.1,4468.1,mixed_agroforestry,-2.9700000000000024
33.55,1.62,83.67,211.8,19443.2,mixed_agroforestry,-4.729999999999997
33.24,1.29,80.56,85.4,10060.3,mixed_agroforestry,-2.490000000000002
32.31,0.02,74.43,533.6,42588.1,plantation_rubber_tea_spices,-5.040000000000003
32.21,0.68,77.77,569.3,45570.8,plantation_rubber_tea_spices,-5.470000000000002
32.24,0.5,76.86,492.2,40324.3,plantation_rubber_tea_spices,-5.270000000000003
32.37,2.37,85.49,232.0,34351.4,mixed_agroforestry,-4.359999999999996
30.51,2.21,84.96,471.9,48468.5,plantation_rubber_tea_spices,-2.530000000000001
28.91,2.29,85.59,574.4,61620.2,plantation_rubber_tea_spices,-0.5
29.96,1.93,83.71,664.8,60922.4,plantation_rubber_tea_spices,-3.1099999999999994
31.79,2.61,86.73,390.9,43600.3,plantation_rubber_tea_spices,-3.66
29.99,2.23,85.45,458.5,55850.7,plantation_rubber_tea_spices,-1.3399999999999999
29.96,2.0,84.44,805.9,80983.5,plantation_rubber_tea_spices,-2.280000000000001
32.32,0.94,78.75,149.3,38303.4,mixed_agroforestry,-4.949999999999999
32.52,0.35,76.27,102.4,41085.1,mixed_agroforestry,-3.7800000000000047
32.85,0.06,72.32,133.9,26892.7,mixed_agroforestry,-2.91
32.88,0.48,75.36,56.2,22651.4,mixed_agroforestry,-2.710000000000001
32.87,0.35,74.22,143.4,17700.5,mixed_agroforestry,-3.859999999999996
32.86,0.16,72.99,115.9,21778.8,mixed_agroforestry,-4.559999999999999
32.25,1.63,82.09,227.1,38332.8,mixed_agroforestry,-3.8200000000000003
32.21,0.3,78.23,112.7,46637.8,mixed_agroforestry,-3.4800000000000004
30.85,0.0,77.94,180.8,48227.2,mixed_agroforestry,-3.0700000000000003
31.48,0.0,78.54,183.5,51439.9,mixed_agroforestry,-2.5100000000000016
32.03,0.1,78.57,91.9,43011.8,mixed_agroforestry,-2.7900000000000027
31.13,0.0,75.53,60.2,25378.5,mixed_agroforestry,-1.5199999999999996
31.86,0.0,74.12,9.4,21573.4,mixed_agroforestry,-0.46000000000000085
32.43,0.0,73.85,14.6,27926.2,mixed_agroforestry,-2.6000000000000014
32.68,0.13,73.26,5.7,31535.2,mixed_agroforestry,-1.0700000000000003
32.03,0.0,73.71,14.2,28012.1,mixed_agroforestry,-1.2699999999999996
32.66,0.34,73.92,1.5,39598.1,mixed_agroforestry,-1.4899999999999949
32.63,0.0,72.89,24.1,37515.9,mixed_agroforestry,-1.9200000000000017
32.29,0.0,73.36,1.5,32411.1,mixed_agroforestry,-0.5799999999999983
29.42,0.0,77.43,93.1,23902.6,mixed_agroforestry,1.6799999999999997
31.51,0.0,75.03,15.0,20764.6,mixed_agroforestry,0.05999999999999872
29.29,0.0,78.21,42.1,15841.9,mixed_agroforestry,2.1999999999999993
28.45,0.0,77.09,78.6,20909.4,mixed_agroforestry,1.8599999999999994
28.43,0.0,76.49,61.0,16569.3,mixed_agroforestry,2.8900000000000006
28.58,0.0,77.35,87.9,26359.2,mixed_agroforestry,2.8900000000000006
29.31,0.0,77.52,43.3,18477.1,mixed_agroforestry,1.4200000000000017
28.53,0.0,77.15,75.5,19824.1,mixed_agroforestry,0.10999999999999943
28.42,0.0,75.96,40.3,28259.0,mixed_agroforestry,2.25
28.91,0.0,75.79,7.1,13190.3,mixed_agroforestry,2.0700000000000003
27.73,0.0,76.44,263.8,47920.6,mixed_agroforestry,0.8900000000000006
27.68,0.0,76.53,123.7,29165.1,mixed_agroforestry,1.0800000000000018
28.39,0.0,76.59,81.9,18191.4,mixed_agroforestry,-0.33999999999999986
28.29,0.0,76.84,207.5,46859.5,mixed_agroforestry,0.33000000000000185
32.52,4.23,86.55,9.6,30373.0,mixed_agroforestry,-0.5600000000000023
32.81,4.88,90.19,12.3,14445.9,mixed_agroforestry,0.3999999999999986
32.42,5.17,87.97,27.9,28214.9,mixed_agroforestry,0.509999999999998
32.33,4.0,85.09,25.7,37091.1,mixed_agroforestry,-0.3200000000000003
32.49,4.68,86.91,1.5,18918.8,mixed_agroforestry,0.7299999999999969
31.7,1.03,75.31,9.4,29436.5,mixed_agroforestry,-1.8599999999999994
31.33,0.37,73.43,7.6,34016.1,mixed_agroforestry,-1.4099999999999966
31.39,0.41,73.63,12.6,34694.1,mixed_agroforestry,0.259999999999998
31.48,0.62,73.85,5.8,45839.5,mixed_agroforestry,-2.7600000000000016
31.71,6.31,84.98,14.2,25223.4,mixed_agroforestry,-1.5300000000000011
31.53,7.04,84.52,1.5,28457.0,mixed_agroforestry,-0.8200000000000003
31.68,6.37,85.05,1.5,16520.4,mixed_agroforestry,-0.5300000000000011
31.73,6.18,85.2,1.5,14929.2,mixed_agroforestry,1.3199999999999967
32.56,2.9,87.66,20.6,7096.8,coastal_urban,-0.13000000000000256
32.59,2.74,87.76,4.4,8381.9,mixed_agroforestry,-0.3400000000000034
27.57,2.02,90.31,1300.4,31755.9,evergreen_forest,-6.219999999999999
27.61,3.39,90.28,895.4,8436.4,plantation_rubber_tea_spices,-5.289999999999999
27.64,1.43,89.2,1204.7,27445.0,evergreen_forest,-6.039999999999999
27.55,1.99,90.33,884.3,22472.5,plantation_rubber_tea_spices,-6.449999999999999
27.55,2.37,90.76,1385.2,33900.6,evergreen_forest,-5.140000000000001
27.66,2.57,89.4,946.4,5643.6,plantation_rubber_tea_spices,-7.210000000000001
27.43,16.7,97.69,1557.2,29540.6,evergreen_forest,-7.690000000000001
27.42,17.04,97.86,1427.8,24865.8,evergreen_forest,-7.470000000000002
27.44,13.99,96.49,1884.2,49583.4,evergreen_forest,-8.600000000000001
27.45,13.89,96.29,1220.3,26088.5,evergreen_forest,-6.59
27.43,16.5,97.57,1432.1,22708.9,evergreen_forest,-6.34
27.14,1.31,94.84,951.2,34828.6,plantation_rubber_tea_spices,-7.210000000000001
27.03,1.28,95.3,877.6,33105.8,plantation_rubber_tea_spices,-6.460000000000001
26.67,3.48,97.36,688.5,20636.6,plantation_rubber_tea_spices,-6.210000000000001
26.59,3.96,97.88,750.7,21967.3,plantation_rubber_tea_spices,-5.280000000000001
27.38,0.03,95.19,1010.0,38454.1,plantation_rubber_tea_spices,-5.25
27.24,0.76,94.26,1305.1,51304.9,evergreen_forest,-6.77
27.17,0.71,95.12,1277.5,52848.6,evergreen_forest,-6.930000000000003
27.15,0.76,95.14,1066.8,41253.5,plantation_rubber_tea_spices,-5.129999999999999
28.12,0.23,92.87,175.7,27246.3,mixed_agroforestry,-3.6999999999999993
28.37,0.0,92.84,175.1,16149.2,mixed_agroforestry,-4.600000000000001
28.28,0.0,92.76,163.5,1360.9,mixed_agroforestry,-4.560000000000002
28.36,0.0,92.79,240.1,20016.1,mixed_agroforestry,-5.079999999999998
27.94,0.23,92.44,288.7,23950.8,mixed_agroforestry,-3.5600000000000023
27.72,0.28,91.98,352.5,19497.4,plantation_rubber_tea_spices,-4.299999999999997
28.27,0.0,92.75,138.1,6743.7,mixed_agroforestry,-4.460000000000001
27.3,0.5,92.32,588.9,13996.2,plantation_rubber_tea_spices,-5.289999999999999
27.43,0.0,91.52,548.6,6048.6,plantation_rubber_tea_spices,-6.789999999999999
27.27,0.0,91.91,535.8,10581.8,plantation_rubber_tea_spices,-4.969999999999999
26.85,0.0,92.27,646.6,12551.3,plantation_rubber_tea_spices,-4.950000000000003
27.56,0.15,91.33,537.4,8098.1,plantation_rubber_tea_spices,-5.48
26.6,0.0,92.55,798.6,22450.1,plantation_rubber_tea_spices,-6.210000000000001
26.81,0.0,92.49,739.7,21622.1,plantation_rubber_tea_spices,-5.77
26.78,0.51,93.34,842.4,23767.0,plantation_rubber_tea_spices,-7.109999999999999
26.61,0.0,92.51,766.8,20906.3,plantation_rubber_tea_spices,-5.890000000000001
26.68,0.0,92.46,749.4,19370.7,plantation_rubber_tea_spices,-5.68
26.42,0.01,92.6,694.1,13258.0,plantation_rubber_tea_spices,-4.390000000000001
27.38,0.37,91.99,571.8,12437.0,plantation_rubber_tea_spices,-6.16
26.85,0.68,93.57,820.4,22861.7,plantation_rubber_tea_spices,-5.890000000000001
27.45,0.32,93.34,1060.9,28261.5,plantation_rubber_tea_spices,-4.68
27.38,0.81,93.6,458.0,25366.2,plantation_rubber_tea_spices,-4.969999999999999
26.91,0.82,93.79,1256.9,20852.6,evergreen_forest,-5.18
27.35,0.0,92.83,579.5,27079.2,plantation_rubber_tea_spices,-5.330000000000002
19.93,2.06,97.35,2234.1,34202.4,evergreen_forest,2.1700000000000017
20.5,2.27,97.26,1910.4,39866.6,evergreen_forest,1.629999999999999
19.35,2.19,97.94,2037.1,27757.2,evergreen_forest,3.669999999999998
26.91,5.38,96.3,539.4,24074.4,plantation_rubber_tea_spices,-4.48
27.15,2.01,94.63,489.2,33715.0,plantation_rubber_tea_spices,-5.229999999999997
27.0,4.11,95.74,456.3,31639.7,plantation_rubber_tea_spices,-5.399999999999999
27.14,1.62,94.44,503.4,35772.7,plantation_rubber_tea_spices,-5.949999999999999
26.54,1.43,94.65,1358.2,24271.4,evergreen_forest,-5.09
26.33,1.04,93.93,1419.7,13626.0,evergreen_forest,-5.119999999999997
26.37,1.1,94.02,1428.6,12880.4,evergreen_forest,-6.350000000000001
22.55,0.23,93.56,1780.3,20398.0,evergreen_forest,-2.379999999999999
21.08,1.1,95.52,2032.8,16293.7,evergreen_forest,0.2700000000000031
21.74,0.24,93.5,2260.1,28316.6,evergreen_forest,-2.6999999999999993
21.79,0.06,93.07,2088.5,24453.2,evergreen_forest,-1.3900000000000006
26.74,1.16,95.82,288.9,12765.4,mixed_agroforestry,-5.299999999999997
26.94,1.54,96.8,235.7,13937.1,mixed_agroforestry,-4.0
26.83,1.63,96.29,301.3,9540.4,mixed_agroforestry,-4.899999999999999
26.93,0.73,96.69,156.7,11250.1,mixed_agroforestry,-4.109999999999999
26.83,1.32,96.27,290.5,11215.4,mixed_agroforestry,-4.829999999999998
26.89,0.89,96.48,126.7,11417.6,mixed_agroforestry,-3.530000000000001
26.84,7.56,97.48,414.2,12217.9,plantation_rubber_tea_spices,-4.539999999999999
26.88,2.28,96.68,344.1,9701.3,mixed_agroforestry,-5.419999999999998
26.95,5.28,96.82,334.6,24472.9,mixed_agroforestry,-4.899999999999999
26.11,4.71,96.69,607.0,16070.7,plantation_rubber_tea_spices,-5.329999999999998
26.56,0.5,94.91,133.7,29534.2,mixed_agroforestry,-4.049999999999997
26.51,0.33,94.15,129.9,36513.0,mixed_agroforestry,-3.3200000000000003
26.51,0.49,94.71,243.1,19910.6,mixed_agroforestry,-5.210000000000001
26.89,7.12,95.99,208.6,10979.1,mixed_agroforestry,-5.640000000000001
26.85,7.63,96.06,202.3,9620.2,mixed_agroforestry,-4.43
26.73,1.18,94.05,139.1,4468.1,mixed_agroforestry,-3.16
26.85,1.92,94.55,211.8,19443.2,mixed_agroforestry,-5.620000000000001
26.62,8.25,95.93,85.4,10060.3,mixed_agroforestry,-3.5100000000000016
27.38,7.39,97.99,533.6,42588.1,plantation_rubber_tea_spices,-5.0
26.9,6.62,97.6,569.3,45570.8,plantation_rubber_tea_spices,-5.349999999999998
27.05,6.9,97.72,492.2,40324.3,plantation_rubber_tea_spices,-4.150000000000002
27.11,11.67,98.0,232.0,34351.4,mixed_agroforestry,-3.039999999999999
24.01,5.5,98.0,471.9,48468.5,plantation_rubber_tea_spices,-1.25
21.16,0.87,98.0,574.4,61620.2,plantation_rubber_tea_spices,-1.0500000000000007
23.02,3.59,98.0,664.8,60922.4,plantation_rubber_tea_spices,-3.3200000000000003
26.35,9.5,98.0,390.9,43600.3,plantation_rubber_tea_spices,-5.950000000000003
23.17,3.41,98.0,458.5,55850.7,plantation_rubber_tea_spices,-1.6300000000000026
23.1,2.91,98.0,805.9,80983.5,plantation_rubber_tea_spices,-3.400000000000002
26.33,11.54,98.0,149.3,38303.4,mixed_agroforestry,-5.239999999999998
26.54,9.96,97.51,102.4,41085.1,mixed_agroforestry,-4.57
26.04,17.83,97.97,133.9,26892.7,mixed_agroforestry,-3.1099999999999994
26.28,14.48,97.51,56.2,22651.4,mixed_agroforestry,-2.8599999999999994
26.2,16.01,97.71,143.4,17700.5,mixed_agroforestry,-4.27
26.09,17.13,97.88,115.9,21778.8,mixed_agroforestry,-4.390000000000001
26.57,11.11,98.0,227.1,38332.8,mixed_agroforestry,-4.899999999999999
26.7,4.79,97.65,112.7,46637.8,mixed_agroforestry,-3.259999999999998
25.18,2.3,97.51,180.8,48227.2,mixed_agroforestry,-3.1999999999999993
26.06,1.72,98.0,183.5,51439.9,mixed_agroforestry,-2.4499999999999993
26.72,1.56,97.62,91.9,43011.8,mixed_agroforestry,-2.3599999999999994
24.86,3.7,95.19,60.2,25378.5,mixed_agroforestry,-1.2199999999999989
25.71,2.04,93.2,9.4,21573.4,mixed_agroforestry,0.1999999999999993
26.55,1.08,93.23,14.6,27926.2,mixed_agroforestry,-1.5600000000000023
27.55,0.0,94.47,5.7,31535.2,mixed_agroforestry,-0.629999999999999
26.31,1.09,93.67,14.2,28012.1,mixed_agroforestry,-0.5799999999999983
27.5,0.0,94.37,1.5,39598.1,mixed_agroforestry,-0.6600000000000001
27.48,0.0,94.34,24.1,37515.9,mixed_agroforestry,-2.030000000000001
26.89,0.56,94.16,1.5,32411.1,mixed_agroforestry,0.259999999999998
22.54,7.48,97.48,93.1,23902.6,mixed_agroforestry,1.1400000000000006
25.25,2.66,93.89,15.0,20764.6,mixed_agroforestry,-0.3099999999999987
21.95,9.21,97.94,42.1,15841.9,mixed_agroforestry,2.2600000000000016
21.55,7.76,97.19,78.6,20909.4,mixed_agroforestry,0.9899999999999984
21.73,3.58,93.23,61.0,16569.3,mixed_agroforestry,2.4299999999999997
21.77,7.48,97.47,87.9,26359.2,mixed_agroforestry,2.400000000000002
22.2,7.98,97.1,43.3,18477.1,mixed_agroforestry,1.0
21.6,7.68,97.07,75.5,19824.1,mixed_agroforestry,1.0199999999999996
21.88,1.8,91.66,40.3,28259.0,mixed_agroforestry,0.740000000000002
22.43,1.17,91.25,7.1,13190.3,mixed_agroforestry,1.9600000000000009
21.41,6.36,97.37,263.8,47920.6,mixed_agroforestry,0.05000000000000071
21.16,7.24,97.57,123.7,29165.1,mixed_agroforestry,1.6499999999999986
21.66,4.88,94.51,81.9,18191.4,mixed_agroforestry,0.5300000000000011
22.02,5.76,97.35,207.5,46859.5,mixed_agroforestry,-0.00999999999999801
27.65,0.0,96.77,9.6,30373.0,mixed_agroforestry,-0.09999999999999787
28.0,0.0,97.81,12.3,14445.9,mixed_agroforestry,0.030000000000001137
27.58,0.0,97.07,27.9,28214.9,mixed_agroforestry,1.1000000000000014
27.35,0.0,96.27,25.7,37091.1,mixed_agroforestry,0.13999999999999702
27.69,0.0,96.9,1.5,18918.8,mixed_agroforestry,0.5399999999999991
26.44,0.0,93.41,9.4,29436.5,mixed_agroforestry,-1.990000000000002
25.89,0.0,92.65,7.6,34016.1,mixed_agroforestry,-1.620000000000001
25.98,0.0,92.79,12.6,34694.1,mixed_agroforestry,0.03999999999999915
26.13,0.0,92.85,5.8,45839.5,mixed_agroforestry,-2.16
26.77,0.0,96.02,14.2,25223.4,mixed_agroforestry,-0.17999999999999972
26.84,0.0,95.83,1.5,28457.0,mixed_agroforestry,-0.6600000000000001
26.7,0.0,96.03,1.5,16520.4,mixed_agroforestry,-0.14999999999999858
26.68,0.0,96.09,1.5,14929.2,mixed_agroforestry,-0.5
26.28,0.0,97.06,20.6,7096.8,coastal_urban,-0.39000000000000057
26.26,0.0,97.1,4.4,8381.9,mixed_agroforestry,-0.33999999999999986
28.68,0.74,96.79,1300.4,31755.9,evergreen_forest,-6.949999999999999
28.57,0.53,95.68,895.4,8436.4,plantation_rubber_tea_spices,-6.02
28.59,0.59,97.14,1204.7,27445.0,evergreen_forest,-6.77
28.73,0.79,96.92,884.3,22472.5,plantation_rubber_tea_spices,-6.91
28.7,0.78,96.55,1385.2,33900.6,evergreen_forest,-5.550000000000001
28.52,0.46,96.23,946.4,5643.6,plantation_rubber_tea_spices,-7.039999999999999
28.32,0.03,85.51,1557.2,29540.6,evergreen_forest,-8.379999999999999
28.32,0.01,85.25,1427.8,24865.8,evergreen_forest,-7.580000000000002
28.42,0.2,87.63,1884.2,49583.4,evergreen_forest,-8.630000000000003
28.4,0.17,87.69,1220.3,26088.5,evergreen_forest,-6.959999999999997
28.33,0.03,85.66,1432.1,22708.9,evergreen_forest,-5.949999999999999
29.34,1.82,97.71,951.2,34828.6,plantation_rubber_tea_spices,-5.640000000000001
29.38,1.69,96.63,877.6,33105.8,plantation_rubber_tea_spices,-5.149999999999999
30.21,2.62,97.67,688.5,20636.6,plantation_rubber_tea_spices,-5.600000000000001
30.39,2.85,97.96,750.7,21967.3,plantation_rubber_tea_spices,-7.32
28.98,1.71,97.99,1010.0,38454.1,plantation_rubber_tea_spices,-4.670000000000002
29.12,1.6,97.57,1305.1,51304.9,evergreen_forest,-6.330000000000002
29.18,1.62,96.98,1277.5,52848.6,evergreen_forest,-6.899999999999999
29.2,1.63,96.95,1066.8,41253.5,plantation_rubber_tea_spices,-6.43
27.94,0.16,89.23,175.7,27246.3,mixed_agroforestry,-5.02
27.56,0.13,88.0,175.1,16149.2,mixed_agroforestry,-4.559999999999999
27.66,0.37,88.63,163.5,1360.9,mixed_agroforestry,-4.629999999999999
27.59,0.12,88.11,240.1,20016.1,mixed_agroforestry,-5.050000000000001
28.3,0.16,90.53,288.7,23950.8,mixed_agroforestry,-4.810000000000002
28.77,0.2,92.22,352.5,19497.4,plantation_rubber_tea_spices,-6.550000000000001
27.67,0.38,88.66,138.1,6743.7,mixed_agroforestry,-5.760000000000002
29.18,0.47,94.01,588.9,13996.2,plantation_rubber_tea_spices,-6.039999999999999
28.84,0.4,92.84,548.6,6048.6,plantation_rubber_tea_spices,-5.879999999999999
28.66,0.79,92.56,535.8,10581.8,plantation_rubber_tea_spices,-4.27
28.55,0.55,91.78,646.6,12551.3,plantation_rubber_tea_spices,-5.650000000000002
29.09,0.11,93.41,537.4,8098.1,plantation_rubber_tea_spices,-5.59
28.51,0.49,91.62,798.6,22450.1,plantation_rubber_tea_spices,-5.960000000000001
28.61,1.18,92.1,739.7,21622.1,plantation_rubber_tea_spices,-5.5
28.89,0.6,93.18,842.4,23767.0,plantation_rubber_tea_spices,-7.109999999999999
28.54,0.5,91.38,766.8,20906.3,plantation_rubber_tea_spices,-5.550000000000001
28.48,0.54,91.49,749.4,19370.7,plantation_rubber_tea_spices,-5.449999999999999
28.46,0.04,90.83,694.1,13258.0,plantation_rubber_tea_spices,-3.8100000000000023
29.16,0.35,93.88,571.8,12437.0,plantation_rubber_tea_spices,-5.48
29.01,0.76,93.76,820.4,22861.7,plantation_rubber_tea_spices,-6.030000000000001
28.52,6.08,96.18,1060.9,28261.5,plantation_rubber_tea_spices,-6.259999999999998
28.63,5.41,95.25,458.0,25366.2,plantation_rubber_tea_spices,-5.419999999999998
28.67,3.66,92.55,1256.9,20852.6,evergreen_forest,-5.57
28.58,4.63,95.25,579.5,27079.2,plantation_rubber_tea_spices,-6.129999999999999
18.68,13.27,96.73,2234.1,34202.4,evergreen_forest,1.490000000000002
19.58,12.28,95.95,1910.4,39866.6,evergreen_forest,0.7600000000000016
17.56,15.47,97.87,2037.1,27757.2,evergreen_forest,3.830000000000002
29.73,0.34,87.79,539.4,24074.4,plantation_rubber_tea_spices,-4.650000000000002
29.33,2.62,90.93,489.2,33715.0,plantation_rubber_tea_spices,-4.52
29.58,1.24,89.14,456.3,31639.7,plantation_rubber_tea_spices,-5.279999999999998
29.37,2.51,90.62,503.4,35772.7,plantation_rubber_tea_spices,-5.48
29.12,1.46,87.95,1358.2,24271.4,evergreen_forest,-5.290000000000003
28.33,2.52,91.21,1419.7,13626.0,evergreen_forest,-3.4899999999999984
28.56,2.03,90.32,1428.6,12880.4,evergreen_forest,-5.18
23.84,2.4,92.19,1780.3,20398.0,evergreen_forest,-2.1000000000000014
21.02,8.13,94.56,2032.8,16293.7,evergreen_forest,1.620000000000001
22.99,1.89,92.01,2260.1,28316.6,evergreen_forest,-2.59
23.3,0.55,91.48,2088.5,24453.2,evergreen_forest,-1.1900000000000013
29.58,0.0,91.16,288.9,12765.4,mixed_agroforestry,-4.129999999999999
30.19,0.0,90.1,235.7,13937.1,mixed_agroforestry,-4.210000000000001
29.84,0.0,90.54,301.3,9540.4,mixed_agroforestry,-5.199999999999999
30.21,0.0,90.52,156.7,11250.1,mixed_agroforestry,-3.9200000000000017
29.85,0.0,90.7,290.5,11215.4,mixed_agroforestry,-4.510000000000002
30.06,0.0,90.62,126.7,11417.6,mixed_agroforestry,-3.59
29.7,0.0,88.18,414.2,12217.9,plantation_rubber_tea_spices,-4.710000000000001
30.0,0.0,90.01,344.1,9701.3,mixed_agroforestry,-5.489999999999998
29.77,0.64,89.07,334.6,24472.9,mixed_agroforestry,-4.849999999999998
28.6,1.62,88.73,607.0,16070.7,plantation_rubber_tea_spices,-5.150000000000002
29.05,0.0,92.33,133.7,29534.2,mixed_agroforestry,-4.890000000000001
28.68,0.0,92.24,129.9,36513.0,mixed_agroforestry,-4.239999999999998
28.89,0.0,92.62,243.1,19910.6,mixed_agroforestry,-5.810000000000002
28.65,0.0,88.2,208.6,10979.1,mixed_agroforestry,-4.619999999999997
28.63,0.0,88.15,202.3,9620.2,mixed_agroforestry,-3.1400000000000006
29.27,0.0,89.42,139.1,4468.1,mixed_agroforestry,-4.059999999999999
28.93,0.0,89.62,211.8,19443.2,mixed_agroforestry,-4.850000000000001
28.7,0.0,88.09,85.4,10060.3,mixed_agroforestry,-2.219999999999999
27.93,0.0,86.05,533.6,42588.1,plantation_rubber_tea_spices,-4.969999999999999
27.84,0.0,86.61,569.3,45570.8,plantation_rubber_tea_spices,-5.620000000000001
27.87,0.0,86.46,492.2,40324.3,plantation_rubber_tea_spices,-5.41
27.76,0.0,87.65,232.0,34351.4,mixed_agroforestry,-3.360000000000003
26.31,0.0,86.88,471.9,48468.5,plantation_rubber_tea_spices,-3.2300000000000004
25.04,0.0,86.41,574.4,61620.2,plantation_rubber_tea_spices,-1.3599999999999994
25.9,0.0,86.52,664.8,60922.4,plantation_rubber_tea_spices,-3.049999999999997
27.31,0.0,87.54,390.9,43600.3,plantation_rubber_tea_spices,-2.9800000000000004
25.91,0.0,86.78,458.5,55850.7,plantation_rubber_tea_spices,-0.629999999999999
25.9,0.0,86.64,805.9,80983.5,plantation_rubber_tea_spices,-2.4599999999999973
27.77,0.0,86.94,149.3,38303.4,mixed_agroforestry,-4.640000000000001
27.96,0.0,87.08,102.4,41085.1,mixed_agroforestry,-3.8900000000000006
28.15,0.0,86.38,133.9,26892.7,mixed_agroforestry,-3.84
28.23,0.0,86.89,56.2,22651.4,mixed_agroforestry,-2.5100000000000016
28.2,0.0,86.69,143.4,17700.5,mixed_agroforestry,-4.390000000000001
28.17,0.0,86.49,115.9,21778.8,mixed_agroforestry,-4.170000000000002
27.69,0.0,87.26,227.1,38332.8,mixed_agroforestry,-3.6700000000000017
27.78,0.0,87.18,112.7,46637.8,mixed_agroforestry,-3.460000000000001
26.31,0.44,89.25,180.8,48227.2,mixed_agroforestry,-2.5599999999999987
27.08,0.16,87.74,183.5,51439.9,mixed_agroforestry,-2.799999999999997
27.69,0.0,87.23,91.9,43011.8,mixed_agroforestry,-2.3200000000000003
26.15,0.27,90.27,60.2,25378.5,mixed_agroforestry,-1.0599999999999987
26.96,0.0,89.76,9.4,21573.4,mixed_agroforestry,-0.10000000000000142
27.77,0.11,90.17,14.6,27926.2,mixed_agroforestry,-1.259999999999998
27.51,0.51,90.74,5.7,31535.2,mixed_agroforestry,-0.2700000000000031
27.02,0.0,89.92,14.2,28012.1,mixed_agroforestry,-1.2899999999999991
27.57,1.34,91.05,1.5,39598.1,mixed_agroforestry,-0.6799999999999997
27.47,0.0,90.47,24.1,37515.9,mixed_agroforestry,-2.25
27.16,0.0,90.19,1.5,32411.1,mixed_agroforestry,0.1999999999999993
23.93,0.45,90.54,93.1,23902.6,mixed_agroforestry,1.6600000000000001
26.6,0.0,89.39,15.0,20764.6,mixed_agroforestry,-0.20000000000000284
23.32,0.02,89.34,42.1,15841.9,mixed_agroforestry,2.219999999999999
23.17,0.93,91.86,78.6,20909.4,mixed_agroforestry,0.9099999999999966
23.84,0.44,88.94,61.0,16569.3,mixed_agroforestry,1.879999999999999
23.34,0.9,91.63,87.9,26359.2,mixed_agroforestry,2.2300000000000004
23.66,0.23,89.88,43.3,18477.1,mixed_agroforestry,0.3500000000000014
23.22,0.83,91.5,75.5,19824.1,mixed_agroforestry,1.3599999999999994
24.21,0.3,88.07,40.3,28259.0,mixed_agroforestry,1.5700000000000003
24.64,0.0,87.22,7.1,13190.3,mixed_agroforestry,2.539999999999999
23.15,1.9,94.49,263.8,47920.6,mixed_agroforestry,0.5500000000000007
22.89,1.8,94.44,123.7,29165.1,mixed_agroforestry,0.9199999999999982
23.62,0.67,90.12,81.9,18191.4,mixed_agroforestry,0.5599999999999987
23.66,1.54,93.22,207.5,46859.5,mixed_agroforestry,0.6799999999999997
27.05,14.71,96.54,9.6,30373.0,mixed_agroforestry,-0.9000000000000021
26.79,18.93,97.76,12.3,14445.9,mixed_agroforestry,0.38000000000000256
27.07,13.74,96.64,27.9,28214.9,mixed_agroforestry,-0.39000000000000057
27.25,11.88,95.49,25.7,37091.1,mixed_agroforestry,-1.0100000000000016
27.03,14.23,96.78,1.5,18918.8,mixed_agroforestry,-0.16000000000000014
27.71,4.08,92.19,9.4,29436.5,mixed_agroforestry,-1.3500000000000014
27.43,1.48,90.75,7.6,34016.1,mixed_agroforestry,-0.8099999999999987
27.41,1.64,90.81,12.6,34694.1,mixed_agroforestry,0.9199999999999982
27.69,2.44,91.44,5.8,45839.5,mixed_agroforestry,-1.5700000000000003
27.6,3.04,94.33,14.2,25223.4,mixed_agroforestry,-1.2700000000000031
27.56,3.17,95.71,1.5,28457.0,mixed_agroforestry,-0.4599999999999973
27.63,2.2,93.96,1.5,16520.4,mixed_agroforestry,-0.5299999999999976
27.65,2.08,93.54,1.5,14929.2,mixed_agroforestry,0.08000000000000185
27.85,0.59,86.72,20.6,7096.8,coastal_urban,-0.13000000000000256
27.85,0.6,86.45,4.4,8381.9,mixed_agroforestry,0.019999999999999574
35.23,0.0,73.47,1300.4,31755.9,evergreen_forest,-6.7499999999999964
35.34,0.0,73.91,895.4,8436.4,plantation_rubber_tea_spices,-6.680000000000003
35.16,0.0,74.47,1204.7,27445.0,evergreen_forest,-6.349999999999998
35.21,0.0,73.72,884.3,22472.5,plantation_rubber_tea_spices,-7.060000000000002
35.27,0.0,73.08,1385.2,33900.6,evergreen_forest,-5.900000000000002
35.25,0.0,74.56,946.4,5643.6,plantation_rubber_tea_spices,-7.699999999999999
36.59,0.0,69.16,1557.2,29540.6,evergreen_forest,-7.940000000000005
36.63,0.0,69.05,1427.8,24865.8,evergreen_forest,-7.710000000000001
36.34,0.0,69.84,1884.2,49583.4,evergreen_forest,-8.310000000000002
36.33,0.0,70.01,1220.3,26088.5,evergreen_forest,-6.619999999999997
36.58,0.0,69.24,1432.1,22708.9,evergreen_forest,-5.52
35.24,0.0,68.8,951.2,34828.6,plantation_rubber_tea_spices,-5.950000000000003
35.17,0.59,69.38,877.6,33105.8,plantation_rubber_tea_spices,-5.550000000000001
35.21,0.21,71.08,688.5,20636.6,plantation_rubber_tea_spices,-5.91
35.23,0.03,71.15,750.7,21967.3,plantation_rubber_tea_spices,-5.189999999999998
35.35,0.0,65.26,1010.0,38454.1,plantation_rubber_tea_spices,-5.510000000000002
35.23,0.0,68.24,1305.1,51304.9,evergreen_forest,-6.119999999999997
35.23,0.41,67.85,1277.5,52848.6,evergreen_forest,-6.549999999999997
35.22,0.41,67.93,1066.8,41253.5,plantation_rubber_tea_spices,-6.02
35.26,0.99,73.25,175.7,27246.3,mixed_agroforestry,-4.529999999999998
35.36,0.31,71.87,175.1,16149.2,mixed_agroforestry,-4.759999999999998
35.34,0.52,72.24,163.5,1360.9,mixed_agroforestry,-3.9100000000000037
35.35,0.43,72.13,240.1,20016.1,mixed_agroforestry,-4.010000000000002
35.14,2.2,75.88,288.7,23950.8,mixed_agroforestry,-3.5
35.01,3.68,79.09,352.5,19497.4,plantation_rubber_tea_spices,-4.279999999999998
35.33,0.54,72.28,138.1,6743.7,mixed_agroforestry,-4.789999999999999
34.9,3.82,78.67,588.9,13996.2,plantation_rubber_tea_spices,-5.539999999999999
34.89,3.89,79.04,548.6,6048.6,plantation_rubber_tea_spices,-6.449999999999999
34.91,2.66,75.91,535.8,10581.8,plantation_rubber_tea_spices,-4.869999999999997
34.8,1.32,72.14,646.6,12551.3,plantation_rubber_tea_spices,-5.709999999999997
34.87,5.08,82.1,537.4,8098.1,plantation_rubber_tea_spices,-6.019999999999996
34.75,0.53,69.78,798.6,22450.1,plantation_rubber_tea_spices,-5.879999999999999
34.84,0.92,70.85,739.7,21622.1,plantation_rubber_tea_spices,-6.040000000000003
34.86,1.05,71.07,842.4,23767.0,plantation_rubber_tea_spices,-6.02
34.74,0.58,69.9,766.8,20906.3,plantation_rubber_tea_spices,-5.020000000000003
34.77,0.66,70.32,749.4,19370.7,plantation_rubber_tea_spices,-5.600000000000001
34.66,0.11,68.64,694.1,13258.0,plantation_rubber_tea_spices,-4.519999999999996
34.89,4.25,79.78,571.8,12437.0,plantation_rubber_tea_spices,-5.07
34.91,1.25,71.62,820.4,22861.7,plantation_rubber_tea_spices,-6.019999999999996
35.47,0.0,69.45,1060.9,28261.5,plantation_rubber_tea_spices,-6.049999999999997
35.35,0.0,69.0,458.0,25366.2,plantation_rubber_tea_spices,-4.330000000000002
34.69,0.0,67.5,1256.9,20852.6,evergreen_forest,-4.629999999999999
35.3,0.71,71.09,579.5,27079.2,plantation_rubber_tea_spices,-4.7499999999999964
27.1,6.76,82.12,2234.1,34202.4,evergreen_forest,1.8299999999999983
27.7,6.26,80.76,1910.4,39866.6,evergreen_forest,1.2300000000000004
26.53,7.88,84.54,2037.1,27757.2,evergreen_forest,3.59
34.45,0.0,65.16,539.4,24074.4,plantation_rubber_tea_spices,-4.390000000000004
34.9,0.0,66.58,489.2,33715.0,plantation_rubber_tea_spices,-5.68
34.63,0.0,65.82,456.3,31639.7,plantation_rubber_tea_spices,-5.440000000000001
34.89,0.0,66.34,503.4,35772.7,plantation_rubber_tea_spices,-6.09
34.14,0.45,65.51,1358.2,24271.4,evergreen_forest,-5.82
33.98,0.0,66.97,1419.7,13626.0,evergreen_forest,-4.979999999999997
34.0,0.0,66.42,1428.6,12880.4,evergreen_forest,-6.719999999999999
29.71,0.84,70.29,1780.3,20398.0,evergreen_forest,-2.59
28.24,3.99,76.58,2032.8,16293.7,evergreen_forest,-0.2799999999999976
28.77,0.88,70.6,2260.1,28316.6,evergreen_forest,-2.8000000000000007
28.78,0.23,69.4,2088.5,24453.2,evergreen_forest,-1.0600000000000023
34.91,0.0,66.6,288.9,12765.4,mixed_agroforestry,-5.599999999999998
34.76,0.0,66.6,235.7,13937.1,mixed_agroforestry,-4.479999999999997
34.82,0.0,66.53,301.3,9540.4,mixed_agroforestry,-4.899999999999999
34.83,0.0,66.79,156.7,11250.1,mixed_agroforestry,-4.209999999999997
34.84,0.0,66.61,290.5,11215.4,mixed_agroforestry,-5.480000000000004
34.84,0.0,66.71,126.7,11417.6,mixed_agroforestry,-3.860000000000003
34.37,0.0,65.69,414.2,12217.9,plantation_rubber_tea_spices,-5.069999999999997
34.73,0.0,66.45,344.1,9701.3,mixed_agroforestry,-5.689999999999998
34.55,0.0,66.09,334.6,24472.9,mixed_agroforestry,-5.169999999999998
33.61,0.83,67.18,607.0,16070.7,plantation_rubber_tea_spices,-4.789999999999999
35.02,0.0,67.04,133.7,29534.2,mixed_agroforestry,-3.3400000000000034
34.85,0.0,68.26,129.9,36513.0,mixed_agroforestry,-3.0400000000000027
35.08,0.0,66.91,243.1,19910.6,mixed_agroforestry,-4.829999999999998
34.15,0.0,71.69,208.6,10979.1,mixed_agroforestry,-5.489999999999998
34.19,0.0,71.53,202.3,9620.2,mixed_agroforestry,-3.719999999999999
33.92,0.0,72.02,139.1,4468.1,mixed_agroforestry,-3.3200000000000003
34.06,0.0,71.68,211.8,19443.2,mixed_agroforestry,-5.160000000000004
34.3,0.0,70.92,85.4,10060.3,mixed_agroforestry,-3.9999999999999964
33.81,0.0,72.67,533.6,42588.1,plantation_rubber_tea_spices,-5.450000000000003
33.49,0.0,72.99,569.3,45570.8,plantation_rubber_tea_spices,-5.120000000000001
33.59,0.0,72.9,492.2,40324.3,plantation_rubber_tea_spices,-5.210000000000004
34.06,0.18,73.19,232.0,34351.4,mixed_agroforestry,-3.950000000000003
31.41,0.0,74.79,471.9,48468.5,plantation_rubber_tea_spices,-1.9200000000000017
29.27,0.0,76.29,574.4,61620.2,plantation_rubber_tea_spices,-1.2699999999999996
30.69,0.0,75.18,664.8,60922.4,plantation_rubber_tea_spices,-2.8000000000000007
33.11,0.0,73.88,390.9,43600.3,plantation_rubber_tea_spices,-4.469999999999999
30.81,0.15,75.74,458.5,55850.7,plantation_rubber_tea_spices,-1.6199999999999974
30.8,0.21,75.82,805.9,80983.5,plantation_rubber_tea_spices,-3.0500000000000007
34.46,0.66,72.67,149.3,38303.4,mixed_agroforestry,-4.640000000000001
34.93,1.01,72.68,102.4,41085.1,mixed_agroforestry,-4.039999999999999
34.97,0.03,68.5,133.9,26892.7,mixed_agroforestry,-3.6899999999999977
34.8,0.19,69.89,56.2,22651.4,mixed_agroforestry,-2.299999999999997
34.86,0.09,69.25,143.4,17700.5,mixed_agroforestry,-4.059999999999999
34.93,0.06,68.79,115.9,21778.8,mixed_agroforestry,-4.059999999999999
34.15,0.46,73.15,227.1,38332.8,mixed_agroforestry,-3.469999999999999
35.02,1.94,76.24,112.7,46637.8,mixed_agroforestry,-3.2600000000000016
33.43,3.22,77.93,180.8,48227.2,mixed_agroforestry,-1.9100000000000001
34.53,3.08,79.02,183.5,51439.9,mixed_agroforestry,-2.5400000000000027
35.11,2.53,78.17,91.9,43011.8,mixed_agroforestry,-1.9799999999999969
32.6,3.71,73.48,60.2,25378.5,mixed_agroforestry,-2.1400000000000006
33.16,2.98,71.6,9.4,21573.4,mixed_agroforestry,-0.7999999999999972
34.01,1.2,69.91,14.6,27926.2,mixed_agroforestry,-2.3699999999999974
34.52,0.26,73.78,5.7,31535.2,mixed_agroforestry,-0.7700000000000031
33.55,2.01,73.07,14.2,28012.1,mixed_agroforestry,-0.3200000000000003
34.54,0.51,73.71,1.5,39598.1,mixed_agroforestry,-0.9600000000000009
34.43,0.25,73.68,24.1,37515.9,mixed_agroforestry,-2.0600000000000023
33.95,1.12,73.68,1.5,32411.1,mixed_agroforestry,-0.04000000000000625
30.55,7.23,77.62,93.1,23902.6,mixed_agroforestry,1.3499999999999979
32.89,3.95,72.99,15.0,20764.6,mixed_agroforestry,-0.6300000000000026
30.04,10.18,79.41,42.1,15841.9,mixed_agroforestry,2.0900000000000034
29.52,6.6,77.51,78.6,20909.4,mixed_agroforestry,1.9499999999999993
29.66,7.44,79.05,61.0,16569.3,mixed_agroforestry,2.669999999999998
29.8,6.47,77.88,87.9,26359.2,mixed_agroforestry,2.5400000000000027
30.2,8.64,78.24,43.3,18477.1,mixed_agroforestry,1.2200000000000024
29.58,6.94,77.72,75.5,19824.1,mixed_agroforestry,0.25
29.86,7.72,80.09,40.3,28259.0,mixed_agroforestry,1.2800000000000011
30.37,8.1,80.37,7.1,13190.3,mixed_agroforestry,1.8499999999999979
29.34,2.61,76.02,263.8,47920.6,mixed_agroforestry,-0.4400000000000013
29.09,3.44,76.13,123.7,29165.1,mixed_agroforestry,1.4100000000000001
29.59,6.86,78.35,81.9,18191.4,mixed_agroforestry,0.35999999999999943
30.03,3.24,76.74,207.5,46859.5,mixed_agroforestry,0.41999999999999815
34.72,1.1,74.62,9.6,30373.0,mixed_agroforestry,-0.5499999999999972
34.67,0.15,73.5,12.3,14445.9,mixed_agroforestry,0.21000000000000085
34.8,0.44,73.27,27.9,28214.9,mixed_agroforestry,-0.11999999999999744
34.77,1.65,75.13,25.7,37091.1,mixed_agroforestry,-0.6799999999999997
34.75,0.61,73.79,1.5,18918.8,mixed_agroforestry,0.240000000000002
34.58,5.14,80.07,9.4,29436.5,mixed_agroforestry,-1.2999999999999972
34.05,5.49,80.16,7.6,34016.1,mixed_agroforestry,-0.7399999999999949
34.06,5.19,79.79,12.6,34694.1,mixed_agroforestry,0.759999999999998
34.42,5.74,80.73,5.8,45839.5,mixed_agroforestry,-1.5900000000000034
35.07,0.2,71.43,14.2,25223.4,mixed_agroforestry,-1.009999999999998
35.14,0.16,71.22,1.5,28457.0,mixed_agroforestry,-0.740000000000002
35.09,0.08,71.13,1.5,16520.4,mixed_agroforestry,-0.30000000000000426
35.07,0.07,71.15,1.5,14929.2,mixed_agroforestry,-0.5
34.75,0.04,71.64,20.6,7096.8,coastal_urban,0.6000000000000014
34.73,0.05,71.69,4.4,8381.9,mixed_agroforestry,0.3400000000000034
34.47,12.0,81.19,1300.4,31755.9,evergreen_forest,-5.349999999999998
34.71,12.44,81.07,895.4,8436.4,plantation_rubber_tea_spices,-5.740000000000002
34.65,14.1,82.17,1204.7,27445.0,evergreen_forest,-6.109999999999999
34.47,12.11,81.17,884.3,22472.5,plantation_rubber_tea_spices,-6.439999999999998
34.42,11.16,80.77,1385.2,33900.6,evergreen_forest,-4.960000000000001
34.79,13.99,81.89,946.4,5643.6,plantation_rubber_tea_spices,-6.949999999999999
35.01,0.49,73.49,1557.2,29540.6,evergreen_forest,-7.659999999999997
35.02,0.22,73.31,1427.8,24865.8,evergreen_forest,-7.160000000000004
34.87,2.32,74.78,1884.2,49583.4,evergreen_forest,-8.429999999999996
34.9,2.69,74.95,1220.3,26088.5,evergreen_forest,-7.149999999999999
35.01,0.68,73.61,1432.1,22708.9,evergreen_forest,-6.52
33.24,2.52,77.2,951.2,34828.6,plantation_rubber_tea_spices,-6.590000000000003
33.13,0.0,75.95,877.6,33105.8,plantation_rubber_tea_spices,-5.970000000000002
33.05,0.0,74.84,688.5,20636.6,plantation_rubber_tea_spices,-5.719999999999999
33.02,0.0,74.57,750.7,21967.3,plantation_rubber_tea_spices,-6.030000000000005
32.86,0.02,77.35,1010.0,38454.1,plantation_rubber_tea_spices,-5.140000000000001
33.28,2.86,77.63,1305.1,51304.9,evergreen_forest,-7.52
33.04,0.0,76.47,1277.5,52848.6,evergreen_forest,-6.91
33.05,0.0,76.41,1066.8,41253.5,plantation_rubber_tea_spices,-5.919999999999998
33.45,0.0,74.1,175.7,27246.3,mixed_agroforestry,-4.380000000000003
33.45,0.0,73.53,175.1,16149.2,mixed_agroforestry,-4.810000000000002
33.51,0.0,73.78,163.5,1360.9,mixed_agroforestry,-4.779999999999998
33.45,0.0,73.62,240.1,20016.1,mixed_agroforestry,-4.580000000000002
33.5,0.0,75.12,288.7,23950.8,mixed_agroforestry,-4.5
33.56,0.0,76.37,352.5,19497.4,plantation_rubber_tea_spices,-5.300000000000001
33.52,0.0,73.79,138.1,6743.7,mixed_agroforestry,-4.670000000000002
33.56,0.0,76.79,588.9,13996.2,plantation_rubber_tea_spices,-5.890000000000001
33.76,0.0,76.52,548.6,6048.6,plantation_rubber_tea_spices,-6.229999999999997
33.86,0.0,75.54,535.8,10581.8,plantation_rubber_tea_spices,-5.73
33.93,0.0,74.16,646.6,12551.3,plantation_rubber_tea_spices,-6.190000000000001
33.63,0.0,77.5,537.4,8098.1,plantation_rubber_tea_spices,-6.470000000000002
33.95,0.0,73.48,798.6,22450.1,plantation_rubber_tea_spices,-6.100000000000001
33.99,0.0,74.43,739.7,21622.1,plantation_rubber_tea_spices,-5.800000000000001
33.63,0.0,74.55,842.4,23767.0,plantation_rubber_tea_spices,-5.640000000000004
33.96,0.0,73.63,766.8,20906.3,plantation_rubber_tea_spices,-6.310000000000002
33.97,0.0,73.53,749.4,19370.7,plantation_rubber_tea_spices,-4.649999999999999
33.95,0.0,72.8,694.1,13258.0,plantation_rubber_tea_spices,-3.890000000000004
33.59,0.0,77.06,571.8,12437.0,plantation_rubber_tea_spices,-4.890000000000004
33.55,0.0,74.93,820.4,22861.7,plantation_rubber_tea_spices,-5.899999999999999
34.48,0.0,76.14,1060.9,28261.5,plantation_rubber_tea_spices,-4.969999999999995
34.28,0.0,76.22,458.0,25366.2,plantation_rubber_tea_spices,-5.130000000000003
33.42,0.0,77.2,1256.9,20852.6,evergreen_forest,-4.07
34.34,0.0,76.0,579.5,27079.2,plantation_rubber_tea_spices,-5.070000000000004
24.25,3.3,80.08,2234.1,34202.4,evergreen_forest,1.8099999999999987
24.92,3.05,79.98,1910.4,39866.6,evergreen_forest,1.389999999999997
23.44,3.84,80.82,2037.1,27757.2,evergreen_forest,4.329999999999998
32.68,0.0,77.45,539.4,24074.4,plantation_rubber_tea_spices,-4.640000000000001
33.5,0.0,77.6,489.2,33715.0,plantation_rubber_tea_spices,-6.09
33.04,0.0,77.44,456.3,31639.7,plantation_rubber_tea_spices,-5.77
33.48,0.0,77.87,503.4,35772.7,plantation_rubber_tea_spices,-6.929999999999996
32.4,0.22,79.3,1358.2,24271.4,evergreen_forest,-5.479999999999997
32.62,0.0,77.25,1419.7,13626.0,evergreen_forest,-4.799999999999997
32.58,0.0,77.63,1428.6,12880.4,evergreen_forest,-6.509999999999998
28.28,0.41,75.65,1780.3,20398.0,evergreen_forest,-2.030000000000001
26.05,1.95,78.01,2032.8,16293.7,evergreen_forest,0.5599999999999987
27.33,0.43,75.18,2260.1,28316.6,evergreen_forest,-2.6499999999999986
27.49,0.11,74.54,2088.5,24453.2,evergreen_forest,-0.6799999999999997
34.04,0.14,80.44,288.9,12765.4,mixed_agroforestry,-4.48
34.06,0.03,78.66,235.7,13937.1,mixed_agroforestry,-3.8500000000000014
33.97,0.09,79.52,301.3,9540.4,mixed_agroforestry,-4.27
34.28,0.04,79.03,156.7,11250.1,mixed_agroforestry,-4.290000000000003
34.06,0.09,79.64,290.5,11215.4,mixed_agroforestry,-4.5000000000000036
34.2,0.07,79.35,126.7,11417.6,mixed_agroforestry,-3.640000000000004
32.61,0.01,76.67,414.2,12217.9,plantation_rubber_tea_spices,-4.719999999999999
33.85,0.05,78.75,344.1,9701.3,mixed_agroforestry,-6.870000000000001
33.08,0.0,76.99,334.6,24472.9,mixed_agroforestry,-5.369999999999997
31.83,0.4,77.98,607.0,16070.7,plantation_rubber_tea_spices,-5.579999999999998
34.16,0.24,82.5,133.7,29534.2,mixed_agroforestry,-4.519999999999996
34.14,0.31,84.61,129.9,36513.0,mixed_agroforestry,-3.6700000000000017
34.13,0.27,82.76,243.1,19910.6,mixed_agroforestry,-4.870000000000001
33.25,0.7,82.93,208.6,10979.1,mixed_agroforestry,-4.530000000000001
33.2,0.69,82.79,202.3,9620.2,mixed_agroforestry,-2.8400000000000034
34.06,0.35,87.71,139.1,4468.1,mixed_agroforestry,-2.990000000000002
33.91,0.5,85.87,211.8,19443.2,mixed_agroforestry,-5.069999999999997
33.21,0.44,83.09,85.4,10060.3,mixed_agroforestry,-2.0700000000000003
33.38,0.01,76.64,533.6,42588.1,plantation_rubber_tea_spices,-5.230000000000004
32.99,0.3,77.74,569.3,45570.8,plantation_rubber_tea_spices,-5.32
33.1,0.24,77.41,492.2,40324.3,plantation_rubber_tea_spices,-4.560000000000002
31.98,2.25,78.83,232.0,34351.4,mixed_agroforestry,-4.030000000000001
30.41,0.83,75.78,471.9,48468.5,plantation_rubber_tea_spices,-2.7699999999999996
28.83,0.02,73.85,574.4,61620.2,plantation_rubber_tea_spices,-1.2099999999999973
30.01,0.3,74.94,664.8,60922.4,plantation_rubber_tea_spices,-2.870000000000001
31.48,1.87,77.59,390.9,43600.3,plantation_rubber_tea_spices,-2.8099999999999987
29.98,0.83,75.64,458.5,55850.7,plantation_rubber_tea_spices,-0.879999999999999
30.06,0.72,75.65,805.9,80983.5,plantation_rubber_tea_spices,-2.6499999999999986
32.21,1.75,79.7,149.3,38303.4,mixed_agroforestry,-5.060000000000002
32.5,2.58,81.19,102.4,41085.1,mixed_agroforestry,-4.16
32.21,0.09,78.12,133.9,26892.7,mixed_agroforestry,-3.4800000000000004
32.48,0.56,79.75,56.2,22651.4,mixed_agroforestry,-3.0399999999999956
32.35,0.35,78.98,143.4,17700.5,mixed_agroforestry,-3.8200000000000003
32.27,0.19,78.46,115.9,21778.8,mixed_agroforestry,-4.150000000000002
32.04,2.0,79.27,227.1,38332.8,mixed_agroforestry,-4.399999999999999
32.9,3.84,83.58,112.7,46637.8,mixed_agroforestry,-3.5
31.64,4.51,85.35,180.8,48227.2,mixed_agroforestry,-2.1099999999999994
32.71,4.36,85.5,183.5,51439.9,mixed_agroforestry,-2.580000000000002
33.13,4.64,85.11,91.9,43011.8,mixed_agroforestry,-2.0600000000000023
30.03,5.51,83.96,60.2,25378.5,mixed_agroforestry,-2.460000000000001
30.32,6.06,82.52,9.4,21573.4,mixed_agroforestry,-0.879999999999999
31.05,7.3,83.63,14.6,27926.2,mixed_agroforestry,-2.039999999999999
33.39,0.18,71.16,5.7,31535.2,mixed_agroforestry,-0.8699999999999974
31.58,3.18,77.29,14.2,28012.1,mixed_agroforestry,0.5799999999999983
33.15,0.67,72.28,1.5,39598.1,mixed_agroforestry,-1.019999999999996
33.34,0.29,71.22,24.1,37515.9,mixed_agroforestry,-1.8300000000000018
32.56,1.3,73.6,1.5,32411.1,mixed_agroforestry,0.4899999999999949
28.38,3.25,84.16,93.1,23902.6,mixed_agroforestry,0.8800000000000026
30.03,6.03,83.83,15.0,20764.6,mixed_agroforestry,0.5999999999999979
27.56,2.53,83.93,42.1,15841.9,mixed_agroforestry,2.460000000000001
27.72,2.9,84.28,78.6,20909.4,mixed_agroforestry,1.4500000000000028
27.63,3.62,84.82,61.0,16569.3,mixed_agroforestry,2.41
28.04,2.89,84.42,87.9,26359.2,mixed_agroforestry,1.5500000000000007
27.83,3.04,84.01,43.3,18477.1,mixed_agroforestry,0.5
27.71,2.91,84.27,75.5,19824.1,mixed_agroforestry,0.2799999999999976
27.77,3.54,84.55,40.3,28259.0,mixed_agroforestry,1.2899999999999991
28.16,3.35,83.6,7.1,13190.3,mixed_agroforestry,2.2399999999999984
28.37,3.14,84.81,263.8,47920.6,mixed_agroforestry,0.7399999999999984
27.99,2.94,84.61,123.7,29165.1,mixed_agroforestry,1.3200000000000003
27.68,3.42,84.65,81.9,18191.4,mixed_agroforestry,1.2899999999999991
28.84,3.3,84.89,207.5,46859.5,mixed_agroforestry,0.6600000000000001
32.18,0.0,74.32,9.6,30373.0,mixed_agroforestry,-0.28000000000000114
32.21,0.0,74.54,12.3,14445.9,mixed_agroforestry,0.07000000000000028
32.02,0.0,73.33,27.9,28214.9,mixed_agroforestry,0.11999999999999744
32.11,0.0,74.2,25.7,37091.1,mixed_agroforestry,-0.39000000000000057
32.14,0.0,73.61,1.5,18918.8,mixed_agroforestry,-0.7600000000000016
32.07,0.15,76.02,9.4,29436.5,mixed_agroforestry,-1.4699999999999989
31.73,0.56,76.54,7.6,34016.1,mixed_agroforestry,-0.9200000000000017
31.8,0.54,76.29,12.6,34694.1,mixed_agroforestry,0.4700000000000024
31.91,0.29,76.45,5.8,45839.5,mixed_agroforestry,-2.6400000000000006
31.64,0.0,70.08,14.2,25223.4,mixed_agroforestry,-1.0399999999999991
31.45,0.0,69.48,1.5,28457.0,mixed_agroforestry,-1.2799999999999976
31.64,0.0,69.82,1.5,16520.4,mixed_agroforestry,-1.740000000000002
31.69,0.0,69.95,1.5,14929.2,mixed_agroforestry,1.0800000000000018
32.56,0.0,72.38,20.6,7096.8,coastal_urban,-0.030000000000001137
32.6,0.0,72.52,4.4,8381.9,mixed_agroforestry,-0.3299999999999983
27.79,0.0,96.33,1300.4,31755.9,evergreen_forest,-6.460000000000001
27.76,0.0,97.17,895.4,8436.4,plantation_rubber_tea_spices,-6.580000000000002
27.71,0.0,96.94,1204.7,27445.0,evergreen_forest,-6.630000000000003
27.77,0.0,96.51,884.3,22472.5,plantation_rubber_tea_spices,-6.440000000000001
27.82,0.0,96.13,1385.2,33900.6,evergreen_forest,-6.260000000000002
27.71,0.0,97.41,946.4,5643.6,plantation_rubber_tea_spices,-7.490000000000002
28.1,0.0,97.95,1557.2,29540.6,evergreen_forest,-8.260000000000002
28.1,0.0,97.98,1427.8,24865.8,evergreen_forest,-7.440000000000001
28.05,0.0,97.55,1884.2,49583.4,evergreen_forest,-8.71
28.04,0.0,97.66,1220.3,26088.5,evergreen_forest,-6.809999999999999
28.09,0.0,97.94,1432.1,22708.9,evergreen_forest,-5.859999999999999
28.1,0.0,92.48,951.2,34828.6,plantation_rubber_tea_spices,-6.59
28.01,0.0,92.74,877.6,33105.8,plantation_rubber_tea_spices,-5.670000000000002
28.02,0.0,94.66,688.5,20636.6,plantation_rubber_tea_spices,-5.699999999999999
28.02,0.0,94.96,750.7,21967.3,plantation_rubber_tea_spices,-5.77
28.37,0.0,89.02,1010.0,38454.1,plantation_rubber_tea_spices,-5.140000000000001
28.1,0.0,91.96,1305.1,51304.9,evergreen_forest,-5.690000000000001
28.13,0.0,91.38,1277.5,52848.6,evergreen_forest,-6.989999999999998
28.12,0.0,91.48,1066.8,41253.5,plantation_rubber_tea_spices,-5.290000000000003
27.93,0.0,94.61,175.7,27246.3,mixed_agroforestry,-3.4400000000000013
27.99,0.02,94.07,175.1,16149.2,mixed_agroforestry,-4.979999999999997
27.92,0.06,94.4,163.5,1360.9,mixed_agroforestry,-4.030000000000001
27.99,0.02,94.13,240.1,20016.1,mixed_agroforestry,-4.279999999999998
27.84,0.0,95.41,288.7,23950.8,mixed_agroforestry,-4.530000000000001
27.75,0.0,96.39,352.5,19497.4,plantation_rubber_tea_spices,-4.530000000000001
27.92,0.06,94.42,138.1,6743.7,mixed_agroforestry,-4.830000000000002
27.65,0.0,96.54,588.9,13996.2,plantation_rubber_tea_spices,-5.32
27.5,0.06,97.16,548.6,6048.6,plantation_rubber_tea_spices,-6.059999999999999
27.37,0.12,97.0,535.8,10581.8,plantation_rubber_tea_spices,-4.82
27.17,0.08,96.89,646.6,12551.3,plantation_rubber_tea_spices,-4.780000000000001
27.65,0.0,97.3,537.4,8098.1,plantation_rubber_tea_spices,-5.719999999999999
27.06,0.07,96.67,798.6,22450.1,plantation_rubber_tea_spices,-5.739999999999998
27.09,0.18,96.53,739.7,21622.1,plantation_rubber_tea_spices,-5.68
27.42,0.0,95.58,842.4,23767.0,plantation_rubber_tea_spices,-6.890000000000001
27.04,0.07,96.64,766.8,20906.3,plantation_rubber_tea_spices,-5.719999999999999
27.07,0.08,96.83,749.4,19370.7,plantation_rubber_tea_spices,-5.580000000000002
26.98,0.0,96.75,694.1,13258.0,plantation_rubber_tea_spices,-3.990000000000002
27.64,0.0,96.77,571.8,12437.0,plantation_rubber_tea_spices,-5.960000000000001
27.52,0.0,95.33,820.4,22861.7,plantation_rubber_tea_spices,-6.440000000000001
27.03,0.92,96.74,1060.9,28261.5,plantation_rubber_tea_spices,-6.09
27.07,0.82,96.42,458.0,25366.2,plantation_rubber_tea_spices,-5.27
26.78,0.55,93.73,1256.9,20852.6,evergreen_forest,-5.330000000000002
27.09,0.7,96.68,579.5,27079.2,plantation_rubber_tea_spices,-6.16
19.58,30.51,97.11,2234.1,34202.4,evergreen_forest,1.6400000000000006
20.23,28.24,96.71,1910.4,39866.6,evergreen_forest,1.3399999999999999
18.98,35.56,97.91,2037.1,27757.2,evergreen_forest,3.8000000000000007
27.46,0.05,93.91,539.4,24074.4,plantation_rubber_tea_spices,-4.560000000000002
27.28,0.39,93.56,489.2,33715.0,plantation_rubber_tea_spices,-4.880000000000003
27.39,0.19,94.05,456.3,31639.7,plantation_rubber_tea_spices,-5.010000000000002
27.27,0.38,92.82,503.4,35772.7,plantation_rubber_tea_spices,-5.940000000000001
26.89,2.11,89.8,1358.2,24271.4,evergreen_forest,-5.629999999999999
26.28,0.38,92.79,1419.7,13626.0,evergreen_forest,-4.390000000000001
26.42,0.31,91.99,1428.6,12880.4,evergreen_forest,-5.370000000000001
22.1,3.91,93.25,1780.3,20398.0,evergreen_forest,-2.770000000000003
20.67,18.06,95.17,2032.8,16293.7,evergreen_forest,-0.21000000000000085
21.23,3.98,93.24,2260.1,28316.6,evergreen_forest,-2.9499999999999993
21.25,1.07,92.85,2088.5,24453.2,evergreen_forest,-1.3399999999999999
27.67,0.0,93.8,288.9,12765.4,mixed_agroforestry,-5.110000000000003
27.64,0.0,95.52,235.7,13937.1,mixed_agroforestry,-4.41
27.65,0.0,94.6,301.3,9540.4,mixed_agroforestry,-4.359999999999999
27.66,0.0,95.42,156.7,11250.1,mixed_agroforestry,-3.370000000000001
27.66,0.0,94.6,290.5,11215.4,mixed_agroforestry,-5.080000000000002
27.66,0.0,94.99,126.7,11417.6,mixed_agroforestry,-3.8200000000000003
27.55,0.0,96.69,414.2,12217.9,plantation_rubber_tea_spices,-4.48
27.63,0.0,95.27,344.1,9701.3,mixed_agroforestry,-5.390000000000001
27.49,0.1,96.04,334.6,24472.9,mixed_agroforestry,-4.75
26.62,3.72,94.43,607.0,16070.7,plantation_rubber_tea_spices,-4.990000000000002
27.69,0.0,92.28,133.7,29534.2,mixed_agroforestry,-3.860000000000003
27.52,0.0,90.44,129.9,36513.0,mixed_agroforestry,-3.9899999999999984
27.71,0.0,91.96,243.1,19910.6,mixed_agroforestry,-4.490000000000002
26.86,0.83,92.84,208.6,10979.1,mixed_agroforestry,-4.759999999999998
26.89,0.97,93.07,202.3,9620.2,mixed_agroforestry,-3.460000000000001
27.11,0.16,89.23,139.1,4468.1,mixed_agroforestry,-2.879999999999999
26.99,0.0,90.03,211.8,19443.2,mixed_agroforestry,-4.559999999999999
27.04,1.42,93.13,85.4,10060.3,mixed_agroforestry,-3.379999999999999
25.7,0.0,93.65,533.6,42588.1,plantation_rubber_tea_spices,-5.27
25.6,0.0,93.6,569.3,45570.8,plantation_rubber_tea_spices,-5.68
25.64,0.0,93.65,492.2,40324.3,plantation_rubber_tea_spices,-5.300000000000001
26.33,0.72,96.58,232.0,34351.4,mixed_agroforestry,-3.669999999999998
23.72,0.17,95.65,471.9,48468.5,plantation_rubber_tea_spices,-2.3699999999999974
21.63,0.01,95.21,574.4,61620.2,plantation_rubber_tea_spices,-0.9299999999999997
22.96,0.13,95.21,664.8,60922.4,plantation_rubber_tea_spices,-2.8500000000000014
25.44,0.2,96.35,390.9,43600.3,plantation_rubber_tea_spices,-4.68
23.07,0.0,95.18,458.5,55850.7,plantation_rubber_tea_spices,-1.8399999999999999
23.01,0.0,94.87,805.9,80983.5,plantation_rubber_tea_spices,-2.990000000000002
26.45,1.83,95.74,149.3,38303.4,mixed_agroforestry,-4.789999999999999
26.7,3.56,95.1,102.4,41085.1,mixed_agroforestry,-3.7399999999999984
27.23,3.78,97.85,133.9,26892.7,mixed_agroforestry,-3.379999999999999
27.1,2.9,96.32,56.2,22651.4,mixed_agroforestry,-2.7200000000000024
27.16,3.26,97.04,143.4,17700.5,mixed_agroforestry,-4.059999999999999
27.2,3.59,97.54,115.9,21778.8,mixed_agroforestry,-4.259999999999998
26.26,1.23,96.0,227.1,38332.8,mixed_agroforestry,-3.0500000000000007
26.37,2.0,92.53,112.7,46637.8,mixed_agroforestry,-3.3800000000000026
24.96,2.17,92.66,180.8,48227.2,mixed_agroforestry,-2.41
25.69,0.37,90.98,183.5,51439.9,mixed_agroforestry,-2.3900000000000006
26.19,1.55,90.98,91.9,43011.8,mixed_agroforestry,-2.900000000000002
24.48,10.91,96.91,60.2,25378.5,mixed_agroforestry,-2.219999999999999
24.96,13.98,96.66,9.4,21573.4,mixed_agroforestry,-0.370000000000001
25.78,16.77,97.11,14.6,27926.2,mixed_agroforestry,-2.2900000000000027
26.06,0.49,91.26,5.7,31535.2,mixed_agroforestry,-0.29999999999999716
25.24,6.83,93.57,14.2,28012.1,mixed_agroforestry,-1.0699999999999967
26.1,1.79,92.25,1.5,39598.1,mixed_agroforestry,-0.4800000000000004
25.98,0.57,90.94,24.1,37515.9,mixed_agroforestry,-2.379999999999999
25.57,2.54,91.8,1.5,32411.1,mixed_agroforestry,0.509999999999998
22.66,4.38,97.32,93.1,23902.6,mixed_agroforestry,1.1600000000000001
24.65,12.72,96.54,15.0,20764.6,mixed_agroforestry,-0.35999999999999943
21.96,3.79,97.95,42.1,15841.9,mixed_agroforestry,2.1199999999999974
22.04,2.72,97.31,78.6,20909.4,mixed_agroforestry,0.7300000000000004
21.93,1.62,93.12,61.0,16569.3,mixed_agroforestry,2.8000000000000007
22.23,2.1,96.84,87.9,26359.2,mixed_agroforestry,1.4100000000000001
22.25,4.56,97.52,43.3,18477.1,mixed_agroforestry,0.9400000000000013
22.04,2.81,97.18,75.5,19824.1,mixed_agroforestry,-0.4399999999999977
22.02,0.42,91.63,40.3,28259.0,mixed_agroforestry,1.7199999999999989
22.31,0.48,91.05,7.1,13190.3,mixed_agroforestry,2.1900000000000013
22.4,0.6,96.39,263.8,47920.6,mixed_agroforestry,0.7300000000000004
22.14,1.05,97.14,123.7,29165.1,mixed_agroforestry,2.009999999999998
21.99,1.99,94.51,81.9,18191.4,mixed_agroforestry,1.5100000000000016
22.76,0.73,95.66,207.5,46859.5,mixed_agroforestry,1.2999999999999972
26.36,0.81,97.69,9.6,30373.0,mixed_agroforestry,-0.2699999999999996
26.46,1.05,97.92,12.3,14445.9,mixed_agroforestry,-0.3100000000000023
26.36,0.74,97.98,27.9,28214.9,mixed_agroforestry,0.40000000000000213
26.34,0.64,97.93,25.7,37091.1,mixed_agroforestry,-1.1900000000000013
26.34,0.77,97.5,1.5,18918.8,mixed_agroforestry,0.05999999999999872
25.99,0.23,97.14,9.4,29436.5,mixed_agroforestry,-1.389999999999997
25.5,0.08,95.5,7.6,34016.1,mixed_agroforestry,-0.6700000000000017
25.52,0.09,95.29,12.6,34694.1,mixed_agroforestry,0.3000000000000007
25.81,0.14,96.8,5.8,45839.5,mixed_agroforestry,-1.759999999999998
26.19,0.08,97.99,14.2,25223.4,mixed_agroforestry,-0.8200000000000003
26.09,0.08,97.99,1.5,28457.0,mixed_agroforestry,-0.5700000000000003
26.2,0.03,98.0,1.5,16520.4,mixed_agroforestry,-0.9499999999999993
26.23,0.03,98.0,1.5,14929.2,mixed_agroforestry,0.6799999999999997
26.75,0.02,98.0,20.6,7096.8,coastal_urban,0.1999999999999993
26.77,0.02,98.0,4.4,8381.9,mixed_agroforestry,0.46000000000000085
28.72,1.07,87.11,1300.4,31755.9,evergreen_forest,-6.5
29.01,0.72,86.35,895.4,8436.4,plantation_rubber_tea_spices,-5.990000000000002
28.85,0.72,86.22,1204.7,27445.0,evergreen_forest,-6.330000000000002
28.74,1.31,87.33,884.3,22472.5,plantation_rubber_tea_spices,-5.809999999999999
28.69,1.17,87.42,1385.2,33900.6,evergreen_forest,-4.990000000000002
29.03,0.49,85.79,946.4,5643.6,plantation_rubber_tea_spices,-7.350000000000001
30.04,0.04,86.83,1557.2,29540.6,evergreen_forest,-7.619999999999997
30.07,0.02,86.82,1427.8,24865.8,evergreen_forest,-7.559999999999999
29.76,0.35,87.1,1884.2,49583.4,evergreen_forest,-7.700000000000003
29.79,0.28,86.93,1220.3,26088.5,evergreen_forest,-6.129999999999999
30.02,0.05,86.81,1432.1,22708.9,evergreen_forest,-6.079999999999998
27.58,3.51,92.94,951.2,34828.6,plantation_rubber_tea_spices,-5.93
27.52,3.37,94.41,877.6,33105.8,plantation_rubber_tea_spices,-6.030000000000001
27.84,7.2,97.23,688.5,20636.6,plantation_rubber_tea_spices,-5.829999999999998
27.88,8.07,97.82,750.7,21967.3,plantation_rubber_tea_spices,-6.419999999999998
27.01,1.75,91.92,1010.0,38454.1,plantation_rubber_tea_spices,-5.440000000000001
27.5,2.55,92.02,1305.1,51304.9,evergreen_forest,-6.199999999999999
27.33,2.56,93.4,1277.5,52848.6,evergreen_forest,-6.549999999999997
27.34,2.63,93.48,1066.8,41253.5,plantation_rubber_tea_spices,-6.460000000000001
29.24,0.47,89.25,175.7,27246.3,mixed_agroforestry,-3.9499999999999993
29.43,0.0,87.59,175.1,16149.2,mixed_agroforestry,-4.949999999999999
29.34,0.0,88.08,163.5,1360.9,mixed_agroforestry,-4.140000000000001
29.42,0.0,87.74,240.1,20016.1,mixed_agroforestry,-4.880000000000003
29.15,0.47,90.78,288.7,23950.8,mixed_agroforestry,-3.9899999999999984
29.04,0.57,92.72,352.5,19497.4,plantation_rubber_tea_spices,-4.289999999999999
29.33,0.0,88.12,138.1,6743.7,mixed_agroforestry,-5.009999999999998
28.54,1.13,94.63,588.9,13996.2,plantation_rubber_tea_spices,-4.960000000000001
28.7,0.0,93.65,548.6,6048.6,plantation_rubber_tea_spices,-5.309999999999999
28.4,0.0,93.37,535.8,10581.8,plantation_rubber_tea_spices,-4.43
27.83,0.0,94.02,646.6,12551.3,plantation_rubber_tea_spices,-4.149999999999999
28.98,0.3,94.18,537.4,8098.1,plantation_rubber_tea_spices,-5.57
27.46,0.05,94.43,798.6,22450.1,plantation_rubber_tea_spices,-6.57
27.76,0.17,94.11,739.7,21622.1,plantation_rubber_tea_spices,-6.550000000000001
27.62,1.28,94.73,842.4,23767.0,plantation_rubber_tea_spices,-6.260000000000002
27.52,0.08,94.54,766.8,20906.3,plantation_rubber_tea_spices,-6.309999999999999
27.58,0.0,94.2,749.4,19370.7,plantation_rubber_tea_spices,-5.469999999999999
27.26,0.03,94.85,694.1,13258.0,plantation_rubber_tea_spices,-3.900000000000002
28.66,0.84,94.53,571.8,12437.0,plantation_rubber_tea_spices,-6.420000000000002
27.7,1.66,94.75,820.4,22861.7,plantation_rubber_tea_spices,-5.829999999999998
28.29,0.35,90.92,1060.9,28261.5,plantation_rubber_tea_spices,-5.419999999999998
28.22,0.43,91.5,458.0,25366.2,plantation_rubber_tea_spices,-4.93
27.91,1.11,93.16,1256.9,20852.6,evergreen_forest,-5.219999999999999
28.28,0.31,91.82,579.5,27079.2,plantation_rubber_tea_spices,-5.560000000000002
20.78,25.46,97.24,2234.1,34202.4,evergreen_forest,1.9299999999999997
21.35,23.71,97.26,1910.4,39866.6,evergreen_forest,1.4199999999999982
20.14,29.57,97.94,2037.1,27757.2,evergreen_forest,3.5599999999999987
27.72,1.13,95.8,539.4,24074.4,plantation_rubber_tea_spices,-3.969999999999999
28.15,1.24,94.02,489.2,33715.0,plantation_rubber_tea_spices,-5.109999999999999
27.9,1.08,94.84,456.3,31639.7,plantation_rubber_tea_spices,-5.25
28.19,1.45,94.36,503.4,35772.7,plantation_rubber_tea_spices,-5.690000000000001
27.73,4.0,96.97,1358.2,24271.4,evergreen_forest,-5.260000000000002
27.41,1.24,93.76,1419.7,13626.0,evergreen_forest,-4.370000000000001
27.49,1.49,94.43,1428.6,12880.4,evergreen_forest,-6.079999999999998
23.83,3.45,92.33,1780.3,20398.0,evergreen_forest,-1.5399999999999991
22.15,15.18,94.94,2032.8,16293.7,evergreen_forest,1.0700000000000003
23.07,3.37,92.04,2260.1,28316.6,evergreen_forest,-2.75
23.18,0.92,91.39,2088.5,24453.2,evergreen_forest,-1.379999999999999
28.72,4.34,92.58,288.9,12765.4,mixed_agroforestry,-4.919999999999998
28.84,1.18,90.19,235.7,13937.1,mixed_agroforestry,-3.6999999999999993
28.71,2.85,91.75,301.3,9540.4,mixed_agroforestry,-4.690000000000001
29.02,1.46,89.57,156.7,11250.1,mixed_agroforestry,-3.6799999999999997
28.78,2.91,91.46,290.5,11215.4,mixed_agroforestry,-4.330000000000002
28.94,2.14,90.38,126.7,11417.6,mixed_agroforestry,-3.7200000000000024
27.52,0.61,94.88,414.2,12217.9,plantation_rubber_tea_spices,-5.050000000000001
28.63,1.73,91.36,344.1,9701.3,mixed_agroforestry,-6.279999999999998
27.91,0.44,93.52,334.6,24472.9,mixed_agroforestry,-5.460000000000001
27.07,4.04,95.39,607.0,16070.7,plantation_rubber_tea_spices,-6.02
28.68,7.94,94.29,133.7,29534.2,mixed_agroforestry,-3.8000000000000007
28.46,12.06,95.76,129.9,36513.0,mixed_agroforestry,-3.330000000000002
28.65,8.4,94.9,243.1,19910.6,mixed_agroforestry,-5.729999999999997
27.55,9.92,92.17,208.6,10979.1,mixed_agroforestry,-4.780000000000001
27.51,9.58,91.73,202.3,9620.2,mixed_agroforestry,-3.5
28.02,18.81,94.58,139.1,4468.1,mixed_agroforestry,-2.91
28.01,15.4,95.17,211.8,19443.2,mixed_agroforestry,-5.520000000000003
27.42,10.01,90.12,85.4,10060.3,mixed_agroforestry,-2.400000000000002
27.31,0.04,90.31,533.6,42588.1,plantation_rubber_tea_spices,-4.75
27.11,2.1,91.24,569.3,45570.8,plantation_rubber_tea_spices,-5.43
27.17,1.47,91.02,492.2,40324.3,plantation_rubber_tea_spices,-5.330000000000002
27.11,2.14,94.3,232.0,34351.4,mixed_agroforestry,-3.099999999999998
25.19,0.56,90.35,471.9,48468.5,plantation_rubber_tea_spices,-2.1400000000000006
23.49,0.02,87.06,574.4,61620.2,plantation_rubber_tea_spices,-0.5299999999999976
24.62,0.2,88.51,664.8,60922.4,plantation_rubber_tea_spices,-2.5500000000000007
26.56,1.27,94.28,390.9,43600.3,plantation_rubber_tea_spices,-3.509999999999998
24.77,1.09,90.04,458.5,55850.7,plantation_rubber_tea_spices,-1.6699999999999982
24.77,1.22,89.61,805.9,80983.5,plantation_rubber_tea_spices,-2.8200000000000003
26.98,3.48,89.45,149.3,38303.4,mixed_agroforestry,-5.449999999999999
27.44,5.48,89.58,102.4,41085.1,mixed_agroforestry,-4.84
26.56,0.27,81.69,133.9,26892.7,mixed_agroforestry,-3.5199999999999996
26.9,3.34,85.2,56.2,22651.4,mixed_agroforestry,-2.91
26.75,1.91,83.75,143.4,17700.5,mixed_agroforestry,-4.559999999999999
26.63,0.91,82.45,115.9,21778.8,mixed_agroforestry,-3.8200000000000003
26.99,2.95,91.83,227.1,38332.8,mixed_agroforestry,-4.189999999999998
27.97,9.54,94.31,112.7,46637.8,mixed_agroforestry,-2.8200000000000003
26.82,9.9,95.93,180.8,48227.2,mixed_agroforestry,-2.0199999999999996
27.72,11.77,96.64,183.5,51439.9,mixed_agroforestry,-2.759999999999998
28.3,12.12,96.6,91.9,43011.8,mixed_agroforestry,-2.150000000000002
26.24,6.72,94.7,60.2,25378.5,mixed_agroforestry,-1.25
27.07,7.04,94.92,9.4,21573.4,mixed_agroforestry,-0.8099999999999987
27.95,8.36,93.72,14.6,27926.2,mixed_agroforestry,-2.039999999999999
29.41,11.97,97.35,5.7,31535.2,mixed_agroforestry,-0.5
27.93,9.28,96.5,14.2,28012.1,mixed_agroforestry,-0.16999999999999815
29.24,10.72,96.39,1.5,39598.1,mixed_agroforestry,-0.16999999999999815
29.38,12.37,97.74,24.1,37515.9,mixed_agroforestry,-1.9699999999999989
28.68,11.1,97.46,1.5,32411.1,mixed_agroforestry,0.129999999999999
23.85,4.02,95.87,93.1,23902.6,mixed_agroforestry,0.7699999999999996
26.58,6.7,95.27,15.0,20764.6,mixed_agroforestry,-1.2999999999999972
23.11,3.17,97.9,42.1,15841.9,mixed_agroforestry,2.210000000000001
22.91,2.07,94.35,78.6,20909.4,mixed_agroforestry,1.5
23.1,1.15,96.18,61.0,16569.3,mixed_agroforestry,2.3299999999999983
23.16,2.76,94.59,87.9,26359.2,mixed_agroforestry,1.9499999999999993
23.43,3.17,96.77,43.3,18477.1,mixed_agroforestry,0.9400000000000013
22.95,2.14,94.74,75.5,19824.1,mixed_agroforestry,0.6900000000000013
23.3,0.43,96.4,40.3,28259.0,mixed_agroforestry,1.5899999999999999
23.85,1.24,97.43,7.1,13190.3,mixed_agroforestry,2.0799999999999983
23.02,2.06,90.81,263.8,47920.6,mixed_agroforestry,0.240000000000002
22.71,1.56,91.16,123.7,29165.1,mixed_agroforestry,1.7399999999999984
23.04,1.4,95.29,81.9,18191.4,mixed_agroforestry,0.9600000000000009
23.61,3.36,92.17,207.5,46859.5,mixed_agroforestry,0.7899999999999991
27.9,0.47,89.42,9.6,30373.0,mixed_agroforestry,0.010000000000001563
27.82,0.13,88.62,12.3,14445.9,mixed_agroforestry,0.25
27.77,0.15,90.08,27.9,28214.9,mixed_agroforestry,-0.00999999999999801
27.82,0.14,89.99,25.7,37091.1,mixed_agroforestry,-0.4299999999999997
27.93,0.84,89.9,1.5,18918.8,mixed_agroforestry,0.370000000000001
27.89,0.61,90.7,9.4,29436.5,mixed_agroforestry,-1.0899999999999999
27.58,1.98,92.52,7.6,34016.1,mixed_agroforestry,-1.4599999999999973
27.65,2.43,92.73,12.6,34694.1,mixed_agroforestry,0.360000000000003
27.74,0.65,91.16,5.8,45839.5,mixed_agroforestry,-1.8599999999999994
27.63,0.59,93.8,14.2,25223.4,mixed_agroforestry,-0.9399999999999977
27.7,0.31,93.34,1.5,28457.0,mixed_agroforestry,-0.16000000000000014
27.6,0.69,94.24,1.5,16520.4,mixed_agroforestry,-0.08000000000000185
27.57,0.77,94.42,1.5,14929.2,mixed_agroforestry,-0.5700000000000003
27.19,2.19,97.14,20.6,7096.8,coastal_urban,-0.11000000000000298
27.17,2.24,97.22,4.4,8381.9,mixed_agroforestry,-0.7300000000000004
35.52,3.14,76.82,1300.4,31755.9,evergreen_forest,-5.920000000000002
35.52,3.42,77.94,895.4,8436.4,plantation_rubber_tea_spices,-5.510000000000002
35.6,3.6,77.8,1204.7,27445.0,evergreen_forest,-5.950000000000003
35.48,3.15,76.9,884.3,22472.5,plantation_rubber_tea_spices,-5.9999999999999964
35.5,2.97,76.49,1385.2,33900.6,evergreen_forest,-4.800000000000001
35.59,3.71,78.42,946.4,5643.6,plantation_rubber_tea_spices,-6.390000000000004
35.16,2.05,78.31,1557.2,29540.6,evergreen_forest,-7.199999999999996
35.16,2.02,78.34,1427.8,24865.8,evergreen_forest,-7.789999999999996
35.21,2.17,77.85,1884.2,49583.4,evergreen_forest,-8.870000000000001
35.23,2.25,78.03,1220.3,26088.5,evergreen_forest,-6.719999999999995
35.17,2.07,78.31,1432.1,22708.9,evergreen_forest,-6.220000000000002
35.13,0.62,70.67,951.2,34828.6,plantation_rubber_tea_spices,-7.550000000000004
34.97,0.0,69.73,877.6,33105.8,plantation_rubber_tea_spices,-6.489999999999998
34.3,0.0,70.64,688.5,20636.6,plantation_rubber_tea_spices,-5.989999999999998
34.16,0.0,70.85,750.7,21967.3,plantation_rubber_tea_spices,-4.149999999999995
35.62,0.01,67.72,1010.0,38454.1,plantation_rubber_tea_spices,-5.099999999999998
35.32,0.7,70.59,1305.1,51304.9,evergreen_forest,-6.0
35.23,0.0,69.03,1277.5,52848.6,evergreen_forest,-6.119999999999997
35.21,0.0,69.1,1066.8,41253.5,plantation_rubber_tea_spices,-5.380000000000003
34.85,0.0,66.73,175.7,27246.3,mixed_agroforestry,-4.470000000000002
34.92,0.0,65.87,175.1,16149.2,mixed_agroforestry,-4.600000000000001
34.92,0.0,66.28,163.5,1360.9,mixed_agroforestry,-4.07
34.91,0.0,65.91,240.1,20016.1,mixed_agroforestry,-4.559999999999995
34.82,0.0,67.32,288.7,23950.8,mixed_agroforestry,-4.02
34.78,0.0,68.05,352.5,19497.4,plantation_rubber_tea_spices,-4.900000000000002
34.92,0.0,66.32,138.1,6743.7,mixed_agroforestry,-5.100000000000001
34.77,0.0,69.59,588.9,13996.2,plantation_rubber_tea_spices,-6.2500000000000036
34.83,0.0,69.63,548.6,6048.6,plantation_rubber_tea_spices,-6.259999999999998
34.85,0.0,70.69,535.8,10581.8,plantation_rubber_tea_spices,-4.630000000000003
34.83,0.0,72.96,646.6,12551.3,plantation_rubber_tea_spices,-6.529999999999998
34.78,0.0,68.63,537.4,8098.1,plantation_rubber_tea_spices,-6.060000000000002
34.84,0.0,74.24,798.6,22450.1,plantation_rubber_tea_spices,-5.740000000000002
34.84,0.0,73.17,739.7,21622.1,plantation_rubber_tea_spices,-5.1200000000000045
34.83,0.0,72.47,842.4,23767.0,plantation_rubber_tea_spices,-5.819999999999997
34.82,0.0,74.22,766.8,20906.3,plantation_rubber_tea_spices,-5.5
34.83,0.0,73.93,749.4,19370.7,plantation_rubber_tea_spices,-4.799999999999997
34.8,0.0,75.27,694.1,13258.0,plantation_rubber_tea_spices,-4.439999999999998
34.78,0.0,69.32,571.8,12437.0,plantation_rubber_tea_spices,-5.16
34.83,0.0,71.84,820.4,22861.7,plantation_rubber_tea_spices,-5.459999999999997
35.09,0.0,70.33,1060.9,28261.5,plantation_rubber_tea_spices,-5.6200000000000045
35.08,0.0,70.78,458.0,25366.2,plantation_rubber_tea_spices,-4.759999999999998
34.51,0.0,70.7,1256.9,20852.6,evergreen_forest,-5.239999999999998
35.0,0.0,70.58,579.5,27079.2,plantation_rubber_tea_spices,-5.629999999999999
25.76,7.02,79.75,2234.1,34202.4,evergreen_forest,1.2799999999999976
26.5,6.49,79.34,1910.4,39866.6,evergreen_forest,1.7399999999999984
24.98,8.18,81.45,2037.1,27757.2,evergreen_forest,3.25
35.04,0.0,74.1,539.4,24074.4,plantation_rubber_tea_spices,-5.02
34.95,0.0,71.88,489.2,33715.0,plantation_rubber_tea_spices,-6.0000000000000036
35.02,0.0,73.31,456.3,31639.7,plantation_rubber_tea_spices,-5.820000000000004
34.9,0.0,71.66,503.4,35772.7,plantation_rubber_tea_spices,-6.41
34.15,0.46,72.34,1358.2,24271.4,evergreen_forest,-5.09
33.87,0.0,70.71,1419.7,13626.0,evergreen_forest,-5.129999999999999
33.94,0.0,70.89,1428.6,12880.4,evergreen_forest,-5.889999999999997
29.25,0.87,69.64,1780.3,20398.0,evergreen_forest,-2.0
27.29,4.14,74.92,2032.8,16293.7,evergreen_forest,0.41000000000000014
28.3,0.91,69.29,2260.1,28316.6,evergreen_forest,-2.2200000000000024
28.41,0.24,68.09,2088.5,24453.2,evergreen_forest,-1.5199999999999996
35.17,0.0,73.92,288.9,12765.4,mixed_agroforestry,-5.5
35.12,0.0,73.92,235.7,13937.1,mixed_agroforestry,-4.349999999999998
35.15,0.0,73.99,301.3,9540.4,mixed_agroforestry,-5.079999999999998
35.12,0.0,73.75,156.7,11250.1,mixed_agroforestry,-4.409999999999997
35.15,0.0,73.92,290.5,11215.4,mixed_agroforestry,-5.27
35.13,0.0,73.79,126.7,11417.6,mixed_agroforestry,-3.9400000000000013
35.26,0.0,75.61,414.2,12217.9,plantation_rubber_tea_spices,-4.709999999999997
35.14,0.0,74.13,344.1,9701.3,mixed_agroforestry,-5.16
35.16,0.0,74.45,334.6,24472.9,mixed_agroforestry,-4.459999999999997
33.99,0.86,74.99,607.0,16070.7,plantation_rubber_tea_spices,-4.810000000000002
35.17,0.0,73.52,133.7,29534.2,mixed_agroforestry,-4.060000000000002
35.0,0.0,71.91,129.9,36513.0,mixed_agroforestry,-3.7399999999999984
35.21,0.0,73.73,243.1,19910.6,mixed_agroforestry,-4.66
34.78,0.0,68.96,208.6,10979.1,mixed_agroforestry,-6.18
34.84,0.0,68.86,202.3,9620.2,mixed_agroforestry,-4.760000000000005
34.19,0.0,65.57,139.1,4468.1,mixed_agroforestry,-3.3199999999999967
34.43,0.0,68.19,211.8,19443.2,mixed_agroforestry,-5.73
34.97,0.0,67.76,85.4,10060.3,mixed_agroforestry,-4.689999999999998
35.59,0.0,75.3,533.6,42588.1,plantation_rubber_tea_spices,-5.050000000000004
35.0,0.0,73.83,569.3,45570.8,plantation_rubber_tea_spices,-5.57
35.17,0.0,74.29,492.2,40324.3,plantation_rubber_tea_spices,-4.340000000000003
34.62,0.37,74.31,232.0,34351.4,mixed_agroforestry,-3.9399999999999977
32.76,0.0,71.33,471.9,48468.5,plantation_rubber_tea_spices,-3.639999999999997
31.08,0.0,68.85,574.4,61620.2,plantation_rubber_tea_spices,-1.129999999999999
32.32,0.0,70.52,664.8,60922.4,plantation_rubber_tea_spices,-2.4400000000000013
33.91,0.0,73.43,390.9,43600.3,plantation_rubber_tea_spices,-3.309999999999995
32.22,0.32,71.54,458.5,55850.7,plantation_rubber_tea_spices,-0.8599999999999994
32.29,0.45,71.82,805.9,80983.5,plantation_rubber_tea_spices,-2.9299999999999997
35.24,1.4,74.64,149.3,38303.4,mixed_agroforestry,-3.6400000000000006
35.74,2.15,75.98,102.4,41085.1,mixed_agroforestry,-3.1000000000000014
36.17,0.05,68.47,133.9,26892.7,mixed_agroforestry,-3.3599999999999994
35.77,0.4,69.74,56.2,22651.4,mixed_agroforestry,-2.0800000000000054
35.93,0.19,69.07,143.4,17700.5,mixed_agroforestry,-3.8900000000000006
36.08,0.12,68.74,115.9,21778.8,mixed_agroforestry,-4.0
34.85,0.98,74.62,227.1,38332.8,mixed_agroforestry,-3.3000000000000007
35.45,4.15,82.59,112.7,46637.8,mixed_agroforestry,-3.5600000000000023
33.69,4.12,81.85,180.8,48227.2,mixed_agroforestry,-2.6199999999999974
34.64,5.42,86.3,183.5,51439.9,mixed_agroforestry,-2.789999999999999
35.37,5.39,86.32,91.9,43011.8,mixed_agroforestry,-2.210000000000001
33.58,0.84,69.91,60.2,25378.5,mixed_agroforestry,-0.5
34.49,2.16,68.24,9.4,21573.4,mixed_agroforestry,0.6899999999999977
35.65,0.69,69.18,14.6,27926.2,mixed_agroforestry,-1.2199999999999989
34.15,1.48,75.65,5.7,31535.2,mixed_agroforestry,-0.35999999999999943
34.08,2.89,72.06,14.2,28012.1,mixed_agroforestry,-1.519999999999996
34.28,1.62,75.39,1.5,39598.1,mixed_agroforestry,-0.8800000000000026
34.13,1.69,75.46,24.1,37515.9,mixed_agroforestry,-2.240000000000002
33.95,2.41,74.25,1.5,32411.1,mixed_agroforestry,-0.3400000000000034
30.78,0.52,68.97,93.1,23902.6,mixed_agroforestry,0.8699999999999974
34.11,2.68,69.41,15.0,20764.6,mixed_agroforestry,-1.8800000000000026
30.03,0.13,66.71,42.1,15841.9,mixed_agroforestry,1.879999999999999
29.77,1.9,68.44,78.6,20909.4,mixed_agroforestry,1.240000000000002
30.31,13.41,73.03,61.0,16569.3,mixed_agroforestry,2.5100000000000016
29.98,2.01,69.9,87.9,26359.2,mixed_agroforestry,2.330000000000002
30.42,1.32,67.45,43.3,18477.1,mixed_agroforestry,0.5699999999999967
29.83,2.26,68.49,75.5,19824.1,mixed_agroforestry,0.5500000000000007
30.48,17.8,75.18,40.3,28259.0,mixed_agroforestry,1.8099999999999987
30.92,18.33,75.68,7.1,13190.3,mixed_agroforestry,2.5899999999999963
29.71,2.57,72.01,263.8,47920.6,mixed_agroforestry,-0.030000000000001137
29.4,1.57,70.19,123.7,29165.1,mixed_agroforestry,0.9500000000000028
30.13,9.59,71.58,81.9,18191.4,mixed_agroforestry,0.17999999999999972
30.34,3.17,73.65,207.5,46859.5,mixed_agroforestry,0.129999999999999
34.22,2.95,80.27,9.6,30373.0,mixed_agroforestry,0.10999999999999943
34.41,2.71,82.64,12.3,14445.9,mixed_agroforestry,0.490000000000002
34.37,2.18,78.1,27.9,28214.9,mixed_agroforestry,0.05000000000000426
34.13,2.96,78.3,25.7,37091.1,mixed_agroforestry,-0.9500000000000028
34.31,2.49,79.29,1.5,18918.8,mixed_agroforestry,0.5300000000000011
33.36,5.55,76.57,9.4,29436.5,mixed_agroforestry,-1.8499999999999979
33.04,7.33,75.83,7.6,34016.1,mixed_agroforestry,-1.3000000000000007
33.1,7.07,75.92,12.6,34694.1,mixed_agroforestry,-0.07000000000000028
33.17,6.42,75.96,5.8,45839.5,mixed_agroforestry,-2.5500000000000007
34.45,0.38,67.95,14.2,25223.4,mixed_agroforestry,-0.5
34.47,0.32,67.06,1.5,28457.0,mixed_agroforestry,-0.5700000000000003
34.47,0.15,67.17,1.5,16520.4,mixed_agroforestry,-0.8399999999999963
34.47,0.14,67.32,1.5,14929.2,mixed_agroforestry,0.1600000000000037
34.43,0.07,70.52,20.6,7096.8,coastal_urban,0.10999999999999943
34.42,0.09,70.73,4.4,8381.9,mixed_agroforestry,0.00999999999999801
32.78,0.0,75.82,1300.4,31755.9,evergreen_forest,-6.740000000000002
32.82,0.0,75.36,895.4,8436.4,plantation_rubber_tea_spices,-6.690000000000001
32.68,0.0,75.32,1204.7,27445.0,evergreen_forest,-6.18
32.77,0.0,76.0,884.3,22472.5,plantation_rubber_tea_spices,-6.650000000000002
32.82,0.0,75.99,1385.2,33900.6,evergreen_forest,-6.02
32.73,0.0,75.05,946.4,5643.6,plantation_rubber_tea_spices,-7.509999999999998
33.8,0.0,75.27,1557.2,29540.6,evergreen_forest,-7.689999999999998
33.82,0.0,75.26,1427.8,24865.8,evergreen_forest,-8.0
33.62,0.0,75.51,1884.2,49583.4,evergreen_forest,-8.089999999999996
33.6,0.0,75.41,1220.3,26088.5,evergreen_forest,-6.610000000000003
33.78,0.0,75.27,1432.1,22708.9,evergreen_forest,-6.280000000000001
33.11,0.0,79.0,951.2,34828.6,plantation_rubber_tea_spices,-6.379999999999999
33.23,0.0,79.15,877.6,33105.8,plantation_rubber_tea_spices,-5.399999999999999
33.27,0.0,82.15,688.5,20636.6,plantation_rubber_tea_spices,-5.8700000000000045
33.29,0.0,82.8,750.7,21967.3,plantation_rubber_tea_spices,-6.25
33.11,0.0,78.19,1010.0,38454.1,plantation_rubber_tea_spices,-4.539999999999999
33.08,0.0,78.2,1305.1,51304.9,evergreen_forest,-5.849999999999998
33.19,0.0,78.6,1277.5,52848.6,evergreen_forest,-6.839999999999996
33.2,0.0,78.64,1066.8,41253.5,plantation_rubber_tea_spices,-6.5000000000000036
34.25,0.0,73.04,175.7,27246.3,mixed_agroforestry,-4.050000000000001
34.54,0.19,71.68,175.1,16149.2,mixed_agroforestry,-4.25
34.41,0.53,72.49,163.5,1360.9,mixed_agroforestry,-3.9499999999999957
34.5,0.17,71.8,240.1,20016.1,mixed_agroforestry,-4.989999999999998
33.88,0.0,74.62,288.7,23950.8,mixed_agroforestry,-3.3100000000000023
33.42,0.0,76.65,352.5,19497.4,plantation_rubber_tea_spices,-3.2900000000000027
34.4,0.54,72.53,138.1,6743.7,mixed_agroforestry,-5.0
33.1,0.0,78.28,588.9,13996.2,plantation_rubber_tea_spices,-6.59
33.23,0.58,77.42,548.6,6048.6,plantation_rubber_tea_spices,-6.719999999999995
33.4,1.14,77.05,535.8,10581.8,plantation_rubber_tea_spices,-5.219999999999999
33.57,0.78,75.73,646.6,12551.3,plantation_rubber_tea_spices,-6.539999999999999
33.04,0.0,78.1,537.4,8098.1,plantation_rubber_tea_spices,-5.779999999999998
33.63,0.64,75.19,798.6,22450.1,plantation_rubber_tea_spices,-5.540000000000003
33.47,1.69,76.66,739.7,21622.1,plantation_rubber_tea_spices,-5.219999999999999
33.45,0.0,76.48,842.4,23767.0,plantation_rubber_tea_spices,-6.390000000000004
33.6,0.72,75.24,766.8,20906.3,plantation_rubber_tea_spices,-5.970000000000002
33.65,0.77,75.25,749.4,19370.7,plantation_rubber_tea_spices,-5.02
33.73,0.05,74.11,694.1,13258.0,plantation_rubber_tea_spices,-4.219999999999995
33.07,0.0,78.27,571.8,12437.0,plantation_rubber_tea_spices,-4.850000000000001
33.39,0.0,77.1,820.4,22861.7,plantation_rubber_tea_spices,-5.0
33.2,8.74,84.08,1060.9,28261.5,plantation_rubber_tea_spices,-5.030000000000001
33.16,7.78,83.02,458.0,25366.2,plantation_rubber_tea_spices,-5.089999999999996
32.49,5.26,80.11,1256.9,20852.6,evergreen_forest,-4.790000000000003
33.22,6.66,82.23,579.5,27079.2,plantation_rubber_tea_spices,-5.309999999999999
24.22,3.55,83.22,2234.1,34202.4,evergreen_forest,1.6500000000000021
24.9,3.29,82.63,1910.4,39866.6,evergreen_forest,1.9200000000000017
23.49,4.14,85.24,2037.1,27757.2,evergreen_forest,3.1400000000000006
32.8,0.53,75.19,539.4,24074.4,plantation_rubber_tea_spices,-5.189999999999998
32.83,3.83,79.07,489.2,33715.0,plantation_rubber_tea_spices,-5.949999999999999
32.83,1.86,76.84,456.3,31639.7,plantation_rubber_tea_spices,-6.349999999999998
32.77,3.65,78.91,503.4,35772.7,plantation_rubber_tea_spices,-6.590000000000003
31.94,1.07,76.52,1358.2,24271.4,evergreen_forest,-6.120000000000001
31.84,3.62,77.87,1419.7,13626.0,evergreen_forest,-5.140000000000001
31.86,2.91,77.24,1428.6,12880.4,evergreen_forest,-5.93
27.55,1.52,73.18,1780.3,20398.0,evergreen_forest,-2.900000000000002
25.68,2.52,78.37,2032.8,16293.7,evergreen_forest,0.4800000000000004
26.66,0.7,71.53,2260.1,28316.6,evergreen_forest,-2.5599999999999987
26.76,0.25,69.94,2088.5,24453.2,evergreen_forest,-0.7600000000000016
32.99,0.92,81.93,288.9,12765.4,mixed_agroforestry,-6.030000000000001
32.89,1.03,80.17,235.7,13937.1,mixed_agroforestry,-4.400000000000002
32.95,0.92,80.83,301.3,9540.4,mixed_agroforestry,-4.860000000000003
32.89,1.16,81.09,156.7,11250.1,mixed_agroforestry,-3.8200000000000003
32.95,0.97,81.17,290.5,11215.4,mixed_agroforestry,-4.980000000000004
32.91,1.09,81.19,126.7,11417.6,mixed_agroforestry,-4.2499999999999964
33.03,0.15,75.11,414.2,12217.9,plantation_rubber_tea_spices,-4.440000000000001
32.92,0.88,79.78,344.1,9701.3,mixed_agroforestry,-4.860000000000003
32.95,1.22,76.74,334.6,24472.9,mixed_agroforestry,-4.880000000000003
31.82,0.61,76.46,607.0,16070.7,plantation_rubber_tea_spices,-4.620000000000001
33.15,0.9,84.19,133.7,29534.2,mixed_agroforestry,-3.979999999999997
33.34,0.82,84.95,129.9,36513.0,mixed_agroforestry,-3.760000000000005
33.16,0.86,84.51,243.1,19910.6,mixed_agroforestry,-4.969999999999995
33.19,1.08,79.3,208.6,10979.1,mixed_agroforestry,-4.609999999999999
33.2,1.06,78.99,202.3,9620.2,mixed_agroforestry,-3.2500000000000036
33.96,0.99,84.62,139.1,4468.1,mixed_agroforestry,-3.5600000000000023
33.55,1.03,83.44,211.8,19443.2,mixed_agroforestry,-5.039999999999996
33.38,0.8,78.12,85.4,10060.3,mixed_agroforestry,-2.9700000000000024
31.86,0.06,67.25,533.6,42588.1,plantation_rubber_tea_spices,-5.129999999999999
31.79,1.79,72.07,569.3,45570.8,plantation_rubber_tea_spices,-5.629999999999999
31.81,1.28,70.71,492.2,40324.3,plantation_rubber_tea_spices,-5.0
32.05,3.17,80.78,232.0,34351.4,mixed_agroforestry,-3.599999999999998
29.81,10.8,83.45,471.9,48468.5,plantation_rubber_tea_spices,-2.719999999999999
28.0,17.74,87.64,574.4,61620.2,plantation_rubber_tea_spices,-1.1900000000000013
29.2,12.78,83.25,664.8,60922.4,plantation_rubber_tea_spices,-2.5
31.23,5.8,82.52,390.9,43600.3,plantation_rubber_tea_spices,-3.75
29.29,12.86,85.26,458.5,55850.7,plantation_rubber_tea_spices,-1.0599999999999987
29.29,12.68,84.31,805.9,80983.5,plantation_rubber_tea_spices,-2.5500000000000007
32.45,1.88,75.62,149.3,38303.4,mixed_agroforestry,-4.6200000000000045
32.81,0.33,74.35,102.4,41085.1,mixed_agroforestry,-3.860000000000003
33.03,0.06,68.55,133.9,26892.7,mixed_agroforestry,-3.700000000000003
33.07,0.36,72.05,56.2,22651.4,mixed_agroforestry,-2.740000000000002
33.04,0.27,70.65,143.4,17700.5,mixed_agroforestry,-3.789999999999999
33.04,0.13,69.31,115.9,21778.8,mixed_agroforestry,-4.419999999999998
32.16,2.85,78.42,227.1,38332.8,mixed_agroforestry,-3.669999999999998
32.81,0.29,77.29,112.7,46637.8,mixed_agroforestry,-2.9400000000000013
31.28,0.0,78.84,180.8,48227.2,mixed_agroforestry,-2.5400000000000027
32.32,0.0,78.47,183.5,51439.9,mixed_agroforestry,-2.7300000000000004
32.84,0.1,78.52,91.9,43011.8,mixed_agroforestry,-2.230000000000004
30.43,0.0,78.37,60.2,25378.5,mixed_agroforestry,-1.8900000000000006
31.01,0.0,77.86,9.4,21573.4,mixed_agroforestry,-0.9300000000000033
31.54,0.0,79.07,14.6,27926.2,mixed_agroforestry,-2.0599999999999987
33.5,0.0,75.84,5.7,31535.2,mixed_agroforestry,-0.17999999999999972
32.0,0.0,76.67,14.2,28012.1,mixed_agroforestry,-0.21000000000000085
33.32,0.0,75.99,1.5,39598.1,mixed_agroforestry,-0.8200000000000003
33.46,0.0,75.85,24.1,37515.9,mixed_agroforestry,-1.3100000000000023
32.79,0.0,76.07,1.5,32411.1,mixed_agroforestry,0.509999999999998
28.8,0.0,77.32,93.1,23902.6,mixed_agroforestry,1.4299999999999997
30.7,0.0,77.89,15.0,20764.6,mixed_agroforestry,0.490000000000002
28.48,0.0,76.34,42.1,15841.9,mixed_agroforestry,2.1799999999999997
27.86,0.0,77.22,78.6,20909.4,mixed_agroforestry,1.3900000000000006
28.14,0.0,75.11,61.0,16569.3,mixed_agroforestry,3.09
28.12,0.0,77.35,87.9,26359.2,mixed_agroforestry,2.1999999999999993
28.55,0.0,76.63,43.3,18477.1,mixed_agroforestry,1.1999999999999993
27.94,0.0,77.05,75.5,19824.1,mixed_agroforestry,0.3299999999999983
28.39,0.0,74.19,40.3,28259.0,mixed_agroforestry,1.8000000000000007
28.98,0.0,73.74,7.1,13190.3,mixed_agroforestry,1.9100000000000001
27.55,0.0,78.59,263.8,47920.6,mixed_agroforestry,0.14000000000000057
27.34,0.0,78.39,123.7,29165.1,mixed_agroforestry,1.0
28.01,0.0,75.9,81.9,18191.4,mixed_agroforestry,-0.43000000000000327
28.2,0.0,78.41,207.5,46859.5,mixed_agroforestry,-0.14000000000000057
32.37,0.0,75.56,9.6,30373.0,mixed_agroforestry,-0.4399999999999977
32.2,0.0,75.72,12.3,14445.9,mixed_agroforestry,0.02999999999999403
32.27,0.02,76.01,27.9,28214.9,mixed_agroforestry,-0.010000000000005116
32.42,0.02,75.72,25.7,37091.1,mixed_agroforestry,-1.5900000000000034
32.35,0.0,75.69,1.5,18918.8,mixed_agroforestry,0.6000000000000014
32.73,0.0,74.72,9.4,29436.5,mixed_agroforestry,-1.2899999999999956
32.42,0.0,74.56,7.6,34016.1,mixed_agroforestry,-0.990000000000002
32.46,0.0,74.62,12.6,34694.1,mixed_agroforestry,0.740000000000002
32.64,0.0,74.57,5.8,45839.5,mixed_agroforestry,-1.7199999999999989
32.34,0.07,77.03,14.2,25223.4,mixed_agroforestry,-1.4700000000000024
32.28,0.04,76.61,1.5,28457.0,mixed_agroforestry,-0.4299999999999997
32.35,0.08,77.23,1.5,16520.4,mixed_agroforestry,-0.4800000000000004
32.36,0.09,77.37,1.5,14929.2,mixed_agroforestry,0.8400000000000034
32.64,0.25,79.6,20.6,7096.8,coastal_urban,-0.28000000000000114
32.65,0.26,79.68,4.4,8381.9,mixed_agroforestry,-0.509999999999998
27.51,0.0,95.52,1300.4,31755.9,evergreen_forest,-6.080000000000002
27.68,0.0,95.55,895.4,8436.4,plantation_rubber_tea_spices,-6.43
27.51,0.0,95.75,1204.7,27445.0,evergreen_forest,-6.360000000000003
27.53,0.0,95.73,884.3,22472.5,plantation_rubber_tea_spices,-6.530000000000001
27.52,0.0,95.41,1385.2,33900.6,evergreen_forest,-5.699999999999999
27.63,0.0,95.7,946.4,5643.6,plantation_rubber_tea_spices,-7.129999999999999
28.72,0.0,93.51,1557.2,29540.6,evergreen_forest,-7.369999999999997
28.75,0.0,93.46,1427.8,24865.8,evergreen_forest,-7.309999999999999
28.49,0.0,93.89,1884.2,49583.4,evergreen_forest,-8.419999999999998
28.49,0.0,93.92,1220.3,26088.5,evergreen_forest,-6.959999999999997
28.71,0.0,93.54,1432.1,22708.9,evergreen_forest,-6.330000000000002
27.23,0.13,94.95,951.2,34828.6,plantation_rubber_tea_spices,-5.550000000000001
27.48,0.43,94.9,877.6,33105.8,plantation_rubber_tea_spices,-5.559999999999999
27.67,0.09,97.3,688.5,20636.6,plantation_rubber_tea_spices,-6.290000000000003
27.68,0.01,97.83,750.7,21967.3,plantation_rubber_tea_spices,-6.879999999999999
26.75,0.0,92.48,1010.0,38454.1,plantation_rubber_tea_spices,-5.25
27.15,0.19,94.36,1305.1,51304.9,evergreen_forest,-6.529999999999998
27.23,0.33,93.94,1277.5,52848.6,evergreen_forest,-7.539999999999999
27.25,0.34,94.04,1066.8,41253.5,plantation_rubber_tea_spices,-6.039999999999999
28.09,0.2,96.5,175.7,27246.3,mixed_agroforestry,-4.440000000000001
27.98,0.08,96.97,175.1,16149.2,mixed_agroforestry,-4.719999999999999
27.97,0.16,96.85,163.5,1360.9,mixed_agroforestry,-4.609999999999999
27.99,0.08,96.88,240.1,20016.1,mixed_agroforestry,-4.389999999999997
28.23,0.26,95.56,288.7,23950.8,mixed_agroforestry,-4.650000000000002
28.4,0.31,94.41,352.5,19497.4,plantation_rubber_tea_spices,-5.59
27.98,0.17,96.84,138.1,6743.7,mixed_agroforestry,-5.32
28.4,0.65,94.1,588.9,13996.2,plantation_rubber_tea_spices,-5.449999999999999
28.49,0.87,94.36,548.6,6048.6,plantation_rubber_tea_spices,-6.359999999999999
28.39,1.29,95.48,535.8,10581.8,plantation_rubber_tea_spices,-5.629999999999999
28.51,2.19,96.75,646.6,12551.3,plantation_rubber_tea_spices,-6.040000000000003
28.58,0.4,93.3,537.4,8098.1,plantation_rubber_tea_spices,-5.669999999999998
28.53,2.68,97.36,798.6,22450.1,plantation_rubber_tea_spices,-5.640000000000001
28.23,2.21,97.15,739.7,21622.1,plantation_rubber_tea_spices,-5.629999999999999
28.3,1.81,96.24,842.4,23767.0,plantation_rubber_tea_spices,-6.240000000000002
28.5,2.68,97.46,766.8,20906.3,plantation_rubber_tea_spices,-5.91
28.54,2.58,97.37,749.4,19370.7,plantation_rubber_tea_spices,-5.219999999999999
28.71,3.12,97.9,694.1,13258.0,plantation_rubber_tea_spices,-4.18
28.45,0.58,93.79,571.8,12437.0,plantation_rubber_tea_spices,-5.149999999999999
28.2,1.5,95.92,820.4,22861.7,plantation_rubber_tea_spices,-5.289999999999999
26.67,0.67,97.91,1060.9,28261.5,plantation_rubber_tea_spices,-5.720000000000002
26.72,0.71,97.77,458.0,25366.2,plantation_rubber_tea_spices,-4.91
26.29,1.13,97.77,1256.9,20852.6,evergreen_forest,-5.18
27.15,0.97,97.34,579.5,27079.2,plantation_rubber_tea_spices,-6.169999999999998
18.29,32.08,97.94,2234.1,34202.4,evergreen_forest,1.5700000000000003
18.95,29.72,97.84,1910.4,39866.6,evergreen_forest,1.879999999999999
17.3,36.79,97.99,2037.1,27757.2,evergreen_forest,3.3999999999999986
26.86,0.64,96.47,539.4,24074.4,plantation_rubber_tea_spices,-5.259999999999998
26.6,0.87,97.43,489.2,33715.0,plantation_rubber_tea_spices,-5.780000000000001
26.78,0.73,96.83,456.3,31639.7,plantation_rubber_tea_spices,-5.84
26.53,0.96,97.54,503.4,35772.7,plantation_rubber_tea_spices,-6.350000000000001
25.81,3.29,97.63,1358.2,24271.4,evergreen_forest,-5.459999999999997
25.96,1.56,97.7,1419.7,13626.0,evergreen_forest,-5.220000000000002
25.98,1.57,97.69,1428.6,12880.4,evergreen_forest,-6.780000000000001
23.15,7.55,98.0,1780.3,20398.0,evergreen_forest,-1.8499999999999979
20.5,20.68,98.0,2032.8,16293.7,evergreen_forest,2.2399999999999984
22.65,8.25,98.0,2260.1,28316.6,evergreen_forest,-2.3099999999999987
23.04,5.76,98.0,2088.5,24453.2,evergreen_forest,-0.75
27.13,4.18,97.67,288.9,12765.4,mixed_agroforestry,-5.039999999999999
27.02,2.17,97.56,235.7,13937.1,mixed_agroforestry,-4.390000000000001
27.08,3.16,97.54,301.3,9540.4,mixed_agroforestry,-5.029999999999998
27.02,2.55,97.79,156.7,11250.1,mixed_agroforestry,-3.539999999999999
27.08,3.28,97.63,290.5,11215.4,mixed_agroforestry,-5.279999999999998
27.04,2.91,97.75,126.7,11417.6,mixed_agroforestry,-3.9299999999999997
27.22,0.58,95.85,414.2,12217.9,plantation_rubber_tea_spices,-4.469999999999999
27.06,2.34,97.35,344.1,9701.3,mixed_agroforestry,-4.93
27.03,0.67,96.5,334.6,24472.9,mixed_agroforestry,-3.950000000000003
25.88,4.56,96.73,607.0,16070.7,plantation_rubber_tea_spices,-4.629999999999999
27.24,6.15,97.86,133.7,29534.2,mixed_agroforestry,-3.8999999999999986
27.2,6.97,97.85,129.9,36513.0,mixed_agroforestry,-3.09
27.27,6.63,97.86,243.1,19910.6,mixed_agroforestry,-5.23
26.32,3.49,97.59,208.6,10979.1,mixed_agroforestry,-4.949999999999999
26.31,3.47,97.65,202.3,9620.2,mixed_agroforestry,-3.5599999999999987
26.75,4.75,97.94,139.1,4468.1,mixed_agroforestry,-3.7300000000000004
26.71,4.79,97.6,211.8,19443.2,mixed_agroforestry,-5.640000000000001
26.44,3.51,97.83,85.4,10060.3,mixed_agroforestry,-3.0199999999999996
26.73,0.03,94.71,533.6,42588.1,plantation_rubber_tea_spices,-4.710000000000001
26.13,1.12,95.58,569.3,45570.8,plantation_rubber_tea_spices,-4.939999999999998
26.3,0.81,95.34,492.2,40324.3,plantation_rubber_tea_spices,-4.510000000000002
24.98,3.18,97.78,232.0,34351.4,mixed_agroforestry,-4.150000000000002
23.07,3.27,97.64,471.9,48468.5,plantation_rubber_tea_spices,-3.240000000000002
21.17,3.78,97.98,574.4,61620.2,plantation_rubber_tea_spices,-1.0900000000000034
22.63,3.09,97.44,664.8,60922.4,plantation_rubber_tea_spices,-3.0299999999999976
24.29,3.36,97.75,390.9,43600.3,plantation_rubber_tea_spices,-4.27
22.47,3.36,97.61,458.5,55850.7,plantation_rubber_tea_spices,-0.8399999999999999
22.58,3.09,97.37,805.9,80983.5,plantation_rubber_tea_spices,-3.129999999999999
25.55,2.1,97.19,149.3,38303.4,mixed_agroforestry,-4.420000000000002
26.04,1.35,96.65,102.4,41085.1,mixed_agroforestry,-3.919999999999998
26.33,2.03,97.97,133.9,26892.7,mixed_agroforestry,-3.09
26.25,2.35,97.77,56.2,22651.4,mixed_agroforestry,-2.8299999999999983
26.27,2.26,97.89,143.4,17700.5,mixed_agroforestry,-3.870000000000001
26.31,2.1,97.93,115.9,21778.8,mixed_agroforestry,-4.359999999999999
25.18,2.61,97.44,227.1,38332.8,mixed_agroforestry,-2.7300000000000004
25.91,0.75,95.53,112.7,46637.8,mixed_agroforestry,-2.9400000000000013
24.84,0.0,94.5,180.8,48227.2,mixed_agroforestry,-3.370000000000001
25.47,0.09,94.48,183.5,51439.9,mixed_agroforestry,-3.2799999999999976
25.91,0.25,94.81,91.9,43011.8,mixed_agroforestry,-2.7300000000000004
24.72,0.0,95.31,60.2,25378.5,mixed_agroforestry,-1.2899999999999991
25.17,0.0,95.07,9.4,21573.4,mixed_agroforestry,-0.18000000000000327
25.93,0.0,96.04,14.6,27926.2,mixed_agroforestry,-1.509999999999998
25.39,0.24,92.68,5.7,31535.2,mixed_agroforestry,-0.6999999999999993
25.04,0.0,93.54,14.2,28012.1,mixed_agroforestry,-1.4100000000000001
25.51,0.62,93.2,1.5,39598.1,mixed_agroforestry,-0.9100000000000001
25.31,0.0,92.48,24.1,37515.9,mixed_agroforestry,-1.9199999999999982
25.1,0.0,92.76,1.5,32411.1,mixed_agroforestry,-0.5700000000000003
23.06,0.0,94.46,93.1,23902.6,mixed_agroforestry,1.8399999999999999
24.94,0.0,95.04,15.0,20764.6,mixed_agroforestry,-0.010000000000001563
22.66,0.0,94.21,42.1,15841.9,mixed_agroforestry,2.1000000000000014
22.28,0.0,93.93,78.6,20909.4,mixed_agroforestry,1.2799999999999976
22.03,0.0,91.44,61.0,16569.3,mixed_agroforestry,3.9299999999999997
22.44,0.0,93.95,87.9,26359.2,mixed_agroforestry,2.4299999999999997
22.79,0.0,94.13,43.3,18477.1,mixed_agroforestry,0.5
22.31,0.0,93.85,75.5,19824.1,mixed_agroforestry,-0.5499999999999972
21.95,0.0,90.45,40.3,28259.0,mixed_agroforestry,1.0399999999999991
22.25,0.0,90.24,7.1,13190.3,mixed_agroforestry,1.6900000000000013
22.12,0.0,93.95,263.8,47920.6,mixed_agroforestry,0.7300000000000004
21.98,0.0,94.07,123.7,29165.1,mixed_agroforestry,1.009999999999998
22.1,0.0,92.28,81.9,18191.4,mixed_agroforestry,1.2699999999999996
22.55,0.0,93.93,207.5,46859.5,mixed_agroforestry,1.0999999999999979
26.46,6.92,97.08,9.6,30373.0,mixed_agroforestry,0.23000000000000043
26.87,8.81,97.85,12.3,14445.9,mixed_agroforestry,-0.19000000000000128
26.58,6.64,97.71,27.9,28214.9,mixed_agroforestry,0.6000000000000014
26.3,5.66,96.92,25.7,37091.1,mixed_agroforestry,-0.4400000000000013
26.48,6.79,97.23,1.5,18918.8,mixed_agroforestry,0.7899999999999991
25.12,1.89,94.23,9.4,29436.5,mixed_agroforestry,-1.740000000000002
24.58,0.69,93.08,7.6,34016.1,mixed_agroforestry,-1.25
24.64,0.76,93.09,12.6,34694.1,mixed_agroforestry,0.48999999999999844
24.83,1.14,93.71,5.8,45839.5,mixed_agroforestry,-2.169999999999998
26.17,2.24,97.87,14.2,25223.4,mixed_agroforestry,-1.5700000000000003
26.01,2.44,97.9,1.5,28457.0,mixed_agroforestry,-0.5
26.19,1.88,97.95,1.5,16520.4,mixed_agroforestry,-1.2100000000000009
26.24,1.79,97.95,1.5,14929.2,mixed_agroforestry,1.0500000000000007
27.03,0.45,97.97,20.6,7096.8,coastal_urban,0.259999999999998
27.06,0.42,97.96,4.4,8381.9,mixed_agroforestry,-0.2799999999999976
30.09,0.75,88.15,1300.4,31755.9,evergreen_forest,-6.890000000000001
30.33,0.34,87.57,895.4,8436.4,plantation_rubber_tea_spices,-5.899999999999999
30.17,0.47,87.29,1204.7,27445.0,evergreen_forest,-6.32
30.11,0.6,87.9,884.3,22472.5,plantation_rubber_tea_spices,-6.32
30.07,0.85,88.48,1385.2,33900.6,evergreen_forest,-4.949999999999999
30.33,0.24,87.06,946.4,5643.6,plantation_rubber_tea_spices,-6.989999999999998
31.25,0.02,90.42,1557.2,29540.6,evergreen_forest,-7.350000000000001
31.28,0.01,90.48,1427.8,24865.8,evergreen_forest,-7.27
31.02,0.19,90.11,1884.2,49583.4,evergreen_forest,-8.489999999999998
31.03,0.14,89.96,1220.3,26088.5,evergreen_forest,-6.880000000000003
31.24,0.03,90.38,1432.1,22708.9,evergreen_forest,-6.169999999999998
29.21,2.46,92.16,951.2,34828.6,plantation_rubber_tea_spices,-6.010000000000002
28.97,2.3,92.58,877.6,33105.8,plantation_rubber_tea_spices,-5.369999999999997
29.63,0.47,90.19,688.5,20636.6,plantation_rubber_tea_spices,-5.919999999999998
29.77,0.13,89.62,750.7,21967.3,plantation_rubber_tea_spices,-6.489999999999998
28.62,4.85,96.32,1010.0,38454.1,plantation_rubber_tea_spices,-4.670000000000002
29.06,2.94,92.67,1305.1,51304.9,evergreen_forest,-6.649999999999999
28.8,3.27,93.94,1277.5,52848.6,evergreen_forest,-7.32
28.81,3.19,93.8,1066.8,41253.5,plantation_rubber_tea_spices,-6.079999999999998
30.22,0.09,88.66,175.7,27246.3,mixed_agroforestry,-4.239999999999998
30.48,0.08,87.71,175.1,16149.2,mixed_agroforestry,-5.100000000000001
30.27,0.2,88.34,163.5,1360.9,mixed_agroforestry,-4.43
30.45,0.09,87.89,240.1,20016.1,mixed_agroforestry,-4.649999999999999
29.89,0.21,90.7,288.7,23950.8,mixed_agroforestry,-3.4400000000000013
29.5,0.35,93.23,352.5,19497.4,plantation_rubber_tea_spices,-3.8999999999999986
30.26,0.2,88.37,138.1,6743.7,mixed_agroforestry,-4.530000000000001
29.01,0.7,93.83,588.9,13996.2,plantation_rubber_tea_spices,-5.550000000000001
28.91,0.53,93.38,548.6,6048.6,plantation_rubber_tea_spices,-6.07
28.71,0.57,91.32,535.8,10581.8,plantation_rubber_tea_spices,-4.530000000000001
28.39,0.34,87.52,646.6,12551.3,plantation_rubber_tea_spices,-5.219999999999999
29.13,0.48,95.48,537.4,8098.1,plantation_rubber_tea_spices,-5.919999999999998
28.16,0.36,85.65,798.6,22450.1,plantation_rubber_tea_spices,-6.149999999999999
28.24,0.55,88.26,739.7,21622.1,plantation_rubber_tea_spices,-6.299999999999997
28.56,0.79,88.3,842.4,23767.0,plantation_rubber_tea_spices,-6.719999999999999
28.2,0.25,85.83,766.8,20906.3,plantation_rubber_tea_spices,-5.25
28.24,0.28,85.89,749.4,19370.7,plantation_rubber_tea_spices,-4.84
28.11,0.02,83.52,694.1,13258.0,plantation_rubber_tea_spices,-4.140000000000001
29.02,0.67,94.45,571.8,12437.0,plantation_rubber_tea_spices,-5.379999999999999
28.68,0.94,89.36,820.4,22861.7,plantation_rubber_tea_spices,-6.530000000000001
27.89,2.41,96.49,1060.9,28261.5,plantation_rubber_tea_spices,-6.0
28.12,2.15,95.61,458.0,25366.2,plantation_rubber_tea_spices,-5.630000000000003
28.23,2.01,95.54,1256.9,20852.6,evergreen_forest,-6.050000000000001
28.01,1.91,95.08,579.5,27079.2,plantation_rubber_tea_spices,-6.360000000000003
19.55,0.87,90.08,2234.1,34202.4,evergreen_forest,1.2699999999999996
20.41,0.72,90.03,1910.4,39866.6,evergreen_forest,1.7600000000000016
18.6,0.07,89.14,2037.1,27757.2,evergreen_forest,3.549999999999997
30.16,0.14,89.62,539.4,24074.4,plantation_rubber_tea_spices,-5.32
29.1,1.04,93.73,489.2,33715.0,plantation_rubber_tea_spices,-4.650000000000002
29.75,0.49,91.17,456.3,31639.7,plantation_rubber_tea_spices,-5.969999999999999
29.08,1.0,94.07,503.4,35772.7,plantation_rubber_tea_spices,-4.919999999999998
28.95,0.23,93.29,1358.2,24271.4,evergreen_forest,-5.919999999999998
27.99,2.33,95.17,1419.7,13626.0,evergreen_forest,-3.8999999999999986
28.24,1.99,94.86,1428.6,12880.4,evergreen_forest,-5.16
23.65,6.25,96.7,1780.3,20398.0,evergreen_forest,-1.7399999999999984
21.38,3.48,93.3,2032.8,16293.7,evergreen_forest,0.8599999999999994
22.85,7.2,96.92,2260.1,28316.6,evergreen_forest,-2.460000000000001
23.07,8.08,97.69,2088.5,24453.2,evergreen_forest,-1.1900000000000013
29.82,0.0,89.56,288.9,12765.4,mixed_agroforestry,-5.280000000000001
29.84,0.0,91.79,235.7,13937.1,mixed_agroforestry,-4.379999999999999
29.87,0.0,90.38,301.3,9540.4,mixed_agroforestry,-5.25
29.75,0.0,92.19,156.7,11250.1,mixed_agroforestry,-4.949999999999999
29.83,0.0,90.57,290.5,11215.4,mixed_agroforestry,-4.699999999999999
29.78,0.0,91.55,126.7,11417.6,mixed_agroforestry,-4.27
30.55,0.0,87.04,414.2,12217.9,plantation_rubber_tea_spices,-4.27
29.93,0.0,90.73,344.1,9701.3,mixed_agroforestry,-4.210000000000001
30.08,0.25,89.7,334.6,24472.9,mixed_agroforestry,-4.419999999999998
29.01,0.0,89.69,607.0,16070.7,plantation_rubber_tea_spices,-4.270000000000003
29.75,0.0,87.52,133.7,29534.2,mixed_agroforestry,-3.2600000000000016
29.54,0.02,86.39,129.9,36513.0,mixed_agroforestry,-3.3099999999999987
29.76,0.0,86.98,243.1,19910.6,mixed_agroforestry,-5.150000000000002
28.71,0.61,90.79,208.6,10979.1,mixed_agroforestry,-4.710000000000001
28.72,0.59,90.76,202.3,9620.2,mixed_agroforestry,-3.4499999999999993
29.07,0.08,86.88,139.1,4468.1,mixed_agroforestry,-3.629999999999999
28.99,0.29,88.17,211.8,19443.2,mixed_agroforestry,-5.34
28.87,0.31,89.9,85.4,10060.3,mixed_agroforestry,-3.34
28.37,0.41,97.31,533.6,42588.1,plantation_rubber_tea_spices,-5.460000000000001
27.98,0.57,95.46,569.3,45570.8,plantation_rubber_tea_spices,-5.68
28.1,0.54,96.03,492.2,40324.3,plantation_rubber_tea_spices,-4.310000000000002
27.69,1.97,94.41,232.0,34351.4,mixed_agroforestry,-3.490000000000002
25.32,0.87,91.46,471.9,48468.5,plantation_rubber_tea_spices,-2.1099999999999994
23.21,0.03,87.75,574.4,61620.2,plantation_rubber_tea_spices,-1.0100000000000016
24.69,0.37,90.33,664.8,60922.4,plantation_rubber_tea_spices,-3.59
26.85,1.9,94.37,390.9,43600.3,plantation_rubber_tea_spices,-4.490000000000002
24.66,0.61,89.96,458.5,55850.7,plantation_rubber_tea_spices,-1.3599999999999994
24.7,0.42,89.78,805.9,80983.5,plantation_rubber_tea_spices,-3.289999999999999
28.1,0.7,91.42,149.3,38303.4,mixed_agroforestry,-4.25
28.59,0.3,90.15,102.4,41085.1,mixed_agroforestry,-3.1400000000000006
28.91,0.04,91.85,133.9,26892.7,mixed_agroforestry,-3.330000000000002
28.81,0.23,91.2,56.2,22651.4,mixed_agroforestry,-1.9899999999999984
28.84,0.19,91.6,143.4,17700.5,mixed_agroforestry,-3.8999999999999986
28.88,0.09,91.73,115.9,21778.8,mixed_agroforestry,-4.34
27.79,1.27,92.63,227.1,38332.8,mixed_agroforestry,-3.7300000000000004
28.37,0.26,88.29,112.7,46637.8,mixed_agroforestry,-3.3599999999999994
26.67,2.8,89.54,180.8,48227.2,mixed_agroforestry,-2.5400000000000027
27.6,1.15,87.51,183.5,51439.9,mixed_agroforestry,-3.030000000000001
28.31,0.09,86.86,91.9,43011.8,mixed_agroforestry,-2.139999999999997
26.47,6.22,92.45,60.2,25378.5,mixed_agroforestry,-0.379999999999999
27.51,4.01,90.99,9.4,21573.4,mixed_agroforestry,0.10999999999999943
28.46,1.7,89.97,14.6,27926.2,mixed_agroforestry,-1.75
28.48,1.07,89.72,5.7,31535.2,mixed_agroforestry,-0.9600000000000009
27.76,2.15,90.13,14.2,28012.1,mixed_agroforestry,-0.8500000000000014
28.46,2.05,90.05,1.5,39598.1,mixed_agroforestry,-0.8000000000000007
28.46,0.48,89.48,24.1,37515.9,mixed_agroforestry,-2.2699999999999996
28.06,1.11,89.75,1.5,32411.1,mixed_agroforestry,0.030000000000001137
23.76,12.95,96.28,93.1,23902.6,mixed_agroforestry,0.9899999999999984
27.02,5.24,91.29,15.0,20764.6,mixed_agroforestry,-2.120000000000001
22.98,18.04,97.92,42.1,15841.9,mixed_agroforestry,2.169999999999998
22.85,11.62,96.92,78.6,20909.4,mixed_agroforestry,1.2199999999999989
23.68,5.32,91.68,61.0,16569.3,mixed_agroforestry,1.6799999999999997
23.06,11.19,96.43,87.9,26359.2,mixed_agroforestry,1.5199999999999996
23.41,14.8,96.77,43.3,18477.1,mixed_agroforestry,0.3099999999999987
22.92,11.88,96.76,75.5,19824.1,mixed_agroforestry,1.7299999999999969
23.95,4.1,90.11,40.3,28259.0,mixed_agroforestry,1.8500000000000014
24.46,4.39,89.43,7.1,13190.3,mixed_agroforestry,2.3999999999999986
22.89,5.09,95.8,263.8,47920.6,mixed_agroforestry,0.629999999999999
22.56,7.18,96.84,123.7,29165.1,mixed_agroforestry,1.7800000000000011
23.41,6.97,93.37,81.9,18191.4,mixed_agroforestry,-0.35999999999999943
23.49,5.31,94.74,207.5,46859.5,mixed_agroforestry,0.75
28.43,4.43,91.44,9.6,30373.0,mixed_agroforestry,0.3099999999999987
28.95,0.6,90.22,12.3,14445.9,mixed_agroforestry,0.05000000000000071
28.52,1.88,91.39,27.9,28214.9,mixed_agroforestry,0.39000000000000057
28.1,6.73,92.57,25.7,37091.1,mixed_agroforestry,0.13999999999999702
28.53,2.48,91.03,1.5,18918.8,mixed_agroforestry,0.7899999999999991
26.63,19.54,95.55,9.4,29436.5,mixed_agroforestry,-1.879999999999999
26.33,17.47,94.59,7.6,34016.1,mixed_agroforestry,-2.039999999999999
26.45,16.41,94.27,12.6,34694.1,mixed_agroforestry,-0.23999999999999844
26.32,20.78,95.81,5.8,45839.5,mixed_agroforestry,-2.469999999999999
27.92,1.13,93.25,14.2,25223.4,mixed_agroforestry,-1.0300000000000011
27.82,0.8,92.8,1.5,28457.0,mixed_agroforestry,0.16999999999999815
27.92,0.69,93.4,1.5,16520.4,mixed_agroforestry,-0.9500000000000028
27.95,0.72,93.53,1.5,14929.2,mixed_agroforestry,0.5899999999999999
28.45,1.35,95.71,20.6,7096.8,coastal_urban,0.16000000000000014
28.47,1.43,95.8,4.4,8381.9,mixed_agroforestry,0.2900000000000027
34.82,2.16,73.87,1300.4,31755.9,evergreen_forest,-7.190000000000001
34.9,2.24,73.47,895.4,8436.4,plantation_rubber_tea_spices,-6.669999999999998
34.77,2.54,74.08,1204.7,27445.0,evergreen_forest,-6.100000000000001
34.83,2.18,73.48,884.3,22472.5,plantation_rubber_tea_spices,-6.93
34.85,2.01,73.77,1385.2,33900.6,evergreen_forest,-5.760000000000002
34.83,2.52,73.8,946.4,5643.6,plantation_rubber_tea_spices,-7.399999999999999
35.77,0.09,70.59,1557.2,29540.6,evergreen_forest,-7.840000000000003
35.79,0.04,70.52,1427.8,24865.8,evergreen_forest,-7.52
35.6,0.42,71.11,1884.2,49583.4,evergreen_forest,-8.75
35.59,0.49,71.15,1220.3,26088.5,evergreen_forest,-6.2500000000000036
35.76,0.12,70.63,1432.1,22708.9,evergreen_forest,-6.609999999999999
34.92,0.45,73.2,951.2,34828.6,plantation_rubber_tea_spices,-6.16
35.04,0.0,72.65,877.6,33105.8,plantation_rubber_tea_spices,-6.0
35.17,0.0,66.93,688.5,20636.6,plantation_rubber_tea_spices,-5.860000000000003
35.19,0.0,65.76,750.7,21967.3,plantation_rubber_tea_spices,-6.159999999999997
34.82,0.0,77.72,1010.0,38454.1,plantation_rubber_tea_spices,-4.780000000000001
34.87,0.51,74.73,1305.1,51304.9,evergreen_forest,-5.989999999999998
34.96,0.0,74.73,1277.5,52848.6,evergreen_forest,-6.539999999999999
34.96,0.0,74.56,1066.8,41253.5,plantation_rubber_tea_spices,-6.109999999999999
35.31,0.0,70.89,175.7,27246.3,mixed_agroforestry,-4.150000000000002
35.28,0.0,71.05,175.1,16149.2,mixed_agroforestry,-4.880000000000003
35.28,0.0,71.05,163.5,1360.9,mixed_agroforestry,-4.620000000000001
35.29,0.0,71.07,240.1,20016.1,mixed_agroforestry,-5.189999999999998
35.36,0.0,71.03,288.7,23950.8,mixed_agroforestry,-4.309999999999999
35.43,0.0,71.13,352.5,19497.4,plantation_rubber_tea_spices,-5.309999999999999
35.28,0.0,71.05,138.1,6743.7,mixed_agroforestry,-4.970000000000002
35.37,0.0,71.47,588.9,13996.2,plantation_rubber_tea_spices,-5.619999999999997
35.39,0.0,71.69,548.6,6048.6,plantation_rubber_tea_spices,-6.359999999999999
35.28,0.0,71.67,535.8,10581.8,plantation_rubber_tea_spices,-4.84
35.15,0.0,72.04,646.6,12551.3,plantation_rubber_tea_spices,-4.939999999999998
35.49,0.0,71.48,537.4,8098.1,plantation_rubber_tea_spices,-5.970000000000002
35.06,0.0,72.41,798.6,22450.1,plantation_rubber_tea_spices,-5.860000000000003
35.09,0.0,71.58,739.7,21622.1,plantation_rubber_tea_spices,-5.490000000000002
35.11,0.0,72.24,842.4,23767.0,plantation_rubber_tea_spices,-6.699999999999999
35.07,0.0,72.08,766.8,20906.3,plantation_rubber_tea_spices,-5.390000000000001
35.08,0.0,72.16,749.4,19370.7,plantation_rubber_tea_spices,-5.329999999999998
35.03,0.0,72.49,694.1,13258.0,plantation_rubber_tea_spices,-4.620000000000001
35.41,0.0,71.55,571.8,12437.0,plantation_rubber_tea_spices,-6.209999999999997
35.13,0.0,72.06,820.4,22861.7,plantation_rubber_tea_spices,-5.310000000000002
34.99,0.0,69.16,1060.9,28261.5,plantation_rubber_tea_spices,-5.650000000000002
35.0,0.0,69.17,458.0,25366.2,plantation_rubber_tea_spices,-4.789999999999999
34.64,0.0,68.6,1256.9,20852.6,evergreen_forest,-5.190000000000001
35.05,0.0,69.85,579.5,27079.2,plantation_rubber_tea_spices,-5.389999999999997
26.41,7.86,80.9,2234.1,34202.4,evergreen_forest,2.0199999999999996
27.1,7.28,79.94,1910.4,39866.6,evergreen_forest,1.6099999999999994
25.56,9.16,82.75,2037.1,27757.2,evergreen_forest,3.5100000000000016
35.14,0.0,68.95,539.4,24074.4,plantation_rubber_tea_spices,-4.859999999999999
35.04,0.0,68.7,489.2,33715.0,plantation_rubber_tea_spices,-5.439999999999998
35.11,0.0,69.02,456.3,31639.7,plantation_rubber_tea_spices,-5.77
35.01,0.0,68.47,503.4,35772.7,plantation_rubber_tea_spices,-5.9999999999999964
34.43,0.52,68.39,1358.2,24271.4,evergreen_forest,-4.969999999999999
34.18,0.0,68.62,1419.7,13626.0,evergreen_forest,-4.77
34.26,0.0,68.41,1428.6,12880.4,evergreen_forest,-6.409999999999997
30.36,0.98,71.34,1780.3,20398.0,evergreen_forest,-1.75
28.18,4.64,76.42,2032.8,16293.7,evergreen_forest,1.6600000000000001
29.61,1.02,71.72,2260.1,28316.6,evergreen_forest,-3.16
29.82,0.27,70.79,2088.5,24453.2,evergreen_forest,-1.5100000000000016
35.2,0.0,72.84,288.9,12765.4,mixed_agroforestry,-5.140000000000004
35.33,0.0,72.81,235.7,13937.1,mixed_agroforestry,-4.129999999999999
35.25,0.0,72.66,301.3,9540.4,mixed_agroforestry,-5.350000000000001
35.34,0.0,73.29,156.7,11250.1,mixed_agroforestry,-3.600000000000005
35.26,0.0,72.85,290.5,11215.4,mixed_agroforestry,-5.089999999999996
35.3,0.0,73.11,126.7,11417.6,mixed_agroforestry,-3.669999999999998
35.25,0.0,70.2,414.2,12217.9,plantation_rubber_tea_spices,-5.32
35.29,0.0,72.41,344.1,9701.3,mixed_agroforestry,-4.759999999999998
35.23,0.0,70.32,334.6,24472.9,mixed_agroforestry,-4.959999999999997
34.17,0.96,70.89,607.0,16070.7,plantation_rubber_tea_spices,-5.310000000000002
35.09,0.0,73.26,133.7,29534.2,mixed_agroforestry,-3.9200000000000017
34.98,0.0,73.06,129.9,36513.0,mixed_agroforestry,-3.2399999999999984
35.06,0.0,73.24,243.1,19910.6,mixed_agroforestry,-5.600000000000001
34.79,2.86,72.6,208.6,10979.1,mixed_agroforestry,-5.169999999999998
34.76,2.81,72.56,202.3,9620.2,mixed_agroforestry,-3.759999999999998
34.95,0.37,72.7,139.1,4468.1,mixed_agroforestry,-3.030000000000001
34.96,1.25,72.76,211.8,19443.2,mixed_agroforestry,-5.220000000000002
34.68,1.5,72.15,85.4,10060.3,mixed_agroforestry,-3.219999999999999
34.93,0.05,69.82,533.6,42588.1,plantation_rubber_tea_spices,-5.539999999999999
34.54,1.39,70.71,569.3,45570.8,plantation_rubber_tea_spices,-5.649999999999999
34.66,1.1,70.49,492.2,40324.3,plantation_rubber_tea_spices,-4.489999999999995
34.41,10.13,75.05,232.0,34351.4,mixed_agroforestry,-3.0699999999999967
32.02,4.24,71.89,471.9,48468.5,plantation_rubber_tea_spices,-1.7500000000000036
29.78,0.12,70.16,574.4,61620.2,plantation_rubber_tea_spices,-1.1600000000000001
31.29,1.53,70.72,664.8,60922.4,plantation_rubber_tea_spices,-2.9299999999999997
33.8,9.55,74.15,390.9,43600.3,plantation_rubber_tea_spices,-5.149999999999999
31.31,3.08,71.89,458.5,55850.7,plantation_rubber_tea_spices,-1.8200000000000003
31.27,2.04,71.63,805.9,80983.5,plantation_rubber_tea_spices,-2.9800000000000004
33.94,3.92,74.12,149.3,38303.4,mixed_agroforestry,-4.869999999999997
33.97,2.23,75.52,102.4,41085.1,mixed_agroforestry,-3.4499999999999993
34.19,0.24,70.71,133.9,26892.7,mixed_agroforestry,-3.679999999999996
34.29,1.25,71.87,56.2,22651.4,mixed_agroforestry,-2.84
34.26,0.99,71.34,143.4,17700.5,mixed_agroforestry,-4.159999999999997
34.21,0.48,70.96,115.9,21778.8,mixed_agroforestry,-4.699999999999999
34.05,6.69,74.58,227.1,38332.8,mixed_agroforestry,-4.149999999999999
33.76,2.43,78.29,112.7,46637.8,mixed_agroforestry,-3.3399999999999963
32.07,2.94,81.69,180.8,48227.2,mixed_agroforestry,-3.16
32.97,1.99,80.52,183.5,51439.9,mixed_agroforestry,-3.1499999999999986
33.58,1.86,79.96,91.9,43011.8,mixed_agroforestry,-1.9099999999999966
31.53,4.53,84.02,60.2,25378.5,mixed_agroforestry,-2.1099999999999994
32.24,4.47,82.63,9.4,21573.4,mixed_agroforestry,-0.7700000000000031
32.85,2.86,83.2,14.6,27926.2,mixed_agroforestry,-2.020000000000003
33.3,0.17,67.54,5.7,31535.2,mixed_agroforestry,-0.9599999999999937
32.59,2.95,75.43,14.2,28012.1,mixed_agroforestry,-1.8300000000000018
33.35,0.51,69.16,1.5,39598.1,mixed_agroforestry,-0.5600000000000023
33.24,0.26,67.44,24.1,37515.9,mixed_agroforestry,-2.2500000000000036
32.89,1.55,70.62,1.5,32411.1,mixed_agroforestry,-0.45000000000000284
29.65,7.06,85.54,93.1,23902.6,mixed_agroforestry,1.1900000000000013
31.95,5.09,84.03,15.0,20764.6,mixed_agroforestry,-0.41000000000000014
29.16,8.87,87.43,42.1,15841.9,mixed_agroforestry,2.0799999999999983
28.93,7.65,84.73,78.6,20909.4,mixed_agroforestry,1.5399999999999991
29.87,10.32,82.74,61.0,16569.3,mixed_agroforestry,2.0700000000000003
29.13,7.27,84.5,87.9,26359.2,mixed_agroforestry,1.4800000000000004
29.43,8.3,86.32,43.3,18477.1,mixed_agroforestry,0.9600000000000009
29.0,7.86,84.87,75.5,19824.1,mixed_agroforestry,1.8999999999999986
30.28,10.86,80.97,40.3,28259.0,mixed_agroforestry,2.240000000000002
30.74,10.73,80.1,7.1,13190.3,mixed_agroforestry,2.580000000000002
28.85,5.5,81.8,263.8,47920.6,mixed_agroforestry,0.6999999999999993
28.58,6.02,82.62,123.7,29165.1,mixed_agroforestry,0.9500000000000028
29.55,9.3,83.22,81.9,18191.4,mixed_agroforestry,-0.4700000000000024
29.4,5.41,82.03,207.5,46859.5,mixed_agroforestry,1.0200000000000031
34.21,3.53,77.28,9.6,30373.0,mixed_agroforestry,0.14000000000000057
34.48,4.58,79.68,12.3,14445.9,mixed_agroforestry,-0.02999999999999403
34.33,3.21,77.1,27.9,28214.9,mixed_agroforestry,0.480000000000004
34.05,2.81,76.08,25.7,37091.1,mixed_agroforestry,-0.07000000000000028
34.29,3.37,76.93,1.5,18918.8,mixed_agroforestry,0.5600000000000023
33.14,1.46,71.84,9.4,29436.5,mixed_agroforestry,-1.9600000000000009
32.74,2.14,71.32,7.6,34016.1,mixed_agroforestry,-1.5900000000000034
32.78,2.12,71.27,12.6,34694.1,mixed_agroforestry,-0.30000000000000426
32.93,1.52,71.34,5.8,45839.5,mixed_agroforestry,-2.2699999999999996
34.15,0.37,72.0,14.2,25223.4,mixed_agroforestry,-0.6999999999999957
34.28,0.33,71.53,1.5,28457.0,mixed_agroforestry,0.25
34.13,0.15,71.71,1.5,16520.4,mixed_agroforestry,-0.19000000000000483
34.1,0.13,71.81,1.5,14929.2,mixed_agroforestry,-0.9200000000000017
33.5,0.07,73.75,20.6,7096.8,coastal_urban,0.3500000000000014
33.47,0.08,73.86,4.4,8381.9,mixed_agroforestry,-0.28999999999999915
33.72,0.74,76.95,1300.4,31755.9,evergreen_forest,-6.02
33.96,1.41,77.26,895.4,8436.4,plantation_rubber_tea_spices,-6.16
33.76,0.53,76.96,1204.7,27445.0,evergreen_forest,-5.759999999999998
33.69,0.66,77.0,884.3,22472.5,plantation_rubber_tea_spices,-6.2499999999999964
33.72,0.88,76.97,1385.2,33900.6,evergreen_forest,-6.140000000000001
33.94,1.08,77.18,946.4,5643.6,plantation_rubber_tea_spices,-7.149999999999999
35.39,7.62,79.08,1557.2,29540.6,evergreen_forest,-7.960000000000001
35.43,7.78,79.12,1427.8,24865.8,evergreen_forest,-7.600000000000001
35.06,6.32,78.67,1884.2,49583.4,evergreen_forest,-8.020000000000003
35.07,6.29,78.68,1220.3,26088.5,evergreen_forest,-7.120000000000001
35.37,7.53,79.05,1432.1,22708.9,evergreen_forest,-6.299999999999997
32.94,0.03,76.57,951.2,34828.6,plantation_rubber_tea_spices,-6.829999999999998
32.93,0.09,76.99,877.6,33105.8,plantation_rubber_tea_spices,-5.780000000000001
32.75,0.02,77.47,688.5,20636.6,plantation_rubber_tea_spices,-5.809999999999999
32.69,0.0,77.59,750.7,21967.3,plantation_rubber_tea_spices,-5.709999999999997
32.86,0.0,75.36,1010.0,38454.1,plantation_rubber_tea_spices,-5.349999999999998
32.98,0.04,76.42,1305.1,51304.9,evergreen_forest,-6.289999999999996
32.92,0.07,76.44,1277.5,52848.6,evergreen_forest,-6.770000000000003
32.91,0.08,76.5,1066.8,41253.5,plantation_rubber_tea_spices,-6.309999999999995
33.71,0.04,75.95,175.7,27246.3,mixed_agroforestry,-4.440000000000001
33.75,0.01,75.54,175.1,16149.2,mixed_agroforestry,-4.73
33.72,0.03,75.61,163.5,1360.9,mixed_agroforestry,-5.049999999999997
33.76,0.02,75.55,240.1,20016.1,mixed_agroforestry,-5.27
33.77,0.06,76.01,288.7,23950.8,mixed_agroforestry,-4.310000000000002
33.84,0.07,76.07,352.5,19497.4,plantation_rubber_tea_spices,-4.560000000000002
33.72,0.03,75.62,138.1,6743.7,mixed_agroforestry,-5.329999999999998
33.64,0.14,76.91,588.9,13996.2,plantation_rubber_tea_spices,-5.629999999999999
33.75,0.18,76.95,548.6,6048.6,plantation_rubber_tea_spices,-5.629999999999999
33.52,0.27,77.78,535.8,10581.8,plantation_rubber_tea_spices,-4.760000000000002
33.2,0.47,79.91,646.6,12551.3,plantation_rubber_tea_spices,-4.600000000000001
33.94,0.09,76.12,537.4,8098.1,plantation_rubber_tea_spices,-5.419999999999998
33.0,0.58,81.05,798.6,22450.1,plantation_rubber_tea_spices,-6.030000000000001
33.07,0.45,79.61,739.7,21622.1,plantation_rubber_tea_spices,-5.580000000000002
33.07,0.4,79.58,842.4,23767.0,plantation_rubber_tea_spices,-5.82
33.0,0.57,80.97,766.8,20906.3,plantation_rubber_tea_spices,-5.449999999999999
33.06,0.56,80.78,749.4,19370.7,plantation_rubber_tea_spices,-5.190000000000001
32.9,0.68,82.21,694.1,13258.0,plantation_rubber_tea_spices,-3.979999999999997
33.73,0.13,76.67,571.8,12437.0,plantation_rubber_tea_spices,-5.599999999999998
33.1,0.33,78.98,820.4,22861.7,plantation_rubber_tea_spices,-5.990000000000002
33.03,0.02,74.04,1060.9,28261.5,plantation_rubber_tea_spices,-6.120000000000001
33.03,0.03,74.08,458.0,25366.2,plantation_rubber_tea_spices,-4.800000000000001
32.53,0.28,75.5,1256.9,20852.6,evergreen_forest,-5.530000000000001
33.11,0.11,75.44,579.5,27079.2,plantation_rubber_tea_spices,-5.739999999999998
24.48,0.43,79.93,2234.1,34202.4,evergreen_forest,1.3399999999999999
25.16,0.36,79.32,1910.4,39866.6,evergreen_forest,1.5599999999999987
23.65,0.03,79.1,2037.1,27757.2,evergreen_forest,3.400000000000002
33.17,0.0,73.09,539.4,24074.4,plantation_rubber_tea_spices,-5.330000000000002
32.94,0.0,74.36,489.2,33715.0,plantation_rubber_tea_spices,-5.889999999999997
33.12,0.0,73.59,456.3,31639.7,plantation_rubber_tea_spices,-6.709999999999997
32.86,0.0,74.65,503.4,35772.7,plantation_rubber_tea_spices,-6.509999999999998
32.07,0.0,75.77,1358.2,24271.4,evergreen_forest,-5.48
32.04,0.66,77.06,1419.7,13626.0,evergreen_forest,-5.559999999999999
32.07,0.58,77.01,1428.6,12880.4,evergreen_forest,-6.190000000000001
28.35,2.94,86.03,1780.3,20398.0,evergreen_forest,-1.9299999999999997
26.21,1.66,83.06,2032.8,16293.7,evergreen_forest,0.3200000000000003
27.63,3.52,88.15,2260.1,28316.6,evergreen_forest,-2.7399999999999984
27.84,3.97,89.43,2088.5,24453.2,evergreen_forest,-0.8099999999999987
33.48,2.87,80.96,288.9,12765.4,mixed_agroforestry,-5.279999999999998
33.57,0.68,78.01,235.7,13937.1,mixed_agroforestry,-4.760000000000002
33.51,1.82,79.29,301.3,9540.4,mixed_agroforestry,-4.949999999999999
33.6,0.92,79.04,156.7,11250.1,mixed_agroforestry,-3.5500000000000007
33.53,1.89,79.66,290.5,11215.4,mixed_agroforestry,-4.890000000000001
33.56,1.36,79.41,126.7,11417.6,mixed_agroforestry,-3.6000000000000014
33.57,0.26,72.27,414.2,12217.9,plantation_rubber_tea_spices,-4.600000000000001
33.54,1.04,77.79,344.1,9701.3,mixed_agroforestry,-5.140000000000001
33.44,0.0,73.37,334.6,24472.9,mixed_agroforestry,-4.759999999999998
32.23,0.0,74.26,607.0,16070.7,plantation_rubber_tea_spices,-4.439999999999998
33.44,4.78,83.6,133.7,29534.2,mixed_agroforestry,-3.6899999999999977
33.33,5.06,83.06,129.9,36513.0,mixed_agroforestry,-3.0599999999999987
33.42,5.4,84.49,243.1,19910.6,mixed_agroforestry,-5.120000000000001
33.06,0.0,73.84,208.6,10979.1,mixed_agroforestry,-4.560000000000002
33.04,0.0,73.85,202.3,9620.2,mixed_agroforestry,-3.41
33.42,0.0,72.52,139.1,4468.1,mixed_agroforestry,-3.3100000000000023
33.29,1.0,74.94,211.8,19443.2,mixed_agroforestry,-5.289999999999999
33.01,0.0,73.54,85.4,10060.3,mixed_agroforestry,-3.4599999999999973
32.11,0.0,75.06,533.6,42588.1,plantation_rubber_tea_spices,-5.09
32.03,0.0,75.06,569.3,45570.8,plantation_rubber_tea_spices,-5.640000000000001
32.07,0.0,75.07,492.2,40324.3,plantation_rubber_tea_spices,-5.280000000000001
32.81,0.0,75.79,232.0,34351.4,mixed_agroforestry,-3.460000000000001
30.13,0.0,76.41,471.9,48468.5,plantation_rubber_tea_spices,-1.7899999999999991
27.93,0.0,76.85,574.4,61620.2,plantation_rubber_tea_spices,-0.9199999999999982
29.3,0.0,76.42,664.8,60922.4,plantation_rubber_tea_spices,-3.41
32.02,0.0,76.28,390.9,43600.3,plantation_rubber_tea_spices,-5.410000000000004
29.52,0.0,76.45,458.5,55850.7,plantation_rubber_tea_spices,-2.0599999999999987
29.44,0.0,76.31,805.9,80983.5,plantation_rubber_tea_spices,-3.2699999999999996
32.51,0.0,74.57,149.3,38303.4,mixed_agroforestry,-5.799999999999997
32.82,0.0,74.53,102.4,41085.1,mixed_agroforestry,-4.859999999999999
32.45,0.0,74.15,133.9,26892.7,mixed_agroforestry,-3.5500000000000043
32.66,0.0,74.02,56.2,22651.4,mixed_agroforestry,-3.259999999999998
32.57,0.0,74.12,143.4,17700.5,mixed_agroforestry,-4.330000000000002
32.49,0.0,74.13,115.9,21778.8,mixed_agroforestry,-3.520000000000003
32.55,0.0,75.16,227.1,38332.8,mixed_agroforestry,-4.659999999999997
33.01,0.0,73.89,112.7,46637.8,mixed_agroforestry,-2.759999999999998
31.37,2.0,76.4,180.8,48227.2,mixed_agroforestry,-2.280000000000001
32.41,0.77,73.98,183.5,51439.9,mixed_agroforestry,-2.1599999999999966
33.1,0.0,73.51,91.9,43011.8,mixed_agroforestry,-2.200000000000003
30.84,2.7,82.74,60.2,25378.5,mixed_agroforestry,-1.1799999999999997
31.59,1.72,82.81,9.4,21573.4,mixed_agroforestry,-0.129999999999999
32.54,0.83,81.46,14.6,27926.2,mixed_agroforestry,-1.6899999999999977
33.12,4.71,82.44,5.7,31535.2,mixed_agroforestry,-1.009999999999998
32.03,3.16,82.31,14.2,28012.1,mixed_agroforestry,-0.2900000000000027
33.07,4.25,82.2,1.5,39598.1,mixed_agroforestry,-0.8500000000000014
33.07,4.7,82.4,24.1,37515.9,mixed_agroforestry,-1.7800000000000011
32.52,4.23,82.44,1.5,32411.1,mixed_agroforestry,-0.25
28.48,5.35,85.54,93.1,23902.6,mixed_agroforestry,1.5899999999999999
31.19,1.72,82.45,15.0,20764.6,mixed_agroforestry,-1.120000000000001
27.94,5.97,88.94,42.1,15841.9,mixed_agroforestry,2.049999999999997
27.3,6.08,84.26,78.6,20909.4,mixed_agroforestry,1.5299999999999976
27.27,2.82,78.18,61.0,16569.3,mixed_agroforestry,3.09
27.57,5.87,83.61,87.9,26359.2,mixed_agroforestry,2.120000000000001
28.11,5.41,86.88,43.3,18477.1,mixed_agroforestry,1.0399999999999991
27.37,5.91,84.39,75.5,19824.1,mixed_agroforestry,0.759999999999998
27.32,1.51,75.22,40.3,28259.0,mixed_agroforestry,1.5599999999999987
27.9,1.05,75.47,7.1,13190.3,mixed_agroforestry,2.3200000000000003
27.01,6.3,79.09,263.8,47920.6,mixed_agroforestry,-0.38000000000000256
26.77,6.76,80.88,123.7,29165.1,mixed_agroforestry,1.2699999999999996
27.26,3.92,79.91,81.9,18191.4,mixed_agroforestry,0.9399999999999977
27.73,5.5,78.95,207.5,46859.5,mixed_agroforestry,0.00999999999999801
32.72,4.08,83.18,9.6,30373.0,mixed_agroforestry,-0.0799999999999983
32.85,5.11,85.18,12.3,14445.9,mixed_agroforestry,0.6999999999999957
32.76,3.55,83.24,27.9,28214.9,mixed_agroforestry,0.10999999999999943
32.59,3.11,81.74,25.7,37091.1,mixed_agroforestry,-0.7000000000000028
32.8,4.05,83.49,1.5,18918.8,mixed_agroforestry,0.3300000000000054
31.98,1.33,76.73,9.4,29436.5,mixed_agroforestry,-1.6700000000000017
31.5,1.16,76.01,7.6,34016.1,mixed_agroforestry,-1.120000000000001
31.58,1.38,76.42,12.6,34694.1,mixed_agroforestry,0.2900000000000027
31.74,0.9,75.76,5.8,45839.5,mixed_agroforestry,-1.9499999999999993
32.66,0.4,79.98,14.2,25223.4,mixed_agroforestry,-0.7799999999999976
32.75,0.37,79.98,1.5,28457.0,mixed_agroforestry,-0.3500000000000014
32.65,0.16,79.82,1.5,16520.4,mixed_agroforestry,-0.030000000000001137
32.62,0.15,79.8,1.5,14929.2,mixed_agroforestry,-0.0799999999999983
32.19,0.07,79.71,20.6,7096.8,coastal_urban,-0.0799999999999983
32.17,0.09,79.72,4.4,8381.9,mixed_agroforestry,0.030000000000001137
27.13,0.0,95.56,1300.4,31755.9,evergreen_forest,-7.489999999999998
27.03,0.0,95.63,895.4,8436.4,plantation_rubber_tea_spices,-6.18
26.94,0.0,95.69,1204.7,27445.0,evergreen_forest,-6.780000000000001
27.14,0.0,95.5,884.3,22472.5,plantation_rubber_tea_spices,-7.310000000000002
27.2,0.0,95.51,1385.2,33900.6,evergreen_forest,-6.009999999999998
26.91,0.0,95.73,946.4,5643.6,plantation_rubber_tea_spices,-7.120000000000001
27.67,0.0,95.31,1557.2,29540.6,evergreen_forest,-7.870000000000001
27.68,0.0,95.3,1427.8,24865.8,evergreen_forest,-7.739999999999998
27.6,0.0,95.32,1884.2,49583.4,evergreen_forest,-8.490000000000002
27.57,0.0,95.35,1220.3,26088.5,evergreen_forest,-6.949999999999999
27.66,0.0,95.32,1432.1,22708.9,evergreen_forest,-6.210000000000001
28.08,0.0,94.53,951.2,34828.6,plantation_rubber_tea_spices,-5.329999999999998
28.18,1.05,94.11,877.6,33105.8,plantation_rubber_tea_spices,-5.73
28.56,0.37,93.66,688.5,20636.6,plantation_rubber_tea_spices,-6.5
28.65,0.05,93.52,750.7,21967.3,plantation_rubber_tea_spices,-6.07
28.18,0.0,95.22,1010.0,38454.1,plantation_rubber_tea_spices,-5.030000000000001
27.97,0.0,94.67,1305.1,51304.9,evergreen_forest,-5.32
28.15,0.72,94.48,1277.5,52848.6,evergreen_forest,-6.399999999999999
28.15,0.72,94.43,1066.8,41253.5,plantation_rubber_tea_spices,-5.419999999999998
28.4,1.76,89.34,175.7,27246.3,mixed_agroforestry,-4.669999999999998
28.51,0.56,87.84,175.1,16149.2,mixed_agroforestry,-4.430000000000003
28.42,0.93,88.39,163.5,1360.9,mixed_agroforestry,-4.57
28.49,0.77,88.03,240.1,20016.1,mixed_agroforestry,-4.309999999999999
28.23,3.92,91.47,288.7,23950.8,mixed_agroforestry,-3.5199999999999996
28.03,6.54,94.11,352.5,19497.4,plantation_rubber_tea_spices,-4.23
28.42,0.96,88.43,138.1,6743.7,mixed_agroforestry,-4.700000000000003
27.86,6.79,95.45,588.9,13996.2,plantation_rubber_tea_spices,-5.52
27.73,6.92,94.62,548.6,6048.6,plantation_rubber_tea_spices,-6.670000000000002
27.66,4.73,92.99,535.8,10581.8,plantation_rubber_tea_spices,-4.109999999999999
27.49,2.35,91.09,646.6,12551.3,plantation_rubber_tea_spices,-5.539999999999999
27.83,9.03,96.37,537.4,8098.1,plantation_rubber_tea_spices,-6.09
27.39,0.94,90.17,798.6,22450.1,plantation_rubber_tea_spices,-5.949999999999999
27.44,1.63,91.24,739.7,21622.1,plantation_rubber_tea_spices,-6.32
27.69,1.88,92.0,842.4,23767.0,plantation_rubber_tea_spices,-6.300000000000001
27.38,1.04,90.3,766.8,20906.3,plantation_rubber_tea_spices,-5.989999999999998
27.41,1.17,90.17,749.4,19370.7,plantation_rubber_tea_spices,-4.920000000000002
27.32,0.2,89.28,694.1,13258.0,plantation_rubber_tea_spices,-4.490000000000002
27.84,7.55,95.82,571.8,12437.0,plantation_rubber_tea_spices,-5.09
27.78,2.22,92.61,820.4,22861.7,plantation_rubber_tea_spices,-6.07
27.57,0.0,92.28,1060.9,28261.5,plantation_rubber_tea_spices,-5.460000000000001
27.57,0.0,92.31,458.0,25366.2,plantation_rubber_tea_spices,-5.190000000000001
27.22,0.0,93.82,1256.9,20852.6,evergreen_forest,-5.390000000000001
27.57,1.27,92.59,579.5,27079.2,plantation_rubber_tea_spices,-5.629999999999999
18.28,6.68,97.8,2234.1,34202.4,evergreen_forest,1.4899999999999984
19.03,6.18,97.47,1910.4,39866.6,evergreen_forest,1.2999999999999972
17.4,7.78,97.97,2037.1,27757.2,evergreen_forest,3.4299999999999997
27.51,0.0,92.87,539.4,24074.4,plantation_rubber_tea_spices,-4.130000000000003
27.54,0.0,93.39,489.2,33715.0,plantation_rubber_tea_spices,-5.379999999999999
27.49,0.0,92.89,456.3,31639.7,plantation_rubber_tea_spices,-4.66
27.57,0.0,93.77,503.4,35772.7,plantation_rubber_tea_spices,-6.190000000000001
27.08,0.44,95.5,1358.2,24271.4,evergreen_forest,-5.599999999999998
26.7,0.0,94.55,1419.7,13626.0,evergreen_forest,-4.27
26.81,0.0,94.81,1428.6,12880.4,evergreen_forest,-5.649999999999999
22.4,0.83,97.24,1780.3,20398.0,evergreen_forest,-2.1099999999999994
20.13,3.94,97.66,2032.8,16293.7,evergreen_forest,1.4200000000000017
21.53,0.86,97.82,2260.1,28316.6,evergreen_forest,-2.59
21.73,0.23,97.91,2088.5,24453.2,evergreen_forest,-1.5399999999999991
26.17,0.0,91.86,288.9,12765.4,mixed_agroforestry,-5.530000000000001
26.42,0.0,90.81,235.7,13937.1,mixed_agroforestry,-5.370000000000001
26.34,0.0,91.43,301.3,9540.4,mixed_agroforestry,-5.030000000000001
26.25,0.0,90.71,156.7,11250.1,mixed_agroforestry,-4.280000000000001
26.28,0.0,91.37,290.5,11215.4,mixed_agroforestry,-5.130000000000003
26.25,0.0,91.03,126.7,11417.6,mixed_agroforestry,-4.219999999999999
27.29,0.0,91.24,414.2,12217.9,plantation_rubber_tea_spices,-4.719999999999999
26.5,0.0,91.12,344.1,9701.3,mixed_agroforestry,-4.629999999999999
27.23,0.0,91.5,334.6,24472.9,mixed_agroforestry,-4.32
26.32,0.82,93.13,607.0,16070.7,plantation_rubber_tea_spices,-4.84
25.94,0.0,92.85,133.7,29534.2,mixed_agroforestry,-4.5
26.25,0.05,94.76,129.9,36513.0,mixed_agroforestry,-4.309999999999999
25.84,0.0,92.99,243.1,19910.6,mixed_agroforestry,-5.399999999999999
27.57,1.01,97.31,208.6,10979.1,mixed_agroforestry,-5.149999999999999
27.55,0.98,97.19,202.3,9620.2,mixed_agroforestry,-3.6799999999999997
28.01,0.13,97.87,139.1,4468.1,mixed_agroforestry,-2.8500000000000014
27.6,0.52,97.55,211.8,19443.2,mixed_agroforestry,-5.300000000000001
27.58,0.52,96.81,85.4,10060.3,mixed_agroforestry,-1.9199999999999982
27.44,1.11,98.0,533.6,42588.1,plantation_rubber_tea_spices,-5.84
27.11,1.23,98.0,569.3,45570.8,plantation_rubber_tea_spices,-5.989999999999998
27.21,1.22,98.0,492.2,40324.3,plantation_rubber_tea_spices,-4.630000000000003
26.67,3.09,97.14,232.0,34351.4,mixed_agroforestry,-3.280000000000001
24.79,1.43,97.86,471.9,48468.5,plantation_rubber_tea_spices,-2.5700000000000003
22.97,0.04,97.99,574.4,61620.2,plantation_rubber_tea_spices,-0.9800000000000004
24.24,0.65,97.89,664.8,60922.4,plantation_rubber_tea_spices,-2.3199999999999967
26.15,3.02,97.83,390.9,43600.3,plantation_rubber_tea_spices,-3.849999999999998
24.17,0.99,97.78,458.5,55850.7,plantation_rubber_tea_spices,-1.870000000000001
24.16,0.72,97.69,805.9,80983.5,plantation_rubber_tea_spices,-2.330000000000002
26.5,1.1,95.5,149.3,38303.4,mixed_agroforestry,-4.41
26.63,0.47,94.74,102.4,41085.1,mixed_agroforestry,-3.6499999999999986
27.09,0.07,94.8,133.9,26892.7,mixed_agroforestry,-3.280000000000001
27.11,0.36,95.3,56.2,22651.4,mixed_agroforestry,-2.710000000000001
27.11,0.29,95.14,143.4,17700.5,mixed_agroforestry,-4.699999999999999
27.1,0.14,94.91,115.9,21778.8,mixed_agroforestry,-3.9700000000000024
26.48,1.99,96.3,227.1,38332.8,mixed_agroforestry,-3.7600000000000016
26.19,0.41,94.31,112.7,46637.8,mixed_agroforestry,-4.440000000000001
24.74,2.32,94.93,180.8,48227.2,mixed_agroforestry,-2.5299999999999976
25.34,0.92,94.11,183.5,51439.9,mixed_agroforestry,-2.719999999999999
25.93,0.14,93.89,91.9,43011.8,mixed_agroforestry,-2.4400000000000013
25.07,3.96,96.13,60.2,25378.5,mixed_agroforestry,-1.9299999999999997
25.93,3.98,96.25,9.4,21573.4,mixed_agroforestry,-0.39000000000000057
26.55,1.14,95.34,14.6,27926.2,mixed_agroforestry,-1.4000000000000021
27.13,1.83,97.71,5.7,31535.2,mixed_agroforestry,-0.11999999999999744
26.28,3.9,97.15,14.2,28012.1,mixed_agroforestry,-0.9800000000000004
27.09,1.56,97.22,1.5,39598.1,mixed_agroforestry,-1.4299999999999997
27.1,2.16,97.9,24.1,37515.9,mixed_agroforestry,-2.120000000000001
26.66,3.24,97.69,1.5,32411.1,mixed_agroforestry,0.1999999999999993
23.14,8.05,97.4,93.1,23902.6,mixed_agroforestry,1.0899999999999999
25.49,4.59,96.1,15.0,20764.6,mixed_agroforestry,0.25
22.81,10.29,97.99,42.1,15841.9,mixed_agroforestry,1.9400000000000013
22.29,9.55,97.93,78.6,20909.4,mixed_agroforestry,1.2800000000000011
22.46,13.92,97.92,61.0,16569.3,mixed_agroforestry,2.3599999999999994
22.4,8.99,97.68,87.9,26359.2,mixed_agroforestry,2.5500000000000007
22.97,9.72,97.8,43.3,18477.1,mixed_agroforestry,1.3300000000000018
22.35,9.79,97.93,75.5,19824.1,mixed_agroforestry,0.639999999999997
22.58,15.08,97.9,40.3,28259.0,mixed_agroforestry,1.2100000000000009
23.07,14.94,97.88,7.1,13190.3,mixed_agroforestry,2.1799999999999997
21.86,7.46,97.5,263.8,47920.6,mixed_agroforestry,1.129999999999999
21.74,8.04,97.78,123.7,29165.1,mixed_agroforestry,1.490000000000002
22.38,12.33,97.91,81.9,18191.4,mixed_agroforestry,0.75
22.34,7.01,97.12,207.5,46859.5,mixed_agroforestry,0.28000000000000114
26.51,0.07,92.52,9.6,30373.0,mixed_agroforestry,-0.38000000000000256
26.57,0.02,91.74,12.3,14445.9,mixed_agroforestry,0.14000000000000057
26.44,0.0,92.0,27.9,28214.9,mixed_agroforestry,0.1999999999999993
26.43,0.0,92.92,25.7,37091.1,mixed_agroforestry,-1.0199999999999996
26.51,0.13,92.28,1.5,18918.8,mixed_agroforestry,-0.07000000000000028
26.23,0.76,95.52,9.4,29436.5,mixed_agroforestry,-1.629999999999999
25.9,2.82,96.48,7.6,34016.1,mixed_agroforestry,-1.1199999999999974
25.95,2.8,96.5,12.6,34694.1,mixed_agroforestry,0.3100000000000023
26.08,1.4,95.98,5.8,45839.5,mixed_agroforestry,-1.7399999999999984
26.19,0.0,92.28,14.2,25223.4,mixed_agroforestry,-0.9600000000000009
26.13,0.0,91.53,1.5,28457.0,mixed_agroforestry,-0.6400000000000006
26.17,0.0,92.37,1.5,16520.4,mixed_agroforestry,-0.7000000000000028
26.19,0.0,92.58,1.5,14929.2,mixed_agroforestry,0.9499999999999993
26.43,0.0,96.17,20.6,7096.8,coastal_urban,0.030000000000001137
26.45,0.0,96.32,4.4,8381.9,mixed_agroforestry,-0.4499999999999993
29.06,0.0,91.8,1300.4,31755.9,evergreen_forest,-6.039999999999999
29.18,0.0,91.85,895.4,8436.4,plantation_rubber_tea_spices,-6.169999999999998
29.04,0.0,92.13,1204.7,27445.0,evergreen_forest,-6.039999999999999
29.13,0.0,91.69,884.3,22472.5,plantation_rubber_tea_spices,-7.039999999999999
29.08,0.0,91.68,1385.2,33900.6,evergreen_forest,-5.729999999999997
29.13,0.0,92.11,946.4,5643.6,plantation_rubber_tea_spices,-6.669999999999998
29.94,0.0,90.2,1557.2,29540.6,evergreen_forest,-7.350000000000001
29.96,0.0,90.16,1427.8,24865.8,evergreen_forest,-7.91
29.78,0.0,90.42,1884.2,49583.4,evergreen_forest,-8.14
29.78,0.0,90.48,1220.3,26088.5,evergreen_forest,-6.370000000000001
29.92,0.0,90.22,1432.1,22708.9,evergreen_forest,-6.370000000000001
29.0,0.0,90.1,951.2,34828.6,plantation_rubber_tea_spices,-4.719999999999999
29.01,0.0,89.05,877.6,33105.8,plantation_rubber_tea_spices,-4.41
30.02,0.0,87.74,688.5,20636.6,plantation_rubber_tea_spices,-5.579999999999998
30.24,0.0,87.55,750.7,21967.3,plantation_rubber_tea_spices,-8.279999999999998
28.18,0.0,91.16,1010.0,38454.1,plantation_rubber_tea_spices,-5.030000000000001
28.74,0.0,90.59,1305.1,51304.9,evergreen_forest,-6.59
28.66,0.0,89.84,1277.5,52848.6,evergreen_forest,-7.07
28.69,0.0,89.79,1066.8,41253.5,plantation_rubber_tea_spices,-6.810000000000002
28.58,0.0,89.82,175.7,27246.3,mixed_agroforestry,-4.739999999999998
28.43,0.21,90.94,175.1,16149.2,mixed_agroforestry,-4.739999999999998
28.47,0.6,90.9,163.5,1360.9,mixed_agroforestry,-4.549999999999997
28.44,0.19,90.8,240.1,20016.1,mixed_agroforestry,-4.560000000000002
28.62,0.0,88.56,288.7,23950.8,mixed_agroforestry,-4.380000000000003
28.7,0.0,87.01,352.5,19497.4,plantation_rubber_tea_spices,-5.559999999999999
28.47,0.61,90.88,138.1,6743.7,mixed_agroforestry,-4.899999999999999
28.87,0.0,86.37,588.9,13996.2,plantation_rubber_tea_spices,-5.460000000000001
28.73,0.65,86.95,548.6,6048.6,plantation_rubber_tea_spices,-6.77
28.82,1.28,88.18,535.8,10581.8,plantation_rubber_tea_spices,-5.210000000000001
29.0,0.88,88.44,646.6,12551.3,plantation_rubber_tea_spices,-6.329999999999998
28.69,0.0,85.66,537.4,8098.1,plantation_rubber_tea_spices,-5.780000000000001
29.1,0.71,88.68,798.6,22450.1,plantation_rubber_tea_spices,-5.780000000000001
29.07,1.9,89.35,739.7,21622.1,plantation_rubber_tea_spices,-5.800000000000001
29.08,0.0,88.04,842.4,23767.0,plantation_rubber_tea_spices,-6.25
29.13,0.8,88.64,766.8,20906.3,plantation_rubber_tea_spices,-5.079999999999998
29.08,0.87,88.75,749.4,19370.7,plantation_rubber_tea_spices,-4.959999999999997
29.19,0.05,88.28,694.1,13258.0,plantation_rubber_tea_spices,-4.490000000000002
28.81,0.0,86.12,571.8,12437.0,plantation_rubber_tea_spices,-4.899999999999999
29.08,0.0,87.98,820.4,22861.7,plantation_rubber_tea_spices,-5.419999999999998
28.96,9.82,96.17,1060.9,28261.5,plantation_rubber_tea_spices,-5.43
29.01,8.75,95.03,458.0,25366.2,plantation_rubber_tea_spices,-5.0
28.79,7.6,93.04,1256.9,20852.6,evergreen_forest,-5.579999999999998
28.95,7.48,94.02,579.5,27079.2,plantation_rubber_tea_spices,-5.789999999999999
20.39,2.97,97.09,2234.1,34202.4,evergreen_forest,1.370000000000001
21.13,2.5,96.17,1910.4,39866.6,evergreen_forest,1.3599999999999994
19.59,0.59,97.89,2037.1,27757.2,evergreen_forest,3.7699999999999996
29.47,0.55,85.95,539.4,24074.4,plantation_rubber_tea_spices,-4.289999999999999
29.33,4.24,90.57,489.2,33715.0,plantation_rubber_tea_spices,-4.02
29.43,2.0,87.74,456.3,31639.7,plantation_rubber_tea_spices,-5.169999999999998
29.34,4.05,90.59,503.4,35772.7,plantation_rubber_tea_spices,-5.350000000000001
28.97,0.96,88.62,1358.2,24271.4,evergreen_forest,-4.789999999999999
28.31,8.09,92.03,1419.7,13626.0,evergreen_forest,-3.9299999999999997
28.48,6.85,91.19,1428.6,12880.4,evergreen_forest,-5.41
23.93,19.24,95.09,1780.3,20398.0,evergreen_forest,-2.3200000000000003
21.96,10.85,96.23,2032.8,16293.7,evergreen_forest,0.3299999999999983
23.04,21.88,95.35,2260.1,28316.6,evergreen_forest,-2.2699999999999996
23.16,24.47,95.21,2088.5,24453.2,evergreen_forest,-1.2800000000000011
29.3,0.0,86.51,288.9,12765.4,mixed_agroforestry,-4.620000000000001
30.0,0.0,86.6,235.7,13937.1,mixed_agroforestry,-3.9899999999999984
29.6,0.0,86.45,301.3,9540.4,mixed_agroforestry,-4.010000000000002
30.03,0.0,86.85,156.7,11250.1,mixed_agroforestry,-3.5199999999999996
29.62,0.0,86.55,290.5,11215.4,mixed_agroforestry,-4.699999999999999
29.85,0.0,86.76,126.7,11417.6,mixed_agroforestry,-3.3000000000000007
29.44,0.0,84.47,414.2,12217.9,plantation_rubber_tea_spices,-5.080000000000002
29.79,0.0,86.3,344.1,9701.3,mixed_agroforestry,-5.439999999999998
29.59,1.03,86.31,334.6,24472.9,mixed_agroforestry,-4.469999999999999
28.57,0.04,86.86,607.0,16070.7,plantation_rubber_tea_spices,-5.890000000000001
28.68,0.41,87.05,133.7,29534.2,mixed_agroforestry,-4.609999999999999
28.3,1.94,89.36,129.9,36513.0,mixed_agroforestry,-4.670000000000002
28.5,0.22,86.75,243.1,19910.6,mixed_agroforestry,-5.52
28.51,3.95,94.35,208.6,10979.1,mixed_agroforestry,-5.25
28.45,3.82,94.22,202.3,9620.2,mixed_agroforestry,-3.4800000000000004
28.77,7.78,97.42,139.1,4468.1,mixed_agroforestry,-3.16
28.72,5.71,95.27,211.8,19443.2,mixed_agroforestry,-5.709999999999997
28.32,4.07,94.34,85.4,10060.3,mixed_agroforestry,-2.8099999999999987
29.69,0.02,91.97,533.6,42588.1,plantation_rubber_tea_spices,-5.470000000000002
29.04,0.94,92.57,569.3,45570.8,plantation_rubber_tea_spices,-5.399999999999999
29.23,0.65,92.37,492.2,40324.3,plantation_rubber_tea_spices,-5.09
27.72,0.11,91.07,232.0,34351.4,mixed_agroforestry,-3.599999999999998
26.12,1.04,92.58,471.9,48468.5,plantation_rubber_tea_spices,-3.09
24.28,1.87,93.61,574.4,61620.2,plantation_rubber_tea_spices,-1.240000000000002
25.66,1.31,93.0,664.8,60922.4,plantation_rubber_tea_spices,-2.66
27.38,0.39,91.68,390.9,43600.3,plantation_rubber_tea_spices,-3.9499999999999993
25.51,1.29,92.78,458.5,55850.7,plantation_rubber_tea_spices,-1.3200000000000003
25.56,1.29,92.8,805.9,80983.5,plantation_rubber_tea_spices,-2.799999999999997
27.37,0.12,90.69,149.3,38303.4,mixed_agroforestry,-4.91
27.6,0.0,90.4,102.4,41085.1,mixed_agroforestry,-4.140000000000001
27.53,0.05,90.85,133.9,26892.7,mixed_agroforestry,-3.2900000000000027
27.69,0.96,91.54,56.2,22651.4,mixed_agroforestry,-3.0500000000000007
27.63,0.57,91.26,143.4,17700.5,mixed_agroforestry,-3.719999999999999
27.57,0.24,90.99,115.9,21778.8,mixed_agroforestry,-4.550000000000001
27.45,0.15,90.91,227.1,38332.8,mixed_agroforestry,-4.579999999999998
27.41,0.0,89.84,112.7,46637.8,mixed_agroforestry,-3.210000000000001
26.25,4.55,89.83,180.8,48227.2,mixed_agroforestry,-3.2699999999999996
26.71,1.67,89.34,183.5,51439.9,mixed_agroforestry,-2.710000000000001
27.3,0.0,89.5,91.9,43011.8,mixed_agroforestry,-2.3100000000000023
26.67,2.81,89.94,60.2,25378.5,mixed_agroforestry,-1.2700000000000031
27.58,0.0,90.76,9.4,21573.4,mixed_agroforestry,0.4200000000000017
28.46,1.14,91.53,14.6,27926.2,mixed_agroforestry,-1.3200000000000003
27.94,0.37,88.61,5.7,31535.2,mixed_agroforestry,-0.5500000000000007
27.48,0.0,89.79,14.2,28012.1,mixed_agroforestry,-1.6799999999999997
28.07,0.72,89.13,1.5,39598.1,mixed_agroforestry,-1.0500000000000007
27.86,0.17,88.58,24.1,37515.9,mixed_agroforestry,-2.349999999999998
27.56,0.0,88.9,1.5,32411.1,mixed_agroforestry,-0.3999999999999986
24.31,4.65,87.76,93.1,23902.6,mixed_agroforestry,0.4200000000000017
27.1,0.0,90.38,15.0,20764.6,mixed_agroforestry,-0.5700000000000003
23.62,0.25,85.49,42.1,15841.9,mixed_agroforestry,2.3099999999999987
23.62,9.58,89.46,78.6,20909.4,mixed_agroforestry,1.0599999999999987
23.88,4.54,92.69,61.0,16569.3,mixed_agroforestry,1.4800000000000004
23.72,9.27,89.3,87.9,26359.2,mixed_agroforestry,2.09
24.01,2.37,87.18,43.3,18477.1,mixed_agroforestry,1.1899999999999977
23.65,8.52,89.26,75.5,19824.1,mixed_agroforestry,1.0800000000000018
24.04,3.67,94.51,40.3,28259.0,mixed_agroforestry,1.1000000000000014
24.4,0.73,94.0,7.1,13190.3,mixed_agroforestry,2.280000000000001
23.7,19.54,92.95,263.8,47920.6,mixed_agroforestry,0.6500000000000021
23.49,18.6,92.15,123.7,29165.1,mixed_agroforestry,1.740000000000002
23.81,6.91,91.89,81.9,18191.4,mixed_agroforestry,0.8399999999999999
24.07,15.85,92.08,207.5,46859.5,mixed_agroforestry,0.3999999999999986
28.73,1.55,88.41,9.6,30373.0,mixed_agroforestry,0.23000000000000043
29.0,0.21,86.6,12.3,14445.9,mixed_agroforestry,0.5500000000000007
28.65,0.63,87.92,27.9,28214.9,mixed_agroforestry,0.5500000000000007
28.49,2.32,89.76,25.7,37091.1,mixed_agroforestry,-0.0799999999999983
28.73,0.87,87.81,1.5,18918.8,mixed_agroforestry,0.9299999999999997
27.81,6.82,95.04,9.4,29436.5,mixed_agroforestry,-2.0700000000000003
27.27,6.1,95.29,7.6,34016.1,mixed_agroforestry,-1.1099999999999994
27.31,5.73,94.86,12.6,34694.1,mixed_agroforestry,0.010000000000001563
27.56,7.25,95.89,5.8,45839.5,mixed_agroforestry,-2.049999999999997
27.91,0.29,89.68,14.2,25223.4,mixed_agroforestry,-0.6600000000000001
28.04,0.22,89.19,1.5,28457.0,mixed_agroforestry,-0.6799999999999997
27.83,0.11,89.78,1.5,16520.4,mixed_agroforestry,-0.41999999999999815
27.79,0.11,89.92,1.5,14929.2,mixed_agroforestry,-0.5500000000000007
27.08,0.06,92.21,20.6,7096.8,coastal_urban,-0.11999999999999744
27.05,0.08,92.31,4.4,8381.9,mixed_agroforestry,-0.379999999999999
35.08,0.5,71.91,1300.4,31755.9,evergreen_forest,-6.5
35.06,0.95,73.28,895.4,8436.4,plantation_rubber_tea_spices,-5.860000000000003
35.11,0.35,71.83,1204.7,27445.0,evergreen_forest,-6.09
35.12,0.44,71.74,884.3,22472.5,plantation_rubber_tea_spices,-6.849999999999998
35.06,0.59,72.06,1385.2,33900.6,evergreen_forest,-5.430000000000003
35.09,0.72,72.88,946.4,5643.6,plantation_rubber_tea_spices,-6.980000000000004
34.62,5.11,83.46,1557.2,29540.6,evergreen_forest,-7.4999999999999964
34.61,5.22,83.73,1427.8,24865.8,evergreen_forest,-8.04
34.71,4.24,81.23,1884.2,49583.4,evergreen_forest,-8.57
34.71,4.22,81.22,1220.3,26088.5,evergreen_forest,-7.039999999999999
34.63,5.05,83.31,1432.1,22708.9,evergreen_forest,-6.040000000000003
35.0,0.0,69.1,951.2,34828.6,plantation_rubber_tea_spices,-6.27
35.08,0.0,68.98,877.6,33105.8,plantation_rubber_tea_spices,-5.399999999999999
35.56,0.0,68.09,688.5,20636.6,plantation_rubber_tea_spices,-6.090000000000003
35.63,0.0,67.91,750.7,21967.3,plantation_rubber_tea_spices,-7.310000000000002
34.6,0.0,68.99,1010.0,38454.1,plantation_rubber_tea_spices,-5.030000000000001
34.87,0.0,69.35,1305.1,51304.9,evergreen_forest,-6.419999999999998
34.88,0.0,69.06,1277.5,52848.6,evergreen_forest,-7.200000000000003
34.89,0.0,69.07,1066.8,41253.5,plantation_rubber_tea_spices,-6.25
35.7,0.0,72.08,175.7,27246.3,mixed_agroforestry,-4.7500000000000036
35.62,0.19,73.17,175.1,16149.2,mixed_agroforestry,-5.339999999999996
35.57,0.54,73.34,163.5,1360.9,mixed_agroforestry,-4.559999999999999
35.64,0.17,73.04,240.1,20016.1,mixed_agroforestry,-5.030000000000001
35.87,0.0,71.08,288.7,23950.8,mixed_agroforestry,-4.599999999999998
36.07,0.0,69.82,352.5,19497.4,plantation_rubber_tea_spices,-5.280000000000001
35.56,0.55,73.33,138.1,6743.7,mixed_agroforestry,-5.180000000000003
35.89,0.0,69.0,588.9,13996.2,plantation_rubber_tea_spices,-5.219999999999999
35.79,0.59,70.45,548.6,6048.6,plantation_rubber_tea_spices,-6.289999999999999
35.35,1.15,71.89,535.8,10581.8,plantation_rubber_tea_spices,-4.020000000000003
34.85,0.79,72.25,646.6,12551.3,plantation_rubber_tea_spices,-4.280000000000001
36.25,0.0,68.84,537.4,8098.1,plantation_rubber_tea_spices,-5.66
34.53,0.64,72.44,798.6,22450.1,plantation_rubber_tea_spices,-5.880000000000003
34.65,1.77,73.89,739.7,21622.1,plantation_rubber_tea_spices,-6.169999999999998
34.93,0.0,70.48,842.4,23767.0,plantation_rubber_tea_spices,-6.870000000000001
34.56,0.75,72.76,766.8,20906.3,plantation_rubber_tea_spices,-5.560000000000002
34.6,0.78,72.64,749.4,19370.7,plantation_rubber_tea_spices,-5.43
34.41,0.05,72.07,694.1,13258.0,plantation_rubber_tea_spices,-4.339999999999996
36.0,0.0,68.92,571.8,12437.0,plantation_rubber_tea_spices,-6.800000000000001
35.06,0.0,70.11,820.4,22861.7,plantation_rubber_tea_spices,-6.100000000000001
34.05,9.0,83.2,1060.9,28261.5,plantation_rubber_tea_spices,-5.989999999999998
34.2,8.14,82.36,458.0,25366.2,plantation_rubber_tea_spices,-5.710000000000004
34.16,5.95,81.09,1256.9,20852.6,evergreen_forest,-6.159999999999997
34.35,6.83,80.14,579.5,27079.2,plantation_rubber_tea_spices,-6.190000000000001
26.64,5.63,83.68,2234.1,34202.4,evergreen_forest,1.9600000000000009
27.35,5.31,83.17,1910.4,39866.6,evergreen_forest,1.4299999999999997
25.87,6.33,84.88,2037.1,27757.2,evergreen_forest,3.41
35.47,1.72,76.33,539.4,24074.4,plantation_rubber_tea_spices,-4.419999999999998
34.78,4.57,79.64,489.2,33715.0,plantation_rubber_tea_spices,-4.780000000000001
35.18,2.82,77.47,456.3,31639.7,plantation_rubber_tea_spices,-5.68
34.78,4.42,79.81,503.4,35772.7,plantation_rubber_tea_spices,-5.200000000000003
34.6,2.27,79.02,1358.2,24271.4,evergreen_forest,-5.690000000000001
33.85,4.51,79.86,1419.7,13626.0,evergreen_forest,-3.960000000000001
34.04,3.87,79.5,1428.6,12880.4,evergreen_forest,-5.949999999999999
29.94,2.92,78.14,1780.3,20398.0,evergreen_forest,-2.3100000000000023
28.1,4.29,81.06,2032.8,16293.7,evergreen_forest,1.4499999999999993
29.19,2.24,77.33,2260.1,28316.6,evergreen_forest,-2.2900000000000027
29.33,1.75,76.48,2088.5,24453.2,evergreen_forest,-1.0399999999999991
34.96,0.23,72.45,288.9,12765.4,mixed_agroforestry,-6.060000000000002
34.65,0.3,73.18,235.7,13937.1,mixed_agroforestry,-4.759999999999998
34.87,0.31,72.88,301.3,9540.4,mixed_agroforestry,-5.789999999999999
34.53,0.15,72.84,156.7,11250.1,mixed_agroforestry,-4.620000000000001
34.82,0.26,72.76,290.5,11215.4,mixed_agroforestry,-5.48
34.64,0.19,72.81,126.7,11417.6,mixed_agroforestry,-3.9800000000000004
35.66,1.21,74.34,414.2,12217.9,plantation_rubber_tea_spices,-4.459999999999997
34.85,0.42,73.24,344.1,9701.3,mixed_agroforestry,-4.23
35.24,1.88,75.48,334.6,24472.9,mixed_agroforestry,-3.860000000000003
34.4,1.68,76.54,607.0,16070.7,plantation_rubber_tea_spices,-4.869999999999997
35.17,0.07,71.44,133.7,29534.2,mixed_agroforestry,-3.3900000000000006
35.31,0.0,70.96,129.9,36513.0,mixed_agroforestry,-3.6000000000000014
35.25,0.07,71.29,243.1,19910.6,mixed_agroforestry,-4.449999999999999
34.81,0.0,70.87,208.6,10979.1,mixed_agroforestry,-4.890000000000001
34.79,0.0,70.93,202.3,9620.2,mixed_agroforestry,-3.4899999999999984
35.12,0.0,71.62,139.1,4468.1,mixed_agroforestry,-3.3299999999999983
35.11,0.0,71.03,211.8,19443.2,mixed_agroforestry,-5.050000000000001
34.75,0.0,71.38,85.4,10060.3,mixed_agroforestry,-2.879999999999999
34.31,0.0,69.59,533.6,42588.1,plantation_rubber_tea_spices,-4.920000000000002
34.16,0.0,69.53,569.3,45570.8,plantation_rubber_tea_spices,-5.789999999999996
34.21,0.0,69.54,492.2,40324.3,plantation_rubber_tea_spices,-4.670000000000002
34.45,0.0,69.17,232.0,34351.4,mixed_agroforestry,-3.1800000000000033
32.39,0.0,68.29,471.9,48468.5,plantation_rubber_tea_spices,-1.9600000000000009
30.58,0.0,67.68,574.4,61620.2,plantation_rubber_tea_spices,-1.0799999999999983
31.74,0.0,68.21,664.8,60922.4,plantation_rubber_tea_spices,-2.5299999999999976
33.91,0.0,68.53,390.9,43600.3,plantation_rubber_tea_spices,-4.199999999999996
31.82,0.0,68.08,458.5,55850.7,plantation_rubber_tea_spices,-1.6099999999999994
31.76,0.0,68.18,805.9,80983.5,plantation_rubber_tea_spices,-2.2900000000000027
34.04,0.0,70.54,149.3,38303.4,mixed_agroforestry,-4.779999999999998
34.13,0.0,71.06,102.4,41085.1,mixed_agroforestry,-4.110000000000003
34.23,0.0,71.97,133.9,26892.7,mixed_agroforestry,-2.9599999999999973
34.35,0.0,71.62,56.2,22651.4,mixed_agroforestry,-2.5100000000000016
34.31,0.0,71.74,143.4,17700.5,mixed_agroforestry,-3.820000000000004
34.26,0.0,71.89,115.9,21778.8,mixed_agroforestry,-5.009999999999998
34.14,0.0,69.83,227.1,38332.8,mixed_agroforestry,-4.109999999999999
33.94,0.0,70.69,112.7,46637.8,mixed_agroforestry,-3.4999999999999964
32.42,2.4,72.29,180.8,48227.2,mixed_agroforestry,-2.580000000000002
33.18,0.88,71.28,183.5,51439.9,mixed_agroforestry,-3.1099999999999994
33.79,0.0,70.62,91.9,43011.8,mixed_agroforestry,-1.8000000000000007
32.25,1.48,71.91,60.2,25378.5,mixed_agroforestry,-1.3000000000000007
33.03,0.66,71.27,9.4,21573.4,mixed_agroforestry,-0.35999999999999943
33.77,0.6,71.17,14.6,27926.2,mixed_agroforestry,-2.070000000000004
34.54,0.22,68.23,5.7,31535.2,mixed_agroforestry,-0.7100000000000009
33.51,0.72,69.89,14.2,28012.1,mixed_agroforestry,-0.5300000000000011
34.47,0.42,69.2,1.5,39598.1,mixed_agroforestry,-1.5799999999999983
34.5,0.21,67.95,24.1,37515.9,mixed_agroforestry,-1.9099999999999966
33.99,0.45,68.64,1.5,32411.1,mixed_agroforestry,0.37999999999999545
30.16,2.46,72.79,93.1,23902.6,mixed_agroforestry,1.120000000000001
32.6,0.69,71.61,15.0,20764.6,mixed_agroforestry,-0.46999999999999886
29.6,0.17,71.55,42.1,15841.9,mixed_agroforestry,2.759999999999998
29.34,5.67,75.02,78.6,20909.4,mixed_agroforestry,1.1000000000000014
29.55,6.68,76.68,61.0,16569.3,mixed_agroforestry,2.0199999999999996
29.52,5.4,74.78,87.9,26359.2,mixed_agroforestry,2.3200000000000003
29.86,1.67,72.52,43.3,18477.1,mixed_agroforestry,1.3000000000000007
29.38,5.22,74.78,75.5,19824.1,mixed_agroforestry,0.9000000000000021
29.75,7.55,78.19,40.3,28259.0,mixed_agroforestry,1.6499999999999986
30.22,6.12,77.25,7.1,13190.3,mixed_agroforestry,2.469999999999999
29.27,10.92,78.1,263.8,47920.6,mixed_agroforestry,0.25
29.05,10.23,77.68,123.7,29165.1,mixed_agroforestry,2.0500000000000007
29.48,6.72,76.35,81.9,18191.4,mixed_agroforestry,0.5500000000000007
29.77,8.98,76.86,207.5,46859.5,mixed_agroforestry,-0.03999999999999915
33.63,0.9,73.37,9.6,30373.0,mixed_agroforestry,-0.9500000000000028
33.46,0.12,71.6,12.3,14445.9,mixed_agroforestry,0.36999999999999744
33.69,0.37,72.16,27.9,28214.9,mixed_agroforestry,-0.23999999999999488
33.74,1.36,74.37,25.7,37091.1,mixed_agroforestry,-1.1099999999999994
33.67,0.5,72.42,1.5,18918.8,mixed_agroforestry,0.21000000000000085
33.85,4.26,80.65,9.4,29436.5,mixed_agroforestry,-1.240000000000002
33.54,4.61,79.95,7.6,34016.1,mixed_agroforestry,-0.8599999999999994
33.57,4.36,79.28,12.6,34694.1,mixed_agroforestry,0.5799999999999983
33.76,4.78,81.46,5.8,45839.5,mixed_agroforestry,-1.6099999999999994
34.19,0.17,71.42,14.2,25223.4,mixed_agroforestry,-0.6599999999999966
34.17,0.13,71.97,1.5,28457.0,mixed_agroforestry,-0.7199999999999989
34.24,0.07,71.04,1.5,16520.4,mixed_agroforestry,-1.0
34.25,0.06,70.84,1.5,14929.2,mixed_agroforestry,0.36999999999999744
34.41,0.03,67.61,20.6,7096.8,coastal_urban,0.13000000000000256
34.42,0.04,67.51,4.4,8381.9,mixed_agroforestry,-0.5500000000000043
33.56,0.43,74.84,1300.4,31755.9,evergreen_forest,-6.840000000000003
33.49,0.32,73.8,895.4,8436.4,plantation_rubber_tea_spices,-5.5000000000000036
33.6,0.3,74.25,1204.7,27445.0,evergreen_forest,-5.940000000000001
33.6,0.58,75.1,884.3,22472.5,plantation_rubber_tea_spices,-6.370000000000001
33.54,0.47,74.99,1385.2,33900.6,evergreen_forest,-4.899999999999999
33.54,0.22,73.56,946.4,5643.6,plantation_rubber_tea_spices,-6.989999999999998
32.62,0.02,70.15,1557.2,29540.6,evergreen_forest,-7.819999999999997
32.6,0.01,70.04,1427.8,24865.8,evergreen_forest,-7.5
32.8,0.15,71.21,1884.2,49583.4,evergreen_forest,-9.469999999999999
32.81,0.12,71.09,1220.3,26088.5,evergreen_forest,-6.970000000000002
32.63,0.02,70.19,1432.1,22708.9,evergreen_forest,-6.470000000000002
33.59,1.41,79.84,951.2,34828.6,plantation_rubber_tea_spices,-5.950000000000003
33.54,1.37,79.95,877.6,33105.8,plantation_rubber_tea_spices,-4.960000000000001
33.98,3.73,83.57,688.5,20636.6,plantation_rubber_tea_spices,-5.479999999999997
34.07,4.25,84.44,750.7,21967.3,plantation_rubber_tea_spices,-6.32
33.29,0.03,78.9,1010.0,38454.1,plantation_rubber_tea_spices,-5.099999999999998
33.48,0.81,78.91,1305.1,51304.9,evergreen_forest,-6.369999999999997
33.42,0.76,79.34,1277.5,52848.6,evergreen_forest,-6.720000000000002
33.43,0.81,79.4,1066.8,41253.5,plantation_rubber_tea_spices,-6.329999999999998
34.03,0.25,72.04,175.7,27246.3,mixed_agroforestry,-4.810000000000002
34.11,0.0,70.6,175.1,16149.2,mixed_agroforestry,-4.41
34.04,0.0,71.03,163.5,1360.9,mixed_agroforestry,-4.489999999999998
34.1,0.0,70.68,240.1,20016.1,mixed_agroforestry,-4.920000000000002
33.92,0.25,72.97,288.7,23950.8,mixed_agroforestry,-3.9200000000000017
33.79,0.3,74.22,352.5,19497.4,plantation_rubber_tea_spices,-4.309999999999999
34.03,0.0,71.06,138.1,6743.7,mixed_agroforestry,-5.040000000000003
33.59,0.54,76.38,588.9,13996.2,plantation_rubber_tea_spices,-5.580000000000002
33.53,0.0,74.7,548.6,6048.6,plantation_rubber_tea_spices,-6.390000000000001
33.41,0.0,74.95,535.8,10581.8,plantation_rubber_tea_spices,-5.029999999999998
33.19,0.0,75.77,646.6,12551.3,plantation_rubber_tea_spices,-4.769999999999996
33.66,0.16,74.87,537.4,8098.1,plantation_rubber_tea_spices,-5.809999999999995
33.06,0.0,76.42,798.6,22450.1,plantation_rubber_tea_spices,-6.310000000000002
33.15,0.0,76.28,739.7,21622.1,plantation_rubber_tea_spices,-6.059999999999999
33.29,0.55,77.58,842.4,23767.0,plantation_rubber_tea_spices,-6.52
33.08,0.0,76.44,766.8,20906.3,plantation_rubber_tea_spices,-5.799999999999997
33.1,0.0,76.1,749.4,19370.7,plantation_rubber_tea_spices,-5.100000000000001
33.0,0.01,76.64,694.1,13258.0,plantation_rubber_tea_spices,-4.140000000000001
33.6,0.4,75.93,571.8,12437.0,plantation_rubber_tea_spices,-5.98
33.36,0.73,77.89,820.4,22861.7,plantation_rubber_tea_spices,-5.73
33.16,0.0,75.58,1060.9,28261.5,plantation_rubber_tea_spices,-5.719999999999995
33.2,0.0,75.69,458.0,25366.2,plantation_rubber_tea_spices,-4.940000000000001
33.14,0.0,76.99,1256.9,20852.6,evergreen_forest,-4.990000000000002
33.2,0.0,75.72,579.5,27079.2,plantation_rubber_tea_spices,-6.140000000000004
25.4,11.33,83.39,2234.1,34202.4,evergreen_forest,1.8200000000000003
26.06,10.48,82.98,1910.4,39866.6,evergreen_forest,1.2699999999999996
24.51,13.2,84.57,2037.1,27757.2,evergreen_forest,3.1099999999999994
33.56,0.0,76.18,539.4,24074.4,plantation_rubber_tea_spices,-4.530000000000001
33.49,0.0,76.85,489.2,33715.0,plantation_rubber_tea_spices,-4.98
33.53,0.0,76.16,456.3,31639.7,plantation_rubber_tea_spices,-5.109999999999999
33.53,0.0,77.36,503.4,35772.7,plantation_rubber_tea_spices,-5.34
33.24,0.75,79.8,1358.2,24271.4,evergreen_forest,-5.460000000000001
32.85,0.0,77.26,1419.7,13626.0,evergreen_forest,-4.91
32.98,0.0,77.73,1428.6,12880.4,evergreen_forest,-5.399999999999999
29.65,1.41,76.87,1780.3,20398.0,evergreen_forest,-1.0
27.34,6.69,80.4,2032.8,16293.7,evergreen_forest,1.370000000000001
29.05,1.47,76.59,2260.1,28316.6,evergreen_forest,-2.7699999999999996
29.34,0.39,75.76,2088.5,24453.2,evergreen_forest,-1.8299999999999983
33.48,6.75,77.62,288.9,12765.4,mixed_agroforestry,-5.039999999999996
33.8,1.6,73.23,235.7,13937.1,mixed_agroforestry,-4.279999999999998
33.61,4.29,75.67,301.3,9540.4,mixed_agroforestry,-5.09
33.82,2.17,73.26,156.7,11250.1,mixed_agroforestry,-4.120000000000001
33.63,4.44,75.61,290.5,11215.4,mixed_agroforestry,-5.230000000000004
33.74,3.21,74.34,126.7,11417.6,mixed_agroforestry,-4.210000000000001
33.44,0.6,74.22,414.2,12217.9,plantation_rubber_tea_spices,-4.709999999999997
33.69,2.45,74.28,344.1,9701.3,mixed_agroforestry,-5.359999999999999
33.55,0.0,74.07,334.6,24472.9,mixed_agroforestry,-5.279999999999998
32.68,1.38,76.54,607.0,16070.7,plantation_rubber_tea_spices,-5.16
33.19,11.22,81.29,133.7,29534.2,mixed_agroforestry,-4.369999999999997
32.97,11.89,83.56,129.9,36513.0,mixed_agroforestry,-4.099999999999998
33.12,12.68,82.41,243.1,19910.6,mixed_agroforestry,-5.409999999999997
33.23,1.19,79.44,208.6,10979.1,mixed_agroforestry,-4.9999999999999964
33.25,1.4,79.8,202.3,9620.2,mixed_agroforestry,-4.02
33.12,0.23,79.07,139.1,4468.1,mixed_agroforestry,-3.259999999999998
33.05,2.35,79.38,211.8,19443.2,mixed_agroforestry,-5.399999999999999
33.3,2.04,81.49,85.4,10060.3,mixed_agroforestry,-3.269999999999996
32.87,0.09,78.73,533.6,42588.1,plantation_rubber_tea_spices,-4.989999999999998
32.64,2.75,78.73,569.3,45570.8,plantation_rubber_tea_spices,-5.240000000000002
32.71,1.92,78.67,492.2,40324.3,plantation_rubber_tea_spices,-4.880000000000003
33.12,3.0,75.93,232.0,34351.4,mixed_agroforestry,-3.6199999999999974
30.86,19.74,81.67,471.9,48468.5,plantation_rubber_tea_spices,-2.41
28.97,34.95,86.76,574.4,61620.2,plantation_rubber_tea_spices,-0.9299999999999997
30.2,24.74,84.0,664.8,60922.4,plantation_rubber_tea_spices,-2.91
32.4,7.65,76.46,390.9,43600.3,plantation_rubber_tea_spices,-4.619999999999997
30.28,24.08,82.64,458.5,55850.7,plantation_rubber_tea_spices,-1.6700000000000017
30.23,24.18,83.06,805.9,80983.5,plantation_rubber_tea_spices,-2.900000000000002
33.09,4.8,80.81,149.3,38303.4,mixed_agroforestry,-4.960000000000004
33.22,2.67,80.71,102.4,41085.1,mixed_agroforestry,-4.039999999999999
33.59,5.43,87.58,133.9,26892.7,mixed_agroforestry,-3.1600000000000037
33.48,4.16,84.79,56.2,22651.4,mixed_agroforestry,-2.5699999999999967
33.53,4.69,85.92,143.4,17700.5,mixed_agroforestry,-4.27
33.56,5.16,86.97,115.9,21778.8,mixed_agroforestry,-4.530000000000001
33.0,4.62,78.53,227.1,38332.8,mixed_agroforestry,-3.25
33.04,1.14,76.71,112.7,46637.8,mixed_agroforestry,-3.5700000000000003
31.22,0.2,76.24,180.8,48227.2,mixed_agroforestry,-2.1199999999999974
32.3,0.32,75.15,183.5,51439.9,mixed_agroforestry,-2.599999999999998
32.91,0.37,74.85,91.9,43011.8,mixed_agroforestry,-2.609999999999996
30.16,0.12,77.33,60.2,25378.5,mixed_agroforestry,-1.6799999999999997
30.93,0.49,77.79,9.4,21573.4,mixed_agroforestry,-0.9400000000000013
31.6,0.05,77.72,14.6,27926.2,mixed_agroforestry,-2.09
33.52,5.63,84.1,5.7,31535.2,mixed_agroforestry,-0.240000000000002
32.05,2.99,80.68,14.2,28012.1,mixed_agroforestry,0.030000000000001137
33.24,4.86,83.38,1.5,39598.1,mixed_agroforestry,-0.6000000000000014
33.55,5.77,84.17,24.1,37515.9,mixed_agroforestry,-2.1999999999999957
32.89,4.71,82.68,1.5,32411.1,mixed_agroforestry,-0.03999999999999915
28.04,0.2,76.92,93.1,23902.6,mixed_agroforestry,0.9700000000000024
30.52,0.0,76.7,15.0,20764.6,mixed_agroforestry,-0.6999999999999993
27.23,0.01,74.92,42.1,15841.9,mixed_agroforestry,2.1799999999999997
27.38,0.42,79.0,78.6,20909.4,mixed_agroforestry,0.8900000000000006
28.37,0.2,77.84,61.0,16569.3,mixed_agroforestry,1.4899999999999984
27.64,0.4,78.68,87.9,26359.2,mixed_agroforestry,1.7300000000000004
27.64,0.1,76.13,43.3,18477.1,mixed_agroforestry,0.629999999999999
27.42,0.37,78.59,75.5,19824.1,mixed_agroforestry,2.25
28.76,0.23,78.29,40.3,28259.0,mixed_agroforestry,1.6999999999999993
29.25,0.47,77.79,7.1,13190.3,mixed_agroforestry,2.9099999999999966
27.79,0.85,82.91,263.8,47920.6,mixed_agroforestry,0.0
27.39,0.81,82.55,123.7,29165.1,mixed_agroforestry,2.3000000000000007
28.06,0.3,78.53,81.9,18191.4,mixed_agroforestry,0.6400000000000006
28.33,0.69,81.29,207.5,46859.5,mixed_agroforestry,0.5200000000000031
31.93,0.46,75.93,9.6,30373.0,mixed_agroforestry,-0.4299999999999997
32.09,0.09,73.13,12.3,14445.9,mixed_agroforestry,-0.4200000000000017
32.16,0.1,75.35,27.9,28214.9,mixed_agroforestry,0.2600000000000051
31.82,0.36,77.55,25.7,37091.1,mixed_agroforestry,-0.4400000000000013
32.13,0.53,75.61,1.5,18918.8,mixed_agroforestry,0.05999999999999517
30.91,1.35,84.38,9.4,29436.5,mixed_agroforestry,-1.9800000000000004
30.9,1.88,84.87,7.6,34016.1,mixed_agroforestry,-1.8499999999999979
31.04,2.04,84.66,12.6,34694.1,mixed_agroforestry,-0.3099999999999987
30.74,1.44,85.26,5.8,45839.5,mixed_agroforestry,-3.229999999999997
32.61,0.04,79.03,14.2,25223.4,mixed_agroforestry,-0.35999999999999943
32.59,0.03,78.7,1.5,28457.0,mixed_agroforestry,-1.0100000000000051
32.69,0.02,79.24,1.5,16520.4,mixed_agroforestry,-0.35999999999999943
32.7,0.02,79.34,1.5,14929.2,mixed_agroforestry,0.5999999999999943
32.93,0.01,80.99,20.6,7096.8,coastal_urban,-0.4799999999999969
32.93,0.01,81.05,4.4,8381.9,mixed_agroforestry,0.6400000000000006
