village_id,timestamp,temp_true,rainfall_true,humidity_true,wind_true,lat,lon
VIL_0001,2026-09-15 00:00:00,21.25,9.24,99.0,8.4,8.73621,77.0676
VIL_0002,2026-09-15 00:00:00,22.4,7.51,99.0,8.47,8.6306,76.89481
VIL_0003,2026-09-15 00:00:00,21.72,8.18,99.0,8.26,8.4978,76.86543
VIL_0004,2026-09-15 00:00:00,21.28,8.69,99.0,9.17,8.71085,77.02833
VIL_0005,2026-09-15 00:00:00,21.55,8.03,99.0,8.5,8.66342,76.85418
VIL_0006,2026-09-15 00:00:00,21.9,8.06,99.0,9.48,8.74197,77.09773
VIL_0007,2026-09-15 00:00:00,21.11,9.19,99.0,6.97,8.5147,76.90255
VIL_0008,2026-09-15 00:00:00,21.18,0.0,96.39,4.37,8.37924,77.1885
VIL_0009,2026-09-15 00:00:00,22.11,0.0,96.85,5.4,8.19612,77.01192
VIL_0010,2026-09-15 00:00:00,21.46,0.0,98.08,6.19,8.35143,77.12496
VIL_0011,2026-09-15 00:00:00,20.58,0.0,99.0,6.46,8.208,77.29713
VIL_0012,2026-09-15 00:00:00,22.0,0.0,99.0,4.5,8.26383,77.03218
VIL_0013,2026-09-15 00:00:00,23.21,0.0,96.0,5.4,8.37952,77.11974
VIL_0014,2026-09-15 00:00:00,21.62,0.0,96.52,6.79,8.48897,77.14503
VIL_0015,2026-09-15 00:00:00,20.67,0.0,98.28,5.6,8.45198,77.20909
VIL_0016,2026-09-15 00:00:00,20.22,0.0,99.0,10.48,8.87052,76.90667
VIL_0017,2026-09-15 00:00:00,20.73,0.0,96.86,10.18,9.14069,76.86452
VIL_0018,2026-09-15 00:00:00,21.07,0.0,99.0,10.71,8.94238,76.6513
VIL_0019,2026-09-15 00:00:00,20.91,0.0,97.81,8.85,9.05627,76.75405
VIL_0020,2026-09-15 00:00:00,19.74,0.0,99.0,12.36,9.01655,76.78832
VIL_0021,2026-09-15 00:00:00,20.25,0.0,99.0,11.54,9.1408,76.85563
VIL_0022,2026-09-15 00:00:00,20.12,2.53,99.0,13.39,9.06676,76.87151
VIL_0023,2026-09-15 00:00:00,20.59,0.0,99.0,12.71,9.02402,76.94201
VIL_0024,2026-09-15 00:00:00,20.29,0.0,99.0,12.91,8.92346,77.06888
VIL_0025,2026-09-15 00:00:00,19.52,0.0,99.0,11.65,9.10054,77.05985
VIL_0026,2026-09-15 00:00:00,19.35,0.0,99.0,12.1,9.13645,76.95737
VIL_0027,2026-09-15 00:00:00,23.04,1.42,99.0,7.0,9.24557,76.3026
VIL_0028,2026-09-15 00:00:00,22.57,6.37,99.0,7.5,9.3486,76.2864
VIL_0029,2026-09-15 00:00:00,22.64,1.64,99.0,6.17,9.48062,76.31203
VIL_0030,2026-09-15 00:00:00,22.8,1.85,99.0,6.86,9.31628,76.36781
VIL_0031,2026-09-15 00:00:00,22.77,1.49,99.0,6.52,9.27428,76.44566
VIL_0032,2026-09-15 00:00:00,22.3,4.77,99.0,8.11,9.25437,76.50107
VIL_0033,2026-09-15 00:00:00,22.14,2.89,99.0,6.6,9.46367,76.26461
VIL_0034,2026-09-15 00:00:00,22.41,0.0,94.33,7.59,9.22665,76.6754
VIL_0035,2026-09-15 00:00:00,21.27,0.0,95.1,8.43,9.40405,76.64379
VIL_0036,2026-09-15 00:00:00,22.81,0.0,94.89,8.84,9.44489,76.65732
VIL_0037,2026-09-15 00:00:00,21.59,0.0,96.02,9.02,9.44149,76.71701
VIL_0038,2026-09-15 00:00:00,23.51,0.0,92.74,7.61,9.30184,76.49062
VIL_0039,2026-09-15 00:00:00,21.93,5.16,95.67,9.92,9.27825,76.66265
VIL_0040,2026-09-15 00:00:00,21.47,0.0,99.0,9.25,9.45088,76.82727
VIL_0041,2026-09-15 00:00:00,21.69,0.0,99.0,8.65,9.49816,76.77766
VIL_0042,2026-09-15 00:00:00,21.16,0.0,99.0,8.98,9.26788,76.84997
VIL_0043,2026-09-15 00:00:00,22.17,0.0,99.0,8.98,9.46024,76.80438
VIL_0044,2026-09-15 00:00:00,22.28,0.0,99.0,9.93,9.46329,76.78414
VIL_0045,2026-09-15 00:00:00,22.56,0.0,99.0,8.87,9.38882,76.76426
VIL_0046,2026-09-15 00:00:00,22.38,0.31,99.0,8.92,9.23963,76.66837
VIL_0047,2026-09-15 00:00:00,21.46,0.0,99.0,9.46,9.24143,76.82692
VIL_0048,2026-09-15 00:00:00,20.89,5.66,98.98,9.5,9.72998,76.74265
VIL_0049,2026-09-15 00:00:00,20.95,0.0,98.63,8.83,9.6028,76.71533
VIL_0050,2026-09-15 00:00:00,21.63,0.0,97.35,9.46,9.72295,76.59492
VIL_0051,2026-09-15 00:00:00,21.03,0.0,97.93,8.62,9.84386,76.71366
VIL_0052,2026-09-15 00:00:00,21.05,0.0,99.0,8.56,9.76944,76.79814
VIL_0053,2026-09-15 00:00:00,21.26,0.0,99.0,9.82,9.74831,76.62269
VIL_0054,2026-09-15 00:00:00,20.38,0.0,99.0,8.99,9.59265,76.67096
VIL_0055,2026-09-15 00:00:00,20.08,0.0,95.99,10.71,9.99397,77.17777
VIL_0056,2026-09-15 00:00:00,20.14,2.95,93.4,9.99,10.0998,77.15223
VIL_0057,2026-09-15 00:00:00,20.71,0.96,95.13,10.25,10.20683,77.0054
VIL_0058,2026-09-15 00:00:00,20.54,0.0,97.27,9.24,9.97102,76.97838
VIL_0059,2026-09-15 00:00:00,20.67,0.0,98.29,8.86,10.06613,77.1554
VIL_0060,2026-09-15 00:00:00,20.22,0.0,94.28,9.08,10.19622,76.91209
VIL_0061,2026-09-15 00:00:00,21.78,0.96,94.63,10.34,10.09122,77.03522
VIL_0062,2026-09-15 00:00:00,22.89,1.56,88.91,6.52,9.95373,76.64282
VIL_0063,2026-09-15 00:00:00,22.14,0.0,91.37,6.26,9.81924,76.61249
VIL_0064,2026-09-15 00:00:00,21.61,0.0,92.18,6.89,9.81163,76.72943
VIL_0065,2026-09-15 00:00:00,21.19,0.0,91.98,5.78,9.86715,76.58147
VIL_0066,2026-09-15 00:00:00,21.79,0.0,92.73,6.9,9.82217,76.63606
VIL_0067,2026-09-15 00:00:00,22.0,0.0,92.61,6.24,9.95489,76.77568
VIL_0068,2026-09-15 00:00:00,22.33,0.0,92.68,6.86,9.79043,76.86132
VIL_0069,2026-09-15 00:00:00,20.82,1.2,94.77,6.32,9.82603,76.85498
VIL_0070,2026-09-15 00:00:00,20.84,9.63,95.61,7.33,9.70244,77.08059
VIL_0071,2026-09-15 00:00:00,20.82,6.81,97.48,8.41,9.95948,77.06887
VIL_0072,2026-09-15 00:00:00,21.05,7.95,98.95,7.67,9.73047,77.14384
VIL_0073,2026-09-15 00:00:00,19.96,10.11,99.0,7.47,9.9827,77.06962
VIL_0074,2026-09-15 00:00:00,19.4,11.14,99.0,8.07,9.88864,77.22549
VIL_0075,2026-09-15 00:00:00,21.26,10.32,97.67,7.7,9.75829,77.21546
VIL_0076,2026-09-15 00:00:00,20.31,7.74,98.58,8.47,9.79733,77.18669
VIL_0077,2026-09-15 00:00:00,21.55,0.0,99.0,7.9,10.20293,76.4465
VIL_0078,2026-09-15 00:00:00,22.68,0.0,96.12,9.73,10.00322,76.35946
VIL_0079,2026-09-15 00:00:00,21.54,1.92,98.2,9.73,10.16674,76.46451
VIL_0080,2026-09-15 00:00:00,22.85,1.8,95.56,8.4,10.05579,76.27307
VIL_0081,2026-09-15 00:00:00,21.45,0.0,96.52,7.33,10.17134,76.44985
VIL_0082,2026-09-15 00:00:00,23.09,0.0,99.0,7.67,10.0626,76.23585
VIL_0083,2026-09-15 00:00:00,22.59,0.0,98.49,7.22,10.04028,76.54402
VIL_0084,2026-09-15 00:00:00,21.95,0.0,97.11,5.09,10.11402,76.46926
VIL_0085,2026-09-15 00:00:00,22.63,0.0,97.33,5.0,9.93532,76.46204
VIL_0086,2026-09-15 00:00:00,21.72,0.0,98.47,5.42,10.11041,76.6912
VIL_0087,2026-09-15 00:00:00,22.86,12.95,99.0,11.17,10.22557,76.23549
VIL_0088,2026-09-15 00:00:00,22.92,17.03,99.0,10.67,10.45165,76.33799
VIL_0089,2026-09-15 00:00:00,20.83,14.94,99.0,12.09,10.23525,76.48188
VIL_0090,2026-09-15 00:00:00,22.32,15.09,99.0,10.68,10.44663,76.35049
VIL_0091,2026-09-15 00:00:00,23.16,12.22,99.0,11.66,10.42179,76.23961
VIL_0092,2026-09-15 00:00:00,21.43,14.94,99.0,10.92,10.24066,76.39311
VIL_0093,2026-09-15 00:00:00,24.11,0.0,95.04,6.56,10.7689,76.21235
VIL_0094,2026-09-15 00:00:00,20.44,0.0,96.7,9.23,10.77833,76.34628
VIL_0095,2026-09-15 00:00:00,22.36,0.0,95.72,7.22,10.79269,76.3266
VIL_0096,2026-09-15 00:00:00,23.08,0.0,95.37,7.2,10.7127,76.26521
VIL_0097,2026-09-15 00:00:00,20.63,0.0,96.88,6.43,10.62368,76.37304
VIL_0098,2026-09-15 00:00:00,23.12,0.0,96.86,8.37,10.8041,76.17618
VIL_0099,2026-09-15 00:00:00,21.27,0.0,98.57,9.47,10.78168,76.63853
VIL_0100,2026-09-15 00:00:00,21.12,8.3,97.58,9.54,10.93434,76.55678
VIL_0101,2026-09-15 00:00:00,20.94,0.0,95.12,10.1,10.64142,76.65217
VIL_0102,2026-09-15 00:00:00,20.82,0.0,97.11,9.03,10.68965,76.61394
VIL_0103,2026-09-15 00:00:00,21.39,0.0,94.65,10.56,10.85925,76.72028
VIL_0104,2026-09-15 00:00:00,22.6,0.0,99.0,8.56,11.00176,76.46064
VIL_0105,2026-09-15 00:00:00,23.45,0.0,99.0,9.67,11.0299,76.38314
VIL_0106,2026-09-15 00:00:00,22.04,0.0,99.0,9.57,11.01596,76.60167
VIL_0107,2026-09-15 00:00:00,21.47,0.0,98.53,8.66,10.98502,76.57983
VIL_0108,2026-09-15 00:00:00,20.15,0.0,98.41,11.41,11.17344,76.68379
VIL_0109,2026-09-15 00:00:00,20.06,0.0,99.0,12.61,11.10807,76.68076
VIL_0110,2026-09-15 00:00:00,20.55,0.0,98.05,11.6,10.99357,76.74974
VIL_0111,2026-09-15 00:00:00,20.71,1.46,98.62,11.67,11.01923,76.54029
VIL_0112,2026-09-15 00:00:00,21.52,0.0,97.49,11.53,11.12864,76.58613
VIL_0113,2026-09-15 00:00:00,20.07,0.0,99.0,12.04,11.21714,76.81918
VIL_0114,2026-09-15 00:00:00,21.05,0.0,98.56,8.92,11.09105,76.29932
VIL_0115,2026-09-15 00:00:00,22.51,0.24,96.31,11.01,11.11192,76.17423
VIL_0116,2026-09-15 00:00:00,23.01,0.0,99.0,9.17,10.99183,76.24669
VIL_0117,2026-09-15 00:00:00,23.44,0.0,94.59,9.5,11.1201,76.0976
VIL_0118,2026-09-15 00:00:00,23.4,0.0,95.35,9.81,10.91771,76.13227
VIL_0119,2026-09-15 00:00:00,21.74,0.0,98.78,10.17,10.90654,76.22058
VIL_0120,2026-09-15 00:00:00,22.37,0.0,99.0,9.29,10.93781,76.19341
VIL_0121,2026-09-15 00:00:00,21.72,0.0,99.0,10.52,11.07926,76.35401
VIL_0122,2026-09-15 00:00:00,20.98,0.0,95.2,13.12,11.3115,76.37302
VIL_0123,2026-09-15 00:00:00,21.8,0.0,95.09,13.53,11.16903,76.2315
VIL_0124,2026-09-15 00:00:00,21.35,0.0,94.45,11.07,11.39021,76.29823
VIL_0125,2026-09-15 00:00:00,21.47,0.0,93.83,11.53,11.3361,76.28675
VIL_0126,2026-09-15 00:00:00,22.78,0.0,93.73,13.5,11.23485,76.16408
VIL_0127,2026-09-15 00:00:00,22.37,0.88,99.0,5.76,11.45003,76.02212
VIL_0128,2026-09-15 00:00:00,24.62,0.0,97.21,4.78,11.48097,75.9154
VIL_0129,2026-09-15 00:00:00,24.21,0.0,99.0,5.01,11.35745,76.00149
VIL_0130,2026-09-15 00:00:00,23.34,0.0,99.0,6.43,11.40199,75.97259
VIL_0131,2026-09-15 00:00:00,22.82,0.0,99.0,5.99,11.44574,76.029
VIL_0132,2026-09-15 00:00:00,26.8,0.0,98.16,6.62,11.62666,75.57154
VIL_0133,2026-09-15 00:00:00,27.28,0.0,98.17,7.26,11.65461,75.53845
VIL_0134,2026-09-15 00:00:00,25.77,0.0,96.5,7.25,11.49951,75.73455
VIL_0135,2026-09-15 00:00:00,26.2,0.0,98.64,6.35,11.70468,75.69812
VIL_0136,2026-09-15 00:00:00,27.78,0.0,96.77,5.98,11.52808,75.45165
VIL_0137,2026-09-15 00:00:00,26.22,0.0,97.65,5.72,11.54398,75.60112
VIL_0138,2026-09-15 00:00:00,28.42,0.0,94.99,4.83,11.551,75.68836
VIL_0139,2026-09-15 00:00:00,22.44,0.0,95.53,10.07,11.52275,76.11987
VIL_0140,2026-09-15 00:00:00,22.57,0.0,95.01,9.81,11.4836,75.9485
VIL_0141,2026-09-15 00:00:00,22.2,0.0,96.09,10.07,11.61741,76.09519
VIL_0142,2026-09-15 00:00:00,21.55,0.0,96.59,10.27,11.64923,76.15083
VIL_0143,2026-09-15 00:00:00,23.06,0.0,97.27,9.8,11.75076,76.08789
VIL_0144,2026-09-15 00:00:00,22.15,0.0,95.71,9.94,11.55489,76.17156
VIL_0145,2026-09-15 00:00:00,21.61,0.0,93.95,10.95,11.53925,76.06469
VIL_0146,2026-09-15 00:00:00,23.04,9.49,99.0,9.07,11.66061,76.14179
VIL_0147,2026-09-15 00:00:00,24.08,10.19,94.44,8.85,11.90379,76.06179
VIL_0148,2026-09-15 00:00:00,24.28,10.14,94.89,8.49,11.77569,75.90499
VIL_0149,2026-09-15 00:00:00,24.1,9.56,94.59,8.31,11.69993,75.92807
VIL_0150,2026-09-15 00:00:00,23.44,14.58,95.73,7.72,11.81777,76.06738
VIL_0151,2026-09-15 00:00:00,22.81,5.46,97.63,9.32,11.59598,76.39346
VIL_0152,2026-09-15 00:00:00,22.86,5.85,97.79,8.81,11.73337,76.27331
VIL_0153,2026-09-15 00:00:00,22.37,5.83,97.88,8.91,11.69552,76.23288
VIL_0154,2026-09-15 00:00:00,23.13,5.44,96.92,9.31,11.58632,76.21379
VIL_0155,2026-09-15 00:00:00,22.66,5.4,97.41,8.55,11.73935,76.11132
VIL_0156,2026-09-15 00:00:00,23.7,5.54,95.73,9.82,11.54682,76.1208
VIL_0157,2026-09-15 00:00:00,22.97,5.04,96.44,9.01,11.52422,76.36364
VIL_0158,2026-09-15 00:00:00,23.81,5.34,95.92,8.94,11.7231,76.24925
VIL_0159,2026-09-15 00:00:00,26.65,0.0,98.36,4.33,12.12501,75.45007
VIL_0160,2026-09-15 00:00:00,27.01,0.0,94.87,4.39,11.99989,75.3474
VIL_0161,2026-09-15 00:00:00,27.13,0.0,98.69,4.21,12.09093,75.22242
VIL_0162,2026-09-15 00:00:00,25.68,0.0,99.0,3.37,12.18074,75.474
VIL_0163,2026-09-15 00:00:00,26.92,0.0,98.69,3.61,11.97427,75.21259
VIL_0164,2026-09-15 00:00:00,25.59,0.0,97.5,10.28,11.98294,75.77395
VIL_0165,2026-09-15 00:00:00,25.99,0.0,97.19,10.16,12.02961,75.56588
VIL_0166,2026-09-15 00:00:00,25.73,0.0,98.06,11.1,11.85317,75.70973
VIL_0167,2026-09-15 00:00:00,27.56,0.0,97.32,9.36,11.83995,75.69273
VIL_0168,2026-09-15 00:00:00,25.03,0.0,96.0,12.37,12.11407,75.68964
VIL_0169,2026-09-15 00:00:00,25.98,0.0,97.19,11.28,11.94845,75.70999
VIL_0170,2026-09-15 00:00:00,25.87,0.0,98.5,9.19,12.40136,75.18919
VIL_0171,2026-09-15 00:00:00,25.91,0.0,95.74,7.75,12.34578,75.18913
VIL_0172,2026-09-15 00:00:00,26.04,0.0,97.92,8.17,12.35345,75.00501
VIL_0173,2026-09-15 00:00:00,26.31,0.0,99.0,9.36,12.24019,75.00738
VIL_0174,2026-09-15 00:00:00,27.73,0.0,99.0,10.88,12.37169,75.02048
VIL_0175,2026-09-15 00:00:00,27.02,0.0,97.69,9.8,12.46097,75.03172
VIL_0176,2026-09-15 00:00:00,27.34,0.0,97.7,11.0,12.47562,75.03948
VIL_0177,2026-09-15 00:00:00,27.33,0.0,98.25,12.41,12.46219,74.91321
VIL_0178,2026-09-15 00:00:00,26.89,0.0,99.0,11.17,12.50881,75.04287
VIL_0001,2026-09-15 06:00:00,23.22,0.0,97.67,11.55,8.73621,77.0676
VIL_0002,2026-09-15 06:00:00,24.54,0.0,99.0,12.95,8.6306,76.89481
VIL_0003,2026-09-15 06:00:00,23.08,0.0,99.0,11.99,8.4978,76.86543
VIL_0004,2026-09-15 06:00:00,22.27,0.5,98.44,13.29,8.71085,77.02833
VIL_0005,2026-09-15 06:00:00,23.11,0.0,99.0,11.74,8.66342,76.85418
VIL_0006,2026-09-15 06:00:00,23.62,0.0,99.0,13.06,8.74197,77.09773
VIL_0007,2026-09-15 06:00:00,21.97,0.0,99.0,10.44,8.5147,76.90255
VIL_0008,2026-09-15 06:00:00,21.32,0.0,97.2,5.99,8.37924,77.1885
VIL_0009,2026-09-15 06:00:00,22.96,0.0,95.81,3.99,8.19612,77.01192
VIL_0010,2026-09-15 06:00:00,21.94,0.0,95.18,5.26,8.35143,77.12496
VIL_0011,2026-09-15 06:00:00,20.62,0.0,96.67,5.49,8.208,77.29713
VIL_0012,2026-09-15 06:00:00,22.2,0.0,95.55,3.67,8.26383,77.03218
VIL_0013,2026-09-15 06:00:00,23.03,0.0,93.37,4.15,8.37952,77.11974
VIL_0014,2026-09-15 06:00:00,22.39,0.0,96.89,4.62,8.48897,77.14503
VIL_0015,2026-09-15 06:00:00,21.18,0.0,96.06,4.07,8.45198,77.20909
VIL_0016,2026-09-15 06:00:00,22.51,3.13,92.59,8.05,8.87052,76.90667
VIL_0017,2026-09-15 06:00:00,23.2,0.0,91.58,7.55,9.14069,76.86452
VIL_0018,2026-09-15 06:00:00,23.04,0.0,95.01,7.22,8.94238,76.6513
VIL_0019,2026-09-15 06:00:00,23.07,0.0,95.39,7.73,9.05627,76.75405
VIL_0020,2026-09-15 06:00:00,23.96,15.53,99.0,5.52,9.01655,76.78832
VIL_0021,2026-09-15 06:00:00,24.35,15.87,99.0,5.48,9.1408,76.85563
VIL_0022,2026-09-15 06:00:00,24.72,16.94,99.0,5.38,9.06676,76.87151
VIL_0023,2026-09-15 06:00:00,25.24,15.36,99.0,4.81,9.02402,76.94201
VIL_0024,2026-09-15 06:00:00,24.22,18.45,99.0,5.07,8.92346,77.06888
VIL_0025,2026-09-15 06:00:00,22.93,17.87,99.0,6.59,9.10054,77.05985
VIL_0026,2026-09-15 06:00:00,24.56,17.47,99.0,6.01,9.13645,76.95737
VIL_0027,2026-09-15 06:00:00,24.42,3.46,99.0,9.87,9.24557,76.3026
VIL_0028,2026-09-15 06:00:00,24.21,2.49,98.3,9.29,9.3486,76.2864
VIL_0029,2026-09-15 06:00:00,25.15,5.46,99.0,11.15,9.48062,76.31203
VIL_0030,2026-09-15 06:00:00,24.42,2.41,98.7,9.03,9.31628,76.36781
VIL_0031,2026-09-15 06:00:00,24.79,2.22,99.0,11.78,9.27428,76.44566
VIL_0032,2026-09-15 06:00:00,23.85,3.88,99.0,9.83,9.25437,76.50107
VIL_0033,2026-09-15 06:00:00,23.83,3.58,99.0,10.76,9.46367,76.26461
VIL_0034,2026-09-15 06:00:00,24.24,0.0,94.51,9.9,9.22665,76.6754
VIL_0035,2026-09-15 06:00:00,23.75,2.68,93.29,9.2,9.40405,76.64379
VIL_0036,2026-09-15 06:00:00,24.74,0.0,93.0,9.92,9.44489,76.65732
VIL_0037,2026-09-15 06:00:00,23.89,0.0,97.72,8.88,9.44149,76.71701
VIL_0038,2026-09-15 06:00:00,25.46,0.0,92.45,9.5,9.30184,76.49062
VIL_0039,2026-09-15 06:00:00,23.68,0.0,95.02,9.13,9.27825,76.66265
VIL_0040,2026-09-15 06:00:00,23.43,0.0,95.83,10.77,9.45088,76.82727
VIL_0041,2026-09-15 06:00:00,23.9,0.0,94.73,11.68,9.49816,76.77766
VIL_0042,2026-09-15 06:00:00,23.11,0.0,96.03,10.98,9.26788,76.84997
VIL_0043,2026-09-15 06:00:00,24.11,0.0,94.43,9.84,9.46024,76.80438
VIL_0044,2026-09-15 06:00:00,24.52,0.0,96.09,11.77,9.46329,76.78414
VIL_0045,2026-09-15 06:00:00,24.74,0.0,97.14,10.94,9.38882,76.76426
VIL_0046,2026-09-15 06:00:00,23.66,0.0,95.04,11.52,9.23963,76.66837
VIL_0047,2026-09-15 06:00:00,24.42,0.0,95.14,10.58,9.24143,76.82692
VIL_0048,2026-09-15 06:00:00,24.76,9.52,99.0,8.29,9.72998,76.74265
VIL_0049,2026-09-15 06:00:00,25.02,9.71,99.0,7.29,9.6028,76.71533
VIL_0050,2026-09-15 06:00:00,25.72,10.28,99.0,7.93,9.72295,76.59492
VIL_0051,2026-09-15 06:00:00,25.17,9.23,99.0,7.75,9.84386,76.71366
VIL_0052,2026-09-15 06:00:00,24.52,9.54,99.0,6.57,9.76944,76.79814
VIL_0053,2026-09-15 06:00:00,25.11,9.68,99.0,5.52,9.74831,76.62269
VIL_0054,2026-09-15 06:00:00,24.57,11.79,98.9,9.28,9.59265,76.67096
VIL_0055,2026-09-15 06:00:00,21.82,0.0,84.75,6.83,9.99397,77.17777
VIL_0056,2026-09-15 06:00:00,21.62,0.81,87.18,7.11,10.0998,77.15223
VIL_0057,2026-09-15 06:00:00,22.09,0.0,84.28,5.91,10.20683,77.0054
VIL_0058,2026-09-15 06:00:00,22.62,0.0,85.18,5.79,9.97102,76.97838
VIL_0059,2026-09-15 06:00:00,20.66,0.0,85.63,7.11,10.06613,77.1554
VIL_0060,2026-09-15 06:00:00,22.01,0.0,83.66,7.14,10.19622,76.91209
VIL_0061,2026-09-15 06:00:00,22.16,0.0,86.16,6.74,10.09122,77.03522
VIL_0062,2026-09-15 06:00:00,23.73,7.67,99.0,6.05,9.95373,76.64282
VIL_0063,2026-09-15 06:00:00,23.27,7.04,99.0,6.02,9.81924,76.61249
VIL_0064,2026-09-15 06:00:00,23.07,7.4,99.0,7.47,9.81163,76.72943
VIL_0065,2026-09-15 06:00:00,22.87,8.59,99.0,6.47,9.86715,76.58147
VIL_0066,2026-09-15 06:00:00,22.46,7.95,99.0,5.01,9.82217,76.63606
VIL_0067,2026-09-15 06:00:00,22.66,9.68,99.0,7.31,9.95489,76.77568
VIL_0068,2026-09-15 06:00:00,22.65,7.22,99.0,6.63,9.79043,76.86132
VIL_0069,2026-09-15 06:00:00,21.75,7.69,99.0,5.3,9.82603,76.85498
VIL_0070,2026-09-15 06:00:00,20.36,2.21,96.32,7.01,9.70244,77.08059
VIL_0071,2026-09-15 06:00:00,21.31,3.52,99.0,9.77,9.95948,77.06887
VIL_0072,2026-09-15 06:00:00,20.6,7.5,98.91,7.75,9.73047,77.14384
VIL_0073,2026-09-15 06:00:00,19.37,2.16,99.0,9.88,9.9827,77.06962
VIL_0074,2026-09-15 06:00:00,19.1,1.98,97.38,6.22,9.88864,77.22549
VIL_0075,2026-09-15 06:00:00,21.1,3.5,96.63,8.48,9.75829,77.21546
VIL_0076,2026-09-15 06:00:00,20.71,3.39,97.45,8.87,9.79733,77.18669
VIL_0077,2026-09-15 06:00:00,23.92,0.0,89.71,7.55,10.20293,76.4465
VIL_0078,2026-09-15 06:00:00,25.02,0.0,87.56,8.46,10.00322,76.35946
VIL_0079,2026-09-15 06:00:00,24.14,0.0,89.27,9.24,10.16674,76.46451
VIL_0080,2026-09-15 06:00:00,24.62,1.28,87.74,8.55,10.05579,76.27307
VIL_0081,2026-09-15 06:00:00,23.64,0.0,88.27,8.58,10.17134,76.44985
VIL_0082,2026-09-15 06:00:00,25.33,0.0,89.13,7.52,10.0626,76.23585
VIL_0083,2026-09-15 06:00:00,24.64,0.0,96.38,9.12,10.04028,76.54402
VIL_0084,2026-09-15 06:00:00,24.47,0.0,97.67,10.43,10.11402,76.46926
VIL_0085,2026-09-15 06:00:00,24.01,0.0,99.0,10.04,9.93532,76.46204
VIL_0086,2026-09-15 06:00:00,23.28,0.0,99.0,9.84,10.11041,76.6912
VIL_0087,2026-09-15 06:00:00,25.91,4.9,99.0,7.01,10.22557,76.23549
VIL_0088,2026-09-15 06:00:00,26.35,3.16,99.0,6.53,10.45165,76.33799
VIL_0089,2026-09-15 06:00:00,24.37,6.58,99.0,6.94,10.23525,76.48188
VIL_0090,2026-09-15 06:00:00,26.05,4.69,99.0,7.0,10.44663,76.35049
VIL_0091,2026-09-15 06:00:00,25.44,3.3,96.35,4.57,10.42179,76.23961
VIL_0092,2026-09-15 06:00:00,24.81,3.44,99.0,6.29,10.24066,76.39311
VIL_0093,2026-09-15 06:00:00,25.25,0.0,98.48,8.38,10.7689,76.21235
VIL_0094,2026-09-15 06:00:00,22.95,0.56,97.81,8.86,10.77833,76.34628
VIL_0095,2026-09-15 06:00:00,23.41,0.0,99.0,7.74,10.79269,76.3266
VIL_0096,2026-09-15 06:00:00,24.5,0.0,97.5,9.87,10.7127,76.26521
VIL_0097,2026-09-15 06:00:00,22.66,0.0,98.46,7.92,10.62368,76.37304
VIL_0098,2026-09-15 06:00:00,24.85,0.0,95.76,8.64,10.8041,76.17618
VIL_0099,2026-09-15 06:00:00,22.0,0.0,94.43,13.47,10.78168,76.63853
VIL_0100,2026-09-15 06:00:00,22.3,0.01,96.79,13.37,10.93434,76.55678
VIL_0101,2026-09-15 06:00:00,21.55,0.0,93.41,12.02,10.64142,76.65217
VIL_0102,2026-09-15 06:00:00,22.34,0.0,92.74,12.62,10.68965,76.61394
VIL_0103,2026-09-15 06:00:00,22.09,0.0,94.04,12.98,10.85925,76.72028
VIL_0104,2026-09-15 06:00:00,24.29,0.0,90.27,10.78,11.00176,76.46064
VIL_0105,2026-09-15 06:00:00,24.25,0.0,91.51,10.9,11.0299,76.38314
VIL_0106,2026-09-15 06:00:00,23.72,0.0,94.11,11.36,11.01596,76.60167
VIL_0107,2026-09-15 06:00:00,23.13,3.41,90.88,9.92,10.98502,76.57983
VIL_0108,2026-09-15 06:00:00,21.98,0.33,99.0,10.5,11.17344,76.68379
VIL_0109,2026-09-15 06:00:00,22.97,1.02,97.0,11.08,11.10807,76.68076
VIL_0110,2026-09-15 06:00:00,21.94,0.4,97.83,13.93,10.99357,76.74974
VIL_0111,2026-09-15 06:00:00,22.5,0.36,97.38,10.14,11.01923,76.54029
VIL_0112,2026-09-15 06:00:00,23.54,1.34,96.3,12.9,11.12864,76.58613
VIL_0113,2026-09-15 06:00:00,21.85,1.41,99.0,12.84,11.21714,76.81918
VIL_0114,2026-09-15 06:00:00,23.03,0.0,88.13,9.53,11.09105,76.29932
VIL_0115,2026-09-15 06:00:00,23.84,0.0,88.0,8.98,11.11192,76.17423
VIL_0116,2026-09-15 06:00:00,24.37,0.0,88.66,10.23,10.99183,76.24669
VIL_0117,2026-09-15 06:00:00,25.09,0.0,88.28,10.61,11.1201,76.0976
VIL_0118,2026-09-15 06:00:00,25.11,0.0,84.7,9.37,10.91771,76.13227
VIL_0119,2026-09-15 06:00:00,23.86,0.0,89.25,10.08,10.90654,76.22058
VIL_0120,2026-09-15 06:00:00,23.9,0.0,88.73,8.67,10.93781,76.19341
VIL_0121,2026-09-15 06:00:00,23.07,0.0,89.02,9.54,11.07926,76.35401
VIL_0122,2026-09-15 06:00:00,23.03,0.0,93.81,9.63,11.3115,76.37302
VIL_0123,2026-09-15 06:00:00,24.35,0.0,92.99,10.32,11.16903,76.2315
VIL_0124,2026-09-15 06:00:00,22.89,0.0,93.24,10.76,11.39021,76.29823
VIL_0125,2026-09-15 06:00:00,24.12,0.0,92.34,9.32,11.3361,76.28675
VIL_0126,2026-09-15 06:00:00,24.87,0.0,89.75,10.84,11.23485,76.16408
VIL_0127,2026-09-15 06:00:00,24.96,0.0,86.91,9.85,11.45003,76.02212
VIL_0128,2026-09-15 06:00:00,26.68,0.0,86.76,11.12,11.48097,75.9154
VIL_0129,2026-09-15 06:00:00,26.35,0.0,88.93,10.06,11.35745,76.00149
VIL_0130,2026-09-15 06:00:00,25.91,0.0,86.46,10.32,11.40199,75.97259
VIL_0131,2026-09-15 06:00:00,24.97,0.72,85.11,8.49,11.44574,76.029
VIL_0132,2026-09-15 06:00:00,26.96,0.0,90.13,3.69,11.62666,75.57154
VIL_0133,2026-09-15 06:00:00,27.87,0.0,89.97,3.91,11.65461,75.53845
VIL_0134,2026-09-15 06:00:00,27.22,0.0,91.52,4.18,11.49951,75.73455
VIL_0135,2026-09-15 06:00:00,27.38,0.0,90.44,4.02,11.70468,75.69812
VIL_0136,2026-09-15 06:00:00,28.04,0.0,90.57,3.55,11.52808,75.45165
VIL_0137,2026-09-15 06:00:00,26.59,0.0,90.2,4.8,11.54398,75.60112
VIL_0138,2026-09-15 06:00:00,28.03,0.0,87.84,4.51,11.551,75.68836
VIL_0139,2026-09-15 06:00:00,25.26,0.0,89.1,8.59,11.52275,76.11987
VIL_0140,2026-09-15 06:00:00,25.46,0.0,89.84,8.11,11.4836,75.9485
VIL_0141,2026-09-15 06:00:00,25.89,0.0,90.29,9.27,11.61741,76.09519
VIL_0142,2026-09-15 06:00:00,24.75,0.0,90.9,8.91,11.64923,76.15083
VIL_0143,2026-09-15 06:00:00,25.43,0.0,92.08,9.49,11.75076,76.08789
VIL_0144,2026-09-15 06:00:00,25.28,0.0,90.03,10.51,11.55489,76.17156
VIL_0145,2026-09-15 06:00:00,23.89,0.0,89.4,9.65,11.53925,76.06469
VIL_0146,2026-09-15 06:00:00,24.64,5.55,97.0,6.25,11.66061,76.14179
VIL_0147,2026-09-15 06:00:00,25.72,4.47,94.58,7.66,11.90379,76.06179
VIL_0148,2026-09-15 06:00:00,26.07,2.62,97.17,7.03,11.77569,75.90499
VIL_0149,2026-09-15 06:00:00,25.95,8.1,93.98,6.91,11.69993,75.92807
VIL_0150,2026-09-15 06:00:00,24.98,2.97,97.42,5.08,11.81777,76.06738
VIL_0151,2026-09-15 06:00:00,25.1,3.71,98.27,7.69,11.59598,76.39346
VIL_0152,2026-09-15 06:00:00,25.29,3.52,96.27,7.61,11.73337,76.27331
VIL_0153,2026-09-15 06:00:00,25.11,3.38,96.84,7.43,11.69552,76.23288
VIL_0154,2026-09-15 06:00:00,25.53,4.17,96.77,7.99,11.58632,76.21379
VIL_0155,2026-09-15 06:00:00,25.39,4.21,97.3,8.6,11.73935,76.11132
VIL_0156,2026-09-15 06:00:00,26.71,3.31,97.41,8.18,11.54682,76.1208
VIL_0157,2026-09-15 06:00:00,25.5,4.95,96.36,7.93,11.52422,76.36364
VIL_0158,2026-09-15 06:00:00,26.43,4.22,96.86,7.72,11.7231,76.24925
VIL_0159,2026-09-15 06:00:00,27.71,0.0,80.14,8.69,12.12501,75.45007
VIL_0160,2026-09-15 06:00:00,29.01,0.0,81.02,10.2,11.99989,75.3474
VIL_0161,2026-09-15 06:00:00,28.75,0.0,81.78,8.52,12.09093,75.22242
VIL_0162,2026-09-15 06:00:00,27.29,0.0,83.09,7.9,12.18074,75.474
VIL_0163,2026-09-15 06:00:00,28.16,0.0,83.46,9.79,11.97427,75.21259
VIL_0164,2026-09-15 06:00:00,24.35,0.0,93.35,12.87,11.98294,75.77395
VIL_0165,2026-09-15 06:00:00,24.28,0.0,91.15,12.57,12.02961,75.56588
VIL_0166,2026-09-15 06:00:00,24.61,0.0,95.02,11.59,11.85317,75.70973
VIL_0167,2026-09-15 06:00:00,26.08,0.0,91.69,12.32,11.83995,75.69273
VIL_0168,2026-09-15 06:00:00,23.14,0.0,95.96,11.6,12.11407,75.68964
VIL_0169,2026-09-15 06:00:00,24.74,0.0,90.74,11.85,11.94845,75.70999
VIL_0170,2026-09-15 06:00:00,26.02,0.0,93.68,9.2,12.40136,75.18919
VIL_0171,2026-09-15 06:00:00,26.92,0.0,93.89,8.63,12.34578,75.18913
VIL_0172,2026-09-15 06:00:00,26.7,0.0,98.28,10.83,12.35345,75.00501
VIL_0173,2026-09-15 06:00:00,27.56,0.0,96.67,11.5,12.24019,75.00738
VIL_0174,2026-09-15 06:00:00,28.13,7.98,99.0,11.99,12.37169,75.02048
VIL_0175,2026-09-15 06:00:00,27.68,8.16,99.0,9.2,12.46097,75.03172
VIL_0176,2026-09-15 06:00:00,27.53,8.91,99.0,10.78,12.47562,75.03948
VIL_0177,2026-09-15 06:00:00,28.09,7.88,99.0,10.41,12.46219,74.91321
VIL_0178,2026-09-15 06:00:00,27.47,7.96,99.0,11.09,12.50881,75.04287
VIL_0001,2026-09-15 12:00:00,27.98,13.22,88.08,7.76,8.73621,77.0676
VIL_0002,2026-09-15 12:00:00,29.72,11.67,88.24,8.26,8.6306,76.89481
VIL_0003,2026-09-15 12:00:00,28.84,12.34,86.0,9.2,8.4978,76.86543
VIL_0004,2026-09-15 12:00:00,28.28,13.65,84.94,7.71,8.71085,77.02833
VIL_0005,2026-09-15 12:00:00,28.07,12.63,87.12,7.15,8.66342,76.85418
VIL_0006,2026-09-15 12:00:00,28.66,12.22,86.4,8.78,8.74197,77.09773
VIL_0007,2026-09-15 12:00:00,27.3,13.83,87.51,7.6,8.5147,76.90255
VIL_0008,2026-09-15 12:00:00,26.78,0.0,74.56,3.79,8.37924,77.1885
VIL_0009,2026-09-15 12:00:00,28.25,0.0,73.29,3.55,8.19612,77.01192
VIL_0010,2026-09-15 12:00:00,26.74,0.0,72.87,4.03,8.35143,77.12496
VIL_0011,2026-09-15 12:00:00,26.19,0.0,75.78,4.37,8.208,77.29713
VIL_0012,2026-09-15 12:00:00,27.77,0.0,74.72,2.69,8.26383,77.03218
VIL_0013,2026-09-15 12:00:00,28.52,0.0,72.12,4.23,8.37952,77.11974
VIL_0014,2026-09-15 12:00:00,27.08,0.0,74.02,5.24,8.48897,77.14503
VIL_0015,2026-09-15 12:00:00,26.93,0.0,75.02,2.29,8.45198,77.20909
VIL_0016,2026-09-15 12:00:00,29.12,0.0,74.49,7.53,8.87052,76.90667
VIL_0017,2026-09-15 12:00:00,30.09,0.0,73.78,8.28,9.14069,76.86452
VIL_0018,2026-09-15 12:00:00,29.67,0.0,75.96,6.74,8.94238,76.6513
VIL_0019,2026-09-15 12:00:00,29.24,0.0,72.33,7.34,9.05627,76.75405
VIL_0020,2026-09-15 12:00:00,29.29,0.0,76.25,7.54,9.01655,76.78832
VIL_0021,2026-09-15 12:00:00,29.47,0.0,75.11,6.16,9.1408,76.85563
VIL_0022,2026-09-15 12:00:00,29.16,0.0,73.71,6.69,9.06676,76.87151
VIL_0023,2026-09-15 12:00:00,29.76,0.14,74.17,5.78,9.02402,76.94201
VIL_0024,2026-09-15 12:00:00,28.3,0.0,75.99,5.48,8.92346,77.06888
VIL_0025,2026-09-15 12:00:00,27.85,0.0,72.89,6.92,9.10054,77.05985
VIL_0026,2026-09-15 12:00:00,28.49,0.0,74.05,6.68,9.13645,76.95737
VIL_0027,2026-09-15 12:00:00,30.18,0.0,71.09,12.27,9.24557,76.3026
VIL_0028,2026-09-15 12:00:00,30.0,3.07,73.1,11.53,9.3486,76.2864
VIL_0029,2026-09-15 12:00:00,30.18,0.0,69.22,10.41,9.48062,76.31203
VIL_0030,2026-09-15 12:00:00,30.48,0.76,74.26,11.74,9.31628,76.36781
VIL_0031,2026-09-15 12:00:00,30.73,0.0,69.85,12.92,9.27428,76.44566
VIL_0032,2026-09-15 12:00:00,29.94,0.0,72.97,10.97,9.25437,76.50107
VIL_0033,2026-09-15 12:00:00,29.65,0.0,71.47,10.97,9.46367,76.26461
VIL_0034,2026-09-15 12:00:00,30.34,4.31,73.77,10.08,9.22665,76.6754
VIL_0035,2026-09-15 12:00:00,29.68,0.0,76.16,12.21,9.40405,76.64379
VIL_0036,2026-09-15 12:00:00,31.07,0.0,72.23,11.48,9.44489,76.65732
VIL_0037,2026-09-15 12:00:00,30.16,0.0,73.32,11.82,9.44149,76.71701
VIL_0038,2026-09-15 12:00:00,31.17,0.0,69.82,10.12,9.30184,76.49062
VIL_0039,2026-09-15 12:00:00,30.31,0.18,73.97,9.32,9.27825,76.66265
VIL_0040,2026-09-15 12:00:00,29.66,15.38,86.49,8.46,9.45088,76.82727
VIL_0041,2026-09-15 12:00:00,30.27,14.58,89.12,6.85,9.49816,76.77766
VIL_0042,2026-09-15 12:00:00,29.53,17.67,87.77,8.5,9.26788,76.84997
VIL_0043,2026-09-15 12:00:00,29.7,15.79,86.78,6.73,9.46024,76.80438
VIL_0044,2026-09-15 12:00:00,30.17,14.73,87.75,7.53,9.46329,76.78414
VIL_0045,2026-09-15 12:00:00,31.14,14.06,85.74,7.47,9.38882,76.76426
VIL_0046,2026-09-15 12:00:00,30.28,16.43,85.75,7.69,9.23963,76.66837
VIL_0047,2026-09-15 12:00:00,30.14,19.48,88.14,8.68,9.24143,76.82692
VIL_0048,2026-09-15 12:00:00,30.12,0.0,75.48,0.5,9.72998,76.74265
VIL_0049,2026-09-15 12:00:00,29.58,0.0,74.75,2.14,9.6028,76.71533
VIL_0050,2026-09-15 12:00:00,29.55,0.0,76.35,2.01,9.72295,76.59492
VIL_0051,2026-09-15 12:00:00,29.03,0.0,76.61,2.28,9.84386,76.71366
VIL_0052,2026-09-15 12:00:00,29.14,1.48,74.72,2.36,9.76944,76.79814
VIL_0053,2026-09-15 12:00:00,29.31,0.0,76.96,0.82,9.74831,76.62269
VIL_0054,2026-09-15 12:00:00,29.64,0.0,76.0,3.59,9.59265,76.67096
VIL_0055,2026-09-15 12:00:00,26.65,14.44,75.73,6.07,9.99397,77.17777
VIL_0056,2026-09-15 12:00:00,26.37,13.05,76.65,6.3,10.0998,77.15223
VIL_0057,2026-09-15 12:00:00,26.72,13.38,74.94,5.64,10.20683,77.0054
VIL_0058,2026-09-15 12:00:00,26.76,13.5,79.39,5.72,9.97102,76.97838
VIL_0059,2026-09-15 12:00:00,26.53,13.39,76.42,5.69,10.06613,77.1554
VIL_0060,2026-09-15 12:00:00,26.77,13.94,77.85,4.26,10.19622,76.91209
VIL_0061,2026-09-15 12:00:00,27.58,15.46,73.6,5.34,10.09122,77.03522
VIL_0062,2026-09-15 12:00:00,30.98,0.0,72.9,10.32,9.95373,76.64282
VIL_0063,2026-09-15 12:00:00,31.36,0.0,73.95,9.64,9.81924,76.61249
VIL_0064,2026-09-15 12:00:00,30.56,0.0,75.77,9.67,9.81163,76.72943
VIL_0065,2026-09-15 12:00:00,30.78,0.0,75.39,8.39,9.86715,76.58147
VIL_0066,2026-09-15 12:00:00,29.61,0.24,75.13,10.01,9.82217,76.63606
VIL_0067,2026-09-15 12:00:00,30.76,0.0,75.66,10.32,9.95489,76.77568
VIL_0068,2026-09-15 12:00:00,30.46,0.0,73.54,9.68,9.79043,76.86132
VIL_0069,2026-09-15 12:00:00,29.17,0.0,73.62,9.51,9.82603,76.85498
VIL_0070,2026-09-15 12:00:00,28.68,4.66,80.01,6.97,9.70244,77.08059
VIL_0071,2026-09-15 12:00:00,29.46,7.19,77.92,8.07,9.95948,77.06887
VIL_0072,2026-09-15 12:00:00,29.09,4.23,76.95,8.07,9.73047,77.14384
VIL_0073,2026-09-15 12:00:00,27.65,4.41,78.79,7.34,9.9827,77.06962
VIL_0074,2026-09-15 12:00:00,26.96,7.63,79.89,7.21,9.88864,77.22549
VIL_0075,2026-09-15 12:00:00,29.35,3.28,79.23,6.37,9.75829,77.21546
VIL_0076,2026-09-15 12:00:00,28.8,5.98,77.6,5.54,9.79733,77.18669
VIL_0077,2026-09-15 12:00:00,29.67,4.62,87.46,6.05,10.20293,76.4465
VIL_0078,2026-09-15 12:00:00,30.99,5.41,88.58,6.65,10.00322,76.35946
VIL_0079,2026-09-15 12:00:00,30.33,5.25,88.86,7.15,10.16674,76.46451
VIL_0080,2026-09-15 12:00:00,31.58,5.3,84.25,6.67,10.05579,76.27307
VIL_0081,2026-09-15 12:00:00,30.45,4.77,85.24,6.34,10.17134,76.44985
VIL_0082,2026-09-15 12:00:00,31.13,3.83,81.85,6.73,10.0626,76.23585
VIL_0083,2026-09-15 12:00:00,29.57,0.0,69.82,2.67,10.04028,76.54402
VIL_0084,2026-09-15 12:00:00,29.92,0.0,69.12,2.6,10.11402,76.46926
VIL_0085,2026-09-15 12:00:00,29.72,0.0,72.07,1.33,9.93532,76.46204
VIL_0086,2026-09-15 12:00:00,28.98,0.0,69.36,0.77,10.11041,76.6912
VIL_0087,2026-09-15 12:00:00,31.22,0.0,76.01,6.95,10.22557,76.23549
VIL_0088,2026-09-15 12:00:00,31.48,0.0,74.6,8.42,10.45165,76.33799
VIL_0089,2026-09-15 12:00:00,29.97,1.41,76.25,7.03,10.23525,76.48188
VIL_0090,2026-09-15 12:00:00,30.97,0.0,75.85,5.68,10.44663,76.35049
VIL_0091,2026-09-15 12:00:00,31.96,0.0,73.46,7.36,10.42179,76.23961
VIL_0092,2026-09-15 12:00:00,30.29,0.0,75.78,7.34,10.24066,76.39311
VIL_0093,2026-09-15 12:00:00,32.24,5.37,79.17,1.26,10.7689,76.21235
VIL_0094,2026-09-15 12:00:00,29.47,8.41,82.42,1.21,10.77833,76.34628
VIL_0095,2026-09-15 12:00:00,30.97,6.52,78.41,2.5,10.79269,76.3266
VIL_0096,2026-09-15 12:00:00,31.28,5.45,81.3,1.08,10.7127,76.26521
VIL_0097,2026-09-15 12:00:00,30.35,5.98,85.65,1.13,10.62368,76.37304
VIL_0098,2026-09-15 12:00:00,30.96,6.31,80.34,3.52,10.8041,76.17618
VIL_0099,2026-09-15 12:00:00,28.82,15.19,84.85,10.31,10.78168,76.63853
VIL_0100,2026-09-15 12:00:00,28.67,15.19,84.76,9.59,10.93434,76.55678
VIL_0101,2026-09-15 12:00:00,27.98,16.42,85.68,9.64,10.64142,76.65217
VIL_0102,2026-09-15 12:00:00,28.77,14.89,88.07,10.3,10.68965,76.61394
VIL_0103,2026-09-15 12:00:00,28.87,17.39,84.57,9.87,10.85925,76.72028
VIL_0104,2026-09-15 12:00:00,29.07,0.0,72.82,12.72,11.00176,76.46064
VIL_0105,2026-09-15 12:00:00,29.48,2.13,72.57,11.67,11.0299,76.38314
VIL_0106,2026-09-15 12:00:00,28.46,0.0,72.86,13.41,11.01596,76.60167
VIL_0107,2026-09-15 12:00:00,27.99,0.44,74.98,10.41,10.98502,76.57983
VIL_0108,2026-09-15 12:00:00,28.56,5.38,79.33,12.08,11.17344,76.68379
VIL_0109,2026-09-15 12:00:00,28.91,6.08,80.71,11.15,11.10807,76.68076
VIL_0110,2026-09-15 12:00:00,28.69,3.69,82.5,11.33,10.99357,76.74974
VIL_0111,2026-09-15 12:00:00,29.94,3.54,79.42,11.4,11.01923,76.54029
VIL_0112,2026-09-15 12:00:00,30.17,3.99,80.17,11.33,11.12864,76.58613
VIL_0113,2026-09-15 12:00:00,28.28,5.41,81.37,10.69,11.21714,76.81918
VIL_0114,2026-09-15 12:00:00,29.0,1.27,70.45,4.24,11.09105,76.29932
VIL_0115,2026-09-15 12:00:00,30.59,0.14,69.24,7.55,11.11192,76.17423
VIL_0116,2026-09-15 12:00:00,31.31,0.0,67.33,7.24,10.99183,76.24669
VIL_0117,2026-09-15 12:00:00,31.63,0.0,64.97,6.86,11.1201,76.0976
VIL_0118,2026-09-15 12:00:00,31.37,0.0,67.96,8.03,10.91771,76.13227
VIL_0119,2026-09-15 12:00:00,30.5,0.0,67.3,6.62,10.90654,76.22058
VIL_0120,2026-09-15 12:00:00,30.05,0.0,67.34,5.21,10.93781,76.19341
VIL_0121,2026-09-15 12:00:00,29.77,0.0,70.36,6.79,11.07926,76.35401
VIL_0122,2026-09-15 12:00:00,29.02,1.83,81.5,9.6,11.3115,76.37302
VIL_0123,2026-09-15 12:00:00,29.59,1.86,81.86,9.76,11.16903,76.2315
VIL_0124,2026-09-15 12:00:00,29.62,5.59,84.28,8.25,11.39021,76.29823
VIL_0125,2026-09-15 12:00:00,29.81,1.66,84.79,9.31,11.3361,76.28675
VIL_0126,2026-09-15 12:00:00,31.28,2.63,83.58,7.11,11.23485,76.16408
VIL_0127,2026-09-15 12:00:00,31.01,10.89,85.79,5.65,11.45003,76.02212
VIL_0128,2026-09-15 12:00:00,32.48,7.9,84.45,6.77,11.48097,75.9154
VIL_0129,2026-09-15 12:00:00,32.47,9.71,88.3,6.78,11.35745,76.00149
VIL_0130,2026-09-15 12:00:00,31.38,8.58,85.96,6.79,11.40199,75.97259
VIL_0131,2026-09-15 12:00:00,30.98,10.01,87.67,5.74,11.44574,76.029
VIL_0132,2026-09-15 12:00:00,33.33,0.0,70.27,9.01,11.62666,75.57154
VIL_0133,2026-09-15 12:00:00,34.74,0.0,69.55,8.89,11.65461,75.53845
VIL_0134,2026-09-15 12:00:00,33.1,0.0,68.42,8.64,11.49951,75.73455
VIL_0135,2026-09-15 12:00:00,33.33,0.0,71.11,9.92,11.70468,75.69812
VIL_0136,2026-09-15 12:00:00,34.0,0.0,69.93,9.64,11.52808,75.45165
VIL_0137,2026-09-15 12:00:00,32.41,0.0,69.47,9.17,11.54398,75.60112
VIL_0138,2026-09-15 12:00:00,34.61,0.0,67.59,8.75,11.551,75.68836
VIL_0139,2026-09-15 12:00:00,31.73,12.9,77.55,6.89,11.52275,76.11987
VIL_0140,2026-09-15 12:00:00,32.17,10.63,77.4,8.0,11.4836,75.9485
VIL_0141,2026-09-15 12:00:00,32.71,11.27,79.4,7.58,11.61741,76.09519
VIL_0142,2026-09-15 12:00:00,31.1,10.61,77.69,6.87,11.64923,76.15083
VIL_0143,2026-09-15 12:00:00,32.26,11.23,78.03,7.36,11.75076,76.08789
VIL_0144,2026-09-15 12:00:00,31.55,17.22,78.99,7.47,11.55489,76.17156
VIL_0145,2026-09-15 12:00:00,31.18,10.88,79.03,6.89,11.53925,76.06469
VIL_0146,2026-09-15 12:00:00,31.04,23.63,75.99,8.94,11.66061,76.14179
VIL_0147,2026-09-15 12:00:00,31.9,28.21,78.3,9.28,11.90379,76.06179
VIL_0148,2026-09-15 12:00:00,33.42,23.54,76.25,7.74,11.77569,75.90499
VIL_0149,2026-09-15 12:00:00,32.9,23.67,77.27,8.44,11.69993,75.92807
VIL_0150,2026-09-15 12:00:00,31.05,23.55,77.51,7.71,11.81777,76.06738
VIL_0151,2026-09-15 12:00:00,30.21,0.0,70.76,10.88,11.59598,76.39346
VIL_0152,2026-09-15 12:00:00,31.29,0.0,65.41,12.28,11.73337,76.27331
VIL_0153,2026-09-15 12:00:00,31.12,0.0,68.35,10.04,11.69552,76.23288
VIL_0154,2026-09-15 12:00:00,31.32,0.0,65.71,12.29,11.58632,76.21379
VIL_0155,2026-09-15 12:00:00,31.14,0.0,69.41,11.65,11.73935,76.11132
VIL_0156,2026-09-15 12:00:00,31.9,0.0,66.69,10.71,11.54682,76.1208
VIL_0157,2026-09-15 12:00:00,31.2,0.0,70.33,11.81,11.52422,76.36364
VIL_0158,2026-09-15 12:00:00,31.48,0.0,68.14,10.99,11.7231,76.24925
VIL_0159,2026-09-15 12:00:00,33.65,0.0,73.82,11.31,12.12501,75.45007
VIL_0160,2026-09-15 12:00:00,33.89,0.0,73.18,11.51,11.99989,75.3474
VIL_0161,2026-09-15 12:00:00,34.61,0.0,74.12,10.69,12.09093,75.22242
VIL_0162,2026-09-15 12:00:00,33.35,0.0,71.67,11.09,12.18074,75.474
VIL_0163,2026-09-15 12:00:00,33.89,0.0,73.54,11.21,11.97427,75.21259
VIL_0164,2026-09-15 12:00:00,30.77,5.52,82.69,8.25,11.98294,75.77395
VIL_0165,2026-09-15 12:00:00,31.05,2.02,81.27,8.4,12.02961,75.56588
VIL_0166,2026-09-15 12:00:00,31.36,2.13,81.15,7.76,11.85317,75.70973
VIL_0167,2026-09-15 12:00:00,32.63,1.35,78.08,9.0,11.83995,75.69273
VIL_0168,2026-09-15 12:00:00,30.36,2.77,79.24,7.39,12.11407,75.68964
VIL_0169,2026-09-15 12:00:00,31.11,2.64,78.85,7.33,11.94845,75.70999
VIL_0170,2026-09-15 12:00:00,34.64,20.27,82.54,12.88,12.40136,75.18919
VIL_0171,2026-09-15 12:00:00,35.4,20.22,84.83,13.4,12.34578,75.18913
VIL_0172,2026-09-15 12:00:00,34.72,20.13,85.47,14.98,12.35345,75.00501
VIL_0173,2026-09-15 12:00:00,35.34,17.38,84.15,13.33,12.24019,75.00738
VIL_0174,2026-09-15 12:00:00,34.9,0.0,76.92,6.82,12.37169,75.02048
VIL_0175,2026-09-15 12:00:00,35.03,0.0,75.82,7.5,12.46097,75.03172
VIL_0176,2026-09-15 12:00:00,35.2,0.0,76.86,7.43,12.47562,75.03948
VIL_0177,2026-09-15 12:00:00,34.44,0.0,79.18,7.13,12.46219,74.91321
VIL_0178,2026-09-15 12:00:00,34.82,0.0,74.53,7.81,12.50881,75.04287
VIL_0001,2026-09-15 18:00:00,27.66,17.26,87.92,9.32,8.73621,77.0676
VIL_0002,2026-09-15 18:00:00,28.43,14.78,86.93,9.6,8.6306,76.89481
VIL_0003,2026-09-15 18:00:00,28.21,16.14,88.52,9.88,8.4978,76.86543
VIL_0004,2026-09-15 18:00:00,28.14,16.06,87.15,10.4,8.71085,77.02833
VIL_0005,2026-09-15 18:00:00,27.52,16.41,86.41,8.1,8.66342,76.85418
VIL_0006,2026-09-15 18:00:00,28.71,14.85,87.27,8.72,8.74197,77.09773
VIL_0007,2026-09-15 18:00:00,26.91,16.79,89.83,6.85,8.5147,76.90255
VIL_0008,2026-09-15 18:00:00,25.61,3.26,84.24,3.64,8.37924,77.1885
VIL_0009,2026-09-15 18:00:00,27.05,0.0,84.01,3.98,8.19612,77.01192
VIL_0010,2026-09-15 18:00:00,26.19,0.0,86.6,2.8,8.35143,77.12496
VIL_0011,2026-09-15 18:00:00,24.6,0.0,87.91,2.92,8.208,77.29713
VIL_0012,2026-09-15 18:00:00,26.27,0.0,87.84,4.44,8.26383,77.03218
VIL_0013,2026-09-15 18:00:00,26.59,0.0,88.79,3.33,8.37952,77.11974
VIL_0014,2026-09-15 18:00:00,26.44,0.0,86.7,2.84,8.48897,77.14503
VIL_0015,2026-09-15 18:00:00,25.56,0.0,85.46,2.66,8.45198,77.20909
VIL_0016,2026-09-15 18:00:00,27.27,0.0,74.98,8.71,8.87052,76.90667
VIL_0017,2026-09-15 18:00:00,27.16,0.0,73.01,7.72,9.14069,76.86452
VIL_0018,2026-09-15 18:00:00,27.96,0.0,72.06,7.68,8.94238,76.6513
VIL_0019,2026-09-15 18:00:00,27.0,0.0,74.57,8.42,9.05627,76.75405
VIL_0020,2026-09-15 18:00:00,29.7,1.23,80.57,6.82,9.01655,76.78832
VIL_0021,2026-09-15 18:00:00,28.74,0.55,81.0,6.31,9.1408,76.85563
VIL_0022,2026-09-15 18:00:00,28.96,0.0,81.44,7.84,9.06676,76.87151
VIL_0023,2026-09-15 18:00:00,29.45,0.0,79.94,5.53,9.02402,76.94201
VIL_0024,2026-09-15 18:00:00,27.89,0.0,83.12,7.19,8.92346,77.06888
VIL_0025,2026-09-15 18:00:00,27.04,0.0,83.7,6.6,9.10054,77.05985
VIL_0026,2026-09-15 18:00:00,28.2,0.0,81.3,7.02,9.13645,76.95737
VIL_0027,2026-09-15 18:00:00,28.7,18.01,87.82,8.05,9.24557,76.3026
VIL_0028,2026-09-15 18:00:00,28.96,17.95,85.89,7.91,9.3486,76.2864
VIL_0029,2026-09-15 18:00:00,27.77,17.38,88.61,6.49,9.48062,76.31203
VIL_0030,2026-09-15 18:00:00,28.62,22.15,85.54,7.58,9.31628,76.36781
VIL_0031,2026-09-15 18:00:00,28.71,18.02,83.65,7.95,9.27428,76.44566
VIL_0032,2026-09-15 18:00:00,28.3,19.62,82.27,8.37,9.25437,76.50107
VIL_0033,2026-09-15 18:00:00,28.24,18.32,85.71,8.44,9.46367,76.26461
VIL_0034,2026-09-15 18:00:00,27.38,0.0,77.04,7.82,9.22665,76.6754
VIL_0035,2026-09-15 18:00:00,26.76,6.24,77.77,8.6,9.40405,76.64379
VIL_0036,2026-09-15 18:00:00,28.45,0.0,77.87,7.77,9.44489,76.65732
VIL_0037,2026-09-15 18:00:00,27.3,0.0,80.01,8.89,9.44149,76.71701
VIL_0038,2026-09-15 18:00:00,28.75,0.0,79.61,8.8,9.30184,76.49062
VIL_0039,2026-09-15 18:00:00,27.86,0.0,81.06,9.86,9.27825,76.66265
VIL_0040,2026-09-15 18:00:00,26.77,0.0,75.85,13.47,9.45088,76.82727
VIL_0041,2026-09-15 18:00:00,26.72,1.92,75.56,13.82,9.49816,76.77766
VIL_0042,2026-09-15 18:00:00,26.39,0.0,77.73,12.97,9.26788,76.84997
VIL_0043,2026-09-15 18:00:00,27.0,3.04,77.83,14.09,9.46024,76.80438
VIL_0044,2026-09-15 18:00:00,27.39,0.0,75.78,16.35,9.46329,76.78414
VIL_0045,2026-09-15 18:00:00,28.66,0.0,75.31,15.62,9.38882,76.76426
VIL_0046,2026-09-15 18:00:00,27.43,0.0,73.88,13.63,9.23963,76.66837
VIL_0047,2026-09-15 18:00:00,26.54,2.89,76.72,13.28,9.24143,76.82692
VIL_0048,2026-09-15 18:00:00,27.58,1.39,80.62,6.97,9.72998,76.74265
VIL_0049,2026-09-15 18:00:00,27.68,0.0,75.88,6.36,9.6028,76.71533
VIL_0050,2026-09-15 18:00:00,27.52,0.0,79.51,7.2,9.72295,76.59492
VIL_0051,2026-09-15 18:00:00,27.46,2.79,78.64,8.46,9.84386,76.71366
VIL_0052,2026-09-15 18:00:00,27.35,0.0,77.36,8.33,9.76944,76.79814
VIL_0053,2026-09-15 18:00:00,27.16,0.0,78.87,7.88,9.74831,76.62269
VIL_0054,2026-09-15 18:00:00,27.0,0.0,78.63,7.44,9.59265,76.67096
VIL_0055,2026-09-15 18:00:00,26.68,0.0,75.52,13.41,9.99397,77.17777
VIL_0056,2026-09-15 18:00:00,26.87,0.0,75.59,12.61,10.0998,77.15223
VIL_0057,2026-09-15 18:00:00,26.92,0.0,74.45,10.76,10.20683,77.0054
VIL_0058,2026-09-15 18:00:00,27.26,0.0,74.88,13.34,9.97102,76.97838
VIL_0059,2026-09-15 18:00:00,26.69,0.0,77.38,12.06,10.06613,77.1554
VIL_0060,2026-09-15 18:00:00,26.77,0.0,74.98,12.14,10.19622,76.91209
VIL_0061,2026-09-15 18:00:00,27.84,0.0,73.96,11.62,10.09122,77.03522
VIL_0062,2026-09-15 18:00:00,29.73,0.0,82.82,16.23,9.95373,76.64282
VIL_0063,2026-09-15 18:00:00,28.56,0.0,80.51,14.86,9.81924,76.61249
VIL_0064,2026-09-15 18:00:00,28.92,0.0,84.81,13.31,9.81163,76.72943
VIL_0065,2026-09-15 18:00:00,28.49,0.0,84.37,15.21,9.86715,76.58147
VIL_0066,2026-09-15 18:00:00,28.65,1.33,84.2,14.24,9.82217,76.63606
VIL_0067,2026-09-15 18:00:00,27.77,0.0,81.77,14.6,9.95489,76.77568
VIL_0068,2026-09-15 18:00:00,28.08,0.0,83.52,15.65,9.79043,76.86132
VIL_0069,2026-09-15 18:00:00,27.03,0.0,84.51,14.48,9.82603,76.85498
VIL_0070,2026-09-15 18:00:00,26.0,20.01,87.93,8.22,9.70244,77.08059
VIL_0071,2026-09-15 18:00:00,27.58,17.14,86.01,9.23,9.95948,77.06887
VIL_0072,2026-09-15 18:00:00,26.61,17.64,85.83,8.7,9.73047,77.14384
VIL_0073,2026-09-15 18:00:00,26.08,21.35,89.63,9.35,9.9827,77.06962
VIL_0074,2026-09-15 18:00:00,25.4,22.61,86.73,8.9,9.88864,77.22549
VIL_0075,2026-09-15 18:00:00,26.82,16.83,89.75,8.33,9.75829,77.21546
VIL_0076,2026-09-15 18:00:00,26.7,17.94,87.19,8.27,9.79733,77.18669
VIL_0077,2026-09-15 18:00:00,28.33,0.0,77.12,7.87,10.20293,76.4465
VIL_0078,2026-09-15 18:00:00,29.14,0.0,77.23,7.71,10.00322,76.35946
VIL_0079,2026-09-15 18:00:00,28.68,0.0,77.77,6.99,10.16674,76.46451
VIL_0080,2026-09-15 18:00:00,30.12,0.0,75.5,6.3,10.05579,76.27307
VIL_0081,2026-09-15 18:00:00,28.83,0.0,78.83,7.84,10.17134,76.44985
VIL_0082,2026-09-15 18:00:00,30.34,0.0,77.08,8.24,10.0626,76.23585
VIL_0083,2026-09-15 18:00:00,27.86,43.45,88.67,9.65,10.04028,76.54402
VIL_0084,2026-09-15 18:00:00,27.28,47.09,86.28,9.01,10.11402,76.46926
VIL_0085,2026-09-15 18:00:00,28.33,43.21,86.14,8.85,9.93532,76.46204
VIL_0086,2026-09-15 18:00:00,26.52,50.38,85.92,9.31,10.11041,76.6912
VIL_0087,2026-09-15 18:00:00,30.5,0.0,79.45,2.51,10.22557,76.23549
VIL_0088,2026-09-15 18:00:00,30.19,0.0,76.9,2.8,10.45165,76.33799
VIL_0089,2026-09-15 18:00:00,28.8,0.0,80.4,3.25,10.23525,76.48188
VIL_0090,2026-09-15 18:00:00,30.0,0.0,82.37,2.56,10.44663,76.35049
VIL_0091,2026-09-15 18:00:00,30.43,0.0,82.61,2.55,10.42179,76.23961
VIL_0092,2026-09-15 18:00:00,29.21,0.0,81.72,2.97,10.24066,76.39311
VIL_0093,2026-09-15 18:00:00,30.73,5.49,87.17,8.94,10.7689,76.21235
VIL_0094,2026-09-15 18:00:00,28.34,4.53,89.99,9.8,10.77833,76.34628
VIL_0095,2026-09-15 18:00:00,29.8,4.71,88.55,9.16,10.79269,76.3266
VIL_0096,2026-09-15 18:00:00,30.7,3.72,88.95,9.26,10.7127,76.26521
VIL_0097,2026-09-15 18:00:00,28.82,4.36,91.76,9.61,10.62368,76.37304
VIL_0098,2026-09-15 18:00:00,30.75,3.72,85.58,9.11,10.8041,76.17618
VIL_0099,2026-09-15 18:00:00,27.27,0.83,75.69,10.96,10.78168,76.63853
VIL_0100,2026-09-15 18:00:00,27.49,0.0,80.77,10.06,10.93434,76.55678
VIL_0101,2026-09-15 18:00:00,26.74,2.67,78.02,11.67,10.64142,76.65217
VIL_0102,2026-09-15 18:00:00,26.97,0.0,76.38,10.64,10.68965,76.61394
VIL_0103,2026-09-15 18:00:00,27.34,0.0,78.3,10.67,10.85925,76.72028
VIL_0104,2026-09-15 18:00:00,28.07,8.97,96.07,11.28,11.00176,76.46064
VIL_0105,2026-09-15 18:00:00,28.01,5.96,92.53,10.56,11.0299,76.38314
VIL_0106,2026-09-15 18:00:00,27.98,6.55,91.71,10.78,11.01596,76.60167
VIL_0107,2026-09-15 18:00:00,27.32,7.38,96.1,11.69,10.98502,76.57983
VIL_0108,2026-09-15 18:00:00,27.48,2.91,87.11,10.99,11.17344,76.68379
VIL_0109,2026-09-15 18:00:00,28.41,6.21,83.41,10.96,11.10807,76.68076
VIL_0110,2026-09-15 18:00:00,26.85,3.76,87.97,10.33,10.99357,76.74974
VIL_0111,2026-09-15 18:00:00,28.13,2.9,86.61,11.07,11.01923,76.54029
VIL_0112,2026-09-15 18:00:00,28.65,2.37,86.16,12.65,11.12864,76.58613
VIL_0113,2026-09-15 18:00:00,27.68,3.61,89.38,10.3,11.21714,76.81918
VIL_0114,2026-09-15 18:00:00,27.37,0.0,77.66,7.88,11.09105,76.29932
VIL_0115,2026-09-15 18:00:00,28.74,0.0,74.7,7.22,11.11192,76.17423
VIL_0116,2026-09-15 18:00:00,29.94,0.0,74.81,8.69,10.99183,76.24669
VIL_0117,2026-09-15 18:00:00,30.07,0.0,72.88,6.59,11.1201,76.0976
VIL_0118,2026-09-15 18:00:00,30.17,0.0,76.65,7.01,10.91771,76.13227
VIL_0119,2026-09-15 18:00:00,29.01,0.0,72.91,7.54,10.90654,76.22058
VIL_0120,2026-09-15 18:00:00,28.3,0.0,73.93,7.99,10.93781,76.19341
VIL_0121,2026-09-15 18:00:00,28.43,0.0,76.67,5.86,11.07926,76.35401
VIL_0122,2026-09-15 18:00:00,27.32,0.0,83.23,10.12,11.3115,76.37302
VIL_0123,2026-09-15 18:00:00,28.73,0.0,84.12,9.11,11.16903,76.2315
VIL_0124,2026-09-15 18:00:00,27.78,0.0,81.16,8.89,11.39021,76.29823
VIL_0125,2026-09-15 18:00:00,28.97,0.0,80.93,8.91,11.3361,76.28675
VIL_0126,2026-09-15 18:00:00,29.24,0.0,81.21,9.34,11.23485,76.16408
VIL_0127,2026-09-15 18:00:00,29.61,0.0,79.0,10.81,11.45003,76.02212
VIL_0128,2026-09-15 18:00:00,31.4,0.0,74.03,10.5,11.48097,75.9154
VIL_0129,2026-09-15 18:00:00,29.83,0.0,75.62,11.53,11.35745,76.00149
VIL_0130,2026-09-15 18:00:00,29.8,0.0,75.75,10.16,11.40199,75.97259
VIL_0131,2026-09-15 18:00:00,29.42,0.0,77.29,10.42,11.44574,76.029
VIL_0132,2026-09-15 18:00:00,30.65,0.0,72.74,8.16,11.62666,75.57154
VIL_0133,2026-09-15 18:00:00,31.61,0.0,75.55,8.09,11.65461,75.53845
VIL_0134,2026-09-15 18:00:00,30.76,0.0,73.34,7.69,11.49951,75.73455
VIL_0135,2026-09-15 18:00:00,30.95,0.0,72.95,7.06,11.70468,75.69812
VIL_0136,2026-09-15 18:00:00,31.17,0.0,71.43,6.92,11.52808,75.45165
VIL_0137,2026-09-15 18:00:00,30.71,0.0,73.32,6.82,11.54398,75.60112
VIL_0138,2026-09-15 18:00:00,31.71,0.0,74.68,7.41,11.551,75.68836
VIL_0139,2026-09-15 18:00:00,31.1,0.0,77.69,9.33,11.52275,76.11987
VIL_0140,2026-09-15 18:00:00,31.57,0.0,78.11,9.51,11.4836,75.9485
VIL_0141,2026-09-15 18:00:00,31.49,0.0,76.53,9.33,11.61741,76.09519
VIL_0142,2026-09-15 18:00:00,30.31,0.0,79.32,9.96,11.64923,76.15083
VIL_0143,2026-09-15 18:00:00,31.32,0.0,76.18,9.95,11.75076,76.08789
VIL_0144,2026-09-15 18:00:00,31.47,0.0,78.22,9.62,11.55489,76.17156
VIL_0145,2026-09-15 18:00:00,30.73,0.0,77.81,10.47,11.53925,76.06469
VIL_0146,2026-09-15 18:00:00,28.64,0.0,74.85,12.01,11.66061,76.14179
VIL_0147,2026-09-15 18:00:00,30.67,0.0,75.66,11.57,11.90379,76.06179
VIL_0148,2026-09-15 18:00:00,30.98,0.0,73.82,12.78,11.77569,75.90499
VIL_0149,2026-09-15 18:00:00,30.79,0.0,73.23,11.52,11.69993,75.92807
VIL_0150,2026-09-15 18:00:00,29.36,0.0,78.64,13.13,11.81777,76.06738
VIL_0151,2026-09-15 18:00:00,28.62,0.0,75.22,10.31,11.59598,76.39346
VIL_0152,2026-09-15 18:00:00,27.93,0.0,74.31,9.88,11.73337,76.27331
VIL_0153,2026-09-15 18:00:00,28.3,0.94,74.74,9.47,11.69552,76.23288
VIL_0154,2026-09-15 18:00:00,28.76,0.0,77.21,11.27,11.58632,76.21379
VIL_0155,2026-09-15 18:00:00,28.05,0.0,71.99,8.69,11.73935,76.11132
VIL_0156,2026-09-15 18:00:00,29.84,0.0,72.19,10.18,11.54682,76.1208
VIL_0157,2026-09-15 18:00:00,28.62,0.0,73.09,10.04,11.52422,76.36364
VIL_0158,2026-09-15 18:00:00,29.14,0.0,73.8,9.74,11.7231,76.24925
VIL_0159,2026-09-15 18:00:00,31.96,6.37,93.36,8.88,12.12501,75.45007
VIL_0160,2026-09-15 18:00:00,33.21,8.8,92.31,9.52,11.99989,75.3474
VIL_0161,2026-09-15 18:00:00,32.93,6.98,92.8,7.94,12.09093,75.22242
VIL_0162,2026-09-15 18:00:00,32.01,6.74,91.78,8.88,12.18074,75.474
VIL_0163,2026-09-15 18:00:00,33.22,8.23,94.24,9.12,11.97427,75.21259
VIL_0164,2026-09-15 18:00:00,29.85,0.0,70.75,11.73,11.98294,75.77395
VIL_0165,2026-09-15 18:00:00,29.84,0.0,73.67,12.11,12.02961,75.56588
VIL_0166,2026-09-15 18:00:00,29.92,0.0,70.14,10.47,11.85317,75.70973
VIL_0167,2026-09-15 18:00:00,31.65,0.0,69.78,12.52,11.83995,75.69273
VIL_0168,2026-09-15 18:00:00,28.72,0.0,75.05,12.16,12.11407,75.68964
VIL_0169,2026-09-15 18:00:00,29.8,0.0,74.75,12.47,11.94845,75.70999
VIL_0170,2026-09-15 18:00:00,30.18,10.06,83.58,9.92,12.40136,75.18919
VIL_0171,2026-09-15 18:00:00,30.71,9.5,88.71,10.53,12.34578,75.18913
VIL_0172,2026-09-15 18:00:00,31.15,9.21,91.3,9.86,12.35345,75.00501
VIL_0173,2026-09-15 18:00:00,30.85,10.67,87.35,9.45,12.24019,75.00738
VIL_0174,2026-09-15 18:00:00,33.05,2.27,91.36,17.21,12.37169,75.02048
VIL_0175,2026-09-15 18:00:00,32.43,2.4,92.26,17.56,12.46097,75.03172
VIL_0176,2026-09-15 18:00:00,32.69,2.49,91.02,15.52,12.47562,75.03948
VIL_0177,2026-09-15 18:00:00,32.25,2.85,92.84,17.19,12.46219,74.91321
VIL_0178,2026-09-15 18:00:00,32.88,2.01,92.74,17.28,12.50881,75.04287
VIL_0001,2026-09-16 00:00:00,21.35,0.0,95.11,3.93,8.73621,77.0676
VIL_0002,2026-09-16 00:00:00,22.65,0.0,91.24,4.84,8.6306,76.89481
VIL_0003,2026-09-16 00:00:00,22.32,0.0,91.3,4.65,8.4978,76.86543
VIL_0004,2026-09-16 00:00:00,21.6,0.0,89.84,2.87,8.71085,77.02833
VIL_0005,2026-09-16 00:00:00,21.1,0.0,93.78,3.69,8.66342,76.85418
VIL_0006,2026-09-16 00:00:00,22.41,0.0,92.38,4.6,8.74197,77.09773
VIL_0007,2026-09-16 00:00:00,20.45,0.0,92.47,3.3,8.5147,76.90255
VIL_0008,2026-09-16 00:00:00,19.74,45.33,99.0,12.3,8.37924,77.1885
VIL_0009,2026-09-16 00:00:00,20.72,38.83,99.0,12.24,8.19612,77.01192
VIL_0010,2026-09-16 00:00:00,19.95,43.85,99.0,11.53,8.35143,77.12496
VIL_0011,2026-09-16 00:00:00,18.84,45.84,99.0,9.78,8.208,77.29713
VIL_0012,2026-09-16 00:00:00,20.86,42.0,99.0,10.28,8.26383,77.03218
VIL_0013,2026-09-16 00:00:00,21.09,38.27,99.0,12.22,8.37952,77.11974
VIL_0014,2026-09-16 00:00:00,20.17,41.25,99.0,12.17,8.48897,77.14503
VIL_0015,2026-09-16 00:00:00,19.64,45.42,99.0,10.1,8.45198,77.20909
VIL_0016,2026-09-16 00:00:00,19.93,9.73,99.0,7.83,8.87052,76.90667
VIL_0017,2026-09-16 00:00:00,20.57,10.18,99.0,7.07,9.14069,76.86452
VIL_0018,2026-09-16 00:00:00,20.64,8.81,99.0,8.64,8.94238,76.6513
VIL_0019,2026-09-16 00:00:00,20.46,9.02,99.0,6.61,9.05627,76.75405
VIL_0020,2026-09-16 00:00:00,21.31,2.79,99.0,8.83,9.01655,76.78832
VIL_0021,2026-09-16 00:00:00,21.65,0.0,97.57,8.42,9.1408,76.85563
VIL_0022,2026-09-16 00:00:00,22.4,0.0,98.45,9.72,9.06676,76.87151
VIL_0023,2026-09-16 00:00:00,22.13,0.0,99.0,8.04,9.02402,76.94201
VIL_0024,2026-09-16 00:00:00,20.47,0.0,99.0,9.22,8.92346,77.06888
VIL_0025,2026-09-16 00:00:00,20.24,0.0,99.0,7.86,9.10054,77.05985
VIL_0026,2026-09-16 00:00:00,22.02,0.0,97.95,9.39,9.13645,76.95737
VIL_0027,2026-09-16 00:00:00,24.42,0.09,97.61,3.72,9.24557,76.3026
VIL_0028,2026-09-16 00:00:00,23.77,0.0,97.85,3.53,9.3486,76.2864
VIL_0029,2026-09-16 00:00:00,23.72,3.3,98.84,4.52,9.48062,76.31203
VIL_0030,2026-09-16 00:00:00,23.28,0.0,96.01,4.39,9.31628,76.36781
VIL_0031,2026-09-16 00:00:00,24.38,6.75,99.0,4.16,9.27428,76.44566
VIL_0032,2026-09-16 00:00:00,23.42,0.0,96.13,4.11,9.25437,76.50107
VIL_0033,2026-09-16 00:00:00,23.81,0.0,96.52,2.44,9.46367,76.26461
VIL_0034,2026-09-16 00:00:00,22.01,0.0,94.95,5.06,9.22665,76.6754
VIL_0035,2026-09-16 00:00:00,20.64,0.0,97.59,5.74,9.40405,76.64379
VIL_0036,2026-09-16 00:00:00,22.3,0.0,93.09,3.07,9.44489,76.65732
VIL_0037,2026-09-16 00:00:00,21.9,0.0,95.17,4.09,9.44149,76.71701
VIL_0038,2026-09-16 00:00:00,23.07,0.0,92.88,2.56,9.30184,76.49062
VIL_0039,2026-09-16 00:00:00,22.08,0.0,99.0,5.54,9.27825,76.66265
VIL_0040,2026-09-16 00:00:00,20.39,0.0,97.08,6.82,9.45088,76.82727
VIL_0041,2026-09-16 00:00:00,21.04,0.0,96.21,6.91,9.49816,76.77766
VIL_0042,2026-09-16 00:00:00,19.67,0.0,98.07,6.97,9.26788,76.84997
VIL_0043,2026-09-16 00:00:00,20.72,2.92,97.8,7.4,9.46024,76.80438
VIL_0044,2026-09-16 00:00:00,21.0,0.0,95.65,7.36,9.46329,76.78414
VIL_0045,2026-09-16 00:00:00,22.03,0.0,98.28,6.59,9.38882,76.76426
VIL_0046,2026-09-16 00:00:00,21.22,0.0,96.56,6.47,9.23963,76.66837
VIL_0047,2026-09-16 00:00:00,20.96,0.0,95.87,8.07,9.24143,76.82692
VIL_0048,2026-09-16 00:00:00,22.77,0.0,98.68,5.76,9.72998,76.74265
VIL_0049,2026-09-16 00:00:00,22.04,0.0,99.0,5.3,9.6028,76.71533
VIL_0050,2026-09-16 00:00:00,22.41,0.0,96.98,6.05,9.72295,76.59492
VIL_0051,2026-09-16 00:00:00,22.12,0.0,96.5,4.56,9.84386,76.71366
VIL_0052,2026-09-16 00:00:00,21.73,0.0,97.78,7.29,9.76944,76.79814
VIL_0053,2026-09-16 00:00:00,22.64,0.0,95.8,5.03,9.74831,76.62269
VIL_0054,2026-09-16 00:00:00,22.02,0.0,93.05,5.15,9.59265,76.67096
VIL_0055,2026-09-16 00:00:00,22.38,2.37,98.07,10.79,9.99397,77.17777
VIL_0056,2026-09-16 00:00:00,22.1,5.02,95.28,12.28,10.0998,77.15223
VIL_0057,2026-09-16 00:00:00,22.13,2.33,97.38,11.59,10.20683,77.0054
VIL_0058,2026-09-16 00:00:00,22.38,2.93,93.23,10.74,9.97102,76.97838
VIL_0059,2026-09-16 00:00:00,21.62,2.98,93.19,10.36,10.06613,77.1554
VIL_0060,2026-09-16 00:00:00,22.17,2.39,96.25,11.33,10.19622,76.91209
VIL_0061,2026-09-16 00:00:00,23.02,3.9,94.52,11.72,10.09122,77.03522
VIL_0062,2026-09-16 00:00:00,22.43,0.0,97.12,10.3,9.95373,76.64282
VIL_0063,2026-09-16 00:00:00,21.92,0.0,96.62,11.21,9.81924,76.61249
VIL_0064,2026-09-16 00:00:00,21.75,0.0,99.0,11.11,9.81163,76.72943
VIL_0065,2026-09-16 00:00:00,21.6,0.0,98.0,11.68,9.86715,76.58147
VIL_0066,2026-09-16 00:00:00,21.19,0.28,99.0,11.35,9.82217,76.63606
VIL_0067,2026-09-16 00:00:00,21.45,0.0,95.03,11.8,9.95489,76.77568
VIL_0068,2026-09-16 00:00:00,21.21,0.0,95.39,12.03,9.79043,76.86132
VIL_0069,2026-09-16 00:00:00,20.02,0.0,99.0,11.68,9.82603,76.85498
VIL_0070,2026-09-16 00:00:00,20.17,0.0,94.68,8.27,9.70244,77.08059
VIL_0071,2026-09-16 00:00:00,21.35,0.0,92.33,10.34,9.95948,77.06887
VIL_0072,2026-09-16 00:00:00,21.1,0.0,93.54,8.45,9.73047,77.14384
VIL_0073,2026-09-16 00:00:00,19.25,0.0,94.73,9.79,9.9827,77.06962
VIL_0074,2026-09-16 00:00:00,19.04,0.0,92.93,10.03,9.88864,77.22549
VIL_0075,2026-09-16 00:00:00,20.96,0.0,94.97,7.67,9.75829,77.21546
VIL_0076,2026-09-16 00:00:00,20.4,0.0,90.74,7.44,9.79733,77.18669
VIL_0077,2026-09-16 00:00:00,21.44,0.0,99.0,8.34,10.20293,76.4465
VIL_0078,2026-09-16 00:00:00,22.94,0.0,99.0,8.92,10.00322,76.35946
VIL_0079,2026-09-16 00:00:00,21.93,0.0,99.0,8.45,10.16674,76.46451
VIL_0080,2026-09-16 00:00:00,22.82,0.0,99.0,9.09,10.05579,76.27307
VIL_0081,2026-09-16 00:00:00,22.0,0.0,99.0,7.17,10.17134,76.44985
VIL_0082,2026-09-16 00:00:00,23.36,0.0,99.0,8.67,10.0626,76.23585
VIL_0083,2026-09-16 00:00:00,22.3,18.84,99.0,7.6,10.04028,76.54402
VIL_0084,2026-09-16 00:00:00,21.46,19.63,99.0,9.1,10.11402,76.46926
VIL_0085,2026-09-16 00:00:00,22.05,18.23,99.0,9.12,9.93532,76.46204
VIL_0086,2026-09-16 00:00:00,20.78,20.43,99.0,9.62,10.11041,76.6912
VIL_0087,2026-09-16 00:00:00,22.51,0.0,95.69,6.34,10.22557,76.23549
VIL_0088,2026-09-16 00:00:00,22.49,2.15,94.54,7.46,10.45165,76.33799
VIL_0089,2026-09-16 00:00:00,21.01,0.0,97.86,6.2,10.23525,76.48188
VIL_0090,2026-09-16 00:00:00,21.72,2.42,98.56,7.76,10.44663,76.35049
VIL_0091,2026-09-16 00:00:00,23.19,0.0,97.47,6.56,10.42179,76.23961
VIL_0092,2026-09-16 00:00:00,21.3,0.0,95.92,7.72,10.24066,76.39311
VIL_0093,2026-09-16 00:00:00,24.01,0.0,94.05,3.98,10.7689,76.21235
VIL_0094,2026-09-16 00:00:00,21.25,0.0,97.98,4.5,10.77833,76.34628
VIL_0095,2026-09-16 00:00:00,22.42,0.0,96.82,3.3,10.79269,76.3266
VIL_0096,2026-09-16 00:00:00,23.57,0.0,93.58,4.41,10.7127,76.26521
VIL_0097,2026-09-16 00:00:00,21.23,0.0,96.97,5.27,10.62368,76.37304
VIL_0098,2026-09-16 00:00:00,23.11,0.0,96.23,6.52,10.8041,76.17618
VIL_0099,2026-09-16 00:00:00,22.38,15.82,99.0,10.82,10.78168,76.63853
VIL_0100,2026-09-16 00:00:00,22.53,17.38,99.0,11.95,10.93434,76.55678
VIL_0101,2026-09-16 00:00:00,21.55,15.79,99.0,13.02,10.64142,76.65217
VIL_0102,2026-09-16 00:00:00,22.9,16.29,99.0,12.18,10.68965,76.61394
VIL_0103,2026-09-16 00:00:00,22.64,14.77,99.0,12.4,10.85925,76.72028
VIL_0104,2026-09-16 00:00:00,22.61,22.65,99.0,10.87,11.00176,76.46064
VIL_0105,2026-09-16 00:00:00,24.07,20.27,99.0,6.53,11.0299,76.38314
VIL_0106,2026-09-16 00:00:00,22.76,23.75,99.0,7.0,11.01596,76.60167
VIL_0107,2026-09-16 00:00:00,22.27,24.57,99.0,8.02,10.98502,76.57983
VIL_0108,2026-09-16 00:00:00,19.49,1.58,99.0,8.18,11.17344,76.68379
VIL_0109,2026-09-16 00:00:00,20.11,1.73,97.04,9.37,11.10807,76.68076
VIL_0110,2026-09-16 00:00:00,19.7,1.2,98.78,7.98,10.99357,76.74974
VIL_0111,2026-09-16 00:00:00,20.4,1.69,99.0,8.92,11.01923,76.54029
VIL_0112,2026-09-16 00:00:00,21.54,2.38,98.68,9.75,11.12864,76.58613
VIL_0113,2026-09-16 00:00:00,19.7,1.16,98.6,8.94,11.21714,76.81918
VIL_0114,2026-09-16 00:00:00,21.09,37.75,99.0,11.21,11.09105,76.29932
VIL_0115,2026-09-16 00:00:00,21.97,38.95,99.0,11.68,11.11192,76.17423
VIL_0116,2026-09-16 00:00:00,22.93,30.14,99.0,12.22,10.99183,76.24669
VIL_0117,2026-09-16 00:00:00,23.26,30.02,99.0,10.73,11.1201,76.0976
VIL_0118,2026-09-16 00:00:00,23.42,28.78,99.0,12.13,10.91771,76.13227
VIL_0119,2026-09-16 00:00:00,21.93,32.35,99.0,11.42,10.90654,76.22058
VIL_0120,2026-09-16 00:00:00,21.7,33.31,99.0,12.03,10.93781,76.19341
VIL_0121,2026-09-16 00:00:00,21.67,37.33,99.0,11.68,11.07926,76.35401
VIL_0122,2026-09-16 00:00:00,22.79,0.0,99.0,6.76,11.3115,76.37302
VIL_0123,2026-09-16 00:00:00,23.44,0.0,99.0,7.58,11.16903,76.2315
VIL_0124,2026-09-16 00:00:00,21.98,0.0,99.0,6.81,11.39021,76.29823
VIL_0125,2026-09-16 00:00:00,23.61,0.0,98.91,7.85,11.3361,76.28675
VIL_0126,2026-09-16 00:00:00,24.36,0.0,97.75,7.81,11.23485,76.16408
VIL_0127,2026-09-16 00:00:00,23.64,0.0,92.32,6.09,11.45003,76.02212
VIL_0128,2026-09-16 00:00:00,25.91,0.0,94.17,4.83,11.48097,75.9154
VIL_0129,2026-09-16 00:00:00,24.99,0.0,94.84,7.26,11.35745,76.00149
VIL_0130,2026-09-16 00:00:00,24.07,0.0,94.58,6.34,11.40199,75.97259
VIL_0131,2026-09-16 00:00:00,23.44,0.0,96.0,4.85,11.44574,76.029
VIL_0132,2026-09-16 00:00:00,25.93,0.0,97.35,6.93,11.62666,75.57154
VIL_0133,2026-09-16 00:00:00,26.92,0.0,93.27,6.93,11.65461,75.53845
VIL_0134,2026-09-16 00:00:00,25.73,0.0,96.7,6.82,11.49951,75.73455
VIL_0135,2026-09-16 00:00:00,25.92,0.0,96.97,7.5,11.70468,75.69812
VIL_0136,2026-09-16 00:00:00,26.84,0.0,97.54,6.93,11.52808,75.45165
VIL_0137,2026-09-16 00:00:00,25.45,0.0,97.0,6.44,11.54398,75.60112
VIL_0138,2026-09-16 00:00:00,27.15,0.0,94.96,9.61,11.551,75.68836
VIL_0139,2026-09-16 00:00:00,23.68,9.65,98.43,9.09,11.52275,76.11987
VIL_0140,2026-09-16 00:00:00,24.94,9.62,98.04,9.05,11.4836,75.9485
VIL_0141,2026-09-16 00:00:00,24.21,9.82,95.86,8.15,11.61741,76.09519
VIL_0142,2026-09-16 00:00:00,22.54,9.8,96.4,9.23,11.64923,76.15083
VIL_0143,2026-09-16 00:00:00,24.16,12.93,96.58,9.99,11.75076,76.08789
VIL_0144,2026-09-16 00:00:00,24.17,9.72,94.38,8.39,11.55489,76.17156
VIL_0145,2026-09-16 00:00:00,23.2,10.49,98.17,8.03,11.53925,76.06469
VIL_0146,2026-09-16 00:00:00,22.62,0.0,91.16,8.49,11.66061,76.14179
VIL_0147,2026-09-16 00:00:00,22.62,0.0,88.17,8.33,11.90379,76.06179
VIL_0148,2026-09-16 00:00:00,24.39,0.0,85.95,9.73,11.77569,75.90499
VIL_0149,2026-09-16 00:00:00,24.22,0.0,88.06,6.93,11.69993,75.92807
VIL_0150,2026-09-16 00:00:00,22.57,0.0,87.6,7.32,11.81777,76.06738
VIL_0151,2026-09-16 00:00:00,21.46,10.45,98.52,8.19,11.59598,76.39346
VIL_0152,2026-09-16 00:00:00,22.31,9.27,96.82,8.29,11.73337,76.27331
VIL_0153,2026-09-16 00:00:00,21.71,10.13,97.77,8.01,11.69552,76.23288
VIL_0154,2026-09-16 00:00:00,22.81,7.55,95.67,8.24,11.58632,76.21379
VIL_0155,2026-09-16 00:00:00,22.19,7.62,95.19,7.38,11.73935,76.11132
VIL_0156,2026-09-16 00:00:00,23.56,8.87,94.31,7.95,11.54682,76.1208
VIL_0157,2026-09-16 00:00:00,22.01,8.53,96.16,8.13,11.52422,76.36364
VIL_0158,2026-09-16 00:00:00,22.83,10.11,96.19,7.37,11.7231,76.24925
VIL_0159,2026-09-16 00:00:00,27.55,0.0,97.78,8.49,12.12501,75.45007
VIL_0160,2026-09-16 00:00:00,28.03,0.0,97.74,8.3,11.99989,75.3474
VIL_0161,2026-09-16 00:00:00,28.68,0.0,99.0,8.15,12.09093,75.22242
VIL_0162,2026-09-16 00:00:00,27.49,0.0,99.0,8.3,12.18074,75.474
VIL_0163,2026-09-16 00:00:00,28.23,0.0,99.0,7.44,11.97427,75.21259
VIL_0164,2026-09-16 00:00:00,24.41,0.0,94.32,8.85,11.98294,75.77395
VIL_0165,2026-09-16 00:00:00,24.45,0.0,94.61,9.24,12.02961,75.56588
VIL_0166,2026-09-16 00:00:00,24.27,0.0,92.89,9.28,11.85317,75.70973
VIL_0167,2026-09-16 00:00:00,26.02,0.0,92.92,8.58,11.83995,75.69273
VIL_0168,2026-09-16 00:00:00,23.97,0.0,93.99,8.81,12.11407,75.68964
VIL_0169,2026-09-16 00:00:00,24.13,0.0,92.12,9.48,11.94845,75.70999
VIL_0170,2026-09-16 00:00:00,26.59,0.0,99.0,6.19,12.40136,75.18919
VIL_0171,2026-09-16 00:00:00,26.18,0.0,97.98,6.05,12.34578,75.18913
VIL_0172,2026-09-16 00:00:00,26.55,0.0,99.0,5.24,12.35345,75.00501
VIL_0173,2026-09-16 00:00:00,26.57,0.0,99.0,5.92,12.24019,75.00738
VIL_0174,2026-09-16 00:00:00,26.18,0.0,99.0,8.79,12.37169,75.02048
VIL_0175,2026-09-16 00:00:00,25.89,0.0,99.0,8.43,12.46097,75.03172
VIL_0176,2026-09-16 00:00:00,26.07,0.0,99.0,8.92,12.47562,75.03948
VIL_0177,2026-09-16 00:00:00,25.92,0.0,99.0,8.16,12.46219,74.91321
VIL_0178,2026-09-16 00:00:00,26.02,0.0,99.0,8.02,12.50881,75.04287
VIL_0001,2026-09-16 06:00:00,21.73,0.86,99.0,6.45,8.73621,77.0676
VIL_0002,2026-09-16 06:00:00,23.2,1.83,99.0,6.78,8.6306,76.89481
VIL_0003,2026-09-16 06:00:00,22.55,0.72,99.0,8.49,8.4978,76.86543
VIL_0004,2026-09-16 06:00:00,21.82,1.41,99.0,7.48,8.71085,77.02833
VIL_0005,2026-09-16 06:00:00,21.82,1.18,99.0,7.21,8.66342,76.85418
VIL_0006,2026-09-16 06:00:00,23.15,1.49,99.0,8.52,8.74197,77.09773
VIL_0007,2026-09-16 06:00:00,21.48,0.88,99.0,6.24,8.5147,76.90255
VIL_0008,2026-09-16 06:00:00,19.94,0.03,92.98,7.55,8.37924,77.1885
VIL_0009,2026-09-16 06:00:00,21.97,0.0,91.43,8.14,8.19612,77.01192
VIL_0010,2026-09-16 06:00:00,20.74,0.0,90.45,7.79,8.35143,77.12496
VIL_0011,2026-09-16 06:00:00,19.79,0.0,90.46,8.79,8.208,77.29713
VIL_0012,2026-09-16 06:00:00,21.44,0.0,88.36,8.84,8.26383,77.03218
VIL_0013,2026-09-16 06:00:00,22.38,0.0,89.73,8.52,8.37952,77.11974
VIL_0014,2026-09-16 06:00:00,21.57,0.0,91.63,7.74,8.48897,77.14503
VIL_0015,2026-09-16 06:00:00,19.8,0.0,92.59,6.88,8.45198,77.20909
VIL_0016,2026-09-16 06:00:00,23.7,7.1,99.0,6.44,8.87052,76.90667
VIL_0017,2026-09-16 06:00:00,24.23,6.57,99.0,5.67,9.14069,76.86452
VIL_0018,2026-09-16 06:00:00,24.74,9.42,99.0,5.29,8.94238,76.6513
VIL_0019,2026-09-16 06:00:00,24.61,6.47,99.0,6.24,9.05627,76.75405
VIL_0020,2026-09-16 06:00:00,23.07,4.29,99.0,9.01,9.01655,76.78832
VIL_0021,2026-09-16 06:00:00,23.65,5.68,99.0,7.77,9.1408,76.85563
VIL_0022,2026-09-16 06:00:00,23.18,4.59,97.88,7.1,9.06676,76.87151
VIL_0023,2026-09-16 06:00:00,24.31,4.51,99.0,7.74,9.02402,76.94201
VIL_0024,2026-09-16 06:00:00,22.79,4.94,99.0,8.5,8.92346,77.06888
VIL_0025,2026-09-16 06:00:00,22.28,6.25,99.0,6.29,9.10054,77.05985
VIL_0026,2026-09-16 06:00:00,22.77,4.23,99.0,7.88,9.13645,76.95737
VIL_0027,2026-09-16 06:00:00,22.92,0.0,90.09,7.93,9.24557,76.3026
VIL_0028,2026-09-16 06:00:00,23.0,0.0,92.29,7.25,9.3486,76.2864
VIL_0029,2026-09-16 06:00:00,23.03,0.0,89.69,8.4,9.48062,76.31203
VIL_0030,2026-09-16 06:00:00,22.54,6.1,91.58,7.3,9.31628,76.36781
VIL_0031,2026-09-16 06:00:00,23.49,0.0,89.85,8.24,9.27428,76.44566
VIL_0032,2026-09-16 06:00:00,22.22,0.0,92.38,8.22,9.25437,76.50107
VIL_0033,2026-09-16 06:00:00,21.91,2.14,90.24,6.58,9.46367,76.26461
VIL_0034,2026-09-16 06:00:00,23.14,0.0,98.64,7.79,9.22665,76.6754
VIL_0035,2026-09-16 06:00:00,22.96,0.0,96.43,7.06,9.40405,76.64379
VIL_0036,2026-09-16 06:00:00,24.39,0.0,95.62,7.63,9.44489,76.65732
VIL_0037,2026-09-16 06:00:00,22.9,0.0,95.68,7.81,9.44149,76.71701
VIL_0038,2026-09-16 06:00:00,24.24,0.0,99.0,7.94,9.30184,76.49062
VIL_0039,2026-09-16 06:00:00,23.5,0.0,98.15,8.79,9.27825,76.66265
VIL_0040,2026-09-16 06:00:00,22.55,0.0,95.62,9.09,9.45088,76.82727
VIL_0041,2026-09-16 06:00:00,23.11,0.0,94.98,8.3,9.49816,76.77766
VIL_0042,2026-09-16 06:00:00,21.78,0.0,97.07,8.87,9.26788,76.84997
VIL_0043,2026-09-16 06:00:00,22.99,0.93,97.3,10.24,9.46024,76.80438
VIL_0044,2026-09-16 06:00:00,23.03,4.1,96.55,10.25,9.46329,76.78414
VIL_0045,2026-09-16 06:00:00,24.65,0.0,93.02,9.44,9.38882,76.76426
VIL_0046,2026-09-16 06:00:00,23.68,0.0,93.53,9.78,9.23963,76.66837
VIL_0047,2026-09-16 06:00:00,22.98,0.95,94.93,10.32,9.24143,76.82692
VIL_0048,2026-09-16 06:00:00,22.26,15.28,99.0,6.2,9.72998,76.74265
VIL_0049,2026-09-16 06:00:00,22.94,15.38,99.0,5.24,9.6028,76.71533
VIL_0050,2026-09-16 06:00:00,23.21,14.88,99.0,5.61,9.72295,76.59492
VIL_0051,2026-09-16 06:00:00,22.54,15.06,99.0,5.05,9.84386,76.71366
VIL_0052,2026-09-16 06:00:00,23.1,15.34,99.0,5.6,9.76944,76.79814
VIL_0053,2026-09-16 06:00:00,23.17,17.66,99.0,6.68,9.74831,76.62269
VIL_0054,2026-09-16 06:00:00,22.45,16.22,99.0,6.12,9.59265,76.67096
VIL_0055,2026-09-16 06:00:00,20.0,16.06,95.79,6.54,9.99397,77.17777
VIL_0056,2026-09-16 06:00:00,20.17,16.33,96.74,7.7,10.0998,77.15223
VIL_0057,2026-09-16 06:00:00,20.34,16.14,98.06,5.17,10.20683,77.0054
VIL_0058,2026-09-16 06:00:00,20.38,17.89,97.2,5.77,9.97102,76.97838
VIL_0059,2026-09-16 06:00:00,19.94,18.63,94.96,7.61,10.06613,77.1554
VIL_0060,2026-09-16 06:00:00,20.98,19.6,93.68,7.36,10.19622,76.91209
VIL_0061,2026-09-16 06:00:00,21.39,17.3,93.63,6.07,10.09122,77.03522
VIL_0062,2026-09-16 06:00:00,25.08,0.0,89.27,3.65,9.95373,76.64282
VIL_0063,2026-09-16 06:00:00,24.81,2.79,89.2,3.97,9.81924,76.61249
VIL_0064,2026-09-16 06:00:00,25.02,0.0,87.77,3.58,9.81163,76.72943
VIL_0065,2026-09-16 06:00:00,24.3,0.0,91.6,3.66,9.86715,76.58147
VIL_0066,2026-09-16 06:00:00,23.89,0.0,88.88,5.94,9.82217,76.63606
VIL_0067,2026-09-16 06:00:00,23.83,3.75,91.7,2.88,9.95489,76.77568
VIL_0068,2026-09-16 06:00:00,24.84,0.0,89.3,4.88,9.79043,76.86132
VIL_0069,2026-09-16 06:00:00,23.38,1.53,93.26,4.23,9.82603,76.85498
VIL_0070,2026-09-16 06:00:00,21.74,0.0,92.07,10.5,9.70244,77.08059
VIL_0071,2026-09-16 06:00:00,22.64,3.06,94.3,12.24,9.95948,77.06887
VIL_0072,2026-09-16 06:00:00,22.66,0.0,90.29,11.59,9.73047,77.14384
VIL_0073,2026-09-16 06:00:00,20.82,0.0,94.6,11.65,9.9827,77.06962
VIL_0074,2026-09-16 06:00:00,20.4,0.0,92.52,12.17,9.88864,77.22549
VIL_0075,2026-09-16 06:00:00,22.6,0.0,91.16,11.87,9.75829,77.21546
VIL_0076,2026-09-16 06:00:00,22.11,0.0,94.61,12.28,9.79733,77.18669
VIL_0077,2026-09-16 06:00:00,25.45,0.0,94.7,11.55,10.20293,76.4465
VIL_0078,2026-09-16 06:00:00,25.98,0.0,93.7,11.47,10.00322,76.35946
VIL_0079,2026-09-16 06:00:00,24.64,0.0,95.83,9.99,10.16674,76.46451
VIL_0080,2026-09-16 06:00:00,26.29,0.0,94.12,9.56,10.05579,76.27307
VIL_0081,2026-09-16 06:00:00,25.34,0.0,93.21,11.8,10.17134,76.44985
VIL_0082,2026-09-16 06:00:00,26.47,0.71,94.42,11.34,10.0626,76.23585
VIL_0083,2026-09-16 06:00:00,24.99,0.0,91.38,6.65,10.04028,76.54402
VIL_0084,2026-09-16 06:00:00,24.51,0.0,94.15,7.44,10.11402,76.46926
VIL_0085,2026-09-16 06:00:00,24.92,1.65,91.0,7.66,9.93532,76.46204
VIL_0086,2026-09-16 06:00:00,23.45,0.0,92.96,7.49,10.11041,76.6912
VIL_0087,2026-09-16 06:00:00,24.16,0.76,96.85,12.0,10.22557,76.23549
VIL_0088,2026-09-16 06:00:00,24.35,0.0,99.0,9.75,10.45165,76.33799
VIL_0089,2026-09-16 06:00:00,22.34,0.0,97.17,8.93,10.23525,76.48188
VIL_0090,2026-09-16 06:00:00,24.12,0.0,94.81,8.55,10.44663,76.35049
VIL_0091,2026-09-16 06:00:00,24.44,0.0,96.04,9.38,10.42179,76.23961
VIL_0092,2026-09-16 06:00:00,23.08,0.0,97.05,10.67,10.24066,76.39311
VIL_0093,2026-09-16 06:00:00,26.65,0.0,90.22,3.92,10.7689,76.21235
VIL_0094,2026-09-16 06:00:00,24.03,3.07,95.42,3.48,10.77833,76.34628
VIL_0095,2026-09-16 06:00:00,25.49,0.0,91.57,2.57,10.79269,76.3266
VIL_0096,2026-09-16 06:00:00,25.21,0.0,92.49,3.91,10.7127,76.26521
VIL_0097,2026-09-16 06:00:00,24.08,0.0,93.86,4.72,10.62368,76.37304
VIL_0098,2026-09-16 06:00:00,26.48,0.0,91.24,3.22,10.8041,76.17618
VIL_0099,2026-09-16 06:00:00,22.96,0.0,90.42,9.57,10.78168,76.63853
VIL_0100,2026-09-16 06:00:00,22.74,5.07,88.97,8.94,10.93434,76.55678
VIL_0101,2026-09-16 06:00:00,22.22,0.0,90.84,8.78,10.64142,76.65217
VIL_0102,2026-09-16 06:00:00,22.46,0.36,88.92,10.16,10.68965,76.61394
VIL_0103,2026-09-16 06:00:00,22.7,0.0,88.09,11.26,10.85925,76.72028
VIL_0104,2026-09-16 06:00:00,23.8,0.0,93.58,9.99,11.00176,76.46064
VIL_0105,2026-09-16 06:00:00,24.4,0.0,90.84,10.64,11.0299,76.38314
VIL_0106,2026-09-16 06:00:00,23.08,0.0,90.72,11.39,11.01596,76.60167
VIL_0107,2026-09-16 06:00:00,22.47,0.0,91.4,10.44,10.98502,76.57983
VIL_0108,2026-09-16 06:00:00,23.73,0.0,86.66,11.53,11.17344,76.68379
VIL_0109,2026-09-16 06:00:00,23.68,0.0,86.46,12.34,11.10807,76.68076
VIL_0110,2026-09-16 06:00:00,22.85,0.0,87.38,11.25,10.99357,76.74974
VIL_0111,2026-09-16 06:00:00,24.33,0.13,86.67,13.15,11.01923,76.54029
VIL_0112,2026-09-16 06:00:00,25.28,0.0,84.78,13.39,11.12864,76.58613
VIL_0113,2026-09-16 06:00:00,23.44,0.0,87.68,12.53,11.21714,76.81918
VIL_0114,2026-09-16 06:00:00,23.13,0.0,89.34,8.0,11.09105,76.29932
VIL_0115,2026-09-16 06:00:00,24.07,0.0,89.11,8.78,11.11192,76.17423
VIL_0116,2026-09-16 06:00:00,24.31,0.0,90.33,8.84,10.99183,76.24669
VIL_0117,2026-09-16 06:00:00,25.38,0.0,88.32,10.3,11.1201,76.0976
VIL_0118,2026-09-16 06:00:00,25.72,0.0,90.56,8.89,10.91771,76.13227
VIL_0119,2026-09-16 06:00:00,23.81,0.0,89.38,7.98,10.90654,76.22058
VIL_0120,2026-09-16 06:00:00,24.0,0.38,87.84,9.07,10.93781,76.19341
VIL_0121,2026-09-16 06:00:00,24.02,0.0,90.6,9.29,11.07926,76.35401
VIL_0122,2026-09-16 06:00:00,23.53,0.0,92.37,9.08,11.3115,76.37302
VIL_0123,2026-09-16 06:00:00,24.32,0.0,88.2,9.74,11.16903,76.2315
VIL_0124,2026-09-16 06:00:00,23.75,0.0,88.6,9.89,11.39021,76.29823
VIL_0125,2026-09-16 06:00:00,24.28,0.0,88.97,8.17,11.3361,76.28675
VIL_0126,2026-09-16 06:00:00,25.37,0.0,89.1,8.83,11.23485,76.16408
VIL_0127,2026-09-16 06:00:00,25.09,0.0,94.15,8.41,11.45003,76.02212
VIL_0128,2026-09-16 06:00:00,26.86,0.0,90.99,7.99,11.48097,75.9154
VIL_0129,2026-09-16 06:00:00,26.51,0.0,92.87,9.24,11.35745,76.00149
VIL_0130,2026-09-16 06:00:00,25.25,0.0,93.39,10.09,11.40199,75.97259
VIL_0131,2026-09-16 06:00:00,24.87,2.09,91.22,7.32,11.44574,76.029
VIL_0132,2026-09-16 06:00:00,25.74,0.0,90.97,5.35,11.62666,75.57154
VIL_0133,2026-09-16 06:00:00,27.24,0.0,93.86,6.77,11.65461,75.53845
VIL_0134,2026-09-16 06:00:00,25.73,0.0,91.76,5.37,11.49951,75.73455
VIL_0135,2026-09-16 06:00:00,26.44,0.0,91.62,5.77,11.70468,75.69812
VIL_0136,2026-09-16 06:00:00,26.89,0.0,91.15,7.01,11.52808,75.45165
VIL_0137,2026-09-16 06:00:00,25.22,0.0,93.71,6.82,11.54398,75.60112
VIL_0138,2026-09-16 06:00:00,27.36,0.0,89.88,6.22,11.551,75.68836
VIL_0139,2026-09-16 06:00:00,25.59,0.0,87.61,8.84,11.52275,76.11987
VIL_0140,2026-09-16 06:00:00,26.4,0.0,84.66,8.08,11.4836,75.9485
VIL_0141,2026-09-16 06:00:00,25.54,0.0,84.86,7.91,11.61741,76.09519
VIL_0142,2026-09-16 06:00:00,24.08,0.0,87.43,8.2,11.64923,76.15083
VIL_0143,2026-09-16 06:00:00,25.72,0.0,89.34,9.26,11.75076,76.08789
VIL_0144,2026-09-16 06:00:00,25.57,0.0,87.38,6.76,11.55489,76.17156
VIL_0145,2026-09-16 06:00:00,24.01,0.0,89.84,8.8,11.53925,76.06469
VIL_0146,2026-09-16 06:00:00,24.58,0.0,87.15,8.46,11.66061,76.14179
VIL_0147,2026-09-16 06:00:00,25.78,0.0,86.47,9.21,11.90379,76.06179
VIL_0148,2026-09-16 06:00:00,27.18,0.0,83.0,9.09,11.77569,75.90499
VIL_0149,2026-09-16 06:00:00,26.75,0.0,84.2,9.72,11.69993,75.92807
VIL_0150,2026-09-16 06:00:00,25.54,0.0,84.93,9.48,11.81777,76.06738
VIL_0151,2026-09-16 06:00:00,23.7,3.47,95.93,12.16,11.59598,76.39346
VIL_0152,2026-09-16 06:00:00,23.99,5.76,98.63,10.12,11.73337,76.27331
VIL_0153,2026-09-16 06:00:00,24.35,2.9,94.97,10.42,11.69552,76.23288
VIL_0154,2026-09-16 06:00:00,23.81,3.55,95.53,9.63,11.58632,76.21379
VIL_0155,2026-09-16 06:00:00,24.18,2.99,98.51,9.07,11.73935,76.11132
VIL_0156,2026-09-16 06:00:00,25.15,3.96,94.2,9.95,11.54682,76.1208
VIL_0157,2026-09-16 06:00:00,24.34,4.11,96.04,10.75,11.52422,76.36364
VIL_0158,2026-09-16 06:00:00,24.95,5.81,94.74,11.07,11.7231,76.24925
VIL_0159,2026-09-16 06:00:00,26.15,23.21,99.0,8.51,12.12501,75.45007
VIL_0160,2026-09-16 06:00:00,27.17,20.71,99.0,7.84,11.99989,75.3474
VIL_0161,2026-09-16 06:00:00,26.68,20.93,99.0,8.46,12.09093,75.22242
VIL_0162,2026-09-16 06:00:00,26.24,23.93,97.86,7.92,12.18074,75.474
VIL_0163,2026-09-16 06:00:00,26.87,19.94,96.82,6.33,11.97427,75.21259
VIL_0164,2026-09-16 06:00:00,26.09,0.0,92.49,5.92,11.98294,75.77395
VIL_0165,2026-09-16 06:00:00,26.36,0.0,90.25,5.05,12.02961,75.56588
VIL_0166,2026-09-16 06:00:00,26.62,0.0,95.26,6.77,11.85317,75.70973
VIL_0167,2026-09-16 06:00:00,28.33,0.0,91.69,6.98,11.83995,75.69273
VIL_0168,2026-09-16 06:00:00,26.12,0.0,92.2,5.13,12.11407,75.68964
VIL_0169,2026-09-16 06:00:00,26.45,0.0,93.73,5.68,11.94845,75.70999
VIL_0170,2026-09-16 06:00:00,26.33,3.49,99.0,9.87,12.40136,75.18919
VIL_0171,2026-09-16 06:00:00,27.1,4.39,98.72,10.39,12.34578,75.18913
VIL_0172,2026-09-16 06:00:00,27.1,3.35,99.0,12.49,12.35345,75.00501
VIL_0173,2026-09-16 06:00:00,28.05,6.45,99.0,10.89,12.24019,75.00738
VIL_0174,2026-09-16 06:00:00,27.73,0.0,91.46,6.8,12.37169,75.02048
VIL_0175,2026-09-16 06:00:00,27.72,0.0,88.82,8.93,12.46097,75.03172
VIL_0176,2026-09-16 06:00:00,28.35,0.0,88.85,8.43,12.47562,75.03948
VIL_0177,2026-09-16 06:00:00,27.87,0.0,90.92,9.07,12.46219,74.91321
VIL_0178,2026-09-16 06:00:00,27.81,0.0,89.85,8.58,12.50881,75.04287
VIL_0001,2026-09-16 12:00:00,28.48,0.46,81.93,10.22,8.73621,77.0676
VIL_0002,2026-09-16 12:00:00,29.72,0.0,78.98,9.68,8.6306,76.89481
VIL_0003,2026-09-16 12:00:00,28.66,0.0,83.75,11.09,8.4978,76.86543
VIL_0004,2026-09-16 12:00:00,28.81,0.0,81.25,9.55,8.71085,77.02833
VIL_0005,2026-09-16 12:00:00,28.15,0.0,80.47,9.18,8.66342,76.85418
VIL_0006,2026-09-16 12:00:00,29.37,0.0,79.33,9.39,8.74197,77.09773
VIL_0007,2026-09-16 12:00:00,27.55,0.0,83.29,9.73,8.5147,76.90255
VIL_0008,2026-09-16 12:00:00,28.65,0.05,74.38,5.97,8.37924,77.1885
VIL_0009,2026-09-16 12:00:00,30.5,0.0,74.79,5.28,8.19612,77.01192
VIL_0010,2026-09-16 12:00:00,28.92,0.0,77.32,6.62,8.35143,77.12496
VIL_0011,2026-09-16 12:00:00,28.03,0.0,74.66,5.6,8.208,77.29713
VIL_0012,2026-09-16 12:00:00,29.71,0.0,74.41,5.91,8.26383,77.03218
VIL_0013,2026-09-16 12:00:00,31.06,1.67,73.47,5.64,8.37952,77.11974
VIL_0014,2026-09-16 12:00:00,29.2,0.0,77.03,4.36,8.48897,77.14503
VIL_0015,2026-09-16 12:00:00,28.5,0.0,76.43,5.73,8.45198,77.20909
VIL_0016,2026-09-16 12:00:00,29.29,0.0,76.56,9.39,8.87052,76.90667
VIL_0017,2026-09-16 12:00:00,29.62,0.0,76.46,8.43,9.14069,76.86452
VIL_0018,2026-09-16 12:00:00,29.13,0.0,73.37,9.28,8.94238,76.6513
VIL_0019,2026-09-16 12:00:00,29.3,0.0,77.28,9.62,9.05627,76.75405
VIL_0020,2026-09-16 12:00:00,30.04,0.0,71.1,11.92,9.01655,76.78832
VIL_0021,2026-09-16 12:00:00,29.63,0.0,67.03,13.65,9.1408,76.85563
VIL_0022,2026-09-16 12:00:00,30.56,0.0,69.99,11.8,9.06676,76.87151
VIL_0023,2026-09-16 12:00:00,29.84,0.0,71.46,11.21,9.02402,76.94201
VIL_0024,2026-09-16 12:00:00,29.11,0.0,71.43,11.79,8.92346,77.06888
VIL_0025,2026-09-16 12:00:00,28.68,0.0,70.26,12.12,9.10054,77.05985
VIL_0026,2026-09-16 12:00:00,29.2,0.16,69.78,10.67,9.13645,76.95737
VIL_0027,2026-09-16 12:00:00,30.73,0.0,74.8,12.47,9.24557,76.3026
VIL_0028,2026-09-16 12:00:00,30.6,1.27,77.35,9.64,9.3486,76.2864
VIL_0029,2026-09-16 12:00:00,31.43,0.0,73.2,10.83,9.48062,76.31203
VIL_0030,2026-09-16 12:00:00,31.34,3.91,73.25,8.49,9.31628,76.36781
VIL_0031,2026-09-16 12:00:00,31.64,0.0,72.23,11.48,9.27428,76.44566
VIL_0032,2026-09-16 12:00:00,30.73,0.0,75.62,11.02,9.25437,76.50107
VIL_0033,2026-09-16 12:00:00,30.54,0.0,73.3,10.96,9.46367,76.26461
VIL_0034,2026-09-16 12:00:00,29.36,14.79,91.26,5.84,9.22665,76.6754
VIL_0035,2026-09-16 12:00:00,28.44,16.29,90.25,6.08,9.40405,76.64379
VIL_0036,2026-09-16 12:00:00,30.04,12.85,87.81,6.55,9.44489,76.65732
VIL_0037,2026-09-16 12:00:00,29.09,14.3,89.08,2.74,9.44149,76.71701
VIL_0038,2026-09-16 12:00:00,29.87,12.14,86.25,4.68,9.30184,76.49062
VIL_0039,2026-09-16 12:00:00,28.85,13.73,88.52,6.06,9.27825,76.66265
VIL_0040,2026-09-16 12:00:00,28.87,0.0,73.18,11.12,9.45088,76.82727
VIL_0041,2026-09-16 12:00:00,28.8,0.0,73.58,10.52,9.49816,76.77766
VIL_0042,2026-09-16 12:00:00,28.84,0.0,75.19,10.25,9.26788,76.84997
VIL_0043,2026-09-16 12:00:00,29.72,4.1,71.66,10.23,9.46024,76.80438
VIL_0044,2026-09-16 12:00:00,29.17,0.0,72.75,9.59,9.46329,76.78414
VIL_0045,2026-09-16 12:00:00,30.14,0.0,71.64,10.27,9.38882,76.76426
VIL_0046,2026-09-16 12:00:00,29.82,0.82,71.33,11.91,9.23963,76.66837
VIL_0047,2026-09-16 12:00:00,28.89,0.0,74.11,9.59,9.24143,76.82692
VIL_0048,2026-09-16 12:00:00,29.42,0.31,74.6,8.89,9.72998,76.74265
VIL_0049,2026-09-16 12:00:00,30.32,0.0,74.46,7.8,9.6028,76.71533
VIL_0050,2026-09-16 12:00:00,31.02,0.0,74.29,8.68,9.72295,76.59492
VIL_0051,2026-09-16 12:00:00,29.9,0.0,74.48,7.27,9.84386,76.71366
VIL_0052,2026-09-16 12:00:00,30.06,2.01,73.46,9.71,9.76944,76.79814
VIL_0053,2026-09-16 12:00:00,30.41,0.0,72.22,9.81,9.74831,76.62269
VIL_0054,2026-09-16 12:00:00,30.55,0.09,72.5,9.63,9.59265,76.67096
VIL_0055,2026-09-16 12:00:00,29.14,8.45,82.39,4.69,9.99397,77.17777
VIL_0056,2026-09-16 12:00:00,28.93,9.18,81.73,6.27,10.0998,77.15223
VIL_0057,2026-09-16 12:00:00,28.93,8.92,80.51,6.23,10.20683,77.0054
VIL_0058,2026-09-16 12:00:00,29.81,8.08,83.5,6.9,9.97102,76.97838
VIL_0059,2026-09-16 12:00:00,28.51,9.92,81.44,5.41,10.06613,77.1554
VIL_0060,2026-09-16 12:00:00,29.74,8.43,82.27,6.01,10.19622,76.91209
VIL_0061,2026-09-16 12:00:00,30.12,13.83,79.97,5.69,10.09122,77.03522
VIL_0062,2026-09-16 12:00:00,30.06,0.0,65.19,9.61,9.95373,76.64282
VIL_0063,2026-09-16 12:00:00,29.22,0.0,68.72,10.98,9.81924,76.61249
VIL_0064,2026-09-16 12:00:00,28.8,1.51,68.5,9.11,9.81163,76.72943
VIL_0065,2026-09-16 12:00:00,29.19,0.0,68.46,9.11,9.86715,76.58147
VIL_0066,2026-09-16 12:00:00,28.8,0.0,69.49,10.54,9.82217,76.63606
VIL_0067,2026-09-16 12:00:00,28.32,6.22,69.12,8.47,9.95489,76.77568
VIL_0068,2026-09-16 12:00:00,29.0,0.0,64.63,10.0,9.79043,76.86132
VIL_0069,2026-09-16 12:00:00,27.28,0.0,66.54,8.35,9.82603,76.85498
VIL_0070,2026-09-16 12:00:00,27.12,0.0,71.29,8.08,9.70244,77.08059
VIL_0071,2026-09-16 12:00:00,27.96,0.0,69.41,7.9,9.95948,77.06887
VIL_0072,2026-09-16 12:00:00,27.91,0.0,70.42,7.7,9.73047,77.14384
VIL_0073,2026-09-16 12:00:00,26.71,0.4,71.75,8.2,9.9827,77.06962
VIL_0074,2026-09-16 12:00:00,25.97,4.09,73.25,9.71,9.88864,77.22549
VIL_0075,2026-09-16 12:00:00,28.25,0.0,70.92,10.39,9.75829,77.21546
VIL_0076,2026-09-16 12:00:00,27.72,0.0,69.53,8.68,9.79733,77.18669
VIL_0077,2026-09-16 12:00:00,29.31,0.0,71.65,8.75,10.20293,76.4465
VIL_0078,2026-09-16 12:00:00,30.28,2.9,72.43,8.05,10.00322,76.35946
VIL_0079,2026-09-16 12:00:00,29.92,0.0,70.18,8.93,10.16674,76.46451
VIL_0080,2026-09-16 12:00:00,30.62,0.0,67.61,9.0,10.05579,76.27307
VIL_0081,2026-09-16 12:00:00,29.36,0.0,70.46,8.84,10.17134,76.44985
VIL_0082,2026-09-16 12:00:00,30.98,2.06,69.14,7.76,10.0626,76.23585
VIL_0083,2026-09-16 12:00:00,29.3,0.0,70.24,8.19,10.04028,76.54402
VIL_0084,2026-09-16 12:00:00,29.04,0.0,69.97,8.92,10.11402,76.46926
VIL_0085,2026-09-16 12:00:00,29.38,0.0,67.46,8.65,9.93532,76.46204
VIL_0086,2026-09-16 12:00:00,28.82,0.0,69.14,7.28,10.11041,76.6912
VIL_0087,2026-09-16 12:00:00,31.68,0.0,71.79,7.8,10.22557,76.23549
VIL_0088,2026-09-16 12:00:00,31.09,0.0,69.43,10.11,10.45165,76.33799
VIL_0089,2026-09-16 12:00:00,29.19,0.0,73.14,9.04,10.23525,76.48188
VIL_0090,2026-09-16 12:00:00,31.09,0.0,73.35,8.33,10.44663,76.35049
VIL_0091,2026-09-16 12:00:00,31.81,0.0,72.37,8.32,10.42179,76.23961
VIL_0092,2026-09-16 12:00:00,30.25,0.0,69.86,9.71,10.24066,76.39311
VIL_0093,2026-09-16 12:00:00,30.72,0.0,74.54,9.59,10.7689,76.21235
VIL_0094,2026-09-16 12:00:00,28.66,0.0,72.65,9.19,10.77833,76.34628
VIL_0095,2026-09-16 12:00:00,30.47,0.0,74.41,8.89,10.79269,76.3266
VIL_0096,2026-09-16 12:00:00,30.6,0.0,76.7,10.22,10.7127,76.26521
VIL_0097,2026-09-16 12:00:00,28.9,0.0,74.46,8.64,10.62368,76.37304
VIL_0098,2026-09-16 12:00:00,30.3,0.0,76.74,8.91,10.8041,76.17618
VIL_0099,2026-09-16 12:00:00,28.36,0.83,76.17,12.84,10.78168,76.63853
VIL_0100,2026-09-16 12:00:00,28.24,1.84,78.6,11.06,10.93434,76.55678
VIL_0101,2026-09-16 12:00:00,28.37,0.0,79.19,12.3,10.64142,76.65217
VIL_0102,2026-09-16 12:00:00,28.38,0.0,79.28,11.83,10.68965,76.61394
VIL_0103,2026-09-16 12:00:00,29.71,0.0,73.83,12.03,10.85925,76.72028
VIL_0104,2026-09-16 12:00:00,29.68,0.0,77.77,12.95,11.00176,76.46064
VIL_0105,2026-09-16 12:00:00,30.11,0.0,78.07,13.88,11.0299,76.38314
VIL_0106,2026-09-16 12:00:00,29.49,0.0,76.6,13.64,11.01596,76.60167
VIL_0107,2026-09-16 12:00:00,28.53,0.0,78.83,12.99,10.98502,76.57983
VIL_0108,2026-09-16 12:00:00,27.36,2.7,78.12,13.17,11.17344,76.68379
VIL_0109,2026-09-16 12:00:00,28.0,0.0,77.17,13.4,11.10807,76.68076
VIL_0110,2026-09-16 12:00:00,27.89,0.0,76.97,13.78,10.99357,76.74974
VIL_0111,2026-09-16 12:00:00,28.64,0.0,79.05,12.31,11.01923,76.54029
VIL_0112,2026-09-16 12:00:00,29.19,2.3,77.62,12.66,11.12864,76.58613
VIL_0113,2026-09-16 12:00:00,27.75,0.0,79.51,11.53,11.21714,76.81918
VIL_0114,2026-09-16 12:00:00,29.82,0.52,73.15,5.24,11.09105,76.29932
VIL_0115,2026-09-16 12:00:00,30.89,0.0,73.42,6.3,11.11192,76.17423
VIL_0116,2026-09-16 12:00:00,31.28,0.0,69.98,6.25,10.99183,76.24669
VIL_0117,2026-09-16 12:00:00,32.26,0.0,69.76,4.14,11.1201,76.0976
VIL_0118,2026-09-16 12:00:00,32.5,0.0,71.59,7.4,10.91771,76.13227
VIL_0119,2026-09-16 12:00:00,30.8,0.0,69.19,5.83,10.90654,76.22058
VIL_0120,2026-09-16 12:00:00,30.87,0.0,72.17,5.67,10.93781,76.19341
VIL_0121,2026-09-16 12:00:00,30.68,0.0,69.2,4.61,11.07926,76.35401
VIL_0122,2026-09-16 12:00:00,31.31,6.45,82.89,8.19,11.3115,76.37302
VIL_0123,2026-09-16 12:00:00,31.76,8.24,84.18,9.08,11.16903,76.2315
VIL_0124,2026-09-16 12:00:00,31.52,5.31,83.57,6.21,11.39021,76.29823
VIL_0125,2026-09-16 12:00:00,31.99,4.98,78.39,7.55,11.3361,76.28675
VIL_0126,2026-09-16 12:00:00,33.13,4.53,83.29,7.71,11.23485,76.16408
VIL_0127,2026-09-16 12:00:00,30.46,0.0,71.65,5.86,11.45003,76.02212
VIL_0128,2026-09-16 12:00:00,32.36,0.0,69.23,5.42,11.48097,75.9154
VIL_0129,2026-09-16 12:00:00,31.64,0.0,68.25,5.12,11.35745,76.00149
VIL_0130,2026-09-16 12:00:00,31.57,0.0,66.4,6.88,11.40199,75.97259
VIL_0131,2026-09-16 12:00:00,30.84,0.0,69.1,7.49,11.44574,76.029
VIL_0132,2026-09-16 12:00:00,33.48,0.0,78.12,14.3,11.62666,75.57154
VIL_0133,2026-09-16 12:00:00,33.75,0.0,73.45,13.15,11.65461,75.53845
VIL_0134,2026-09-16 12:00:00,33.23,0.0,74.84,14.35,11.49951,75.73455
VIL_0135,2026-09-16 12:00:00,33.33,0.0,75.04,12.22,11.70468,75.69812
VIL_0136,2026-09-16 12:00:00,33.58,0.0,74.52,14.5,11.52808,75.45165
VIL_0137,2026-09-16 12:00:00,32.37,0.0,73.41,14.08,11.54398,75.60112
VIL_0138,2026-09-16 12:00:00,33.91,0.0,70.16,13.8,11.551,75.68836
VIL_0139,2026-09-16 12:00:00,31.9,13.44,76.91,10.44,11.52275,76.11987
VIL_0140,2026-09-16 12:00:00,32.26,11.27,79.51,12.98,11.4836,75.9485
VIL_0141,2026-09-16 12:00:00,32.13,10.64,74.9,12.04,11.61741,76.09519
VIL_0142,2026-09-16 12:00:00,31.47,11.21,76.35,10.78,11.64923,76.15083
VIL_0143,2026-09-16 12:00:00,32.33,11.14,79.62,9.41,11.75076,76.08789
VIL_0144,2026-09-16 12:00:00,32.34,10.65,76.81,12.13,11.55489,76.17156
VIL_0145,2026-09-16 12:00:00,31.42,10.8,76.95,11.26,11.53925,76.06469
VIL_0146,2026-09-16 12:00:00,29.83,8.52,80.56,9.51,11.66061,76.14179
VIL_0147,2026-09-16 12:00:00,31.14,9.21,78.8,8.22,11.90379,76.06179
VIL_0148,2026-09-16 12:00:00,32.22,9.42,78.17,9.81,11.77569,75.90499
VIL_0149,2026-09-16 12:00:00,32.3,8.79,79.52,9.31,11.69993,75.92807
VIL_0150,2026-09-16 12:00:00,30.89,9.03,81.31,8.01,11.81777,76.06738
VIL_0151,2026-09-16 12:00:00,28.9,0.0,71.84,1.05,11.59598,76.39346
VIL_0152,2026-09-16 12:00:00,30.24,0.0,72.34,0.74,11.73337,76.27331
VIL_0153,2026-09-16 12:00:00,30.19,0.0,70.9,0.5,11.69552,76.23288
VIL_0154,2026-09-16 12:00:00,30.5,0.0,72.38,1.37,11.58632,76.21379
VIL_0155,2026-09-16 12:00:00,29.95,0.0,73.33,0.86,11.73935,76.11132
VIL_0156,2026-09-16 12:00:00,31.28,0.0,70.72,2.56,11.54682,76.1208
VIL_0157,2026-09-16 12:00:00,30.45,0.0,73.23,2.54,11.52422,76.36364
VIL_0158,2026-09-16 12:00:00,30.47,0.0,74.8,0.5,11.7231,76.24925
VIL_0159,2026-09-16 12:00:00,34.17,0.0,73.78,10.12,12.12501,75.45007
VIL_0160,2026-09-16 12:00:00,34.88,0.0,73.15,9.93,11.99989,75.3474
VIL_0161,2026-09-16 12:00:00,34.68,0.0,78.26,10.69,12.09093,75.22242
VIL_0162,2026-09-16 12:00:00,34.09,0.0,72.73,9.73,12.18074,75.474
VIL_0163,2026-09-16 12:00:00,34.99,0.0,78.48,11.08,11.97427,75.21259
VIL_0164,2026-09-16 12:00:00,33.21,10.05,81.91,11.77,11.98294,75.77395
VIL_0165,2026-09-16 12:00:00,33.28,14.24,87.2,11.78,12.02961,75.56588
VIL_0166,2026-09-16 12:00:00,33.31,13.3,83.04,12.7,11.85317,75.70973
VIL_0167,2026-09-16 12:00:00,34.82,7.37,83.38,12.71,11.83995,75.69273
VIL_0168,2026-09-16 12:00:00,32.83,9.93,86.24,11.64,12.11407,75.68964
VIL_0169,2026-09-16 12:00:00,33.23,10.44,81.9,13.42,11.94845,75.70999
VIL_0170,2026-09-16 12:00:00,34.06,0.0,74.13,7.89,12.40136,75.18919
VIL_0171,2026-09-16 12:00:00,34.4,0.0,72.91,7.9,12.34578,75.18913
VIL_0172,2026-09-16 12:00:00,34.79,0.0,74.11,5.82,12.35345,75.00501
VIL_0173,2026-09-16 12:00:00,35.68,0.0,72.04,7.72,12.24019,75.00738
VIL_0174,2026-09-16 12:00:00,34.57,0.0,77.72,7.57,12.37169,75.02048
VIL_0175,2026-09-16 12:00:00,35.35,0.0,76.88,8.83,12.46097,75.03172
VIL_0176,2026-09-16 12:00:00,34.49,0.0,75.95,8.32,12.47562,75.03948
VIL_0177,2026-09-16 12:00:00,35.07,0.0,76.9,8.81,12.46219,74.91321
VIL_0178,2026-09-16 12:00:00,34.88,0.0,77.09,7.29,12.50881,75.04287
VIL_0001,2026-09-16 18:00:00,29.12,43.5,87.89,10.29,8.73621,77.0676
VIL_0002,2026-09-16 18:00:00,29.56,38.34,87.56,8.29,8.6306,76.89481
VIL_0003,2026-09-16 18:00:00,28.97,40.99,89.2,7.64,8.4978,76.86543
VIL_0004,2026-09-16 18:00:00,28.54,41.81,88.38,8.24,8.71085,77.02833
VIL_0005,2026-09-16 18:00:00,28.03,43.06,90.57,7.14,8.66342,76.85418
VIL_0006,2026-09-16 18:00:00,29.46,38.76,86.7,7.84,8.74197,77.09773
VIL_0007,2026-09-16 18:00:00,27.84,43.22,88.8,7.29,8.5147,76.90255
VIL_0008,2026-09-16 18:00:00,27.35,0.0,80.07,7.29,8.37924,77.1885
VIL_0009,2026-09-16 18:00:00,29.05,4.49,79.03,6.53,8.19612,77.01192
VIL_0010,2026-09-16 18:00:00,27.86,0.0,80.48,9.2,8.35143,77.12496
VIL_0011,2026-09-16 18:00:00,26.44,0.0,79.5,8.49,8.208,77.29713
VIL_0012,2026-09-16 18:00:00,27.75,0.0,79.25,6.39,8.26383,77.03218
VIL_0013,2026-09-16 18:00:00,28.49,1.52,78.76,8.96,8.37952,77.11974
VIL_0014,2026-09-16 18:00:00,27.65,8.95,78.72,7.49,8.48897,77.14503
VIL_0015,2026-09-16 18:00:00,26.62,0.0,79.67,7.7,8.45198,77.20909
VIL_0016,2026-09-16 18:00:00,26.65,0.0,76.47,7.08,8.87052,76.90667
VIL_0017,2026-09-16 18:00:00,27.16,0.0,78.26,8.01,9.14069,76.86452
VIL_0018,2026-09-16 18:00:00,26.99,0.0,76.36,6.07,8.94238,76.6513
VIL_0019,2026-09-16 18:00:00,27.33,0.0,77.6,8.46,9.05627,76.75405
VIL_0020,2026-09-16 18:00:00,26.99,0.0,80.85,13.29,9.01655,76.78832
VIL_0021,2026-09-16 18:00:00,27.36,0.0,80.09,12.12,9.1408,76.85563
VIL_0022,2026-09-16 18:00:00,28.0,1.17,83.14,14.03,9.06676,76.87151
VIL_0023,2026-09-16 18:00:00,27.72,0.01,81.63,13.22,9.02402,76.94201
VIL_0024,2026-09-16 18:00:00,25.76,0.0,83.75,12.11,8.92346,77.06888
VIL_0025,2026-09-16 18:00:00,26.13,0.0,82.08,11.74,9.10054,77.05985
VIL_0026,2026-09-16 18:00:00,27.13,1.56,80.67,13.16,9.13645,76.95737
VIL_0027,2026-09-16 18:00:00,29.07,0.0,76.8,5.64,9.24557,76.3026
VIL_0028,2026-09-16 18:00:00,28.64,0.0,76.28,5.49,9.3486,76.2864
VIL_0029,2026-09-16 18:00:00,28.73,0.0,77.6,5.09,9.48062,76.31203
VIL_0030,2026-09-16 18:00:00,28.87,0.0,76.82,4.78,9.31628,76.36781
VIL_0031,2026-09-16 18:00:00,29.0,0.0,74.34,7.29,9.27428,76.44566
VIL_0032,2026-09-16 18:00:00,28.26,0.0,76.32,5.65,9.25437,76.50107
VIL_0033,2026-09-16 18:00:00,28.85,0.0,78.6,5.54,9.46367,76.26461
VIL_0034,2026-09-16 18:00:00,27.67,0.0,80.79,9.05,9.22665,76.6754
VIL_0035,2026-09-16 18:00:00,27.53,3.04,83.25,9.35,9.40405,76.64379
VIL_0036,2026-09-16 18:00:00,28.13,0.0,83.63,9.53,9.44489,76.65732
VIL_0037,2026-09-16 18:00:00,27.74,0.0,80.42,9.24,9.44149,76.71701
VIL_0038,2026-09-16 18:00:00,29.08,0.0,83.94,10.47,9.30184,76.49062
VIL_0039,2026-09-16 18:00:00,27.16,0.0,82.91,10.13,9.27825,76.66265
VIL_0040,2026-09-16 18:00:00,27.85,0.0,79.27,13.56,9.45088,76.82727
VIL_0041,2026-09-16 18:00:00,28.19,0.0,76.01,14.26,9.49816,76.77766
VIL_0042,2026-09-16 18:00:00,27.99,0.0,76.33,14.17,9.26788,76.84997
VIL_0043,2026-09-16 18:00:00,27.65,0.0,77.91,13.85,9.46024,76.80438
VIL_0044,2026-09-16 18:00:00,29.32,0.0,78.12,15.24,9.46329,76.78414
VIL_0045,2026-09-16 18:00:00,30.06,0.0,76.17,12.76,9.38882,76.76426
VIL_0046,2026-09-16 18:00:00,28.7,0.0,76.74,14.39,9.23963,76.66837
VIL_0047,2026-09-16 18:00:00,27.65,0.0,75.76,13.53,9.24143,76.82692
VIL_0048,2026-09-16 18:00:00,29.51,0.0,79.81,12.53,9.72998,76.74265
VIL_0049,2026-09-16 18:00:00,29.3,0.0,77.22,12.84,9.6028,76.71533
VIL_0050,2026-09-16 18:00:00,29.15,0.0,77.36,11.67,9.72295,76.59492
VIL_0051,2026-09-16 18:00:00,29.54,0.0,81.17,11.75,9.84386,76.71366
VIL_0052,2026-09-16 18:00:00,29.35,0.0,80.28,12.51,9.76944,76.79814
VIL_0053,2026-09-16 18:00:00,29.68,0.0,80.68,11.43,9.74831,76.62269
VIL_0054,2026-09-16 18:00:00,29.27,0.0,79.59,10.97,9.59265,76.67096
VIL_0055,2026-09-16 18:00:00,26.08,4.76,75.92,12.26,9.99397,77.17777
VIL_0056,2026-09-16 18:00:00,26.06,5.34,78.63,12.82,10.0998,77.15223
VIL_0057,2026-09-16 18:00:00,26.31,4.51,78.99,12.07,10.20683,77.0054
VIL_0058,2026-09-16 18:00:00,26.62,5.0,80.98,10.91,9.97102,76.97838
VIL_0059,2026-09-16 18:00:00,26.13,4.77,76.26,13.11,10.06613,77.1554
VIL_0060,2026-09-16 18:00:00,26.67,4.56,77.01,12.15,10.19622,76.91209
VIL_0061,2026-09-16 18:00:00,27.77,4.68,78.68,13.39,10.09122,77.03522
VIL_0062,2026-09-16 18:00:00,28.04,6.15,80.17,10.13,9.95373,76.64282
VIL_0063,2026-09-16 18:00:00,27.41,0.0,83.81,11.7,9.81924,76.61249
VIL_0064,2026-09-16 18:00:00,27.31,0.0,84.41,11.57,9.81163,76.72943
VIL_0065,2026-09-16 18:00:00,27.27,0.0,83.09,10.81,9.86715,76.58147
VIL_0066,2026-09-16 18:00:00,26.55,0.0,84.76,11.44,9.82217,76.63606
VIL_0067,2026-09-16 18:00:00,26.92,0.61,86.48,9.94,9.95489,76.77568
VIL_0068,2026-09-16 18:00:00,27.82,1.63,84.83,10.26,9.79043,76.86132
VIL_0069,2026-09-16 18:00:00,26.07,0.0,85.83,10.04,9.82603,76.85498
VIL_0070,2026-09-16 18:00:00,26.25,0.0,76.36,6.31,9.70244,77.08059
VIL_0071,2026-09-16 18:00:00,26.61,0.0,74.98,8.6,9.95948,77.06887
VIL_0072,2026-09-16 18:00:00,26.44,0.0,74.55,8.91,9.73047,77.14384
VIL_0073,2026-09-16 18:00:00,25.38,0.0,78.53,8.88,9.9827,77.06962
VIL_0074,2026-09-16 18:00:00,24.68,0.0,78.04,5.42,9.88864,77.22549
VIL_0075,2026-09-16 18:00:00,27.03,0.0,76.19,8.94,9.75829,77.21546
VIL_0076,2026-09-16 18:00:00,26.81,0.0,75.71,8.74,9.79733,77.18669
VIL_0077,2026-09-16 18:00:00,29.56,0.0,81.6,5.82,10.20293,76.4465
VIL_0078,2026-09-16 18:00:00,30.21,3.23,83.75,6.21,10.00322,76.35946
VIL_0079,2026-09-16 18:00:00,29.7,3.52,81.73,5.27,10.16674,76.46451
VIL_0080,2026-09-16 18:00:00,29.99,0.0,80.36,5.11,10.05579,76.27307
VIL_0081,2026-09-16 18:00:00,29.56,0.0,85.34,4.7,10.17134,76.44985
VIL_0082,2026-09-16 18:00:00,30.56,0.0,81.37,5.16,10.0626,76.23585
VIL_0083,2026-09-16 18:00:00,27.89,0.0,81.53,7.56,10.04028,76.54402
VIL_0084,2026-09-16 18:00:00,26.98,0.0,79.86,6.96,10.11402,76.46926
VIL_0085,2026-09-16 18:00:00,27.71,0.0,80.12,6.82,9.93532,76.46204
VIL_0086,2026-09-16 18:00:00,26.25,0.0,77.54,7.05,10.11041,76.6912
VIL_0087,2026-09-16 18:00:00,29.64,1.06,86.94,6.59,10.22557,76.23549
VIL_0088,2026-09-16 18:00:00,30.11,1.07,87.66,6.82,10.45165,76.33799
VIL_0089,2026-09-16 18:00:00,28.38,3.36,88.5,5.08,10.23525,76.48188
VIL_0090,2026-09-16 18:00:00,29.62,2.0,89.35,7.03,10.44663,76.35049
VIL_0091,2026-09-16 18:00:00,30.47,5.38,87.69,6.97,10.42179,76.23961
VIL_0092,2026-09-16 18:00:00,29.26,1.4,90.08,5.82,10.24066,76.39311
VIL_0093,2026-09-16 18:00:00,31.47,0.53,91.19,6.33,10.7689,76.21235
VIL_0094,2026-09-16 18:00:00,28.72,1.14,92.08,6.72,10.77833,76.34628
VIL_0095,2026-09-16 18:00:00,30.36,2.4,93.14,7.21,10.79269,76.3266
VIL_0096,2026-09-16 18:00:00,31.07,2.67,87.94,5.79,10.7127,76.26521
VIL_0097,2026-09-16 18:00:00,28.84,1.15,91.02,7.18,10.62368,76.37304
VIL_0098,2026-09-16 18:00:00,31.14,5.09,92.39,7.01,10.8041,76.17618
VIL_0099,2026-09-16 18:00:00,28.15,0.0,80.5,7.35,10.78168,76.63853
VIL_0100,2026-09-16 18:00:00,28.48,0.0,78.73,8.17,10.93434,76.55678
VIL_0101,2026-09-16 18:00:00,27.67,0.0,78.44,8.41,10.64142,76.65217
VIL_0102,2026-09-16 18:00:00,28.54,0.0,80.93,8.95,10.68965,76.61394
VIL_0103,2026-09-16 18:00:00,28.1,0.0,82.63,8.11,10.85925,76.72028
VIL_0104,2026-09-16 18:00:00,27.35,5.41,83.12,11.25,11.00176,76.46064
VIL_0105,2026-09-16 18:00:00,27.95,7.16,82.24,10.3,11.0299,76.38314
VIL_0106,2026-09-16 18:00:00,27.64,6.2,83.66,10.43,11.01596,76.60167
VIL_0107,2026-09-16 18:00:00,26.63,8.66,82.95,11.36,10.98502,76.57983
VIL_0108,2026-09-16 18:00:00,28.02,0.0,74.51,12.59,11.17344,76.68379
VIL_0109,2026-09-16 18:00:00,27.62,0.0,73.53,11.93,11.10807,76.68076
VIL_0110,2026-09-16 18:00:00,27.14,0.0,74.39,11.28,10.99357,76.74974
VIL_0111,2026-09-16 18:00:00,28.67,0.0,74.91,12.85,11.01923,76.54029
VIL_0112,2026-09-16 18:00:00,29.1,0.0,72.69,12.33,11.12864,76.58613
VIL_0113,2026-09-16 18:00:00,27.41,0.0,74.97,11.16,11.21714,76.81918
VIL_0114,2026-09-16 18:00:00,27.15,0.0,80.88,7.26,11.09105,76.29932
VIL_0115,2026-09-16 18:00:00,28.34,0.0,82.5,6.43,11.11192,76.17423
VIL_0116,2026-09-16 18:00:00,28.73,0.0,80.49,8.06,10.99183,76.24669
VIL_0117,2026-09-16 18:00:00,29.65,0.0,80.28,5.75,11.1201,76.0976
VIL_0118,2026-09-16 18:00:00,29.44,0.0,79.79,8.57,10.91771,76.13227
VIL_0119,2026-09-16 18:00:00,28.53,0.0,79.65,7.81,10.90654,76.22058
VIL_0120,2026-09-16 18:00:00,28.12,0.0,82.21,8.44,10.93781,76.19341
VIL_0121,2026-09-16 18:00:00,27.64,0.0,79.98,8.2,11.07926,76.35401
VIL_0122,2026-09-16 18:00:00,29.32,11.85,90.2,10.8,11.3115,76.37302
VIL_0123,2026-09-16 18:00:00,29.4,8.42,87.6,9.8,11.16903,76.2315
VIL_0124,2026-09-16 18:00:00,29.53,9.47,88.0,11.98,11.39021,76.29823
VIL_0125,2026-09-16 18:00:00,30.13,8.14,89.35,12.16,11.3361,76.28675
VIL_0126,2026-09-16 18:00:00,31.07,7.33,87.99,10.09,11.23485,76.16408
VIL_0127,2026-09-16 18:00:00,27.57,17.22,87.05,7.87,11.45003,76.02212
VIL_0128,2026-09-16 18:00:00,29.44,12.96,82.32,8.02,11.48097,75.9154
VIL_0129,2026-09-16 18:00:00,29.01,12.84,86.49,8.38,11.35745,76.00149
VIL_0130,2026-09-16 18:00:00,28.37,16.49,86.13,8.04,11.40199,75.97259
VIL_0131,2026-09-16 18:00:00,27.5,15.98,85.77,8.7,11.44574,76.029
VIL_0132,2026-09-16 18:00:00,32.48,0.0,70.96,7.71,11.62666,75.57154
VIL_0133,2026-09-16 18:00:00,32.52,0.0,73.79,6.27,11.65461,75.53845
VIL_0134,2026-09-16 18:00:00,32.16,0.0,72.13,8.0,11.49951,75.73455
VIL_0135,2026-09-16 18:00:00,31.95,0.0,71.78,8.19,11.70468,75.69812
VIL_0136,2026-09-16 18:00:00,32.13,0.0,70.3,7.14,11.52808,75.45165
VIL_0137,2026-09-16 18:00:00,31.51,0.0,72.21,8.12,11.54398,75.60112
VIL_0138,2026-09-16 18:00:00,33.05,0.0,72.55,7.28,11.551,75.68836
VIL_0139,2026-09-16 18:00:00,29.26,8.49,84.28,6.69,11.52275,76.11987
VIL_0140,2026-09-16 18:00:00,30.63,2.65,81.72,7.2,11.4836,75.9485
VIL_0141,2026-09-16 18:00:00,30.02,5.09,82.64,6.97,11.61741,76.09519
VIL_0142,2026-09-16 18:00:00,29.17,3.36,82.53,6.34,11.64923,76.15083
VIL_0143,2026-09-16 18:00:00,30.04,5.45,81.42,8.63,11.75076,76.08789
VIL_0144,2026-09-16 18:00:00,29.59,2.66,84.75,7.85,11.55489,76.17156
VIL_0145,2026-09-16 18:00:00,28.33,5.02,82.52,7.43,11.53925,76.06469
VIL_0146,2026-09-16 18:00:00,27.99,6.15,84.59,8.86,11.66061,76.14179
VIL_0147,2026-09-16 18:00:00,29.06,5.3,82.46,8.29,11.90379,76.06179
VIL_0148,2026-09-16 18:00:00,30.4,6.97,84.58,10.35,11.77569,75.90499
VIL_0149,2026-09-16 18:00:00,29.8,5.25,83.37,8.61,11.69993,75.92807
VIL_0150,2026-09-16 18:00:00,28.77,4.61,85.17,9.45,11.81777,76.06738
VIL_0151,2026-09-16 18:00:00,29.11,3.27,84.42,8.59,11.59598,76.39346
VIL_0152,2026-09-16 18:00:00,29.45,3.81,82.89,11.51,11.73337,76.27331
VIL_0153,2026-09-16 18:00:00,29.26,3.69,82.68,9.95,11.69552,76.23288
VIL_0154,2026-09-16 18:00:00,29.31,4.25,82.21,11.31,11.58632,76.21379
VIL_0155,2026-09-16 18:00:00,28.97,2.93,84.13,8.4,11.73935,76.11132
VIL_0156,2026-09-16 18:00:00,30.86,4.23,83.03,9.83,11.54682,76.1208
VIL_0157,2026-09-16 18:00:00,29.5,3.17,86.17,9.43,11.52422,76.36364
VIL_0158,2026-09-16 18:00:00,30.2,3.06,86.2,9.45,11.7231,76.24925
VIL_0159,2026-09-16 18:00:00,31.9,0.0,76.46,7.07,12.12501,75.45007
VIL_0160,2026-09-16 18:00:00,32.28,0.0,76.37,7.12,11.99989,75.3474
VIL_0161,2026-09-16 18:00:00,32.14,0.0,78.57,7.23,12.09093,75.22242
VIL_0162,2026-09-16 18:00:00,31.72,0.0,75.15,6.1,12.18074,75.474
VIL_0163,2026-09-16 18:00:00,31.38,0.0,74.38,5.98,11.97427,75.21259
VIL_0164,2026-09-16 18:00:00,30.39,0.0,76.28,7.27,11.98294,75.77395
VIL_0165,2026-09-16 18:00:00,30.6,0.0,75.86,9.27,12.02961,75.56588
VIL_0166,2026-09-16 18:00:00,30.81,0.0,78.26,6.86,11.85317,75.70973
VIL_0167,2026-09-16 18:00:00,32.27,0.0,76.05,8.17,11.83995,75.69273
VIL_0168,2026-09-16 18:00:00,29.27,0.0,77.88,9.64,12.11407,75.68964
VIL_0169,2026-09-16 18:00:00,29.7,0.0,76.35,8.98,11.94845,75.70999
VIL_0170,2026-09-16 18:00:00,30.6,0.0,71.43,7.23,12.40136,75.18919
VIL_0171,2026-09-16 18:00:00,30.17,0.0,68.53,6.57,12.34578,75.18913
VIL_0172,2026-09-16 18:00:00,29.9,0.0,73.91,5.5,12.35345,75.00501
VIL_0173,2026-09-16 18:00:00,30.9,0.0,72.14,4.79,12.24019,75.00738
VIL_0174,2026-09-16 18:00:00,32.77,0.0,77.48,7.93,12.37169,75.02048
VIL_0175,2026-09-16 18:00:00,32.53,0.0,77.96,9.57,12.46097,75.03172
VIL_0176,2026-09-16 18:00:00,32.79,0.0,78.68,7.49,12.47562,75.03948
VIL_0177,2026-09-16 18:00:00,32.27,0.0,78.28,8.05,12.46219,74.91321
VIL_0178,2026-09-16 18:00:00,33.2,0.0,79.44,8.94,12.50881,75.04287
VIL_0001,2026-09-17 00:00:00,21.33,0.0,97.85,8.16,8.73621,77.0676
VIL_0002,2026-09-17 00:00:00,22.33,0.0,99.0,7.81,8.6306,76.89481
VIL_0003,2026-09-17 00:00:00,21.18,0.0,99.0,8.08,8.4978,76.86543
VIL_0004,2026-09-17 00:00:00,21.08,0.0,99.0,9.44,8.71085,77.02833
VIL_0005,2026-09-17 00:00:00,21.33,0.0,99.0,6.45,8.66342,76.85418
VIL_0006,2026-09-17 00:00:00,21.56,0.0,99.0,9.41,8.74197,77.09773
VIL_0007,2026-09-17 00:00:00,20.22,1.14,99.0,7.57,8.5147,76.90255
VIL_0008,2026-09-17 00:00:00,19.84,0.0,99.0,9.11,8.37924,77.1885
VIL_0009,2026-09-17 00:00:00,21.87,4.57,99.0,7.74,8.19612,77.01192
VIL_0010,2026-09-17 00:00:00,20.66,0.0,99.0,8.29,8.35143,77.12496
VIL_0011,2026-09-17 00:00:00,19.34,0.0,99.0,9.03,8.208,77.29713
VIL_0012,2026-09-17 00:00:00,21.23,0.0,99.0,7.41,8.26383,77.03218
VIL_0013,2026-09-17 00:00:00,22.23,0.0,99.0,7.44,8.37952,77.11974
VIL_0014,2026-09-17 00:00:00,20.97,0.0,99.0,7.35,8.48897,77.14503
VIL_0015,2026-09-17 00:00:00,20.14,0.0,99.0,8.93,8.45198,77.20909
VIL_0016,2026-09-17 00:00:00,21.51,0.0,99.0,4.65,8.87052,76.90667
VIL_0017,2026-09-17 00:00:00,22.34,0.0,99.0,5.45,9.14069,76.86452
VIL_0018,2026-09-17 00:00:00,22.02,0.0,97.81,4.73,8.94238,76.6513
VIL_0019,2026-09-17 00:00:00,22.32,0.0,98.36,3.92,9.05627,76.75405
VIL_0020,2026-09-17 00:00:00,22.25,3.12,90.82,8.65,9.01655,76.78832
VIL_0021,2026-09-17 00:00:00,23.23,0.0,92.83,8.61,9.1408,76.85563
VIL_0022,2026-09-17 00:00:00,23.07,0.0,95.07,8.98,9.06676,76.87151
VIL_0023,2026-09-17 00:00:00,23.23,0.0,90.47,8.84,9.02402,76.94201
VIL_0024,2026-09-17 00:00:00,22.41,0.0,94.98,7.91,8.92346,77.06888
VIL_0025,2026-09-17 00:00:00,21.14,0.4,92.42,8.46,9.10054,77.05985
VIL_0026,2026-09-17 00:00:00,22.83,0.0,95.34,9.05,9.13645,76.95737
VIL_0027,2026-09-17 00:00:00,24.49,0.0,95.99,11.34,9.24557,76.3026
VIL_0028,2026-09-17 00:00:00,23.01,0.0,98.94,9.33,9.3486,76.2864
VIL_0029,2026-09-17 00:00:00,23.89,0.0,98.23,11.06,9.48062,76.31203
VIL_0030,2026-09-17 00:00:00,23.71,3.76,95.09,9.68,9.31628,76.36781
VIL_0031,2026-09-17 00:00:00,23.31,0.0,95.9,10.42,9.27428,76.44566
VIL_0032,2026-09-17 00:00:00,23.22,0.0,95.53,10.7,9.25437,76.50107
VIL_0033,2026-09-17 00:00:00,23.09,0.0,96.08,10.82,9.46367,76.26461
VIL_0034,2026-09-17 00:00:00,22.33,0.0,99.0,5.91,9.22665,76.6754
VIL_0035,2026-09-17 00:00:00,21.44,0.0,99.0,6.69,9.40405,76.64379
VIL_0036,2026-09-17 00:00:00,22.55,0.0,99.0,4.45,9.44489,76.65732
VIL_0037,2026-09-17 00:00:00,22.39,0.0,99.0,5.74,9.44149,76.71701
VIL_0038,2026-09-17 00:00:00,23.14,0.0,99.0,7.17,9.30184,76.49062
VIL_0039,2026-09-17 00:00:00,21.93,0.49,99.0,5.82,9.27825,76.66265
VIL_0040,2026-09-17 00:00:00,21.32,0.0,99.0,10.73,9.45088,76.82727
VIL_0041,2026-09-17 00:00:00,21.41,0.0,99.0,11.45,9.49816,76.77766
VIL_0042,2026-09-17 00:00:00,20.53,0.0,99.0,9.62,9.26788,76.84997
VIL_0043,2026-09-17 00:00:00,21.32,0.0,99.0,12.15,9.46024,76.80438
VIL_0044,2026-09-17 00:00:00,21.49,0.0,98.55,10.46,9.46329,76.78414
VIL_0045,2026-09-17 00:00:00,22.99,0.0,99.0,10.42,9.38882,76.76426
VIL_0046,2026-09-17 00:00:00,21.68,0.0,99.0,11.69,9.23963,76.66837
VIL_0047,2026-09-17 00:00:00,21.08,0.0,99.0,11.65,9.24143,76.82692
VIL_0048,2026-09-17 00:00:00,20.94,5.76,99.0,5.24,9.72998,76.74265
VIL_0049,2026-09-17 00:00:00,21.43,2.66,99.0,4.14,9.6028,76.71533
VIL_0050,2026-09-17 00:00:00,21.8,3.21,99.0,3.78,9.72295,76.59492
VIL_0051,2026-09-17 00:00:00,21.45,2.26,99.0,6.23,9.84386,76.71366
VIL_0052,2026-09-17 00:00:00,21.45,5.7,99.0,4.16,9.76944,76.79814
VIL_0053,2026-09-17 00:00:00,22.0,3.59,99.0,4.56,9.74831,76.62269
VIL_0054,2026-09-17 00:00:00,20.93,5.18,99.0,3.01,9.59265,76.67096
VIL_0055,2026-09-17 00:00:00,21.28,36.74,97.24,9.78,9.99397,77.17777
VIL_0056,2026-09-17 00:00:00,21.22,36.23,96.64,9.95,10.0998,77.15223
VIL_0057,2026-09-17 00:00:00,21.57,36.13,95.84,10.03,10.20683,77.0054
VIL_0058,2026-09-17 00:00:00,22.3,37.59,95.83,8.14,9.97102,76.97838
VIL_0059,2026-09-17 00:00:00,21.21,37.2,98.63,9.08,10.06613,77.1554
VIL_0060,2026-09-17 00:00:00,22.02,36.18,94.67,9.71,10.19622,76.91209
VIL_0061,2026-09-17 00:00:00,22.78,38.66,96.61,9.31,10.09122,77.03522
VIL_0062,2026-09-17 00:00:00,22.9,0.0,89.52,7.82,9.95373,76.64282
VIL_0063,2026-09-17 00:00:00,22.4,0.0,91.85,7.86,9.81924,76.61249
VIL_0064,2026-09-17 00:00:00,21.49,0.0,91.14,7.52,9.81163,76.72943
VIL_0065,2026-09-17 00:00:00,22.38,0.0,90.3,7.4,9.86715,76.58147
VIL_0066,2026-09-17 00:00:00,21.33,0.0,88.85,6.61,9.82217,76.63606
VIL_0067,2026-09-17 00:00:00,21.26,8.02,92.93,8.25,9.95489,76.77568
VIL_0068,2026-09-17 00:00:00,21.89,0.0,89.36,6.38,9.79043,76.86132
VIL_0069,2026-09-17 00:00:00,21.05,0.0,94.12,6.74,9.82603,76.85498
VIL_0070,2026-09-17 00:00:00,19.33,0.0,92.22,9.53,9.70244,77.08059
VIL_0071,2026-09-17 00:00:00,20.46,0.0,93.44,8.26,9.95948,77.06887
VIL_0072,2026-09-17 00:00:00,20.53,0.53,93.43,10.26,9.73047,77.14384
VIL_0073,2026-09-17 00:00:00,19.07,0.0,94.52,8.24,9.9827,77.06962
VIL_0074,2026-09-17 00:00:00,18.28,0.0,93.94,7.78,9.88864,77.22549
VIL_0075,2026-09-17 00:00:00,20.42,0.0,92.17,11.36,9.75829,77.21546
VIL_0076,2026-09-17 00:00:00,19.91,0.0,92.23,9.2,9.79733,77.18669
VIL_0077,2026-09-17 00:00:00,22.56,2.83,99.0,5.25,10.20293,76.4465
VIL_0078,2026-09-17 00:00:00,23.23,0.0,99.0,6.14,10.00322,76.35946
VIL_0079,2026-09-17 00:00:00,23.29,0.0,99.0,6.21,10.16674,76.46451
VIL_0080,2026-09-17 00:00:00,24.29,1.02,99.0,5.66,10.05579,76.27307
VIL_0081,2026-09-17 00:00:00,22.58,0.0,99.0,6.16,10.17134,76.44985
VIL_0082,2026-09-17 00:00:00,23.84,0.0,99.0,7.06,10.0626,76.23585
VIL_0083,2026-09-17 00:00:00,23.07,0.0,99.0,7.94,10.04028,76.54402
VIL_0084,2026-09-17 00:00:00,22.24,0.0,99.0,8.74,10.11402,76.46926
VIL_0085,2026-09-17 00:00:00,22.74,0.29,99.0,7.49,9.93532,76.46204
VIL_0086,2026-09-17 00:00:00,21.63,0.0,99.0,6.83,10.11041,76.6912
VIL_0087,2026-09-17 00:00:00,23.83,0.0,91.76,5.04,10.22557,76.23549
VIL_0088,2026-09-17 00:00:00,24.28,0.0,94.15,6.5,10.45165,76.33799
VIL_0089,2026-09-17 00:00:00,22.25,0.0,94.4,5.38,10.23525,76.48188
VIL_0090,2026-09-17 00:00:00,23.43,0.0,90.68,5.98,10.44663,76.35049
VIL_0091,2026-09-17 00:00:00,23.53,0.0,92.97,5.94,10.42179,76.23961
VIL_0092,2026-09-17 00:00:00,23.22,0.0,93.65,6.11,10.24066,76.39311
VIL_0093,2026-09-17 00:00:00,23.76,0.0,89.22,8.8,10.7689,76.21235
VIL_0094,2026-09-17 00:00:00,22.1,0.0,92.9,7.39,10.77833,76.34628
VIL_0095,2026-09-17 00:00:00,23.43,0.0,90.23,9.44,10.79269,76.3266
VIL_0096,2026-09-17 00:00:00,24.23,0.0,93.77,8.86,10.7127,76.26521
VIL_0097,2026-09-17 00:00:00,22.43,0.0,91.18,8.34,10.62368,76.37304
VIL_0098,2026-09-17 00:00:00,23.66,0.0,88.57,8.55,10.8041,76.17618
VIL_0099,2026-09-17 00:00:00,20.43,0.0,97.89,11.06,10.78168,76.63853
VIL_0100,2026-09-17 00:00:00,21.07,0.0,98.48,11.46,10.93434,76.55678
VIL_0101,2026-09-17 00:00:00,19.92,0.0,98.11,11.1,10.64142,76.65217
VIL_0102,2026-09-17 00:00:00,20.34,0.0,96.88,12.06,10.68965,76.61394
VIL_0103,2026-09-17 00:00:00,20.57,0.0,96.84,11.26,10.85925,76.72028
VIL_0104,2026-09-17 00:00:00,22.14,0.0,99.0,12.38,11.00176,76.46064
VIL_0105,2026-09-17 00:00:00,22.66,0.0,99.0,12.61,11.0299,76.38314
VIL_0106,2026-09-17 00:00:00,21.35,5.7,99.0,10.52,11.01596,76.60167
VIL_0107,2026-09-17 00:00:00,21.0,0.0,99.0,11.32,10.98502,76.57983
VIL_0108,2026-09-17 00:00:00,20.36,14.4,97.24,9.62,11.17344,76.68379
VIL_0109,2026-09-17 00:00:00,20.7,0.0,94.85,10.07,11.10807,76.68076
VIL_0110,2026-09-17 00:00:00,20.11,2.32,96.93,9.61,10.99357,76.74974
VIL_0111,2026-09-17 00:00:00,20.76,0.0,97.53,10.05,11.01923,76.54029
VIL_0112,2026-09-17 00:00:00,21.23,0.0,94.44,10.29,11.12864,76.58613
VIL_0113,2026-09-17 00:00:00,20.02,0.0,96.54,10.02,11.21714,76.81918
VIL_0114,2026-09-17 00:00:00,21.66,8.16,99.0,5.03,11.09105,76.29932
VIL_0115,2026-09-17 00:00:00,22.96,8.58,99.0,3.79,11.11192,76.17423
VIL_0116,2026-09-17 00:00:00,23.85,6.7,99.0,5.05,10.99183,76.24669
VIL_0117,2026-09-17 00:00:00,24.72,6.12,98.18,4.47,11.1201,76.0976
VIL_0118,2026-09-17 00:00:00,24.38,7.83,99.0,3.48,10.91771,76.13227
VIL_0119,2026-09-17 00:00:00,23.1,7.61,99.0,2.7,10.90654,76.22058
VIL_0120,2026-09-17 00:00:00,22.94,7.9,99.0,3.11,10.93781,76.19341
VIL_0121,2026-09-17 00:00:00,23.21,7.5,99.0,1.98,11.07926,76.35401
VIL_0122,2026-09-17 00:00:00,22.06,0.0,94.4,12.49,11.3115,76.37302
VIL_0123,2026-09-17 00:00:00,22.99,0.0,90.66,12.45,11.16903,76.2315
VIL_0124,2026-09-17 00:00:00,22.55,0.0,93.73,11.59,11.39021,76.29823
VIL_0125,2026-09-17 00:00:00,23.3,0.0,93.79,11.95,11.3361,76.28675
VIL_0126,2026-09-17 00:00:00,23.29,0.0,90.38,12.68,11.23485,76.16408
VIL_0127,2026-09-17 00:00:00,22.26,36.98,99.0,8.04,11.45003,76.02212
VIL_0128,2026-09-17 00:00:00,24.59,29.46,99.0,8.97,11.48097,75.9154
VIL_0129,2026-09-17 00:00:00,23.49,32.73,99.0,8.18,11.35745,76.00149
VIL_0130,2026-09-17 00:00:00,24.0,34.24,99.0,8.22,11.40199,75.97259
VIL_0131,2026-09-17 00:00:00,22.75,36.91,99.0,8.97,11.44574,76.029
VIL_0132,2026-09-17 00:00:00,24.39,0.0,95.87,7.5,11.62666,75.57154
VIL_0133,2026-09-17 00:00:00,25.76,0.0,92.91,7.58,11.65461,75.53845
VIL_0134,2026-09-17 00:00:00,24.17,0.0,91.89,5.71,11.49951,75.73455
VIL_0135,2026-09-17 00:00:00,24.34,0.0,91.35,6.57,11.70468,75.69812
VIL_0136,2026-09-17 00:00:00,25.62,0.0,88.21,7.69,11.52808,75.45165
VIL_0137,2026-09-17 00:00:00,23.6,0.0,92.13,5.84,11.54398,75.60112
VIL_0138,2026-09-17 00:00:00,26.08,0.0,90.29,7.09,11.551,75.68836
VIL_0139,2026-09-17 00:00:00,23.82,6.04,94.96,6.57,11.52275,76.11987
VIL_0140,2026-09-17 00:00:00,24.29,12.57,94.84,5.93,11.4836,75.9485
VIL_0141,2026-09-17 00:00:00,24.08,7.72,98.03,5.14,11.61741,76.09519
VIL_0142,2026-09-17 00:00:00,22.77,4.77,95.18,4.71,11.64923,76.15083
VIL_0143,2026-09-17 00:00:00,24.73,5.04,97.0,5.88,11.75076,76.08789
VIL_0144,2026-09-17 00:00:00,23.64,4.16,97.3,4.47,11.55489,76.17156
VIL_0145,2026-09-17 00:00:00,23.19,4.71,98.87,5.05,11.53925,76.06469
VIL_0146,2026-09-17 00:00:00,21.6,7.8,89.74,7.41,11.66061,76.14179
VIL_0147,2026-09-17 00:00:00,23.74,0.0,88.26,5.2,11.90379,76.06179
VIL_0148,2026-09-17 00:00:00,24.5,0.0,87.7,6.11,11.77569,75.90499
VIL_0149,2026-09-17 00:00:00,24.08,0.0,85.41,6.37,11.69993,75.92807
VIL_0150,2026-09-17 00:00:00,23.0,0.0,89.43,8.44,11.81777,76.06738
VIL_0151,2026-09-17 00:00:00,23.13,0.0,99.0,5.28,11.59598,76.39346
VIL_0152,2026-09-17 00:00:00,23.7,6.42,95.63,7.98,11.73337,76.27331
VIL_0153,2026-09-17 00:00:00,24.02,0.0,94.07,8.28,11.69552,76.23288
VIL_0154,2026-09-17 00:00:00,24.15,0.0,96.54,7.43,11.58632,76.21379
VIL_0155,2026-09-17 00:00:00,23.5,0.0,98.28,7.66,11.73935,76.11132
VIL_0156,2026-09-17 00:00:00,24.3,0.0,95.34,6.65,11.54682,76.1208
VIL_0157,2026-09-17 00:00:00,24.06,0.0,97.99,7.8,11.52422,76.36364
VIL_0158,2026-09-17 00:00:00,24.72,0.0,95.66,8.09,11.7231,76.24925
VIL_0159,2026-09-17 00:00:00,26.09,1.38,97.69,4.2,12.12501,75.45007
VIL_0160,2026-09-17 00:00:00,26.15,1.31,99.0,4.6,11.99989,75.3474
VIL_0161,2026-09-17 00:00:00,26.76,2.09,99.0,4.76,12.09093,75.22242
VIL_0162,2026-09-17 00:00:00,25.15,2.69,96.3,5.63,12.18074,75.474
VIL_0163,2026-09-17 00:00:00,26.4,2.19,99.0,5.82,11.97427,75.21259
VIL_0164,2026-09-17 00:00:00,24.41,0.0,99.0,14.33,11.98294,75.77395
VIL_0165,2026-09-17 00:00:00,24.6,0.0,99.0,13.14,12.02961,75.56588
VIL_0166,2026-09-17 00:00:00,24.83,0.0,96.58,13.1,11.85317,75.70973
VIL_0167,2026-09-17 00:00:00,25.82,0.0,97.88,13.63,11.83995,75.69273
VIL_0168,2026-09-17 00:00:00,24.05,0.0,99.0,12.69,12.11407,75.68964
VIL_0169,2026-09-17 00:00:00,24.15,0.0,95.52,13.1,11.94845,75.70999
VIL_0170,2026-09-17 00:00:00,25.37,0.0,99.0,12.27,12.40136,75.18919
VIL_0171,2026-09-17 00:00:00,25.52,0.0,99.0,12.56,12.34578,75.18913
VIL_0172,2026-09-17 00:00:00,25.25,0.0,99.0,12.33,12.35345,75.00501
VIL_0173,2026-09-17 00:00:00,25.91,0.0,99.0,11.83,12.24019,75.00738
VIL_0174,2026-09-17 00:00:00,26.91,0.0,99.0,4.51,12.37169,75.02048
VIL_0175,2026-09-17 00:00:00,26.95,0.0,99.0,4.58,12.46097,75.03172
VIL_0176,2026-09-17 00:00:00,27.11,0.0,99.0,4.55,12.47562,75.03948
VIL_0177,2026-09-17 00:00:00,27.23,0.0,99.0,5.24,12.46219,74.91321
VIL_0178,2026-09-17 00:00:00,26.77,0.0,99.0,6.17,12.50881,75.04287
VIL_0001,2026-09-17 06:00:00,22.22,0.0,92.7,5.87,8.73621,77.0676
VIL_0002,2026-09-17 06:00:00,23.31,0.72,89.94,5.83,8.6306,76.89481
VIL_0003,2026-09-17 06:00:00,23.02,0.0,88.47,6.31,8.4978,76.86543
VIL_0004,2026-09-17 06:00:00,22.52,0.0,86.26,7.05,8.71085,77.02833
VIL_0005,2026-09-17 06:00:00,22.93,1.98,89.06,5.77,8.66342,76.85418
VIL_0006,2026-09-17 06:00:00,23.7,0.42,89.19,4.24,8.74197,77.09773
VIL_0007,2026-09-17 06:00:00,21.68,0.0,86.78,6.06,8.5147,76.90255
VIL_0008,2026-09-17 06:00:00,22.42,0.0,94.43,11.34,8.37924,77.1885
VIL_0009,2026-09-17 06:00:00,23.67,0.0,94.28,11.33,8.19612,77.01192
VIL_0010,2026-09-17 06:00:00,22.51,0.0,92.46,10.35,8.35143,77.12496
VIL_0011,2026-09-17 06:00:00,22.06,5.7,91.63,8.32,8.208,77.29713
VIL_0012,2026-09-17 06:00:00,23.66,0.0,91.99,11.24,8.26383,77.03218
VIL_0013,2026-09-17 06:00:00,23.94,0.0,90.98,12.03,8.37952,77.11974
VIL_0014,2026-09-17 06:00:00,22.56,5.49,94.35,11.82,8.48897,77.14503
VIL_0015,2026-09-17 06:00:00,22.01,0.0,94.44,10.92,8.45198,77.20909
VIL_0016,2026-09-17 06:00:00,21.65,22.13,99.0,4.68,8.87052,76.90667
VIL_0017,2026-09-17 06:00:00,21.49,19.05,99.0,5.26,9.14069,76.86452
VIL_0018,2026-09-17 06:00:00,21.87,17.8,99.0,4.07,8.94238,76.6513
VIL_0019,2026-09-17 06:00:00,22.01,18.0,99.0,4.77,9.05627,76.75405
VIL_0020,2026-09-17 06:00:00,21.46,3.78,95.6,12.35,9.01655,76.78832
VIL_0021,2026-09-17 06:00:00,21.86,3.68,93.96,11.82,9.1408,76.85563
VIL_0022,2026-09-17 06:00:00,21.71,3.46,92.7,11.1,9.06676,76.87151
VIL_0023,2026-09-17 06:00:00,21.57,3.42,96.36,10.21,9.02402,76.94201
VIL_0024,2026-09-17 06:00:00,21.3,4.91,95.75,10.08,8.92346,77.06888
VIL_0025,2026-09-17 06:00:00,20.78,4.49,99.0,10.11,9.10054,77.05985
VIL_0026,2026-09-17 06:00:00,20.88,3.84,94.81,10.56,9.13645,76.95737
VIL_0027,2026-09-17 06:00:00,25.29,0.0,93.42,4.62,9.24557,76.3026
VIL_0028,2026-09-17 06:00:00,24.48,0.0,91.07,5.91,9.3486,76.2864
VIL_0029,2026-09-17 06:00:00,25.2,0.0,91.26,5.66,9.48062,76.31203
VIL_0030,2026-09-17 06:00:00,24.54,0.0,93.11,5.85,9.31628,76.36781
VIL_0031,2026-09-17 06:00:00,25.16,0.0,91.7,6.5,9.27428,76.44566
VIL_0032,2026-09-17 06:00:00,24.75,0.0,88.38,5.14,9.25437,76.50107
VIL_0033,2026-09-17 06:00:00,24.32,0.13,92.15,6.02,9.46367,76.26461
VIL_0034,2026-09-17 06:00:00,23.58,0.0,97.18,7.42,9.22665,76.6754
VIL_0035,2026-09-17 06:00:00,23.39,0.0,99.0,8.09,9.40405,76.64379
VIL_0036,2026-09-17 06:00:00,23.97,2.53,95.8,6.97,9.44489,76.65732
VIL_0037,2026-09-17 06:00:00,23.68,0.0,99.0,7.49,9.44149,76.71701
VIL_0038,2026-09-17 06:00:00,24.44,0.0,99.0,8.11,9.30184,76.49062
VIL_0039,2026-09-17 06:00:00,23.41,0.0,98.1,8.56,9.27825,76.66265
VIL_0040,2026-09-17 06:00:00,20.89,0.0,99.0,8.62,9.45088,76.82727
VIL_0041,2026-09-17 06:00:00,21.21,0.0,97.27,8.84,9.49816,76.77766
VIL_0042,2026-09-17 06:00:00,21.36,0.0,99.0,9.57,9.26788,76.84997
VIL_0043,2026-09-17 06:00:00,21.21,0.0,99.0,7.68,9.46024,76.80438
VIL_0044,2026-09-17 06:00:00,22.11,0.0,99.0,9.02,9.46329,76.78414
VIL_0045,2026-09-17 06:00:00,23.36,0.0,98.52,7.96,9.38882,76.76426
VIL_0046,2026-09-17 06:00:00,22.24,0.0,98.04,8.71,9.23963,76.66837
VIL_0047,2026-09-17 06:00:00,21.87,0.4,98.03,9.24,9.24143,76.82692
VIL_0048,2026-09-17 06:00:00,22.87,0.0,93.24,6.11,9.72998,76.74265
VIL_0049,2026-09-17 06:00:00,22.54,0.0,94.69,4.81,9.6028,76.71533
VIL_0050,2026-09-17 06:00:00,23.29,0.0,92.3,5.23,9.72295,76.59492
VIL_0051,2026-09-17 06:00:00,22.82,0.0,95.18,5.39,9.84386,76.71366
VIL_0052,2026-09-17 06:00:00,22.69,3.22,91.97,6.73,9.76944,76.79814
VIL_0053,2026-09-17 06:00:00,23.16,0.0,93.58,7.18,9.74831,76.62269
VIL_0054,2026-09-17 06:00:00,22.72,0.0,93.54,5.9,9.59265,76.67096
VIL_0055,2026-09-17 06:00:00,22.74,31.58,95.7,7.87,9.99397,77.17777
VIL_0056,2026-09-17 06:00:00,22.71,31.23,96.81,8.84,10.0998,77.15223
VIL_0057,2026-09-17 06:00:00,22.77,31.74,96.26,9.3,10.20683,77.0054
VIL_0058,2026-09-17 06:00:00,22.74,33.09,95.74,6.9,9.97102,76.97838
VIL_0059,2026-09-17 06:00:00,22.08,31.07,95.97,8.77,10.06613,77.1554
VIL_0060,2026-09-17 06:00:00,23.04,32.28,98.47,8.66,10.19622,76.91209
VIL_0061,2026-09-17 06:00:00,23.7,30.15,97.33,9.65,10.09122,77.03522
VIL_0062,2026-09-17 06:00:00,23.75,7.08,99.0,12.73,9.95373,76.64282
VIL_0063,2026-09-17 06:00:00,23.04,7.72,99.0,12.02,9.81924,76.61249
VIL_0064,2026-09-17 06:00:00,23.01,7.01,99.0,11.46,9.81163,76.72943
VIL_0065,2026-09-17 06:00:00,22.65,6.9,99.0,11.56,9.86715,76.58147
VIL_0066,2026-09-17 06:00:00,22.5,7.5,99.0,11.53,9.82217,76.63606
VIL_0067,2026-09-17 06:00:00,22.47,8.33,99.0,11.8,9.95489,76.77568
VIL_0068,2026-09-17 06:00:00,23.04,7.1,99.0,12.06,9.79043,76.86132
VIL_0069,2026-09-17 06:00:00,21.41,7.76,99.0,10.88,9.82603,76.85498
VIL_0070,2026-09-17 06:00:00,22.29,0.0,94.11,5.12,9.70244,77.08059
VIL_0071,2026-09-17 06:00:00,23.22,3.3,90.27,6.22,9.95948,77.06887
VIL_0072,2026-09-17 06:00:00,21.76,0.0,91.69,6.81,9.73047,77.14384
VIL_0073,2026-09-17 06:00:00,21.15,0.0,94.27,7.04,9.9827,77.06962
VIL_0074,2026-09-17 06:00:00,20.32,4.33,92.22,6.4,9.88864,77.22549
VIL_0075,2026-09-17 06:00:00,22.8,0.0,94.19,5.7,9.75829,77.21546
VIL_0076,2026-09-17 06:00:00,21.8,0.0,91.4,5.13,9.79733,77.18669
VIL_0077,2026-09-17 06:00:00,23.8,0.0,91.88,7.55,10.20293,76.4465
VIL_0078,2026-09-17 06:00:00,25.14,0.0,87.88,5.87,10.00322,76.35946
VIL_0079,2026-09-17 06:00:00,24.02,0.0,91.79,6.89,10.16674,76.46451
VIL_0080,2026-09-17 06:00:00,25.34,0.0,91.57,6.16,10.05579,76.27307
VIL_0081,2026-09-17 06:00:00,24.45,0.0,94.45,7.42,10.17134,76.44985
VIL_0082,2026-09-17 06:00:00,25.22,0.0,89.63,7.02,10.0626,76.23585
VIL_0083,2026-09-17 06:00:00,22.47,0.0,96.33,8.4,10.04028,76.54402
VIL_0084,2026-09-17 06:00:00,22.35,0.0,99.0,8.35,10.11402,76.46926
VIL_0085,2026-09-17 06:00:00,22.45,0.0,97.34,8.21,9.93532,76.46204
VIL_0086,2026-09-17 06:00:00,21.05,0.0,98.19,9.95,10.11041,76.6912
VIL_0087,2026-09-17 06:00:00,24.88,21.85,99.0,4.52,10.22557,76.23549
VIL_0088,2026-09-17 06:00:00,24.61,23.46,98.81,4.93,10.45165,76.33799
VIL_0089,2026-09-17 06:00:00,22.92,27.06,99.0,3.73,10.23525,76.48188
VIL_0090,2026-09-17 06:00:00,24.09,23.17,99.0,4.57,10.44663,76.35049
VIL_0091,2026-09-17 06:00:00,25.13,22.0,99.0,5.17,10.42179,76.23961
VIL_0092,2026-09-17 06:00:00,22.92,27.46,99.0,5.47,10.24066,76.39311
VIL_0093,2026-09-17 06:00:00,25.04,36.23,96.09,7.09,10.7689,76.21235
VIL_0094,2026-09-17 06:00:00,22.77,42.29,99.0,5.91,10.77833,76.34628
VIL_0095,2026-09-17 06:00:00,24.01,36.44,99.0,7.72,10.79269,76.3266
VIL_0096,2026-09-17 06:00:00,25.11,33.96,97.33,8.34,10.7127,76.26521
VIL_0097,2026-09-17 06:00:00,22.49,41.86,98.66,7.99,10.62368,76.37304
VIL_0098,2026-09-17 06:00:00,25.02,36.7,99.0,7.26,10.8041,76.17618
VIL_0099,2026-09-17 06:00:00,22.56,0.0,94.33,7.32,10.78168,76.63853
VIL_0100,2026-09-17 06:00:00,21.86,0.0,94.96,8.55,10.93434,76.55678
VIL_0101,2026-09-17 06:00:00,21.68,0.0,94.14,7.88,10.64142,76.65217
VIL_0102,2026-09-17 06:00:00,21.84,0.0,96.69,8.74,10.68965,76.61394
VIL_0103,2026-09-17 06:00:00,22.1,0.19,91.16,7.0,10.85925,76.72028
VIL_0104,2026-09-17 06:00:00,23.03,4.62,99.0,13.19,11.00176,76.46064
VIL_0105,2026-09-17 06:00:00,24.01,3.99,99.0,12.54,11.0299,76.38314
VIL_0106,2026-09-17 06:00:00,23.05,3.99,99.0,10.55,11.01596,76.60167
VIL_0107,2026-09-17 06:00:00,21.6,4.41,99.0,12.97,10.98502,76.57983
VIL_0108,2026-09-17 06:00:00,21.61,0.0,88.14,7.64,11.17344,76.68379
VIL_0109,2026-09-17 06:00:00,22.96,0.0,87.98,6.16,11.10807,76.68076
VIL_0110,2026-09-17 06:00:00,22.07,0.0,87.5,7.48,10.99357,76.74974
VIL_0111,2026-09-17 06:00:00,23.05,0.0,86.38,6.99,11.01923,76.54029
VIL_0112,2026-09-17 06:00:00,23.1,0.0,90.51,9.44,11.12864,76.58613
VIL_0113,2026-09-17 06:00:00,21.95,0.0,88.36,7.96,11.21714,76.81918
VIL_0114,2026-09-17 06:00:00,21.53,0.0,85.89,3.37,11.09105,76.29932
VIL_0115,2026-09-17 06:00:00,22.6,0.96,84.04,4.3,11.11192,76.17423
VIL_0116,2026-09-17 06:00:00,23.04,0.0,84.24,4.95,10.99183,76.24669
VIL_0117,2026-09-17 06:00:00,23.82,0.0,83.7,3.96,11.1201,76.0976
VIL_0118,2026-09-17 06:00:00,23.99,0.0,82.14,3.08,10.91771,76.13227
VIL_0119,2026-09-17 06:00:00,22.19,0.0,85.83,5.29,10.90654,76.22058
VIL_0120,2026-09-17 06:00:00,22.81,0.0,84.07,2.75,10.93781,76.19341
VIL_0121,2026-09-17 06:00:00,22.8,0.0,82.6,4.49,11.07926,76.35401
VIL_0122,2026-09-17 06:00:00,24.54,26.35,99.0,7.98,11.3115,76.37302
VIL_0123,2026-09-17 06:00:00,25.15,23.22,99.0,6.12,11.16903,76.2315
VIL_0124,2026-09-17 06:00:00,24.8,24.41,99.0,5.04,11.39021,76.29823
VIL_0125,2026-09-17 06:00:00,24.96,22.59,99.0,8.12,11.3361,76.28675
VIL_0126,2026-09-17 06:00:00,26.15,20.16,99.0,7.29,11.23485,76.16408
VIL_0127,2026-09-17 06:00:00,24.99,16.15,95.58,6.51,11.45003,76.02212
VIL_0128,2026-09-17 06:00:00,26.26,11.99,94.75,7.18,11.48097,75.9154
VIL_0129,2026-09-17 06:00:00,25.91,15.52,94.65,8.35,11.35745,76.00149
VIL_0130,2026-09-17 06:00:00,25.48,13.95,95.02,7.9,11.40199,75.97259
VIL_0131,2026-09-17 06:00:00,24.98,15.3,96.12,7.08,11.44574,76.029
VIL_0132,2026-09-17 06:00:00,28.18,17.07,99.0,10.23,11.62666,75.57154
VIL_0133,2026-09-17 06:00:00,28.91,15.23,99.0,10.45,11.65461,75.53845
VIL_0134,2026-09-17 06:00:00,27.76,18.82,97.8,9.0,11.49951,75.73455
VIL_0135,2026-09-17 06:00:00,27.8,17.04,99.0,12.2,11.70468,75.69812
VIL_0136,2026-09-17 06:00:00,29.07,15.71,99.0,9.35,11.52808,75.45165
VIL_0137,2026-09-17 06:00:00,27.41,19.96,97.97,10.59,11.54398,75.60112
VIL_0138,2026-09-17 06:00:00,28.81,15.91,98.77,11.46,11.551,75.68836
VIL_0139,2026-09-17 06:00:00,24.62,4.02,96.11,7.24,11.52275,76.11987
VIL_0140,2026-09-17 06:00:00,25.28,6.01,95.22,6.71,11.4836,75.9485
VIL_0141,2026-09-17 06:00:00,25.32,4.96,97.43,4.66,11.61741,76.09519
VIL_0142,2026-09-17 06:00:00,24.41,9.43,97.7,6.31,11.64923,76.15083
VIL_0143,2026-09-17 06:00:00,25.43,4.89,95.44,6.56,11.75076,76.08789
VIL_0144,2026-09-17 06:00:00,25.11,5.63,95.57,5.76,11.55489,76.17156
VIL_0145,2026-09-17 06:00:00,24.37,3.29,98.06,6.06,11.53925,76.06469
VIL_0146,2026-09-17 06:00:00,23.64,1.32,99.0,9.2,11.66061,76.14179
VIL_0147,2026-09-17 06:00:00,24.89,3.84,97.24,11.04,11.90379,76.06179
VIL_0148,2026-09-17 06:00:00,25.93,4.11,95.43,10.33,11.77569,75.90499
VIL_0149,2026-09-17 06:00:00,25.17,0.54,95.29,9.6,11.69993,75.92807
VIL_0150,2026-09-17 06:00:00,24.21,1.68,98.44,10.79,11.81777,76.06738
VIL_0151,2026-09-17 06:00:00,23.26,0.0,83.79,7.26,11.59598,76.39346
VIL_0152,2026-09-17 06:00:00,24.22,0.0,87.88,6.15,11.73337,76.27331
VIL_0153,2026-09-17 06:00:00,23.96,0.0,84.83,5.81,11.69552,76.23288
VIL_0154,2026-09-17 06:00:00,24.45,0.0,86.45,6.67,11.58632,76.21379
VIL_0155,2026-09-17 06:00:00,24.0,0.0,89.5,7.15,11.73935,76.11132
VIL_0156,2026-09-17 06:00:00,25.21,0.0,84.22,7.77,11.54682,76.1208
VIL_0157,2026-09-17 06:00:00,24.4,0.0,85.86,7.34,11.52422,76.36364
VIL_0158,2026-09-17 06:00:00,24.52,0.0,83.66,6.63,11.7231,76.24925
VIL_0159,2026-09-17 06:00:00,27.91,0.0,86.51,9.9,12.12501,75.45007
VIL_0160,2026-09-17 06:00:00,28.07,0.0,88.24,9.62,11.99989,75.3474
VIL_0161,2026-09-17 06:00:00,27.76,0.0,91.38,10.07,12.09093,75.22242
VIL_0162,2026-09-17 06:00:00,27.39,0.0,89.95,10.4,12.18074,75.474
VIL_0163,2026-09-17 06:00:00,28.3,0.0,91.52,9.9,11.97427,75.21259
VIL_0164,2026-09-17 06:00:00,26.11,0.0,90.25,6.89,11.98294,75.77395
VIL_0165,2026-09-17 06:00:00,26.8,0.0,87.85,6.41,12.02961,75.56588
VIL_0166,2026-09-17 06:00:00,26.12,0.0,92.44,3.58,11.85317,75.70973
VIL_0167,2026-09-17 06:00:00,28.01,0.0,92.46,6.71,11.83995,75.69273
VIL_0168,2026-09-17 06:00:00,25.88,0.0,93.43,4.1,12.11407,75.68964
VIL_0169,2026-09-17 06:00:00,26.52,0.0,93.09,7.37,11.94845,75.70999
VIL_0170,2026-09-17 06:00:00,26.69,0.0,96.78,8.81,12.40136,75.18919
VIL_0171,2026-09-17 06:00:00,27.54,0.0,97.73,9.66,12.34578,75.18913
VIL_0172,2026-09-17 06:00:00,27.52,0.0,95.84,6.71,12.35345,75.00501
VIL_0173,2026-09-17 06:00:00,27.64,0.0,97.58,8.39,12.24019,75.00738
VIL_0174,2026-09-17 06:00:00,27.0,5.21,99.0,9.79,12.37169,75.02048
VIL_0175,2026-09-17 06:00:00,27.08,2.66,99.0,9.27,12.46097,75.03172
VIL_0176,2026-09-17 06:00:00,27.11,4.87,99.0,9.48,12.47562,75.03948
VIL_0177,2026-09-17 06:00:00,26.44,3.37,99.0,9.9,12.46219,74.91321
VIL_0178,2026-09-17 06:00:00,26.66,3.39,99.0,10.32,12.50881,75.04287
VIL_0001,2026-09-17 12:00:00,29.6,11.01,86.49,8.34,8.73621,77.0676
VIL_0002,2026-09-17 12:00:00,30.18,12.9,83.24,8.51,8.6306,76.89481
VIL_0003,2026-09-17 12:00:00,30.01,11.29,83.89,8.78,8.4978,76.86543
VIL_0004,2026-09-17 12:00:00,29.65,10.19,82.21,8.84,8.71085,77.02833
VIL_0005,2026-09-17 12:00:00,29.48,10.62,86.33,8.22,8.66342,76.85418
VIL_0006,2026-09-17 12:00:00,30.7,9.78,84.31,9.5,8.74197,77.09773
VIL_0007,2026-09-17 12:00:00,29.2,12.64,85.23,7.94,8.5147,76.90255
VIL_0008,2026-09-17 12:00:00,27.96,5.55,84.47,9.34,8.37924,77.1885
VIL_0009,2026-09-17 12:00:00,28.99,7.41,83.74,7.64,8.19612,77.01192
VIL_0010,2026-09-17 12:00:00,27.37,5.29,83.16,9.19,8.35143,77.12496
VIL_0011,2026-09-17 12:00:00,26.34,5.5,84.35,7.6,8.208,77.29713
VIL_0012,2026-09-17 12:00:00,28.51,4.77,82.26,9.33,8.26383,77.03218
VIL_0013,2026-09-17 12:00:00,28.95,7.15,81.62,8.5,8.37952,77.11974
VIL_0014,2026-09-17 12:00:00,28.44,5.4,82.37,9.86,8.48897,77.14503
VIL_0015,2026-09-17 12:00:00,27.31,7.59,82.89,8.88,8.45198,77.20909
VIL_0016,2026-09-17 12:00:00,27.58,0.0,75.31,1.93,8.87052,76.90667
VIL_0017,2026-09-17 12:00:00,28.48,0.0,76.39,0.55,9.14069,76.86452
VIL_0018,2026-09-17 12:00:00,28.69,0.0,74.99,2.04,8.94238,76.6513
VIL_0019,2026-09-17 12:00:00,28.31,0.0,76.74,2.09,9.05627,76.75405
VIL_0020,2026-09-17 12:00:00,30.01,1.95,72.54,12.3,9.01655,76.78832
VIL_0021,2026-09-17 12:00:00,30.16,0.34,72.12,11.85,9.1408,76.85563
VIL_0022,2026-09-17 12:00:00,30.56,0.0,70.98,12.29,9.06676,76.87151
VIL_0023,2026-09-17 12:00:00,30.52,0.0,72.4,12.18,9.02402,76.94201
VIL_0024,2026-09-17 12:00:00,29.32,0.0,74.3,10.85,8.92346,77.06888
VIL_0025,2026-09-17 12:00:00,29.11,0.0,73.8,13.24,9.10054,77.05985
VIL_0026,2026-09-17 12:00:00,29.83,1.18,70.56,12.4,9.13645,76.95737
VIL_0027,2026-09-17 12:00:00,30.38,0.0,68.72,5.77,9.24557,76.3026
VIL_0028,2026-09-17 12:00:00,30.32,0.0,68.23,8.03,9.3486,76.2864
VIL_0029,2026-09-17 12:00:00,30.85,0.0,70.01,5.5,9.48062,76.31203
VIL_0030,2026-09-17 12:00:00,30.35,2.56,70.57,6.39,9.31628,76.36781
VIL_0031,2026-09-17 12:00:00,30.8,0.0,71.32,5.33,9.27428,76.44566
VIL_0032,2026-09-17 12:00:00,29.88,2.14,68.28,5.82,9.25437,76.50107
VIL_0033,2026-09-17 12:00:00,29.82,2.8,68.96,7.33,9.46367,76.26461
VIL_0034,2026-09-17 12:00:00,28.52,0.0,69.68,9.0,9.22665,76.6754
VIL_0035,2026-09-17 12:00:00,28.57,0.0,72.49,8.7,9.40405,76.64379
VIL_0036,2026-09-17 12:00:00,30.22,0.0,71.67,9.11,9.44489,76.65732
VIL_0037,2026-09-17 12:00:00,28.3,0.0,73.17,9.27,9.44149,76.71701
VIL_0038,2026-09-17 12:00:00,29.89,0.0,72.29,10.61,9.30184,76.49062
VIL_0039,2026-09-17 12:00:00,28.72,0.0,73.76,9.05,9.27825,76.66265
VIL_0040,2026-09-17 12:00:00,29.1,0.0,78.79,6.64,9.45088,76.82727
VIL_0041,2026-09-17 12:00:00,29.72,0.0,78.78,6.79,9.49816,76.77766
VIL_0042,2026-09-17 12:00:00,29.01,0.0,80.43,7.17,9.26788,76.84997
VIL_0043,2026-09-17 12:00:00,29.32,0.0,80.17,6.62,9.46024,76.80438
VIL_0044,2026-09-17 12:00:00,30.03,0.0,78.92,7.57,9.46329,76.78414
VIL_0045,2026-09-17 12:00:00,30.36,0.0,79.27,5.91,9.38882,76.76426
VIL_0046,2026-09-17 12:00:00,29.62,0.0,77.41,7.31,9.23963,76.66837
VIL_0047,2026-09-17 12:00:00,29.37,0.0,81.56,7.32,9.24143,76.82692
VIL_0048,2026-09-17 12:00:00,29.47,0.0,74.83,11.16,9.72998,76.74265
VIL_0049,2026-09-17 12:00:00,29.8,0.0,72.68,9.66,9.6028,76.71533
VIL_0050,2026-09-17 12:00:00,30.32,0.0,74.79,10.95,9.72295,76.59492
VIL_0051,2026-09-17 12:00:00,29.56,0.0,76.6,9.68,9.84386,76.71366
VIL_0052,2026-09-17 12:00:00,29.27,0.0,74.93,10.55,9.76944,76.79814
VIL_0053,2026-09-17 12:00:00,29.35,0.0,76.18,10.82,9.74831,76.62269
VIL_0054,2026-09-17 12:00:00,29.37,0.0,71.56,9.85,9.59265,76.67096
VIL_0055,2026-09-17 12:00:00,27.87,10.48,77.24,7.09,9.99397,77.17777
VIL_0056,2026-09-17 12:00:00,27.04,8.9,81.74,7.37,10.0998,77.15223
VIL_0057,2026-09-17 12:00:00,28.24,9.18,79.58,6.41,10.20683,77.0054
VIL_0058,2026-09-17 12:00:00,28.5,10.38,79.62,7.91,9.97102,76.97838
VIL_0059,2026-09-17 12:00:00,27.51,12.49,79.73,6.24,10.06613,77.1554
VIL_0060,2026-09-17 12:00:00,27.81,9.59,79.71,7.64,10.19622,76.91209
VIL_0061,2026-09-17 12:00:00,28.23,9.47,80.17,8.4,10.09122,77.03522
VIL_0062,2026-09-17 12:00:00,30.02,0.0,75.44,7.11,9.95373,76.64282
VIL_0063,2026-09-17 12:00:00,28.95,0.0,74.46,5.22,9.81924,76.61249
VIL_0064,2026-09-17 12:00:00,28.99,0.0,72.04,3.69,9.81163,76.72943
VIL_0065,2026-09-17 12:00:00,29.2,0.0,74.7,4.91,9.86715,76.58147
VIL_0066,2026-09-17 12:00:00,28.49,0.0,78.07,6.5,9.82217,76.63606
VIL_0067,2026-09-17 12:00:00,29.06,6.87,75.98,5.58,9.95489,76.77568
VIL_0068,2026-09-17 12:00:00,28.74,5.3,74.17,5.43,9.79043,76.86132
VIL_0069,2026-09-17 12:00:00,28.05,0.0,78.07,4.38,9.82603,76.85498
VIL_0070,2026-09-17 12:00:00,27.25,0.0,68.67,10.2,9.70244,77.08059
VIL_0071,2026-09-17 12:00:00,27.7,0.0,65.7,9.67,9.95948,77.06887
VIL_0072,2026-09-17 12:00:00,27.45,0.0,69.17,11.14,9.73047,77.14384
VIL_0073,2026-09-17 12:00:00,25.88,0.0,69.61,10.38,9.9827,77.06962
VIL_0074,2026-09-17 12:00:00,26.08,0.0,67.84,10.44,9.88864,77.22549
VIL_0075,2026-09-17 12:00:00,28.03,0.0,70.03,10.63,9.75829,77.21546
VIL_0076,2026-09-17 12:00:00,26.89,0.0,66.71,8.96,9.79733,77.18669
VIL_0077,2026-09-17 12:00:00,29.67,0.0,79.09,6.13,10.20293,76.4465
VIL_0078,2026-09-17 12:00:00,30.77,0.0,76.93,7.96,10.00322,76.35946
VIL_0079,2026-09-17 12:00:00,30.07,0.0,77.46,5.42,10.16674,76.46451
VIL_0080,2026-09-17 12:00:00,30.71,0.0,77.13,6.48,10.05579,76.27307
VIL_0081,2026-09-17 12:00:00,29.88,0.0,78.63,6.43,10.17134,76.44985
VIL_0082,2026-09-17 12:00:00,31.19,0.0,75.61,4.73,10.0626,76.23585
VIL_0083,2026-09-17 12:00:00,30.55,0.0,79.8,6.71,10.04028,76.54402
VIL_0084,2026-09-17 12:00:00,29.98,0.0,81.88,7.8,10.11402,76.46926
VIL_0085,2026-09-17 12:00:00,30.7,0.0,78.6,8.16,9.93532,76.46204
VIL_0086,2026-09-17 12:00:00,29.18,0.0,80.79,6.78,10.11041,76.6912
VIL_0087,2026-09-17 12:00:00,31.11,0.13,77.45,9.31,10.22557,76.23549
VIL_0088,2026-09-17 12:00:00,30.85,0.0,73.27,9.03,10.45165,76.33799
VIL_0089,2026-09-17 12:00:00,30.09,0.0,78.14,8.57,10.23525,76.48188
VIL_0090,2026-09-17 12:00:00,31.24,0.0,76.54,8.84,10.44663,76.35049
VIL_0091,2026-09-17 12:00:00,31.26,0.0,76.74,8.88,10.42179,76.23961
VIL_0092,2026-09-17 12:00:00,30.55,0.0,78.01,9.4,10.24066,76.39311
VIL_0093,2026-09-17 12:00:00,31.38,0.0,69.49,9.46,10.7689,76.21235
VIL_0094,2026-09-17 12:00:00,28.6,0.0,68.61,9.26,10.77833,76.34628
VIL_0095,2026-09-17 12:00:00,30.08,0.0,68.18,9.93,10.79269,76.3266
VIL_0096,2026-09-17 12:00:00,30.87,0.0,67.98,9.16,10.7127,76.26521
VIL_0097,2026-09-17 12:00:00,28.7,0.0,67.62,9.51,10.62368,76.37304
VIL_0098,2026-09-17 12:00:00,30.28,0.0,70.79,10.02,10.8041,76.17618
VIL_0099,2026-09-17 12:00:00,30.54,0.0,76.51,9.41,10.78168,76.63853
VIL_0100,2026-09-17 12:00:00,30.11,0.0,76.78,9.54,10.93434,76.55678
VIL_0101,2026-09-17 12:00:00,29.43,0.0,77.29,9.86,10.64142,76.65217
VIL_0102,2026-09-17 12:00:00,30.83,0.0,79.82,9.3,10.68965,76.61394
VIL_0103,2026-09-17 12:00:00,30.21,0.0,80.49,10.69,10.85925,76.72028
VIL_0104,2026-09-17 12:00:00,29.55,0.0,78.97,10.79,11.00176,76.46064
VIL_0105,2026-09-17 12:00:00,30.68,0.0,77.84,9.05,11.0299,76.38314
VIL_0106,2026-09-17 12:00:00,29.12,0.0,77.21,9.25,11.01596,76.60167
VIL_0107,2026-09-17 12:00:00,28.94,0.0,77.67,9.02,10.98502,76.57983
VIL_0108,2026-09-17 12:00:00,29.81,0.0,68.04,10.37,11.17344,76.68379
VIL_0109,2026-09-17 12:00:00,29.95,0.0,71.72,12.54,11.10807,76.68076
VIL_0110,2026-09-17 12:00:00,29.88,0.0,70.29,11.9,10.99357,76.74974
VIL_0111,2026-09-17 12:00:00,30.6,0.0,70.28,10.97,11.01923,76.54029
VIL_0112,2026-09-17 12:00:00,31.36,0.0,68.31,13.74,11.12864,76.58613
VIL_0113,2026-09-17 12:00:00,29.36,0.0,68.98,12.64,11.21714,76.81918
VIL_0114,2026-09-17 12:00:00,31.6,0.0,71.22,8.29,11.09105,76.29932
VIL_0115,2026-09-17 12:00:00,32.64,0.0,70.96,8.46,11.11192,76.17423
VIL_0116,2026-09-17 12:00:00,32.81,0.0,70.16,8.62,10.99183,76.24669
VIL_0117,2026-09-17 12:00:00,33.54,0.0,74.5,8.97,11.1201,76.0976
VIL_0118,2026-09-17 12:00:00,33.69,0.0,70.7,7.11,10.91771,76.13227
VIL_0119,2026-09-17 12:00:00,32.04,0.0,71.7,8.36,10.90654,76.22058
VIL_0120,2026-09-17 12:00:00,32.08,0.0,71.57,9.58,10.93781,76.19341
VIL_0121,2026-09-17 12:00:00,31.55,0.0,73.25,9.49,11.07926,76.35401
VIL_0122,2026-09-17 12:00:00,31.41,14.81,92.49,6.17,11.3115,76.37302
VIL_0123,2026-09-17 12:00:00,31.89,11.05,91.85,6.4,11.16903,76.2315
VIL_0124,2026-09-17 12:00:00,31.07,11.67,93.09,8.15,11.39021,76.29823
VIL_0125,2026-09-17 12:00:00,31.85,11.2,93.25,7.28,11.3361,76.28675
VIL_0126,2026-09-17 12:00:00,33.16,12.11,89.6,7.09,11.23485,76.16408
VIL_0127,2026-09-17 12:00:00,33.08,0.0,69.24,11.49,11.45003,76.02212
VIL_0128,2026-09-17 12:00:00,35.18,0.0,66.18,13.02,11.48097,75.9154
VIL_0129,2026-09-17 12:00:00,34.43,0.0,68.77,14.13,11.35745,76.00149
VIL_0130,2026-09-17 12:00:00,34.15,0.0,66.7,13.92,11.40199,75.97259
VIL_0131,2026-09-17 12:00:00,33.46,0.0,68.8,12.79,11.44574,76.029
VIL_0132,2026-09-17 12:00:00,32.6,3.27,78.03,8.0,11.62666,75.57154
VIL_0133,2026-09-17 12:00:00,33.79,2.5,74.05,9.61,11.65461,75.53845
VIL_0134,2026-09-17 12:00:00,32.56,3.46,75.12,8.56,11.49951,75.73455
VIL_0135,2026-09-17 12:00:00,32.93,3.0,77.86,9.79,11.70468,75.69812
VIL_0136,2026-09-17 12:00:00,33.4,4.29,76.97,9.44,11.52808,75.45165
VIL_0137,2026-09-17 12:00:00,31.89,2.28,81.9,8.93,11.54398,75.60112
VIL_0138,2026-09-17 12:00:00,33.61,1.98,76.33,9.47,11.551,75.68836
VIL_0139,2026-09-17 12:00:00,31.65,0.0,64.22,12.85,11.52275,76.11987
VIL_0140,2026-09-17 12:00:00,32.23,0.0,65.32,14.36,11.4836,75.9485
VIL_0141,2026-09-17 12:00:00,31.91,0.0,66.0,10.81,11.61741,76.09519
VIL_0142,2026-09-17 12:00:00,31.01,2.46,63.14,12.56,11.64923,76.15083
VIL_0143,2026-09-17 12:00:00,32.82,0.0,64.61,13.24,11.75076,76.08789
VIL_0144,2026-09-17 12:00:00,32.31,0.0,68.83,11.89,11.55489,76.17156
VIL_0145,2026-09-17 12:00:00,30.99,0.0,65.23,13.12,11.53925,76.06469
VIL_0146,2026-09-17 12:00:00,30.38,25.2,76.5,7.33,11.66061,76.14179
VIL_0147,2026-09-17 12:00:00,32.29,25.57,75.38,7.77,11.90379,76.06179
VIL_0148,2026-09-17 12:00:00,33.51,26.2,76.67,8.11,11.77569,75.90499
VIL_0149,2026-09-17 12:00:00,33.32,25.1,77.44,7.42,11.69993,75.92807
VIL_0150,2026-09-17 12:00:00,32.11,24.22,76.49,7.21,11.81777,76.06738
VIL_0151,2026-09-17 12:00:00,29.68,0.0,68.89,11.07,11.59598,76.39346
VIL_0152,2026-09-17 12:00:00,29.92,0.0,68.69,10.37,11.73337,76.27331
VIL_0153,2026-09-17 12:00:00,30.72,0.0,66.73,11.25,11.69552,76.23288
VIL_0154,2026-09-17 12:00:00,30.35,0.7,68.41,11.54,11.58632,76.21379
VIL_0155,2026-09-17 12:00:00,30.31,0.0,68.63,9.28,11.73935,76.11132
VIL_0156,2026-09-17 12:00:00,31.42,0.0,69.81,10.21,11.54682,76.1208
VIL_0157,2026-09-17 12:00:00,30.47,0.0,69.68,10.56,11.52422,76.36364
VIL_0158,2026-09-17 12:00:00,31.27,0.0,65.33,10.68,11.7231,76.24925
VIL_0159,2026-09-17 12:00:00,34.33,3.52,86.69,8.09,12.12501,75.45007
VIL_0160,2026-09-17 12:00:00,34.9,4.23,83.45,7.42,11.99989,75.3474
VIL_0161,2026-09-17 12:00:00,34.42,5.32,84.11,7.3,12.09093,75.22242
VIL_0162,2026-09-17 12:00:00,33.18,5.39,85.89,8.24,12.18074,75.474
VIL_0163,2026-09-17 12:00:00,34.84,3.01,84.28,7.91,11.97427,75.21259
VIL_0164,2026-09-17 12:00:00,31.36,9.17,75.61,3.4,11.98294,75.77395
VIL_0165,2026-09-17 12:00:00,31.51,7.78,74.33,3.44,12.02961,75.56588
VIL_0166,2026-09-17 12:00:00,31.74,9.01,76.83,4.51,11.85317,75.70973
VIL_0167,2026-09-17 12:00:00,33.03,6.83,74.56,2.76,11.83995,75.69273
VIL_0168,2026-09-17 12:00:00,30.62,9.41,75.12,3.64,12.11407,75.68964
VIL_0169,2026-09-17 12:00:00,31.46,7.66,74.95,4.13,11.94845,75.70999
VIL_0170,2026-09-17 12:00:00,33.95,0.0,68.41,11.87,12.40136,75.18919
VIL_0171,2026-09-17 12:00:00,33.9,0.0,68.59,11.8,12.34578,75.18913
VIL_0172,2026-09-17 12:00:00,33.63,0.0,68.95,11.27,12.35345,75.00501
VIL_0173,2026-09-17 12:00:00,35.09,0.0,70.18,13.71,12.24019,75.00738
VIL_0174,2026-09-17 12:00:00,34.63,0.0,77.97,6.88,12.37169,75.02048
VIL_0175,2026-09-17 12:00:00,34.54,0.0,72.6,5.83,12.46097,75.03172
VIL_0176,2026-09-17 12:00:00,34.5,0.0,75.77,6.52,12.47562,75.03948
VIL_0177,2026-09-17 12:00:00,34.43,0.0,76.57,7.25,12.46219,74.91321
VIL_0178,2026-09-17 12:00:00,34.69,0.0,77.49,7.55,12.50881,75.04287
VIL_0001,2026-09-17 18:00:00,26.04,0.0,82.41,7.8,8.73621,77.0676
VIL_0002,2026-09-17 18:00:00,27.45,0.0,75.89,8.32,8.6306,76.89481
VIL_0003,2026-09-17 18:00:00,26.13,0.0,78.23,10.03,8.4978,76.86543
VIL_0004,2026-09-17 18:00:00,26.5,0.0,77.58,8.11,8.71085,77.02833
VIL_0005,2026-09-17 18:00:00,26.12,0.0,78.09,8.18,8.66342,76.85418
VIL_0006,2026-09-17 18:00:00,26.8,2.47,80.92,7.96,8.74197,77.09773
VIL_0007,2026-09-17 18:00:00,25.22,0.0,82.38,8.8,8.5147,76.90255
VIL_0008,2026-09-17 18:00:00,26.11,0.0,80.87,8.21,8.37924,77.1885
VIL_0009,2026-09-17 18:00:00,27.67,0.0,79.01,5.21,8.19612,77.01192
VIL_0010,2026-09-17 18:00:00,25.82,0.0,79.61,4.15,8.35143,77.12496
VIL_0011,2026-09-17 18:00:00,25.53,0.0,83.0,6.78,8.208,77.29713
VIL_0012,2026-09-17 18:00:00,26.99,1.6,81.51,7.45,8.26383,77.03218
VIL_0013,2026-09-17 18:00:00,27.5,0.0,78.81,6.39,8.37952,77.11974
VIL_0014,2026-09-17 18:00:00,26.74,0.0,83.43,5.21,8.48897,77.14503
VIL_0015,2026-09-17 18:00:00,25.55,0.0,80.04,6.45,8.45198,77.20909
VIL_0016,2026-09-17 18:00:00,26.73,0.0,88.22,5.33,8.87052,76.90667
VIL_0017,2026-09-17 18:00:00,27.83,0.0,84.42,6.07,9.14069,76.86452
VIL_0018,2026-09-17 18:00:00,27.46,0.0,85.06,6.08,8.94238,76.6513
VIL_0019,2026-09-17 18:00:00,27.4,0.0,89.75,5.89,9.05627,76.75405
VIL_0020,2026-09-17 18:00:00,27.04,0.0,84.68,9.25,9.01655,76.78832
VIL_0021,2026-09-17 18:00:00,27.53,0.0,82.82,9.96,9.1408,76.85563
VIL_0022,2026-09-17 18:00:00,27.19,0.0,82.76,8.69,9.06676,76.87151
VIL_0023,2026-09-17 18:00:00,28.57,0.0,81.01,9.17,9.02402,76.94201
VIL_0024,2026-09-17 18:00:00,27.23,2.03,86.87,10.25,8.92346,77.06888
VIL_0025,2026-09-17 18:00:00,26.35,0.0,84.56,9.12,9.10054,77.05985
VIL_0026,2026-09-17 18:00:00,26.7,0.0,82.42,9.03,9.13645,76.95737
VIL_0027,2026-09-17 18:00:00,30.2,0.26,74.04,9.84,9.24557,76.3026
VIL_0028,2026-09-17 18:00:00,30.29,0.0,70.58,11.04,9.3486,76.2864
VIL_0029,2026-09-17 18:00:00,30.46,0.0,74.12,10.49,9.48062,76.31203
VIL_0030,2026-09-17 18:00:00,29.51,0.0,74.24,11.82,9.31628,76.36781
VIL_0031,2026-09-17 18:00:00,30.57,0.0,74.4,10.55,9.27428,76.44566
VIL_0032,2026-09-17 18:00:00,30.13,0.0,73.59,10.13,9.25437,76.50107
VIL_0033,2026-09-17 18:00:00,29.4,0.0,76.02,11.85,9.46367,76.26461
VIL_0034,2026-09-17 18:00:00,26.51,0.0,84.81,9.34,9.22665,76.6754
VIL_0035,2026-09-17 18:00:00,26.51,0.0,84.14,6.97,9.40405,76.64379
VIL_0036,2026-09-17 18:00:00,28.18,0.33,83.82,6.83,9.44489,76.65732
VIL_0037,2026-09-17 18:00:00,27.03,0.0,83.83,8.05,9.44149,76.71701
VIL_0038,2026-09-17 18:00:00,28.04,0.0,81.5,8.53,9.30184,76.49062
VIL_0039,2026-09-17 18:00:00,27.26,0.0,83.43,8.72,9.27825,76.66265
VIL_0040,2026-09-17 18:00:00,28.09,0.0,79.53,5.88,9.45088,76.82727
VIL_0041,2026-09-17 18:00:00,28.25,0.32,76.41,4.09,9.49816,76.77766
VIL_0042,2026-09-17 18:00:00,27.06,0.32,79.42,5.78,9.26788,76.84997
VIL_0043,2026-09-17 18:00:00,27.63,0.0,80.64,3.84,9.46024,76.80438
VIL_0044,2026-09-17 18:00:00,28.63,0.0,78.63,4.65,9.46329,76.78414
VIL_0045,2026-09-17 18:00:00,29.51,0.0,75.9,5.06,9.38882,76.76426
VIL_0046,2026-09-17 18:00:00,28.22,0.87,77.81,4.02,9.23963,76.66837
VIL_0047,2026-09-17 18:00:00,28.39,0.93,77.83,4.73,9.24143,76.82692
VIL_0048,2026-09-17 18:00:00,28.17,23.93,94.26,6.67,9.72998,76.74265
VIL_0049,2026-09-17 18:00:00,28.27,23.45,90.88,6.74,9.6028,76.71533
VIL_0050,2026-09-17 18:00:00,28.07,23.17,90.45,8.22,9.72295,76.59492
VIL_0051,2026-09-17 18:00:00,28.07,22.03,89.46,7.19,9.84386,76.71366
VIL_0052,2026-09-17 18:00:00,27.7,23.47,90.81,5.95,9.76944,76.79814
VIL_0053,2026-09-17 18:00:00,28.21,22.15,91.13,6.19,9.74831,76.62269
VIL_0054,2026-09-17 18:00:00,27.91,22.48,91.02,6.94,9.59265,76.67096
VIL_0055,2026-09-17 18:00:00,26.13,4.56,82.33,3.91,9.99397,77.17777
VIL_0056,2026-09-17 18:00:00,25.87,4.67,84.8,4.75,10.0998,77.15223
VIL_0057,2026-09-17 18:00:00,26.82,4.93,81.9,7.03,10.20683,77.0054
VIL_0058,2026-09-17 18:00:00,27.04,8.67,81.31,5.04,9.97102,76.97838
VIL_0059,2026-09-17 18:00:00,25.71,5.49,83.98,3.89,10.06613,77.1554
VIL_0060,2026-09-17 18:00:00,26.54,4.38,85.35,4.75,10.19622,76.91209
VIL_0061,2026-09-17 18:00:00,26.63,5.23,81.69,4.63,10.09122,77.03522
VIL_0062,2026-09-17 18:00:00,27.61,0.0,79.9,6.94,9.95373,76.64282
VIL_0063,2026-09-17 18:00:00,26.88,0.0,78.24,7.58,9.81924,76.61249
VIL_0064,2026-09-17 18:00:00,26.38,0.0,80.78,6.52,9.81163,76.72943
VIL_0065,2026-09-17 18:00:00,26.48,0.0,77.61,8.07,9.86715,76.58147
VIL_0066,2026-09-17 18:00:00,26.18,0.0,80.18,7.02,9.82217,76.63606
VIL_0067,2026-09-17 18:00:00,25.82,0.0,80.87,7.08,9.95489,76.77568
VIL_0068,2026-09-17 18:00:00,26.7,0.0,79.38,6.99,9.79043,76.86132
VIL_0069,2026-09-17 18:00:00,25.93,0.0,80.02,8.03,9.82603,76.85498
VIL_0070,2026-09-17 18:00:00,24.65,0.0,70.12,9.73,9.70244,77.08059
VIL_0071,2026-09-17 18:00:00,26.16,0.0,68.29,9.1,9.95948,77.06887
VIL_0072,2026-09-17 18:00:00,25.93,0.0,70.54,10.28,9.73047,77.14384
VIL_0073,2026-09-17 18:00:00,24.74,0.0,69.58,8.12,9.9827,77.06962
VIL_0074,2026-09-17 18:00:00,24.1,0.0,70.78,10.66,9.88864,77.22549
VIL_0075,2026-09-17 18:00:00,26.48,0.76,66.76,10.97,9.75829,77.21546
VIL_0076,2026-09-17 18:00:00,26.0,0.0,69.12,10.65,9.79733,77.18669
VIL_0077,2026-09-17 18:00:00,26.96,3.34,81.64,9.6,10.20293,76.4465
VIL_0078,2026-09-17 18:00:00,28.49,3.52,82.81,9.72,10.00322,76.35946
VIL_0079,2026-09-17 18:00:00,28.09,5.9,83.63,9.11,10.16674,76.46451
VIL_0080,2026-09-17 18:00:00,29.07,3.17,87.75,7.98,10.05579,76.27307
VIL_0081,2026-09-17 18:00:00,27.97,4.24,83.23,10.4,10.17134,76.44985
VIL_0082,2026-09-17 18:00:00,28.66,2.74,86.37,9.92,10.0626,76.23585
VIL_0083,2026-09-17 18:00:00,28.59,2.22,77.75,7.91,10.04028,76.54402
VIL_0084,2026-09-17 18:00:00,28.06,0.0,79.32,6.84,10.11402,76.46926
VIL_0085,2026-09-17 18:00:00,28.07,0.0,75.37,6.8,9.93532,76.46204
VIL_0086,2026-09-17 18:00:00,27.2,0.0,79.9,4.68,10.11041,76.6912
VIL_0087,2026-09-17 18:00:00,29.17,1.89,89.37,8.39,10.22557,76.23549
VIL_0088,2026-09-17 18:00:00,29.25,1.91,88.24,7.14,10.45165,76.33799
VIL_0089,2026-09-17 18:00:00,27.97,1.56,90.42,8.4,10.23525,76.48188
VIL_0090,2026-09-17 18:00:00,28.57,1.83,88.77,8.35,10.44663,76.35049
VIL_0091,2026-09-17 18:00:00,29.58,1.51,86.55,7.13,10.42179,76.23961
VIL_0092,2026-09-17 18:00:00,28.19,2.65,91.37,7.76,10.24066,76.39311
VIL_0093,2026-09-17 18:00:00,30.93,2.37,88.34,5.37,10.7689,76.21235
VIL_0094,2026-09-17 18:00:00,28.58,5.42,91.02,6.33,10.77833,76.34628
VIL_0095,2026-09-17 18:00:00,29.95,4.23,88.35,6.12,10.79269,76.3266
VIL_0096,2026-09-17 18:00:00,30.4,1.96,89.47,5.46,10.7127,76.26521
VIL_0097,2026-09-17 18:00:00,28.51,3.57,90.26,5.25,10.62368,76.37304
VIL_0098,2026-09-17 18:00:00,30.41,2.88,87.15,4.64,10.8041,76.17618
VIL_0099,2026-09-17 18:00:00,26.73,0.0,71.22,7.29,10.78168,76.63853
VIL_0100,2026-09-17 18:00:00,26.44,0.0,69.72,8.88,10.93434,76.55678
VIL_0101,2026-09-17 18:00:00,26.16,0.0,68.85,8.51,10.64142,76.65217
VIL_0102,2026-09-17 18:00:00,26.81,0.0,69.1,8.34,10.68965,76.61394
VIL_0103,2026-09-17 18:00:00,26.66,0.0,69.69,7.86,10.85925,76.72028
VIL_0104,2026-09-17 18:00:00,27.91,6.61,86.95,13.96,11.00176,76.46064
VIL_0105,2026-09-17 18:00:00,28.45,5.47,86.64,14.74,11.0299,76.38314
VIL_0106,2026-09-17 18:00:00,27.09,9.24,85.87,13.9,11.01596,76.60167
VIL_0107,2026-09-17 18:00:00,26.16,7.1,85.69,14.05,10.98502,76.57983
VIL_0108,2026-09-17 18:00:00,26.8,24.04,88.91,11.12,11.17344,76.68379
VIL_0109,2026-09-17 18:00:00,26.81,24.97,91.02,11.84,11.10807,76.68076
VIL_0110,2026-09-17 18:00:00,26.7,23.45,90.04,11.58,10.99357,76.74974
VIL_0111,2026-09-17 18:00:00,27.48,21.13,87.84,13.03,11.01923,76.54029
VIL_0112,2026-09-17 18:00:00,28.23,19.36,87.35,11.98,11.12864,76.58613
VIL_0113,2026-09-17 18:00:00,26.74,23.29,87.4,11.08,11.21714,76.81918
VIL_0114,2026-09-17 18:00:00,27.83,2.84,71.35,4.29,11.09105,76.29932
VIL_0115,2026-09-17 18:00:00,28.95,0.0,70.89,4.08,11.11192,76.17423
VIL_0116,2026-09-17 18:00:00,29.33,0.0,72.06,5.22,10.99183,76.24669
VIL_0117,2026-09-17 18:00:00,30.56,0.0,68.44,4.24,11.1201,76.0976
VIL_0118,2026-09-17 18:00:00,30.33,0.0,71.47,2.92,10.91771,76.13227
VIL_0119,2026-09-17 18:00:00,29.25,0.0,69.32,5.78,10.90654,76.22058
VIL_0120,2026-09-17 18:00:00,28.62,0.0,69.8,3.52,10.93781,76.19341
VIL_0121,2026-09-17 18:00:00,28.49,0.0,71.25,2.73,11.07926,76.35401
VIL_0122,2026-09-17 18:00:00,28.93,0.0,84.39,5.61,11.3115,76.37302
VIL_0123,2026-09-17 18:00:00,29.87,0.0,81.45,6.98,11.16903,76.2315
VIL_0124,2026-09-17 18:00:00,28.74,0.0,82.73,7.64,11.39021,76.29823
VIL_0125,2026-09-17 18:00:00,29.59,0.0,79.26,7.46,11.3361,76.28675
VIL_0126,2026-09-17 18:00:00,30.61,0.0,82.7,7.48,11.23485,76.16408
VIL_0127,2026-09-17 18:00:00,28.54,0.0,85.74,6.7,11.45003,76.02212
VIL_0128,2026-09-17 18:00:00,30.08,0.0,81.84,5.59,11.48097,75.9154
VIL_0129,2026-09-17 18:00:00,29.48,0.0,80.63,5.83,11.35745,76.00149
VIL_0130,2026-09-17 18:00:00,29.08,0.0,84.78,6.22,11.40199,75.97259
VIL_0131,2026-09-17 18:00:00,28.31,0.0,80.88,6.61,11.44574,76.029
VIL_0132,2026-09-17 18:00:00,32.46,0.0,75.81,11.6,11.62666,75.57154
VIL_0133,2026-09-17 18:00:00,33.32,0.0,73.09,10.74,11.65461,75.53845
VIL_0134,2026-09-17 18:00:00,31.79,0.0,79.53,10.68,11.49951,75.73455
VIL_0135,2026-09-17 18:00:00,32.48,0.0,75.82,9.23,11.70468,75.69812
VIL_0136,2026-09-17 18:00:00,32.5,0.0,78.91,11.34,11.52808,75.45165
VIL_0137,2026-09-17 18:00:00,32.15,0.0,75.3,11.24,11.54398,75.60112
VIL_0138,2026-09-17 18:00:00,33.3,0.0,75.79,11.28,11.551,75.68836
VIL_0139,2026-09-17 18:00:00,30.23,0.0,75.71,10.45,11.52275,76.11987
VIL_0140,2026-09-17 18:00:00,31.19,0.0,74.6,11.43,11.4836,75.9485
VIL_0141,2026-09-17 18:00:00,30.66,0.0,77.43,9.08,11.61741,76.09519
VIL_0142,2026-09-17 18:00:00,29.25,0.0,76.95,9.0,11.64923,76.15083
VIL_0143,2026-09-17 18:00:00,31.23,0.0,73.66,9.72,11.75076,76.08789
VIL_0144,2026-09-17 18:00:00,30.32,0.0,75.71,11.42,11.55489,76.17156
VIL_0145,2026-09-17 18:00:00,29.75,0.0,75.34,9.37,11.53925,76.06469
VIL_0146,2026-09-17 18:00:00,28.27,0.0,72.41,8.48,11.66061,76.14179
VIL_0147,2026-09-17 18:00:00,30.19,0.0,70.68,11.81,11.90379,76.06179
VIL_0148,2026-09-17 18:00:00,30.89,0.0,70.11,9.8,11.77569,75.90499
VIL_0149,2026-09-17 18:00:00,31.08,0.0,71.84,11.86,11.69993,75.92807
VIL_0150,2026-09-17 18:00:00,29.24,0.0,75.86,10.42,11.81777,76.06738
VIL_0151,2026-09-17 18:00:00,27.69,0.0,78.13,5.09,11.59598,76.39346
VIL_0152,2026-09-17 18:00:00,28.29,0.0,76.9,7.59,11.73337,76.27331
VIL_0153,2026-09-17 18:00:00,27.82,0.0,77.37,6.56,11.69552,76.23288
VIL_0154,2026-09-17 18:00:00,28.34,0.0,75.79,5.49,11.58632,76.21379
VIL_0155,2026-09-17 18:00:00,27.58,0.0,78.43,5.58,11.73935,76.11132
VIL_0156,2026-09-17 18:00:00,29.25,0.0,76.1,6.96,11.54682,76.1208
VIL_0157,2026-09-17 18:00:00,28.06,0.0,76.84,7.22,11.52422,76.36364
VIL_0158,2026-09-17 18:00:00,28.98,0.0,80.58,6.24,11.7231,76.24925
VIL_0159,2026-09-17 18:00:00,31.93,0.0,76.73,8.22,12.12501,75.45007
VIL_0160,2026-09-17 18:00:00,32.23,0.0,77.67,8.83,11.99989,75.3474
VIL_0161,2026-09-17 18:00:00,32.26,0.0,78.91,8.4,12.09093,75.22242
VIL_0162,2026-09-17 18:00:00,30.83,0.0,76.52,8.02,12.18074,75.474
VIL_0163,2026-09-17 18:00:00,32.95,0.0,79.2,8.56,11.97427,75.21259
VIL_0164,2026-09-17 18:00:00,31.35,0.0,74.34,9.85,11.98294,75.77395
VIL_0165,2026-09-17 18:00:00,31.44,0.0,76.2,10.04,12.02961,75.56588
VIL_0166,2026-09-17 18:00:00,31.43,0.0,73.99,10.42,11.85317,75.70973
VIL_0167,2026-09-17 18:00:00,33.2,0.0,75.02,10.08,11.83995,75.69273
VIL_0168,2026-09-17 18:00:00,30.92,0.0,74.62,10.1,12.11407,75.68964
VIL_0169,2026-09-17 18:00:00,31.47,0.0,75.36,9.11,11.94845,75.70999
VIL_0170,2026-09-17 18:00:00,30.87,0.0,80.13,6.61,12.40136,75.18919
VIL_0171,2026-09-17 18:00:00,31.85,0.0,80.36,5.99,12.34578,75.18913
VIL_0172,2026-09-17 18:00:00,31.87,0.0,81.62,5.69,12.35345,75.00501
VIL_0173,2026-09-17 18:00:00,32.36,0.0,81.13,7.62,12.24019,75.00738
VIL_0174,2026-09-17 18:00:00,33.2,0.34,86.9,11.62,12.37169,75.02048
VIL_0175,2026-09-17 18:00:00,32.36,1.1,86.54,12.42,12.46097,75.03172
VIL_0176,2026-09-17 18:00:00,32.54,3.67,87.03,12.46,12.47562,75.03948
VIL_0177,2026-09-17 18:00:00,32.14,1.58,86.05,13.84,12.46219,74.91321
VIL_0178,2026-09-17 18:00:00,33.3,0.43,85.98,13.29,12.50881,75.04287
VIL_0001,2026-09-18 00:00:00,21.43,0.0,99.0,6.06,8.73621,77.0676
VIL_0002,2026-09-18 00:00:00,21.63,0.0,99.0,8.44,8.6306,76.89481
VIL_0003,2026-09-18 00:00:00,21.25,0.0,99.0,6.27,8.4978,76.86543
VIL_0004,2026-09-18 00:00:00,21.15,0.0,99.0,6.37,8.71085,77.02833
VIL_0005,2026-09-18 00:00:00,21.0,0.0,99.0,7.53,8.66342,76.85418
VIL_0006,2026-09-18 00:00:00,21.82,0.0,98.39,6.57,8.74197,77.09773
VIL_0007,2026-09-18 00:00:00,20.5,0.0,99.0,7.41,8.5147,76.90255
VIL_0008,2026-09-18 00:00:00,21.35,0.0,99.0,4.22,8.37924,77.1885
VIL_0009,2026-09-18 00:00:00,22.45,0.0,99.0,5.24,8.19612,77.01192
VIL_0010,2026-09-18 00:00:00,21.44,0.0,98.21,6.12,8.35143,77.12496
VIL_0011,2026-09-18 00:00:00,20.07,0.0,95.44,5.32,8.208,77.29713
VIL_0012,2026-09-18 00:00:00,21.53,0.0,99.0,5.97,8.26383,77.03218
VIL_0013,2026-09-18 00:00:00,22.38,0.0,99.0,7.79,8.37952,77.11974
VIL_0014,2026-09-18 00:00:00,22.16,0.0,96.61,5.14,8.48897,77.14503
VIL_0015,2026-09-18 00:00:00,20.57,0.0,99.0,8.06,8.45198,77.20909
VIL_0016,2026-09-18 00:00:00,21.68,0.0,99.0,2.25,8.87052,76.90667
VIL_0017,2026-09-18 00:00:00,21.92,2.43,99.0,4.03,9.14069,76.86452
VIL_0018,2026-09-18 00:00:00,21.79,1.91,99.0,1.71,8.94238,76.6513
VIL_0019,2026-09-18 00:00:00,21.38,0.0,98.07,0.83,9.05627,76.75405
VIL_0020,2026-09-18 00:00:00,20.8,0.0,95.34,13.64,9.01655,76.78832
VIL_0021,2026-09-18 00:00:00,21.82,0.0,96.5,12.77,9.1408,76.85563
VIL_0022,2026-09-18 00:00:00,21.21,5.01,99.0,10.35,9.06676,76.87151
VIL_0023,2026-09-18 00:00:00,21.5,0.0,97.6,11.7,9.02402,76.94201
VIL_0024,2026-09-18 00:00:00,20.62,0.0,95.54,10.61,8.92346,77.06888
VIL_0025,2026-09-18 00:00:00,19.69,0.0,96.06,11.19,9.10054,77.05985
VIL_0026,2026-09-18 00:00:00,21.21,0.0,92.94,11.84,9.13645,76.95737
VIL_0027,2026-09-18 00:00:00,23.65,0.0,99.0,7.12,9.24557,76.3026
VIL_0028,2026-09-18 00:00:00,23.26,0.0,99.0,7.5,9.3486,76.2864
VIL_0029,2026-09-18 00:00:00,23.36,2.67,99.0,8.6,9.48062,76.31203
VIL_0030,2026-09-18 00:00:00,23.6,0.0,99.0,8.79,9.31628,76.36781
VIL_0031,2026-09-18 00:00:00,23.58,0.0,97.24,8.14,9.27428,76.44566
VIL_0032,2026-09-18 00:00:00,22.81,0.0,99.0,8.94,9.25437,76.50107
VIL_0033,2026-09-18 00:00:00,22.66,0.0,99.0,9.38,9.46367,76.26461
VIL_0034,2026-09-18 00:00:00,22.95,0.0,94.39,7.88,9.22665,76.6754
VIL_0035,2026-09-18 00:00:00,22.13,3.08,98.89,8.93,9.40405,76.64379
VIL_0036,2026-09-18 00:00:00,22.76,0.0,94.9,7.98,9.44489,76.65732
VIL_0037,2026-09-18 00:00:00,22.47,2.99,94.89,7.94,9.44149,76.71701
VIL_0038,2026-09-18 00:00:00,23.68,0.0,95.21,9.87,9.30184,76.49062
VIL_0039,2026-09-18 00:00:00,22.91,0.0,97.6,7.51,9.27825,76.66265
VIL_0040,2026-09-18 00:00:00,22.89,7.24,99.0,7.02,9.45088,76.82727
VIL_0041,2026-09-18 00:00:00,22.6,9.31,99.0,6.35,9.49816,76.77766
VIL_0042,2026-09-18 00:00:00,22.06,7.87,99.0,6.55,9.26788,76.84997
VIL_0043,2026-09-18 00:00:00,22.59,8.8,99.0,7.63,9.46024,76.80438
VIL_0044,2026-09-18 00:00:00,23.32,6.58,99.0,7.77,9.46329,76.78414
VIL_0045,2026-09-18 00:00:00,24.53,6.16,99.0,7.08,9.38882,76.76426
VIL_0046,2026-09-18 00:00:00,23.3,6.59,99.0,7.53,9.23963,76.66837
VIL_0047,2026-09-18 00:00:00,22.91,6.79,99.0,7.05,9.24143,76.82692
VIL_0048,2026-09-18 00:00:00,20.95,1.34,99.0,9.36,9.72998,76.74265
VIL_0049,2026-09-18 00:00:00,21.31,4.08,99.0,8.75,9.6028,76.71533
VIL_0050,2026-09-18 00:00:00,21.81,1.62,99.0,9.56,9.72295,76.59492
VIL_0051,2026-09-18 00:00:00,21.06,1.87,99.0,10.33,9.84386,76.71366
VIL_0052,2026-09-18 00:00:00,21.11,2.71,99.0,8.27,9.76944,76.79814
VIL_0053,2026-09-18 00:00:00,21.27,3.82,99.0,9.17,9.74831,76.62269
VIL_0054,2026-09-18 00:00:00,20.98,2.05,99.0,9.41,9.59265,76.67096
VIL_0055,2026-09-18 00:00:00,19.36,37.57,96.21,8.76,9.99397,77.17777
VIL_0056,2026-09-18 00:00:00,19.86,37.7,94.45,8.74,10.0998,77.15223
VIL_0057,2026-09-18 00:00:00,20.83,39.15,95.82,8.41,10.20683,77.0054
VIL_0058,2026-09-18 00:00:00,20.33,38.03,93.29,8.7,9.97102,76.97838
VIL_0059,2026-09-18 00:00:00,19.92,40.01,97.57,7.79,10.06613,77.1554
VIL_0060,2026-09-18 00:00:00,19.88,37.89,98.45,9.14,10.19622,76.91209
VIL_0061,2026-09-18 00:00:00,20.7,38.19,97.93,10.67,10.09122,77.03522
VIL_0062,2026-09-18 00:00:00,21.6,3.05,99.0,8.7,9.95373,76.64282
VIL_0063,2026-09-18 00:00:00,20.82,4.93,99.0,6.36,9.81924,76.61249
VIL_0064,2026-09-18 00:00:00,20.31,6.5,99.0,7.11,9.81163,76.72943
VIL_0065,2026-09-18 00:00:00,20.94,4.48,99.0,7.6,9.86715,76.58147
VIL_0066,2026-09-18 00:00:00,20.18,5.0,99.0,7.1,9.82217,76.63606
VIL_0067,2026-09-18 00:00:00,20.35,3.87,99.0,6.87,9.95489,76.77568
VIL_0068,2026-09-18 00:00:00,20.74,4.48,99.0,7.02,9.79043,76.86132
VIL_0069,2026-09-18 00:00:00,19.2,7.22,99.0,8.13,9.82603,76.85498
VIL_0070,2026-09-18 00:00:00,21.3,7.9,97.5,7.02,9.70244,77.08059
VIL_0071,2026-09-18 00:00:00,22.74,5.51,99.0,7.88,9.95948,77.06887
VIL_0072,2026-09-18 00:00:00,22.08,5.82,98.96,7.81,9.73047,77.14384
VIL_0073,2026-09-18 00:00:00,20.69,7.73,97.49,8.33,9.9827,77.06962
VIL_0074,2026-09-18 00:00:00,20.34,11.78,97.97,8.99,9.88864,77.22549
VIL_0075,2026-09-18 00:00:00,22.76,6.83,96.67,7.36,9.75829,77.21546
VIL_0076,2026-09-18 00:00:00,22.29,7.54,99.0,8.51,9.79733,77.18669
VIL_0077,2026-09-18 00:00:00,22.09,3.91,99.0,11.56,10.20293,76.4465
VIL_0078,2026-09-18 00:00:00,22.63,4.12,99.0,12.38,10.00322,76.35946
VIL_0079,2026-09-18 00:00:00,22.05,3.97,99.0,12.56,10.16674,76.46451
VIL_0080,2026-09-18 00:00:00,23.48,3.42,99.0,11.37,10.05579,76.27307
VIL_0081,2026-09-18 00:00:00,21.8,3.8,99.0,10.73,10.17134,76.44985
VIL_0082,2026-09-18 00:00:00,23.11,3.75,99.0,12.77,10.0626,76.23585
VIL_0083,2026-09-18 00:00:00,22.75,0.0,96.72,6.01,10.04028,76.54402
VIL_0084,2026-09-18 00:00:00,22.13,0.0,98.29,5.6,10.11402,76.46926
VIL_0085,2026-09-18 00:00:00,23.08,0.0,99.0,7.39,9.93532,76.46204
VIL_0086,2026-09-18 00:00:00,21.25,0.0,99.0,4.77,10.11041,76.6912
VIL_0087,2026-09-18 00:00:00,23.34,17.01,99.0,7.71,10.22557,76.23549
VIL_0088,2026-09-18 00:00:00,23.05,17.38,96.98,5.77,10.45165,76.33799
VIL_0089,2026-09-18 00:00:00,21.53,20.26,99.0,7.49,10.23525,76.48188
VIL_0090,2026-09-18 00:00:00,22.96,17.14,98.24,6.46,10.44663,76.35049
VIL_0091,2026-09-18 00:00:00,24.11,17.65,99.0,8.08,10.42179,76.23961
VIL_0092,2026-09-18 00:00:00,22.04,19.6,99.0,8.34,10.24066,76.39311
VIL_0093,2026-09-18 00:00:00,24.02,8.12,97.34,9.53,10.7689,76.21235
VIL_0094,2026-09-18 00:00:00,21.37,10.89,99.0,9.45,10.77833,76.34628
VIL_0095,2026-09-18 00:00:00,22.75,11.52,99.0,10.9,10.79269,76.3266
VIL_0096,2026-09-18 00:00:00,23.02,10.8,99.0,9.0,10.7127,76.26521
VIL_0097,2026-09-18 00:00:00,21.07,10.97,99.0,9.67,10.62368,76.37304
VIL_0098,2026-09-18 00:00:00,23.42,9.27,98.69,8.52,10.8041,76.17618
VIL_0099,2026-09-18 00:00:00,22.02,0.0,96.62,10.06,10.78168,76.63853
VIL_0100,2026-09-18 00:00:00,21.75,0.0,97.25,11.55,10.93434,76.55678
VIL_0101,2026-09-18 00:00:00,21.19,0.49,99.0,9.27,10.64142,76.65217
VIL_0102,2026-09-18 00:00:00,21.79,1.65,99.0,11.07,10.68965,76.61394
VIL_0103,2026-09-18 00:00:00,21.69,0.0,99.0,11.77,10.85925,76.72028
VIL_0104,2026-09-18 00:00:00,20.4,6.97,99.0,8.7,11.00176,76.46064
VIL_0105,2026-09-18 00:00:00,20.83,6.75,99.0,7.37,11.0299,76.38314
VIL_0106,2026-09-18 00:00:00,19.83,7.31,99.0,9.39,11.01596,76.60167
VIL_0107,2026-09-18 00:00:00,18.95,7.81,99.0,9.12,10.98502,76.57983
VIL_0108,2026-09-18 00:00:00,19.48,5.62,98.58,8.62,11.17344,76.68379
VIL_0109,2026-09-18 00:00:00,20.08,6.23,96.52,8.53,11.10807,76.68076
VIL_0110,2026-09-18 00:00:00,19.6,5.28,98.49,10.17,10.99357,76.74974
VIL_0111,2026-09-18 00:00:00,20.02,4.72,98.02,10.38,11.01923,76.54029
VIL_0112,2026-09-18 00:00:00,21.63,4.1,99.0,11.39,11.12864,76.58613
VIL_0113,2026-09-18 00:00:00,19.45,9.2,99.0,10.55,11.21714,76.81918
VIL_0114,2026-09-18 00:00:00,21.13,4.01,99.0,5.97,11.09105,76.29932
VIL_0115,2026-09-18 00:00:00,22.12,5.74,99.0,6.76,11.11192,76.17423
VIL_0116,2026-09-18 00:00:00,23.24,4.62,99.0,7.42,10.99183,76.24669
VIL_0117,2026-09-18 00:00:00,24.05,5.8,98.68,6.9,11.1201,76.0976
VIL_0118,2026-09-18 00:00:00,23.42,3.13,98.89,6.25,10.91771,76.13227
VIL_0119,2026-09-18 00:00:00,22.4,6.55,99.0,6.0,10.90654,76.22058
VIL_0120,2026-09-18 00:00:00,21.95,4.53,99.0,6.43,10.93781,76.19341
VIL_0121,2026-09-18 00:00:00,22.45,5.57,99.0,6.3,11.07926,76.35401
VIL_0122,2026-09-18 00:00:00,21.41,0.0,96.73,11.05,11.3115,76.37302
VIL_0123,2026-09-18 00:00:00,22.97,0.0,99.0,11.17,11.16903,76.2315
VIL_0124,2026-09-18 00:00:00,21.47,0.0,97.69,9.98,11.39021,76.29823
VIL_0125,2026-09-18 00:00:00,22.19,0.0,95.7,10.47,11.3361,76.28675
VIL_0126,2026-09-18 00:00:00,23.18,0.0,94.35,11.2,11.23485,76.16408
VIL_0127,2026-09-18 00:00:00,23.43,0.0,99.0,9.92,11.45003,76.02212
VIL_0128,2026-09-18 00:00:00,24.99,0.0,99.0,12.21,11.48097,75.9154
VIL_0129,2026-09-18 00:00:00,24.42,0.0,99.0,12.74,11.35745,76.00149
VIL_0130,2026-09-18 00:00:00,23.84,0.0,99.0,10.34,11.40199,75.97259
VIL_0131,2026-09-18 00:00:00,22.41,0.0,99.0,12.05,11.44574,76.029
VIL_0132,2026-09-18 00:00:00,24.27,0.0,93.91,7.65,11.62666,75.57154
VIL_0133,2026-09-18 00:00:00,24.69,0.0,94.42,7.72,11.65461,75.53845
VIL_0134,2026-09-18 00:00:00,23.63,0.0,93.64,7.07,11.49951,75.73455
VIL_0135,2026-09-18 00:00:00,23.54,0.0,94.36,5.67,11.70468,75.69812
VIL_0136,2026-09-18 00:00:00,24.6,0.0,92.87,8.69,11.52808,75.45165
VIL_0137,2026-09-18 00:00:00,23.39,0.0,94.11,6.89,11.54398,75.60112
VIL_0138,2026-09-18 00:00:00,24.53,0.0,91.83,8.68,11.551,75.68836
VIL_0139,2026-09-18 00:00:00,24.9,0.0,93.42,5.17,11.52275,76.11987
VIL_0140,2026-09-18 00:00:00,24.93,0.0,91.72,6.58,11.4836,75.9485
VIL_0141,2026-09-18 00:00:00,24.76,0.0,92.45,6.8,11.61741,76.09519
VIL_0142,2026-09-18 00:00:00,23.56,0.0,95.02,6.43,11.64923,76.15083
VIL_0143,2026-09-18 00:00:00,25.96,0.0,93.2,5.05,11.75076,76.08789
VIL_0144,2026-09-18 00:00:00,24.87,0.0,95.13,6.06,11.55489,76.17156
VIL_0145,2026-09-18 00:00:00,23.29,0.0,94.1,5.07,11.53925,76.06469
VIL_0146,2026-09-18 00:00:00,21.76,0.0,91.52,8.85,11.66061,76.14179
VIL_0147,2026-09-18 00:00:00,22.99,0.0,87.52,7.33,11.90379,76.06179
VIL_0148,2026-09-18 00:00:00,23.94,0.0,88.35,8.94,11.77569,75.90499
VIL_0149,2026-09-18 00:00:00,24.29,0.0,88.89,9.16,11.69993,75.92807
VIL_0150,2026-09-18 00:00:00,22.92,0.0,89.81,10.77,11.81777,76.06738
VIL_0151,2026-09-18 00:00:00,22.85,0.0,93.65,5.56,11.59598,76.39346
VIL_0152,2026-09-18 00:00:00,23.18,0.0,92.75,6.07,11.73337,76.27331
VIL_0153,2026-09-18 00:00:00,23.27,4.67,93.08,6.45,11.69552,76.23288
VIL_0154,2026-09-18 00:00:00,22.99,0.0,94.61,6.43,11.58632,76.21379
VIL_0155,2026-09-18 00:00:00,23.37,0.0,92.88,5.53,11.73935,76.11132
VIL_0156,2026-09-18 00:00:00,24.67,0.0,92.2,5.43,11.54682,76.1208
VIL_0157,2026-09-18 00:00:00,23.65,0.0,94.67,5.28,11.52422,76.36364
VIL_0158,2026-09-18 00:00:00,24.56,0.0,93.06,6.52,11.7231,76.24925
VIL_0159,2026-09-18 00:00:00,26.69,10.14,99.0,10.0,12.12501,75.45007
VIL_0160,2026-09-18 00:00:00,26.68,9.9,99.0,10.6,11.99989,75.3474
VIL_0161,2026-09-18 00:00:00,27.18,9.43,99.0,10.34,12.09093,75.22242
VIL_0162,2026-09-18 00:00:00,25.86,12.5,99.0,9.42,12.18074,75.474
VIL_0163,2026-09-18 00:00:00,27.27,9.69,99.0,9.77,11.97427,75.21259
VIL_0164,2026-09-18 00:00:00,22.84,0.0,94.2,6.5,11.98294,75.77395
VIL_0165,2026-09-18 00:00:00,23.38,0.0,93.13,7.85,12.02961,75.56588
VIL_0166,2026-09-18 00:00:00,23.33,0.0,96.22,7.64,11.85317,75.70973
VIL_0167,2026-09-18 00:00:00,25.13,0.0,92.11,9.76,11.83995,75.69273
VIL_0168,2026-09-18 00:00:00,22.66,0.0,94.96,8.9,12.11407,75.68964
VIL_0169,2026-09-18 00:00:00,22.94,0.0,95.23,9.17,11.94845,75.70999
VIL_0170,2026-09-18 00:00:00,24.6,7.62,99.0,6.07,12.40136,75.18919
VIL_0171,2026-09-18 00:00:00,25.51,3.58,99.0,6.61,12.34578,75.18913
VIL_0172,2026-09-18 00:00:00,24.98,3.22,99.0,8.48,12.35345,75.00501
VIL_0173,2026-09-18 00:00:00,25.62,3.43,99.0,6.68,12.24019,75.00738
VIL_0174,2026-09-18 00:00:00,27.29,0.0,99.0,11.39,12.37169,75.02048
VIL_0175,2026-09-18 00:00:00,27.29,0.0,99.0,10.43,12.46097,75.03172
VIL_0176,2026-09-18 00:00:00,27.37,0.0,99.0,9.84,12.47562,75.03948
VIL_0177,2026-09-18 00:00:00,26.78,0.0,99.0,10.2,12.46219,74.91321
VIL_0178,2026-09-18 00:00:00,27.29,0.0,99.0,11.23,12.50881,75.04287
VIL_0001,2026-09-18 06:00:00,23.2,0.0,89.77,7.92,8.73621,77.0676
VIL_0002,2026-09-18 06:00:00,24.7,0.0,90.1,9.78,8.6306,76.89481
VIL_0003,2026-09-18 06:00:00,24.43,0.0,89.61,9.34,8.4978,76.86543
VIL_0004,2026-09-18 06:00:00,23.85,0.0,89.0,9.85,8.71085,77.02833
VIL_0005,2026-09-18 06:00:00,23.79,0.0,92.42,10.79,8.66342,76.85418
VIL_0006,2026-09-18 06:00:00,25.12,22.85,89.13,9.48,8.74197,77.09773
VIL_0007,2026-09-18 06:00:00,23.34,0.0,91.59,9.97,8.5147,76.90255
VIL_0008,2026-09-18 06:00:00,23.9,1.96,99.0,10.42,8.37924,77.1885
VIL_0009,2026-09-18 06:00:00,24.88,0.0,93.81,8.87,8.19612,77.01192
VIL_0010,2026-09-18 06:00:00,24.01,2.79,95.53,10.57,8.35143,77.12496
VIL_0011,2026-09-18 06:00:00,22.53,0.0,96.25,9.55,8.208,77.29713
VIL_0012,2026-09-18 06:00:00,24.15,0.0,97.58,9.48,8.26383,77.03218
VIL_0013,2026-09-18 06:00:00,25.07,0.0,96.09,9.89,8.37952,77.11974
VIL_0014,2026-09-18 06:00:00,24.51,0.14,97.48,9.49,8.48897,77.14503
VIL_0015,2026-09-18 06:00:00,23.49,0.0,96.05,10.11,8.45198,77.20909
VIL_0016,2026-09-18 06:00:00,23.2,0.0,93.57,9.19,8.87052,76.90667
VIL_0017,2026-09-18 06:00:00,23.6,0.0,91.77,10.06,9.14069,76.86452
VIL_0018,2026-09-18 06:00:00,23.15,0.0,96.73,9.37,8.94238,76.6513
VIL_0019,2026-09-18 06:00:00,23.71,2.56,96.59,10.11,9.05627,76.75405
VIL_0020,2026-09-18 06:00:00,23.28,11.34,99.0,1.01,9.01655,76.78832
VIL_0021,2026-09-18 06:00:00,23.46,11.2,99.0,1.88,9.1408,76.85563
VIL_0022,2026-09-18 06:00:00,22.73,12.19,99.0,0.5,9.06676,76.87151
VIL_0023,2026-09-18 06:00:00,23.95,9.84,99.0,2.77,9.02402,76.94201
VIL_0024,2026-09-18 06:00:00,22.41,14.93,98.75,3.53,8.92346,77.06888
VIL_0025,2026-09-18 06:00:00,21.48,11.95,99.0,2.76,9.10054,77.05985
VIL_0026,2026-09-18 06:00:00,22.73,12.11,98.4,2.86,9.13645,76.95737
VIL_0027,2026-09-18 06:00:00,25.98,0.0,88.91,0.5,9.24557,76.3026
VIL_0028,2026-09-18 06:00:00,25.38,0.0,91.4,0.5,9.3486,76.2864
VIL_0029,2026-09-18 06:00:00,25.84,0.0,92.46,0.5,9.48062,76.31203
VIL_0030,2026-09-18 06:00:00,25.8,0.0,90.45,0.5,9.31628,76.36781
VIL_0031,2026-09-18 06:00:00,26.45,0.0,89.97,0.5,9.27428,76.44566
VIL_0032,2026-09-18 06:00:00,25.6,0.0,91.86,0.5,9.25437,76.50107
VIL_0033,2026-09-18 06:00:00,25.73,0.0,92.1,0.5,9.46367,76.26461
VIL_0034,2026-09-18 06:00:00,23.46,1.9,99.0,10.29,9.22665,76.6754
VIL_0035,2026-09-18 06:00:00,22.84,1.59,98.91,10.57,9.40405,76.64379
VIL_0036,2026-09-18 06:00:00,24.18,2.08,99.0,10.49,9.44489,76.65732
VIL_0037,2026-09-18 06:00:00,23.17,1.8,99.0,11.23,9.44149,76.71701
VIL_0038,2026-09-18 06:00:00,24.0,2.51,99.0,9.88,9.30184,76.49062
VIL_0039,2026-09-18 06:00:00,23.21,3.43,99.0,10.7,9.27825,76.66265
VIL_0040,2026-09-18 06:00:00,22.01,0.0,88.61,5.86,9.45088,76.82727
VIL_0041,2026-09-18 06:00:00,21.94,0.0,88.57,7.21,9.49816,76.77766
VIL_0042,2026-09-18 06:00:00,21.84,0.0,89.1,6.02,9.26788,76.84997
VIL_0043,2026-09-18 06:00:00,22.95,0.0,86.89,6.74,9.46024,76.80438
VIL_0044,2026-09-18 06:00:00,23.4,0.0,84.69,6.24,9.46329,76.78414
VIL_0045,2026-09-18 06:00:00,23.97,0.0,86.08,5.01,9.38882,76.76426
VIL_0046,2026-09-18 06:00:00,23.64,0.0,87.06,5.4,9.23963,76.66837
VIL_0047,2026-09-18 06:00:00,22.15,0.0,86.96,7.0,9.24143,76.82692
VIL_0048,2026-09-18 06:00:00,21.89,6.3,99.0,6.07,9.72998,76.74265
VIL_0049,2026-09-18 06:00:00,22.57,6.07,99.0,5.52,9.6028,76.71533
VIL_0050,2026-09-18 06:00:00,22.49,7.08,99.0,4.53,9.72295,76.59492
VIL_0051,2026-09-18 06:00:00,22.1,5.97,99.0,6.79,9.84386,76.71366
VIL_0052,2026-09-18 06:00:00,22.18,9.81,99.0,5.02,9.76944,76.79814
VIL_0053,2026-09-18 06:00:00,22.38,7.02,99.0,5.21,9.74831,76.62269
VIL_0054,2026-09-18 06:00:00,21.65,6.18,99.0,7.18,9.59265,76.67096
VIL_0055,2026-09-18 06:00:00,20.68,0.0,85.12,5.54,9.99397,77.17777
VIL_0056,2026-09-18 06:00:00,20.82,0.0,88.96,7.15,10.0998,77.15223
VIL_0057,2026-09-18 06:00:00,22.17,0.0,87.63,6.17,10.20683,77.0054
VIL_0058,2026-09-18 06:00:00,21.46,0.0,86.07,7.79,9.97102,76.97838
VIL_0059,2026-09-18 06:00:00,21.27,0.0,84.85,5.99,10.06613,77.1554
VIL_0060,2026-09-18 06:00:00,21.55,1.91,85.39,6.84,10.19622,76.91209
VIL_0061,2026-09-18 06:00:00,22.15,0.0,86.99,7.64,10.09122,77.03522
VIL_0062,2026-09-18 06:00:00,24.84,0.0,95.27,5.64,9.95373,76.64282
VIL_0063,2026-09-18 06:00:00,24.45,0.0,98.99,6.41,9.81924,76.61249
VIL_0064,2026-09-18 06:00:00,24.57,0.0,99.0,6.14,9.81163,76.72943
VIL_0065,2026-09-18 06:00:00,23.78,4.39,98.11,6.12,9.86715,76.58147
VIL_0066,2026-09-18 06:00:00,24.16,0.0,98.83,6.13,9.82217,76.63606
VIL_0067,2026-09-18 06:00:00,23.03,0.0,99.0,8.44,9.95489,76.77568
VIL_0068,2026-09-18 06:00:00,24.09,0.0,96.6,6.05,9.79043,76.86132
VIL_0069,2026-09-18 06:00:00,23.08,0.0,99.0,6.34,9.82603,76.85498
VIL_0070,2026-09-18 06:00:00,21.91,12.48,99.0,11.67,9.70244,77.08059
VIL_0071,2026-09-18 06:00:00,22.24,9.96,97.95,13.65,9.95948,77.06887
VIL_0072,2026-09-18 06:00:00,22.7,10.37,99.0,11.19,9.73047,77.14384
VIL_0073,2026-09-18 06:00:00,20.6,12.87,99.0,11.93,9.9827,77.06962
VIL_0074,2026-09-18 06:00:00,20.39,13.09,99.0,10.27,9.88864,77.22549
VIL_0075,2026-09-18 06:00:00,22.6,9.75,99.0,11.63,9.75829,77.21546
VIL_0076,2026-09-18 06:00:00,21.88,10.4,99.0,10.54,9.79733,77.18669
VIL_0077,2026-09-18 06:00:00,24.54,0.0,97.67,6.0,10.20293,76.4465
VIL_0078,2026-09-18 06:00:00,25.46,0.0,97.93,7.13,10.00322,76.35946
VIL_0079,2026-09-18 06:00:00,24.62,0.0,98.62,4.84,10.16674,76.46451
VIL_0080,2026-09-18 06:00:00,24.8,0.0,97.59,6.68,10.05579,76.27307
VIL_0081,2026-09-18 06:00:00,25.13,0.0,96.96,7.97,10.17134,76.44985
VIL_0082,2026-09-18 06:00:00,25.51,0.0,97.1,7.03,10.0626,76.23585
VIL_0083,2026-09-18 06:00:00,26.28,0.0,89.61,7.47,10.04028,76.54402
VIL_0084,2026-09-18 06:00:00,25.72,0.0,90.77,8.66,10.11402,76.46926
VIL_0085,2026-09-18 06:00:00,25.66,0.0,88.35,8.61,9.93532,76.46204
VIL_0086,2026-09-18 06:00:00,24.74,0.0,91.43,8.07,10.11041,76.6912
VIL_0087,2026-09-18 06:00:00,26.49,0.0,87.29,8.03,10.22557,76.23549
VIL_0088,2026-09-18 06:00:00,25.69,0.0,84.91,6.4,10.45165,76.33799
VIL_0089,2026-09-18 06:00:00,23.97,0.0,87.4,7.04,10.23525,76.48188
VIL_0090,2026-09-18 06:00:00,25.36,0.0,85.19,7.23,10.44663,76.35049
VIL_0091,2026-09-18 06:00:00,26.23,0.0,86.32,7.03,10.42179,76.23961
VIL_0092,2026-09-18 06:00:00,24.61,0.0,85.6,7.84,10.24066,76.39311
VIL_0093,2026-09-18 06:00:00,26.05,0.0,88.18,6.44,10.7689,76.21235
VIL_0094,2026-09-18 06:00:00,24.0,5.08,88.97,5.56,10.77833,76.34628
VIL_0095,2026-09-18 06:00:00,25.27,1.64,86.72,5.48,10.79269,76.3266
VIL_0096,2026-09-18 06:00:00,25.44,0.0,89.8,6.54,10.7127,76.26521
VIL_0097,2026-09-18 06:00:00,23.65,0.0,89.99,6.52,10.62368,76.37304
VIL_0098,2026-09-18 06:00:00,25.53,0.0,86.09,6.68,10.8041,76.17618
VIL_0099,2026-09-18 06:00:00,22.91,4.23,99.0,10.09,10.78168,76.63853
VIL_0100,2026-09-18 06:00:00,23.21,1.27,99.0,10.38,10.93434,76.55678
VIL_0101,2026-09-18 06:00:00,22.3,1.69,99.0,10.37,10.64142,76.65217
VIL_0102,2026-09-18 06:00:00,23.79,1.82,99.0,9.8,10.68965,76.61394
VIL_0103,2026-09-18 06:00:00,23.11,1.13,99.0,11.7,10.85925,76.72028
VIL_0104,2026-09-18 06:00:00,23.68,8.0,99.0,12.92,11.00176,76.46064
VIL_0105,2026-09-18 06:00:00,24.2,6.93,99.0,12.32,11.0299,76.38314
VIL_0106,2026-09-18 06:00:00,23.21,5.76,99.0,13.14,11.01596,76.60167
VIL_0107,2026-09-18 06:00:00,21.65,5.82,97.99,14.37,10.98502,76.57983
VIL_0108,2026-09-18 06:00:00,21.61,0.0,88.07,11.17,11.17344,76.68379
VIL_0109,2026-09-18 06:00:00,22.2,0.0,87.95,10.74,11.10807,76.68076
VIL_0110,2026-09-18 06:00:00,21.1,0.0,89.04,10.97,10.99357,76.74974
VIL_0111,2026-09-18 06:00:00,22.36,0.0,86.36,11.33,11.01923,76.54029
VIL_0112,2026-09-18 06:00:00,23.3,0.0,88.04,11.07,11.12864,76.58613
VIL_0113,2026-09-18 06:00:00,21.41,0.0,90.67,11.27,11.21714,76.81918
VIL_0114,2026-09-18 06:00:00,23.85,0.0,95.23,7.14,11.09105,76.29932
VIL_0115,2026-09-18 06:00:00,25.45,0.0,91.38,9.01,11.11192,76.17423
VIL_0116,2026-09-18 06:00:00,25.58,0.0,93.7,7.39,10.99183,76.24669
VIL_0117,2026-09-18 06:00:00,26.21,0.0,95.44,7.69,11.1201,76.0976
VIL_0118,2026-09-18 06:00:00,26.82,0.0,92.0,8.39,10.91771,76.13227
VIL_0119,2026-09-18 06:00:00,24.94,0.0,94.95,7.17,10.90654,76.22058
VIL_0120,2026-09-18 06:00:00,24.54,0.0,97.59,7.68,10.93781,76.19341
VIL_0121,2026-09-18 06:00:00,24.06,0.0,95.71,7.86,11.07926,76.35401
VIL_0122,2026-09-18 06:00:00,24.04,3.1,89.78,8.99,11.3115,76.37302
VIL_0123,2026-09-18 06:00:00,25.01,0.0,89.32,7.36,11.16903,76.2315
VIL_0124,2026-09-18 06:00:00,24.13,0.0,89.12,7.41,11.39021,76.29823
VIL_0125,2026-09-18 06:00:00,24.57,0.0,87.1,7.28,11.3361,76.28675
VIL_0126,2026-09-18 06:00:00,26.17,0.0,87.4,9.05,11.23485,76.16408
VIL_0127,2026-09-18 06:00:00,26.09,0.0,93.45,7.7,11.45003,76.02212
VIL_0128,2026-09-18 06:00:00,27.62,0.0,92.33,7.25,11.48097,75.9154
VIL_0129,2026-09-18 06:00:00,26.71,0.0,91.52,9.68,11.35745,76.00149
VIL_0130,2026-09-18 06:00:00,26.32,0.0,91.14,9.2,11.40199,75.97259
VIL_0131,2026-09-18 06:00:00,26.02,3.39,95.3,8.74,11.44574,76.029
VIL_0132,2026-09-18 06:00:00,26.99,0.0,90.11,10.25,11.62666,75.57154
VIL_0133,2026-09-18 06:00:00,27.52,0.0,90.37,11.54,11.65461,75.53845
VIL_0134,2026-09-18 06:00:00,26.91,0.0,90.62,12.4,11.49951,75.73455
VIL_0135,2026-09-18 06:00:00,26.62,0.0,88.34,10.25,11.70468,75.69812
VIL_0136,2026-09-18 06:00:00,27.66,0.0,88.45,12.08,11.52808,75.45165
VIL_0137,2026-09-18 06:00:00,26.19,0.0,89.64,11.65,11.54398,75.60112
VIL_0138,2026-09-18 06:00:00,28.09,0.0,90.95,11.02,11.551,75.68836
VIL_0139,2026-09-18 06:00:00,24.75,18.46,94.54,10.04,11.52275,76.11987
VIL_0140,2026-09-18 06:00:00,24.9,19.42,95.17,8.29,11.4836,75.9485
VIL_0141,2026-09-18 06:00:00,25.15,18.48,99.0,8.54,11.61741,76.09519
VIL_0142,2026-09-18 06:00:00,24.07,18.42,97.78,7.91,11.64923,76.15083
VIL_0143,2026-09-18 06:00:00,25.36,18.46,93.89,10.56,11.75076,76.08789
VIL_0144,2026-09-18 06:00:00,24.58,19.01,96.45,7.77,11.55489,76.17156
VIL_0145,2026-09-18 06:00:00,23.72,21.36,96.7,9.13,11.53925,76.06469
VIL_0146,2026-09-18 06:00:00,24.65,0.96,86.21,10.02,11.66061,76.14179
VIL_0147,2026-09-18 06:00:00,25.8,0.0,84.4,10.19,11.90379,76.06179
VIL_0148,2026-09-18 06:00:00,26.86,0.0,85.6,11.46,11.77569,75.90499
VIL_0149,2026-09-18 06:00:00,26.9,0.0,83.82,11.28,11.69993,75.92807
VIL_0150,2026-09-18 06:00:00,25.77,0.0,86.16,11.32,11.81777,76.06738
VIL_0151,2026-09-18 06:00:00,23.52,4.02,98.82,6.26,11.59598,76.39346
VIL_0152,2026-09-18 06:00:00,23.64,5.27,94.95,6.57,11.73337,76.27331
VIL_0153,2026-09-18 06:00:00,23.44,4.49,96.27,4.96,11.69552,76.23288
VIL_0154,2026-09-18 06:00:00,24.34,5.03,92.22,5.7,11.58632,76.21379
VIL_0155,2026-09-18 06:00:00,23.05,7.53,93.79,5.02,11.73935,76.11132
VIL_0156,2026-09-18 06:00:00,24.97,4.99,94.6,5.83,11.54682,76.1208
VIL_0157,2026-09-18 06:00:00,24.24,3.97,96.25,5.75,11.52422,76.36364
VIL_0158,2026-09-18 06:00:00,24.75,3.92,95.94,6.19,11.7231,76.24925
VIL_0159,2026-09-18 06:00:00,28.74,0.0,91.24,8.69,12.12501,75.45007
VIL_0160,2026-09-18 06:00:00,29.0,0.0,93.79,9.61,11.99989,75.3474
VIL_0161,2026-09-18 06:00:00,28.91,0.0,91.36,6.62,12.09093,75.22242
VIL_0162,2026-09-18 06:00:00,28.24,0.0,91.35,7.45,12.18074,75.474
VIL_0163,2026-09-18 06:00:00,29.32,0.0,90.45,8.85,11.97427,75.21259
VIL_0164,2026-09-18 06:00:00,23.91,39.19,99.0,6.99,11.98294,75.77395
VIL_0165,2026-09-18 06:00:00,24.75,35.72,96.73,5.15,12.02961,75.56588
VIL_0166,2026-09-18 06:00:00,24.29,35.59,99.0,5.25,11.85317,75.70973
VIL_0167,2026-09-18 06:00:00,26.21,27.9,97.38,6.07,11.83995,75.69273
VIL_0168,2026-09-18 06:00:00,23.85,39.87,98.82,5.53,12.11407,75.68964
VIL_0169,2026-09-18 06:00:00,24.37,37.09,99.0,6.23,11.94845,75.70999
VIL_0170,2026-09-18 06:00:00,26.89,0.0,92.57,7.44,12.40136,75.18919
VIL_0171,2026-09-18 06:00:00,27.99,0.0,97.48,7.55,12.34578,75.18913
VIL_0172,2026-09-18 06:00:00,26.97,0.0,97.65,6.82,12.35345,75.00501
VIL_0173,2026-09-18 06:00:00,27.45,0.0,96.66,5.71,12.24019,75.00738
VIL_0174,2026-09-18 06:00:00,28.54,1.87,98.19,12.89,12.37169,75.02048
VIL_0175,2026-09-18 06:00:00,28.61,2.76,99.0,12.7,12.46097,75.03172
VIL_0176,2026-09-18 06:00:00,28.6,2.4,99.0,11.39,12.47562,75.03948
VIL_0177,2026-09-18 06:00:00,28.76,4.74,99.0,11.53,12.46219,74.91321
VIL_0178,2026-09-18 06:00:00,28.51,1.49,99.0,12.79,12.50881,75.04287
VIL_0001,2026-09-18 12:00:00,27.63,11.11,77.43,11.28,8.73621,77.0676
VIL_0002,2026-09-18 12:00:00,29.35,8.51,77.21,11.85,8.6306,76.89481
VIL_0003,2026-09-18 12:00:00,28.23,7.57,78.63,10.21,8.4978,76.86543
VIL_0004,2026-09-18 12:00:00,28.67,7.95,78.3,11.45,8.71085,77.02833
VIL_0005,2026-09-18 12:00:00,27.9,8.24,81.97,11.34,8.66342,76.85418
VIL_0006,2026-09-18 12:00:00,29.09,8.08,80.26,11.33,8.74197,77.09773
VIL_0007,2026-09-18 12:00:00,27.43,9.19,81.03,12.1,8.5147,76.90255
VIL_0008,2026-09-18 12:00:00,27.93,0.0,73.35,9.84,8.37924,77.1885
VIL_0009,2026-09-18 12:00:00,28.89,0.0,74.22,8.45,8.19612,77.01192
VIL_0010,2026-09-18 12:00:00,28.27,0.0,74.85,8.53,8.35143,77.12496
VIL_0011,2026-09-18 12:00:00,26.85,0.0,74.45,8.3,8.208,77.29713
VIL_0012,2026-09-18 12:00:00,29.34,0.0,75.83,9.15,8.26383,77.03218
VIL_0013,2026-09-18 12:00:00,29.15,0.0,73.94,8.64,8.37952,77.11974
VIL_0014,2026-09-18 12:00:00,28.82,0.0,72.96,9.11,8.48897,77.14503
VIL_0015,2026-09-18 12:00:00,27.15,0.0,75.31,9.14,8.45198,77.20909
VIL_0016,2026-09-18 12:00:00,28.76,0.0,70.44,6.1,8.87052,76.90667
VIL_0017,2026-09-18 12:00:00,29.04,0.0,69.8,6.3,9.14069,76.86452
VIL_0018,2026-09-18 12:00:00,29.09,0.0,67.68,6.12,8.94238,76.6513
VIL_0019,2026-09-18 12:00:00,29.31,0.0,73.48,7.59,9.05627,76.75405
VIL_0020,2026-09-18 12:00:00,29.03,0.0,83.58,0.5,9.01655,76.78832
VIL_0021,2026-09-18 12:00:00,29.68,1.6,80.93,0.57,9.1408,76.85563
VIL_0022,2026-09-18 12:00:00,29.74,0.0,80.17,2.44,9.06676,76.87151
VIL_0023,2026-09-18 12:00:00,30.04,0.0,81.47,2.04,9.02402,76.94201
VIL_0024,2026-09-18 12:00:00,28.88,0.0,83.61,2.28,8.92346,77.06888
VIL_0025,2026-09-18 12:00:00,28.42,0.0,81.0,0.5,9.10054,77.05985
VIL_0026,2026-09-18 12:00:00,28.85,0.0,80.88,0.5,9.13645,76.95737
VIL_0027,2026-09-18 12:00:00,31.16,0.0,73.79,7.79,9.24557,76.3026
VIL_0028,2026-09-18 12:00:00,30.4,0.0,75.6,8.94,9.3486,76.2864
VIL_0029,2026-09-18 12:00:00,30.66,0.0,72.24,8.18,9.48062,76.31203
VIL_0030,2026-09-18 12:00:00,30.1,0.0,74.14,8.07,9.31628,76.36781
VIL_0031,2026-09-18 12:00:00,31.05,1.28,73.07,7.85,9.27428,76.44566
VIL_0032,2026-09-18 12:00:00,30.12,0.0,73.43,9.68,9.25437,76.50107
VIL_0033,2026-09-18 12:00:00,30.31,0.0,73.74,8.17,9.46367,76.26461
VIL_0034,2026-09-18 12:00:00,29.75,0.0,75.11,7.25,9.22665,76.6754
VIL_0035,2026-09-18 12:00:00,29.03,0.0,78.08,7.63,9.40405,76.64379
VIL_0036,2026-09-18 12:00:00,30.44,0.0,78.44,7.13,9.44489,76.65732
VIL_0037,2026-09-18 12:00:00,30.21,0.0,77.22,7.21,9.44149,76.71701
VIL_0038,2026-09-18 12:00:00,30.86,0.0,79.36,7.22,9.30184,76.49062
VIL_0039,2026-09-18 12:00:00,29.52,0.0,75.25,7.44,9.27825,76.66265
VIL_0040,2026-09-18 12:00:00,29.2,0.0,78.27,8.42,9.45088,76.82727
VIL_0041,2026-09-18 12:00:00,29.6,0.0,78.04,9.71,9.49816,76.77766
VIL_0042,2026-09-18 12:00:00,28.41,0.0,77.72,9.7,9.26788,76.84997
VIL_0043,2026-09-18 12:00:00,29.68,0.0,75.79,8.8,9.46024,76.80438
VIL_0044,2026-09-18 12:00:00,29.75,0.0,78.93,7.89,9.46329,76.78414
VIL_0045,2026-09-18 12:00:00,30.41,0.0,75.84,9.21,9.38882,76.76426
VIL_0046,2026-09-18 12:00:00,29.2,0.0,79.3,9.01,9.23963,76.66837
VIL_0047,2026-09-18 12:00:00,29.82,0.0,75.75,7.56,9.24143,76.82692
VIL_0048,2026-09-18 12:00:00,29.34,0.0,71.86,6.15,9.72998,76.74265
VIL_0049,2026-09-18 12:00:00,29.49,2.23,74.09,4.41,9.6028,76.71533
VIL_0050,2026-09-18 12:00:00,30.21,0.0,73.68,3.5,9.72295,76.59492
VIL_0051,2026-09-18 12:00:00,29.73,1.1,73.96,4.39,9.84386,76.71366
VIL_0052,2026-09-18 12:00:00,29.45,0.0,70.86,4.82,9.76944,76.79814
VIL_0053,2026-09-18 12:00:00,29.53,0.0,74.7,5.13,9.74831,76.62269
VIL_0054,2026-09-18 12:00:00,29.66,5.87,72.64,5.18,9.59265,76.67096
VIL_0055,2026-09-18 12:00:00,27.65,14.29,79.89,8.13,9.99397,77.17777
VIL_0056,2026-09-18 12:00:00,28.43,9.58,80.29,7.97,10.0998,77.15223
VIL_0057,2026-09-18 12:00:00,28.71,15.06,80.77,9.17,10.20683,77.0054
VIL_0058,2026-09-18 12:00:00,28.14,10.39,83.78,8.25,9.97102,76.97838
VIL_0059,2026-09-18 12:00:00,28.01,10.77,80.88,7.62,10.06613,77.1554
VIL_0060,2026-09-18 12:00:00,28.62,9.52,82.78,7.91,10.19622,76.91209
VIL_0061,2026-09-18 12:00:00,29.07,11.09,81.16,6.97,10.09122,77.03522
VIL_0062,2026-09-18 12:00:00,30.28,0.0,69.48,4.98,9.95373,76.64282
VIL_0063,2026-09-18 12:00:00,29.6,0.0,68.02,4.52,9.81924,76.61249
VIL_0064,2026-09-18 12:00:00,29.79,0.51,70.55,4.51,9.81163,76.72943
VIL_0065,2026-09-18 12:00:00,29.34,0.0,72.53,3.85,9.86715,76.58147
VIL_0066,2026-09-18 12:00:00,29.01,0.0,71.92,4.14,9.82217,76.63606
VIL_0067,2026-09-18 12:00:00,29.46,0.0,69.55,4.3,9.95489,76.77568
VIL_0068,2026-09-18 12:00:00,29.41,0.0,70.21,4.48,9.79043,76.86132
VIL_0069,2026-09-18 12:00:00,27.85,0.88,74.87,5.7,9.82603,76.85498
VIL_0070,2026-09-18 12:00:00,28.61,0.0,71.31,3.4,9.70244,77.08059
VIL_0071,2026-09-18 12:00:00,29.84,2.55,71.37,3.67,9.95948,77.06887
VIL_0072,2026-09-18 12:00:00,28.94,0.0,72.42,4.87,9.73047,77.14384
VIL_0073,2026-09-18 12:00:00,27.05,0.0,74.94,4.05,9.9827,77.06962
VIL_0074,2026-09-18 12:00:00,26.45,0.0,72.47,3.73,9.88864,77.22549
VIL_0075,2026-09-18 12:00:00,29.22,0.0,72.76,4.33,9.75829,77.21546
VIL_0076,2026-09-18 12:00:00,28.31,0.0,72.6,3.09,9.79733,77.18669
VIL_0077,2026-09-18 12:00:00,30.06,0.0,76.53,7.75,10.20293,76.4465
VIL_0078,2026-09-18 12:00:00,31.2,0.0,76.82,7.3,10.00322,76.35946
VIL_0079,2026-09-18 12:00:00,29.9,0.0,78.83,9.98,10.16674,76.46451
VIL_0080,2026-09-18 12:00:00,31.74,0.0,75.02,8.94,10.05579,76.27307
VIL_0081,2026-09-18 12:00:00,30.17,0.0,77.71,7.78,10.17134,76.44985
VIL_0082,2026-09-18 12:00:00,31.63,0.0,76.18,9.21,10.0626,76.23585
VIL_0083,2026-09-18 12:00:00,29.93,0.0,73.4,5.39,10.04028,76.54402
VIL_0084,2026-09-18 12:00:00,30.53,0.0,72.27,5.7,10.11402,76.46926
VIL_0085,2026-09-18 12:00:00,30.27,0.0,77.0,4.54,9.93532,76.46204
VIL_0086,2026-09-18 12:00:00,28.86,0.0,71.1,5.95,10.11041,76.6912
VIL_0087,2026-09-18 12:00:00,31.17,0.56,75.64,5.43,10.22557,76.23549
VIL_0088,2026-09-18 12:00:00,30.99,0.0,79.84,5.65,10.45165,76.33799
VIL_0089,2026-09-18 12:00:00,29.1,0.0,76.37,7.26,10.23525,76.48188
VIL_0090,2026-09-18 12:00:00,30.49,0.0,74.72,7.04,10.44663,76.35049
VIL_0091,2026-09-18 12:00:00,31.74,0.0,78.25,6.5,10.42179,76.23961
VIL_0092,2026-09-18 12:00:00,29.46,1.74,76.51,6.34,10.24066,76.39311
VIL_0093,2026-09-18 12:00:00,31.99,0.0,76.11,10.47,10.7689,76.21235
VIL_0094,2026-09-18 12:00:00,29.62,0.0,77.42,11.56,10.77833,76.34628
VIL_0095,2026-09-18 12:00:00,31.0,0.0,75.44,9.9,10.79269,76.3266
VIL_0096,2026-09-18 12:00:00,31.92,0.0,73.74,10.47,10.7127,76.26521
VIL_0097,2026-09-18 12:00:00,29.74,0.0,78.36,10.27,10.62368,76.37304
VIL_0098,2026-09-18 12:00:00,31.46,0.0,74.4,9.93,10.8041,76.17618
VIL_0099,2026-09-18 12:00:00,29.39,0.0,73.22,7.82,10.78168,76.63853
VIL_0100,2026-09-18 12:00:00,29.13,0.0,72.94,8.3,10.93434,76.55678
VIL_0101,2026-09-18 12:00:00,28.89,0.0,73.44,8.96,10.64142,76.65217
VIL_0102,2026-09-18 12:00:00,30.17,0.0,74.04,8.06,10.68965,76.61394
VIL_0103,2026-09-18 12:00:00,29.47,1.35,73.09,9.49,10.85925,76.72028
VIL_0104,2026-09-18 12:00:00,30.94,30.11,78.58,5.46,11.00176,76.46064
VIL_0105,2026-09-18 12:00:00,31.34,24.94,80.01,4.19,11.0299,76.38314
VIL_0106,2026-09-18 12:00:00,30.27,29.16,79.74,4.49,11.01596,76.60167
VIL_0107,2026-09-18 12:00:00,29.78,30.19,81.6,3.71,10.98502,76.57983
VIL_0108,2026-09-18 12:00:00,28.36,3.16,70.73,12.06,11.17344,76.68379
VIL_0109,2026-09-18 12:00:00,28.62,0.0,70.37,11.58,11.10807,76.68076
VIL_0110,2026-09-18 12:00:00,28.36,2.47,70.28,12.67,10.99357,76.74974
VIL_0111,2026-09-18 12:00:00,28.65,0.0,72.48,10.62,11.01923,76.54029
VIL_0112,2026-09-18 12:00:00,29.49,0.0,67.44,12.04,11.12864,76.58613
VIL_0113,2026-09-18 12:00:00,28.29,0.0,71.86,12.27,11.21714,76.81918
VIL_0114,2026-09-18 12:00:00,29.07,0.0,75.61,6.47,11.09105,76.29932
VIL_0115,2026-09-18 12:00:00,30.52,0.0,74.25,7.23,11.11192,76.17423
VIL_0116,2026-09-18 12:00:00,30.51,0.0,75.51,8.2,10.99183,76.24669
VIL_0117,2026-09-18 12:00:00,31.8,0.0,70.81,8.08,11.1201,76.0976
VIL_0118,2026-09-18 12:00:00,31.45,0.0,71.49,9.02,10.91771,76.13227
VIL_0119,2026-09-18 12:00:00,30.1,0.0,74.28,8.79,10.90654,76.22058
VIL_0120,2026-09-18 12:00:00,29.51,0.0,74.17,7.39,10.93781,76.19341
VIL_0121,2026-09-18 12:00:00,29.9,0.0,75.79,7.26,11.07926,76.35401
VIL_0122,2026-09-18 12:00:00,29.23,5.08,81.31,7.4,11.3115,76.37302
VIL_0123,2026-09-18 12:00:00,30.42,3.64,83.6,7.36,11.16903,76.2315
VIL_0124,2026-09-18 12:00:00,28.91,4.31,87.09,6.78,11.39021,76.29823
VIL_0125,2026-09-18 12:00:00,29.82,2.5,81.61,9.56,11.3361,76.28675
VIL_0126,2026-09-18 12:00:00,31.67,2.96,80.06,7.27,11.23485,76.16408
VIL_0127,2026-09-18 12:00:00,29.42,4.08,85.62,10.46,11.45003,76.02212
VIL_0128,2026-09-18 12:00:00,31.47,3.74,86.75,10.13,11.48097,75.9154
VIL_0129,2026-09-18 12:00:00,30.83,3.5,85.89,10.16,11.35745,76.00149
VIL_0130,2026-09-18 12:00:00,30.75,3.84,84.75,10.96,11.40199,75.97259
VIL_0131,2026-09-18 12:00:00,30.33,4.43,84.82,10.79,11.44574,76.029
VIL_0132,2026-09-18 12:00:00,31.85,0.0,67.17,7.38,11.62666,75.57154
VIL_0133,2026-09-18 12:00:00,32.34,0.0,65.73,6.45,11.65461,75.53845
VIL_0134,2026-09-18 12:00:00,30.76,0.0,66.61,6.14,11.49951,75.73455
VIL_0135,2026-09-18 12:00:00,31.62,0.0,66.43,8.01,11.70468,75.69812
VIL_0136,2026-09-18 12:00:00,32.79,0.0,70.03,6.4,11.52808,75.45165
VIL_0137,2026-09-18 12:00:00,30.99,0.0,70.79,6.36,11.54398,75.60112
VIL_0138,2026-09-18 12:00:00,32.44,0.0,65.65,6.28,11.551,75.68836
VIL_0139,2026-09-18 12:00:00,30.84,10.08,86.35,7.43,11.52275,76.11987
VIL_0140,2026-09-18 12:00:00,31.54,8.97,83.65,9.01,11.4836,75.9485
VIL_0141,2026-09-18 12:00:00,31.24,9.4,85.75,7.04,11.61741,76.09519
VIL_0142,2026-09-18 12:00:00,30.47,8.93,85.3,8.16,11.64923,76.15083
VIL_0143,2026-09-18 12:00:00,31.94,8.95,87.93,7.92,11.75076,76.08789
VIL_0144,2026-09-18 12:00:00,30.61,9.86,84.45,7.59,11.55489,76.17156
VIL_0145,2026-09-18 12:00:00,30.39,9.09,83.78,7.97,11.53925,76.06469
VIL_0146,2026-09-18 12:00:00,30.9,17.36,82.28,6.37,11.66061,76.14179
VIL_0147,2026-09-18 12:00:00,32.52,14.4,81.07,7.53,11.90379,76.06179
VIL_0148,2026-09-18 12:00:00,33.32,13.4,78.21,8.06,11.77569,75.90499
VIL_0149,2026-09-18 12:00:00,32.98,13.4,78.78,8.45,11.69993,75.92807
VIL_0150,2026-09-18 12:00:00,31.75,13.67,79.36,7.54,11.81777,76.06738
VIL_0151,2026-09-18 12:00:00,29.55,4.87,79.22,8.79,11.59598,76.39346
VIL_0152,2026-09-18 12:00:00,29.19,4.83,76.55,9.27,11.73337,76.27331
VIL_0153,2026-09-18 12:00:00,29.6,7.52,78.65,7.37,11.69552,76.23288
VIL_0154,2026-09-18 12:00:00,29.53,4.58,80.69,8.5,11.58632,76.21379
VIL_0155,2026-09-18 12:00:00,29.08,8.27,78.37,8.51,11.73935,76.11132
VIL_0156,2026-09-18 12:00:00,31.09,4.94,79.63,7.59,11.54682,76.1208
VIL_0157,2026-09-18 12:00:00,30.42,4.59,82.88,9.26,11.52422,76.36364
VIL_0158,2026-09-18 12:00:00,30.46,8.02,79.09,7.65,11.7231,76.24925
VIL_0159,2026-09-18 12:00:00,34.35,6.9,80.84,9.1,12.12501,75.45007
VIL_0160,2026-09-18 12:00:00,34.45,5.71,80.28,8.14,11.99989,75.3474
VIL_0161,2026-09-18 12:00:00,34.81,5.92,82.08,7.62,12.09093,75.22242
VIL_0162,2026-09-18 12:00:00,33.98,6.32,78.66,8.06,12.18074,75.474
VIL_0163,2026-09-18 12:00:00,34.85,4.85,84.34,9.74,11.97427,75.21259
VIL_0164,2026-09-18 12:00:00,30.42,0.0,72.6,11.28,11.98294,75.77395
VIL_0165,2026-09-18 12:00:00,31.18,0.0,69.43,10.19,12.02961,75.56588
VIL_0166,2026-09-18 12:00:00,31.15,0.0,70.95,10.68,11.85317,75.70973
VIL_0167,2026-09-18 12:00:00,32.48,0.0,67.85,9.59,11.83995,75.69273
VIL_0168,2026-09-18 12:00:00,30.66,0.0,72.34,9.32,12.11407,75.68964
VIL_0169,2026-09-18 12:00:00,31.42,0.0,69.21,10.84,11.94845,75.70999
VIL_0170,2026-09-18 12:00:00,33.45,0.0,73.37,10.6,12.40136,75.18919
VIL_0171,2026-09-18 12:00:00,34.53,0.0,70.77,10.23,12.34578,75.18913
VIL_0172,2026-09-18 12:00:00,33.94,0.0,76.33,8.59,12.35345,75.00501
VIL_0173,2026-09-18 12:00:00,34.12,0.0,73.9,9.99,12.24019,75.00738
VIL_0174,2026-09-18 12:00:00,33.18,0.0,78.2,7.94,12.37169,75.02048
VIL_0175,2026-09-18 12:00:00,33.85,0.0,79.94,7.94,12.46097,75.03172
VIL_0176,2026-09-18 12:00:00,33.34,0.0,77.34,7.01,12.47562,75.03948
VIL_0177,2026-09-18 12:00:00,33.18,0.0,77.09,7.9,12.46219,74.91321
VIL_0178,2026-09-18 12:00:00,33.85,0.0,78.86,8.14,12.50881,75.04287
VIL_0001,2026-09-18 18:00:00,27.7,0.0,80.34,8.6,8.73621,77.0676
VIL_0002,2026-09-18 18:00:00,28.35,0.0,83.15,10.96,8.6306,76.89481
VIL_0003,2026-09-18 18:00:00,27.8,0.0,80.11,8.64,8.4978,76.86543
VIL_0004,2026-09-18 18:00:00,28.0,0.0,82.91,9.96,8.71085,77.02833
VIL_0005,2026-09-18 18:00:00,27.44,2.66,84.62,7.53,8.66342,76.85418
VIL_0006,2026-09-18 18:00:00,27.58,0.0,81.07,9.47,8.74197,77.09773
VIL_0007,2026-09-18 18:00:00,26.79,0.0,82.27,9.73,8.5147,76.90255
VIL_0008,2026-09-18 18:00:00,27.43,20.62,87.79,12.41,8.37924,77.1885
VIL_0009,2026-09-18 18:00:00,28.96,18.82,83.41,11.59,8.19612,77.01192
VIL_0010,2026-09-18 18:00:00,27.83,20.83,83.77,11.82,8.35143,77.12496
VIL_0011,2026-09-18 18:00:00,27.04,21.54,85.62,11.46,8.208,77.29713
VIL_0012,2026-09-18 18:00:00,27.95,18.42,85.25,12.32,8.26383,77.03218
VIL_0013,2026-09-18 18:00:00,29.07,20.57,83.39,11.75,8.37952,77.11974
VIL_0014,2026-09-18 18:00:00,28.46,19.35,84.5,11.74,8.48897,77.14503
VIL_0015,2026-09-18 18:00:00,27.46,21.43,87.6,11.37,8.45198,77.20909
VIL_0016,2026-09-18 18:00:00,26.11,4.31,80.69,8.31,8.87052,76.90667
VIL_0017,2026-09-18 18:00:00,27.15,0.0,81.66,7.03,9.14069,76.86452
VIL_0018,2026-09-18 18:00:00,26.55,0.0,82.61,8.87,8.94238,76.6513
VIL_0019,2026-09-18 18:00:00,26.94,0.0,82.87,7.29,9.05627,76.75405
VIL_0020,2026-09-18 18:00:00,26.98,0.0,80.24,7.72,9.01655,76.78832
VIL_0021,2026-09-18 18:00:00,27.35,0.0,78.88,6.83,9.1408,76.85563
VIL_0022,2026-09-18 18:00:00,27.82,0.8,79.73,7.42,9.06676,76.87151
VIL_0023,2026-09-18 18:00:00,27.51,0.0,79.37,8.07,9.02402,76.94201
VIL_0024,2026-09-18 18:00:00,26.69,0.0,80.37,6.24,8.92346,77.06888
VIL_0025,2026-09-18 18:00:00,26.15,0.0,78.83,6.55,9.10054,77.05985
VIL_0026,2026-09-18 18:00:00,26.6,0.0,77.43,7.35,9.13645,76.95737
VIL_0027,2026-09-18 18:00:00,29.27,1.76,78.21,10.26,9.24557,76.3026
VIL_0028,2026-09-18 18:00:00,29.02,0.0,77.24,10.37,9.3486,76.2864
VIL_0029,2026-09-18 18:00:00,28.67,0.0,77.69,10.04,9.48062,76.31203
VIL_0030,2026-09-18 18:00:00,28.49,0.0,76.71,10.98,9.31628,76.36781
VIL_0031,2026-09-18 18:00:00,29.46,0.0,79.9,10.99,9.27428,76.44566
VIL_0032,2026-09-18 18:00:00,29.28,0.0,79.47,9.75,9.25437,76.50107
VIL_0033,2026-09-18 18:00:00,28.39,0.0,78.69,10.81,9.46367,76.26461
VIL_0034,2026-09-18 18:00:00,28.01,0.0,81.75,4.29,9.22665,76.6754
VIL_0035,2026-09-18 18:00:00,28.12,0.98,78.57,5.58,9.40405,76.64379
VIL_0036,2026-09-18 18:00:00,28.76,0.0,81.23,5.7,9.44489,76.65732
VIL_0037,2026-09-18 18:00:00,28.6,0.0,82.11,5.59,9.44149,76.71701
VIL_0038,2026-09-18 18:00:00,28.88,5.22,77.97,5.79,9.30184,76.49062
VIL_0039,2026-09-18 18:00:00,28.52,0.0,79.78,4.51,9.27825,76.66265
VIL_0040,2026-09-18 18:00:00,26.97,2.39,87.18,7.56,9.45088,76.82727
VIL_0041,2026-09-18 18:00:00,27.49,2.96,87.05,7.41,9.49816,76.77766
VIL_0042,2026-09-18 18:00:00,27.25,2.73,88.09,7.48,9.26788,76.84997
VIL_0043,2026-09-18 18:00:00,27.55,3.03,86.13,6.26,9.46024,76.80438
VIL_0044,2026-09-18 18:00:00,27.87,4.21,86.04,6.55,9.46329,76.78414
VIL_0045,2026-09-18 18:00:00,28.92,1.74,87.5,6.33,9.38882,76.76426
VIL_0046,2026-09-18 18:00:00,28.13,1.4,85.86,6.67,9.23963,76.66837
VIL_0047,2026-09-18 18:00:00,27.11,3.36,89.48,6.87,9.24143,76.82692
VIL_0048,2026-09-18 18:00:00,26.91,0.0,77.53,8.74,9.72998,76.74265
VIL_0049,2026-09-18 18:00:00,27.58,0.0,77.75,8.38,9.6028,76.71533
VIL_0050,2026-09-18 18:00:00,28.23,0.0,77.42,8.96,9.72295,76.59492
VIL_0051,2026-09-18 18:00:00,27.63,0.0,79.91,9.24,9.84386,76.71366
VIL_0052,2026-09-18 18:00:00,27.0,0.0,78.19,8.13,9.76944,76.79814
VIL_0053,2026-09-18 18:00:00,28.01,0.0,77.14,7.99,9.74831,76.62269
VIL_0054,2026-09-18 18:00:00,27.37,2.43,75.38,8.13,9.59265,76.67096
VIL_0055,2026-09-18 18:00:00,26.18,0.0,77.52,10.2,9.99397,77.17777
VIL_0056,2026-09-18 18:00:00,25.82,0.0,76.85,9.52,10.0998,77.15223
VIL_0057,2026-09-18 18:00:00,26.72,0.0,76.36,8.45,10.20683,77.0054
VIL_0058,2026-09-18 18:00:00,26.47,0.0,78.68,8.25,9.97102,76.97838
VIL_0059,2026-09-18 18:00:00,25.89,0.0,78.02,7.79,10.06613,77.1554
VIL_0060,2026-09-18 18:00:00,26.36,1.0,77.62,8.7,10.19622,76.91209
VIL_0061,2026-09-18 18:00:00,27.05,3.6,74.36,8.82,10.09122,77.03522
VIL_0062,2026-09-18 18:00:00,27.84,0.0,80.07,1.54,9.95373,76.64282
VIL_0063,2026-09-18 18:00:00,27.05,0.0,79.16,0.99,9.81924,76.61249
VIL_0064,2026-09-18 18:00:00,27.08,0.0,82.57,3.66,9.81163,76.72943
VIL_0065,2026-09-18 18:00:00,26.41,8.42,80.87,2.61,9.86715,76.58147
VIL_0066,2026-09-18 18:00:00,26.35,0.0,83.58,1.47,9.82217,76.63606
VIL_0067,2026-09-18 18:00:00,26.59,0.0,80.73,1.07,9.95489,76.77568
VIL_0068,2026-09-18 18:00:00,26.48,0.0,80.38,1.71,9.79043,76.86132
VIL_0069,2026-09-18 18:00:00,25.88,0.0,79.57,3.79,9.82603,76.85498
VIL_0070,2026-09-18 18:00:00,26.42,9.13,90.47,9.31,9.70244,77.08059
VIL_0071,2026-09-18 18:00:00,26.53,4.73,90.5,8.08,9.95948,77.06887
VIL_0072,2026-09-18 18:00:00,27.11,4.99,92.59,8.36,9.73047,77.14384
VIL_0073,2026-09-18 18:00:00,26.16,8.07,91.06,9.87,9.9827,77.06962
VIL_0074,2026-09-18 18:00:00,24.89,7.23,92.29,8.15,9.88864,77.22549
VIL_0075,2026-09-18 18:00:00,27.14,5.49,90.25,8.01,9.75829,77.21546
VIL_0076,2026-09-18 18:00:00,27.03,5.22,90.8,7.63,9.79733,77.18669
VIL_0077,2026-09-18 18:00:00,28.2,0.0,81.26,13.13,10.20293,76.4465
VIL_0078,2026-09-18 18:00:00,28.81,0.0,80.89,12.48,10.00322,76.35946
VIL_0079,2026-09-18 18:00:00,28.56,0.0,83.61,12.32,10.16674,76.46451
VIL_0080,2026-09-18 18:00:00,30.05,0.0,83.09,11.82,10.05579,76.27307
VIL_0081,2026-09-18 18:00:00,28.64,0.0,84.09,12.45,10.17134,76.44985
VIL_0082,2026-09-18 18:00:00,29.96,0.0,81.82,12.05,10.0626,76.23585
VIL_0083,2026-09-18 18:00:00,28.97,0.0,75.92,8.45,10.04028,76.54402
VIL_0084,2026-09-18 18:00:00,28.4,0.0,73.14,8.6,10.11402,76.46926
VIL_0085,2026-09-18 18:00:00,28.68,0.0,74.89,8.22,9.93532,76.46204
VIL_0086,2026-09-18 18:00:00,27.79,0.0,75.91,7.72,10.11041,76.6912
VIL_0087,2026-09-18 18:00:00,29.75,14.8,93.29,7.47,10.22557,76.23549
VIL_0088,2026-09-18 18:00:00,29.25,15.43,91.32,10.42,10.45165,76.33799
VIL_0089,2026-09-18 18:00:00,27.88,18.32,92.99,9.12,10.23525,76.48188
VIL_0090,2026-09-18 18:00:00,28.58,16.47,91.75,8.04,10.44663,76.35049
VIL_0091,2026-09-18 18:00:00,30.27,14.53,90.26,8.15,10.42179,76.23961
VIL_0092,2026-09-18 18:00:00,28.3,17.19,90.73,8.38,10.24066,76.39311
VIL_0093,2026-09-18 18:00:00,30.67,0.0,74.43,13.89,10.7689,76.21235
VIL_0094,2026-09-18 18:00:00,28.5,0.0,76.78,10.74,10.77833,76.34628
VIL_0095,2026-09-18 18:00:00,29.63,0.0,75.99,9.65,10.79269,76.3266
VIL_0096,2026-09-18 18:00:00,30.11,0.0,72.71,10.17,10.7127,76.26521
VIL_0097,2026-09-18 18:00:00,28.0,0.0,74.62,11.73,10.62368,76.37304
VIL_0098,2026-09-18 18:00:00,29.55,0.0,74.95,12.63,10.8041,76.17618
VIL_0099,2026-09-18 18:00:00,27.02,0.35,76.01,11.64,10.78168,76.63853
VIL_0100,2026-09-18 18:00:00,27.08,0.0,78.74,10.66,10.93434,76.55678
VIL_0101,2026-09-18 18:00:00,26.39,0.0,79.25,11.53,10.64142,76.65217
VIL_0102,2026-09-18 18:00:00,26.79,0.0,78.82,10.85,10.68965,76.61394
VIL_0103,2026-09-18 18:00:00,26.92,0.0,78.28,10.63,10.85925,76.72028
VIL_0104,2026-09-18 18:00:00,29.12,0.0,80.86,7.5,11.00176,76.46064
VIL_0105,2026-09-18 18:00:00,29.35,0.0,79.54,8.93,11.0299,76.38314
VIL_0106,2026-09-18 18:00:00,28.34,0.0,80.82,7.95,11.01596,76.60167
VIL_0107,2026-09-18 18:00:00,28.49,0.0,81.37,7.53,10.98502,76.57983
VIL_0108,2026-09-18 18:00:00,26.51,0.57,77.18,11.6,11.17344,76.68379
VIL_0109,2026-09-18 18:00:00,27.01,0.0,75.78,12.7,11.10807,76.68076
VIL_0110,2026-09-18 18:00:00,25.89,0.0,74.4,12.0,10.99357,76.74974
VIL_0111,2026-09-18 18:00:00,26.61,0.0,78.22,13.12,11.01923,76.54029
VIL_0112,2026-09-18 18:00:00,27.46,0.0,75.1,13.62,11.12864,76.58613
VIL_0113,2026-09-18 18:00:00,26.17,0.0,79.23,13.62,11.21714,76.81918
VIL_0114,2026-09-18 18:00:00,26.71,2.61,77.51,5.41,11.09105,76.29932
VIL_0115,2026-09-18 18:00:00,27.96,0.0,76.81,6.1,11.11192,76.17423
VIL_0116,2026-09-18 18:00:00,28.9,0.0,77.2,4.83,10.99183,76.24669
VIL_0117,2026-09-18 18:00:00,29.78,0.0,77.34,7.06,11.1201,76.0976
VIL_0118,2026-09-18 18:00:00,29.4,0.0,77.92,5.4,10.91771,76.13227
VIL_0119,2026-09-18 18:00:00,28.24,0.0,76.46,5.05,10.90654,76.22058
VIL_0120,2026-09-18 18:00:00,28.97,0.0,75.75,5.28,10.93781,76.19341
VIL_0121,2026-09-18 18:00:00,27.89,0.0,80.35,5.26,11.07926,76.35401
VIL_0122,2026-09-18 18:00:00,29.32,0.0,79.44,7.03,11.3115,76.37302
VIL_0123,2026-09-18 18:00:00,30.25,0.0,74.55,8.39,11.16903,76.2315
VIL_0124,2026-09-18 18:00:00,29.09,0.0,77.23,7.26,11.39021,76.29823
VIL_0125,2026-09-18 18:00:00,30.25,0.0,75.36,7.29,11.3361,76.28675
VIL_0126,2026-09-18 18:00:00,30.9,0.0,73.43,7.39,11.23485,76.16408
VIL_0127,2026-09-18 18:00:00,29.66,0.0,86.7,8.67,11.45003,76.02212
VIL_0128,2026-09-18 18:00:00,31.46,0.0,84.04,7.34,11.48097,75.9154
VIL_0129,2026-09-18 18:00:00,30.85,0.0,85.08,10.36,11.35745,76.00149
VIL_0130,2026-09-18 18:00:00,29.93,0.0,82.75,9.3,11.40199,75.97259
VIL_0131,2026-09-18 18:00:00,29.46,0.0,82.97,8.73,11.44574,76.029
VIL_0132,2026-09-18 18:00:00,31.87,6.87,83.71,8.13,11.62666,75.57154
VIL_0133,2026-09-18 18:00:00,32.11,6.74,83.32,8.78,11.65461,75.53845
VIL_0134,2026-09-18 18:00:00,31.74,7.85,82.04,9.24,11.49951,75.73455
VIL_0135,2026-09-18 18:00:00,31.91,7.72,84.85,9.7,11.70468,75.69812
VIL_0136,2026-09-18 18:00:00,32.22,6.59,82.53,8.15,11.52808,75.45165
VIL_0137,2026-09-18 18:00:00,31.29,7.59,85.07,9.69,11.54398,75.60112
VIL_0138,2026-09-18 18:00:00,32.27,8.55,83.87,9.02,11.551,75.68836
VIL_0139,2026-09-18 18:00:00,30.07,6.85,87.66,12.54,11.52275,76.11987
VIL_0140,2026-09-18 18:00:00,30.07,8.77,86.64,9.9,11.4836,75.9485
VIL_0141,2026-09-18 18:00:00,29.99,7.81,86.58,11.9,11.61741,76.09519
VIL_0142,2026-09-18 18:00:00,28.83,6.67,87.98,12.23,11.64923,76.15083
VIL_0143,2026-09-18 18:00:00,30.36,6.34,87.72,12.54,11.75076,76.08789
VIL_0144,2026-09-18 18:00:00,29.69,6.81,86.94,10.9,11.55489,76.17156
VIL_0145,2026-09-18 18:00:00,29.15,7.66,90.82,10.7,11.53925,76.06469
VIL_0146,2026-09-18 18:00:00,28.13,0.0,71.16,6.67,11.66061,76.14179
VIL_0147,2026-09-18 18:00:00,28.88,0.0,73.06,4.44,11.90379,76.06179
VIL_0148,2026-09-18 18:00:00,30.22,0.0,71.54,5.39,11.77569,75.90499
VIL_0149,2026-09-18 18:00:00,29.47,0.0,69.48,5.99,11.69993,75.92807
VIL_0150,2026-09-18 18:00:00,28.23,0.0,70.6,6.3,11.81777,76.06738
VIL_0151,2026-09-18 18:00:00,26.63,9.3,76.14,7.19,11.59598,76.39346
VIL_0152,2026-09-18 18:00:00,27.26,10.54,80.05,7.26,11.73337,76.27331
VIL_0153,2026-09-18 18:00:00,27.55,8.32,75.93,5.88,11.69552,76.23288
VIL_0154,2026-09-18 18:00:00,28.04,8.61,76.57,6.76,11.58632,76.21379
VIL_0155,2026-09-18 18:00:00,28.2,8.28,77.55,6.97,11.73935,76.11132
VIL_0156,2026-09-18 18:00:00,29.22,9.12,75.63,8.08,11.54682,76.1208
VIL_0157,2026-09-18 18:00:00,27.74,11.68,75.12,8.16,11.52422,76.36364
VIL_0158,2026-09-18 18:00:00,28.41,9.9,79.75,7.47,11.7231,76.24925
VIL_0159,2026-09-18 18:00:00,32.64,6.63,82.31,4.22,12.12501,75.45007
VIL_0160,2026-09-18 18:00:00,33.55,5.43,87.56,5.71,11.99989,75.3474
VIL_0161,2026-09-18 18:00:00,32.87,5.4,88.98,5.1,12.09093,75.22242
VIL_0162,2026-09-18 18:00:00,31.89,6.25,85.8,5.12,12.18074,75.474
VIL_0163,2026-09-18 18:00:00,33.13,7.76,88.5,5.25,11.97427,75.21259
VIL_0164,2026-09-18 18:00:00,29.63,0.0,77.07,10.83,11.98294,75.77395
VIL_0165,2026-09-18 18:00:00,30.31,0.0,74.2,11.63,12.02961,75.56588
VIL_0166,2026-09-18 18:00:00,30.38,0.0,76.11,11.61,11.85317,75.70973
VIL_0167,2026-09-18 18:00:00,31.87,0.0,71.23,12.53,11.83995,75.69273
VIL_0168,2026-09-18 18:00:00,29.79,0.0,77.12,11.31,12.11407,75.68964
VIL_0169,2026-09-18 18:00:00,30.31,0.0,74.31,10.95,11.94845,75.70999
VIL_0170,2026-09-18 18:00:00,31.88,0.0,84.71,6.83,12.40136,75.18919
VIL_0171,2026-09-18 18:00:00,32.4,0.0,83.35,7.14,12.34578,75.18913
VIL_0172,2026-09-18 18:00:00,32.62,0.0,83.52,7.19,12.35345,75.00501
VIL_0173,2026-09-18 18:00:00,33.02,0.0,81.75,7.41,12.24019,75.00738
VIL_0174,2026-09-18 18:00:00,32.54,0.0,83.58,6.74,12.37169,75.02048
VIL_0175,2026-09-18 18:00:00,32.11,0.0,84.5,8.8,12.46097,75.03172
VIL_0176,2026-09-18 18:00:00,32.27,0.0,82.69,6.81,12.47562,75.03948
VIL_0177,2026-09-18 18:00:00,32.2,0.0,84.79,7.53,12.46219,74.91321
VIL_0178,2026-09-18 18:00:00,32.19,0.0,84.77,7.9,12.50881,75.04287
VIL_0001,2026-09-19 00:00:00,19.64,0.0,99.0,6.7,8.73621,77.0676
VIL_0002,2026-09-19 00:00:00,21.66,0.0,99.0,5.69,8.6306,76.89481
VIL_0003,2026-09-19 00:00:00,20.85,0.0,97.95,6.18,8.4978,76.86543
VIL_0004,2026-09-19 00:00:00,20.16,4.3,99.0,5.34,8.71085,77.02833
VIL_0005,2026-09-19 00:00:00,19.83,5.46,99.0,4.71,8.66342,76.85418
VIL_0006,2026-09-19 00:00:00,21.19,0.0,99.0,5.56,8.74197,77.09773
VIL_0007,2026-09-19 00:00:00,19.79,0.0,99.0,4.67,8.5147,76.90255
VIL_0008,2026-09-19 00:00:00,19.8,0.0,99.0,9.05,8.37924,77.1885
VIL_0009,2026-09-19 00:00:00,21.29,0.0,99.0,8.96,8.19612,77.01192
VIL_0010,2026-09-19 00:00:00,19.94,0.0,99.0,9.98,8.35143,77.12496
VIL_0011,2026-09-19 00:00:00,19.11,0.0,99.0,9.86,8.208,77.29713
VIL_0012,2026-09-19 00:00:00,20.62,0.0,99.0,10.78,8.26383,77.03218
VIL_0013,2026-09-19 00:00:00,21.45,0.0,99.0,10.21,8.37952,77.11974
VIL_0014,2026-09-19 00:00:00,20.75,0.0,99.0,9.42,8.48897,77.14503
VIL_0015,2026-09-19 00:00:00,20.31,1.72,99.0,10.21,8.45198,77.20909
VIL_0016,2026-09-19 00:00:00,22.75,0.0,97.34,7.31,8.87052,76.90667
VIL_0017,2026-09-19 00:00:00,22.45,0.0,99.0,8.55,9.14069,76.86452
VIL_0018,2026-09-19 00:00:00,22.84,0.29,99.0,8.83,8.94238,76.6513
VIL_0019,2026-09-19 00:00:00,22.06,0.0,97.94,7.97,9.05627,76.75405
VIL_0020,2026-09-19 00:00:00,22.58,0.0,99.0,3.54,9.01655,76.78832
VIL_0021,2026-09-19 00:00:00,22.68,0.0,99.0,5.01,9.1408,76.85563
VIL_0022,2026-09-19 00:00:00,22.46,0.0,99.0,5.38,9.06676,76.87151
VIL_0023,2026-09-19 00:00:00,23.15,0.0,99.0,5.81,9.02402,76.94201
VIL_0024,2026-09-19 00:00:00,22.65,0.0,99.0,4.28,8.92346,77.06888
VIL_0025,2026-09-19 00:00:00,21.75,0.0,99.0,4.13,9.10054,77.05985
VIL_0026,2026-09-19 00:00:00,22.73,9.53,99.0,4.69,9.13645,76.95737
VIL_0027,2026-09-19 00:00:00,23.73,0.0,92.77,7.63,9.24557,76.3026
VIL_0028,2026-09-19 00:00:00,24.08,0.0,89.79,8.29,9.3486,76.2864
VIL_0029,2026-09-19 00:00:00,23.85,0.0,90.17,8.23,9.48062,76.31203
VIL_0030,2026-09-19 00:00:00,24.18,0.0,92.71,7.96,9.31628,76.36781
VIL_0031,2026-09-19 00:00:00,24.71,0.0,89.58,9.34,9.27428,76.44566
VIL_0032,2026-09-19 00:00:00,23.8,0.0,89.0,9.02,9.25437,76.50107
VIL_0033,2026-09-19 00:00:00,23.72,0.0,90.01,7.05,9.46367,76.26461
VIL_0034,2026-09-19 00:00:00,22.34,23.52,99.0,7.76,9.22665,76.6754
VIL_0035,2026-09-19 00:00:00,21.06,28.34,99.0,8.03,9.40405,76.64379
VIL_0036,2026-09-19 00:00:00,23.55,23.01,99.0,8.67,9.44489,76.65732
VIL_0037,2026-09-19 00:00:00,21.95,23.94,99.0,7.38,9.44149,76.71701
VIL_0038,2026-09-19 00:00:00,23.75,21.33,99.0,8.76,9.30184,76.49062
VIL_0039,2026-09-19 00:00:00,21.74,23.84,99.0,8.82,9.27825,76.66265
VIL_0040,2026-09-19 00:00:00,21.44,0.0,95.29,7.67,9.45088,76.82727
VIL_0041,2026-09-19 00:00:00,21.12,0.0,93.99,9.27,9.49816,76.77766
VIL_0042,2026-09-19 00:00:00,21.39,0.0,95.79,8.12,9.26788,76.84997
VIL_0043,2026-09-19 00:00:00,21.39,0.0,92.33,8.05,9.46024,76.80438
VIL_0044,2026-09-19 00:00:00,22.49,0.0,96.59,8.17,9.46329,76.78414
VIL_0045,2026-09-19 00:00:00,22.83,0.0,91.36,7.64,9.38882,76.76426
VIL_0046,2026-09-19 00:00:00,22.75,0.09,92.72,7.62,9.23963,76.66837
VIL_0047,2026-09-19 00:00:00,21.71,0.0,93.06,9.5,9.24143,76.82692
VIL_0048,2026-09-19 00:00:00,22.11,0.0,95.45,5.24,9.72998,76.74265
VIL_0049,2026-09-19 00:00:00,21.91,0.0,97.14,6.24,9.6028,76.71533
VIL_0050,2026-09-19 00:00:00,22.38,0.0,94.01,4.95,9.72295,76.59492
VIL_0051,2026-09-19 00:00:00,22.52,0.0,96.33,5.74,9.84386,76.71366
VIL_0052,2026-09-19 00:00:00,21.83,0.0,96.4,6.13,9.76944,76.79814
VIL_0053,2026-09-19 00:00:00,22.26,4.43,95.66,6.47,9.74831,76.62269
VIL_0054,2026-09-19 00:00:00,21.94,0.86,93.54,6.36,9.59265,76.67096
VIL_0055,2026-09-19 00:00:00,20.36,8.45,94.74,10.5,9.99397,77.17777
VIL_0056,2026-09-19 00:00:00,19.77,9.47,95.26,10.67,10.0998,77.15223
VIL_0057,2026-09-19 00:00:00,20.33,8.1,96.24,11.02,10.20683,77.0054
VIL_0058,2026-09-19 00:00:00,19.93,8.43,96.07,12.02,9.97102,76.97838
VIL_0059,2026-09-19 00:00:00,19.83,8.49,96.05,12.05,10.06613,77.1554
VIL_0060,2026-09-19 00:00:00,19.91,9.89,97.95,11.54,10.19622,76.91209
VIL_0061,2026-09-19 00:00:00,20.83,8.16,91.74,10.05,10.09122,77.03522
VIL_0062,2026-09-19 00:00:00,23.38,6.79,98.64,7.69,9.95373,76.64282
VIL_0063,2026-09-19 00:00:00,22.16,0.0,98.86,7.24,9.81924,76.61249
VIL_0064,2026-09-19 00:00:00,22.07,1.3,99.0,7.7,9.81163,76.72943
VIL_0065,2026-09-19 00:00:00,22.83,0.0,99.0,9.18,9.86715,76.58147
VIL_0066,2026-09-19 00:00:00,21.38,0.0,99.0,7.87,9.82217,76.63606
VIL_0067,2026-09-19 00:00:00,21.48,3.48,99.0,7.84,9.95489,76.77568
VIL_0068,2026-09-19 00:00:00,22.43,0.0,99.0,7.38,9.79043,76.86132
VIL_0069,2026-09-19 00:00:00,21.16,0.0,99.0,7.22,9.82603,76.85498
VIL_0070,2026-09-19 00:00:00,20.29,0.0,99.0,9.82,9.70244,77.08059
VIL_0071,2026-09-19 00:00:00,21.55,0.0,97.8,9.35,9.95948,77.06887
VIL_0072,2026-09-19 00:00:00,20.92,0.46,99.0,9.26,9.73047,77.14384
VIL_0073,2026-09-19 00:00:00,19.97,0.0,99.0,9.22,9.9827,77.06962
VIL_0074,2026-09-19 00:00:00,18.94,0.0,98.7,10.15,9.88864,77.22549
VIL_0075,2026-09-19 00:00:00,21.11,0.0,99.0,9.56,9.75829,77.21546
VIL_0076,2026-09-19 00:00:00,20.19,1.02,99.0,9.75,9.79733,77.18669
VIL_0077,2026-09-19 00:00:00,20.64,0.0,93.09,4.81,10.20293,76.4465
VIL_0078,2026-09-19 00:00:00,21.05,0.0,96.6,5.24,10.00322,76.35946
VIL_0079,2026-09-19 00:00:00,21.31,0.0,94.78,4.97,10.16674,76.46451
VIL_0080,2026-09-19 00:00:00,21.97,0.0,93.61,4.26,10.05579,76.27307
VIL_0081,2026-09-19 00:00:00,21.15,0.0,95.58,4.96,10.17134,76.44985
VIL_0082,2026-09-19 00:00:00,22.03,0.0,92.36,6.58,10.0626,76.23585
VIL_0083,2026-09-19 00:00:00,22.57,0.0,93.67,4.4,10.04028,76.54402
VIL_0084,2026-09-19 00:00:00,21.87,0.0,95.32,6.72,10.11402,76.46926
VIL_0085,2026-09-19 00:00:00,22.91,0.0,92.19,5.67,9.93532,76.46204
VIL_0086,2026-09-19 00:00:00,21.48,0.0,94.97,6.79,10.11041,76.6912
VIL_0087,2026-09-19 00:00:00,21.44,0.0,93.88,5.71,10.22557,76.23549
VIL_0088,2026-09-19 00:00:00,21.95,0.0,98.52,4.92,10.45165,76.33799
VIL_0089,2026-09-19 00:00:00,20.3,0.0,97.48,4.1,10.23525,76.48188
VIL_0090,2026-09-19 00:00:00,21.54,0.0,99.0,6.03,10.44663,76.35049
VIL_0091,2026-09-19 00:00:00,21.94,0.0,95.88,4.51,10.42179,76.23961
VIL_0092,2026-09-19 00:00:00,20.44,0.0,97.85,6.66,10.24066,76.39311
VIL_0093,2026-09-19 00:00:00,25.08,0.0,96.98,8.35,10.7689,76.21235
VIL_0094,2026-09-19 00:00:00,22.42,0.0,99.0,7.73,10.77833,76.34628
VIL_0095,2026-09-19 00:00:00,23.87,0.0,99.0,9.83,10.79269,76.3266
VIL_0096,2026-09-19 00:00:00,25.16,0.0,99.0,7.92,10.7127,76.26521
VIL_0097,2026-09-19 00:00:00,22.3,0.0,99.0,8.2,10.62368,76.37304
VIL_0098,2026-09-19 00:00:00,25.66,0.0,98.88,9.12,10.8041,76.17618
VIL_0099,2026-09-19 00:00:00,21.6,2.94,99.0,14.07,10.78168,76.63853
VIL_0100,2026-09-19 00:00:00,22.31,4.23,99.0,13.94,10.93434,76.55678
VIL_0101,2026-09-19 00:00:00,21.12,2.49,99.0,12.44,10.64142,76.65217
VIL_0102,2026-09-19 00:00:00,22.58,2.73,99.0,14.09,10.68965,76.61394
VIL_0103,2026-09-19 00:00:00,22.17,2.28,99.0,12.57,10.85925,76.72028
VIL_0104,2026-09-19 00:00:00,22.5,8.43,99.0,9.19,11.00176,76.46064
VIL_0105,2026-09-19 00:00:00,23.39,7.81,99.0,9.31,11.0299,76.38314
VIL_0106,2026-09-19 00:00:00,22.22,10.06,99.0,8.15,11.01596,76.60167
VIL_0107,2026-09-19 00:00:00,21.43,9.26,99.0,8.55,10.98502,76.57983
VIL_0108,2026-09-19 00:00:00,21.58,0.0,98.65,15.78,11.17344,76.68379
VIL_0109,2026-09-19 00:00:00,21.99,0.0,98.87,16.42,11.10807,76.68076
VIL_0110,2026-09-19 00:00:00,21.92,0.0,98.86,16.77,10.99357,76.74974
VIL_0111,2026-09-19 00:00:00,22.3,0.0,99.0,16.97,11.01923,76.54029
VIL_0112,2026-09-19 00:00:00,22.3,1.22,98.44,16.23,11.12864,76.58613
VIL_0113,2026-09-19 00:00:00,21.83,0.17,97.11,16.33,11.21714,76.81918
VIL_0114,2026-09-19 00:00:00,22.09,0.0,97.05,9.75,11.09105,76.29932
VIL_0115,2026-09-19 00:00:00,22.98,0.0,98.11,8.52,11.11192,76.17423
VIL_0116,2026-09-19 00:00:00,23.81,0.0,98.5,9.52,10.99183,76.24669
VIL_0117,2026-09-19 00:00:00,24.59,0.0,98.13,10.1,11.1201,76.0976
VIL_0118,2026-09-19 00:00:00,24.4,0.0,98.42,10.51,10.91771,76.13227
VIL_0119,2026-09-19 00:00:00,22.41,0.0,94.04,10.47,10.90654,76.22058
VIL_0120,2026-09-19 00:00:00,23.13,0.0,96.94,9.76,10.93781,76.19341
VIL_0121,2026-09-19 00:00:00,22.72,0.0,97.79,10.02,11.07926,76.35401
VIL_0122,2026-09-19 00:00:00,21.99,0.0,98.21,3.18,11.3115,76.37302
VIL_0123,2026-09-19 00:00:00,21.75,0.0,96.14,3.73,11.16903,76.2315
VIL_0124,2026-09-19 00:00:00,22.21,0.0,96.35,4.2,11.39021,76.29823
VIL_0125,2026-09-19 00:00:00,22.62,0.0,95.6,3.51,11.3361,76.28675
VIL_0126,2026-09-19 00:00:00,23.49,0.0,94.35,3.77,11.23485,76.16408
VIL_0127,2026-09-19 00:00:00,23.14,0.0,99.0,9.16,11.45003,76.02212
VIL_0128,2026-09-19 00:00:00,25.54,0.0,93.5,8.69,11.48097,75.9154
VIL_0129,2026-09-19 00:00:00,25.15,0.0,96.7,8.41,11.35745,76.00149
VIL_0130,2026-09-19 00:00:00,24.13,0.0,99.0,8.14,11.40199,75.97259
VIL_0131,2026-09-19 00:00:00,24.28,0.0,99.0,8.51,11.44574,76.029
VIL_0132,2026-09-19 00:00:00,25.69,4.86,98.44,9.6,11.62666,75.57154
VIL_0133,2026-09-19 00:00:00,27.01,3.14,99.0,8.65,11.65461,75.53845
VIL_0134,2026-09-19 00:00:00,25.3,2.85,99.0,9.79,11.49951,75.73455
VIL_0135,2026-09-19 00:00:00,25.39,3.72,97.73,8.17,11.70468,75.69812
VIL_0136,2026-09-19 00:00:00,25.66,2.42,98.27,8.5,11.52808,75.45165
VIL_0137,2026-09-19 00:00:00,24.98,3.31,99.0,9.91,11.54398,75.60112
VIL_0138,2026-09-19 00:00:00,26.86,2.45,98.47,9.42,11.551,75.68836
VIL_0139,2026-09-19 00:00:00,24.23,11.51,97.86,9.16,11.52275,76.11987
VIL_0140,2026-09-19 00:00:00,25.74,11.12,96.5,10.25,11.4836,75.9485
VIL_0141,2026-09-19 00:00:00,24.75,11.4,95.05,10.33,11.61741,76.09519
VIL_0142,2026-09-19 00:00:00,23.57,10.41,99.0,9.81,11.64923,76.15083
VIL_0143,2026-09-19 00:00:00,24.82,11.65,94.02,8.31,11.75076,76.08789
VIL_0144,2026-09-19 00:00:00,24.95,11.02,99.0,12.11,11.55489,76.17156
VIL_0145,2026-09-19 00:00:00,24.3,13.73,97.68,9.05,11.53925,76.06469
VIL_0146,2026-09-19 00:00:00,22.99,20.83,98.58,8.02,11.66061,76.14179
VIL_0147,2026-09-19 00:00:00,23.79,18.4,97.17,7.24,11.90379,76.06179
VIL_0148,2026-09-19 00:00:00,25.25,19.86,95.93,8.52,11.77569,75.90499
VIL_0149,2026-09-19 00:00:00,25.11,20.6,95.41,8.67,11.69993,75.92807
VIL_0150,2026-09-19 00:00:00,23.93,20.73,98.11,7.54,11.81777,76.06738
VIL_0151,2026-09-19 00:00:00,22.99,9.0,96.88,9.49,11.59598,76.39346
VIL_0152,2026-09-19 00:00:00,22.72,8.83,97.09,9.91,11.73337,76.27331
VIL_0153,2026-09-19 00:00:00,22.9,6.99,95.3,9.08,11.69552,76.23288
VIL_0154,2026-09-19 00:00:00,23.23,8.41,96.84,9.65,11.58632,76.21379
VIL_0155,2026-09-19 00:00:00,23.13,7.35,98.38,9.58,11.73935,76.11132
VIL_0156,2026-09-19 00:00:00,24.26,6.82,97.53,10.09,11.54682,76.1208
VIL_0157,2026-09-19 00:00:00,22.62,7.93,95.43,9.2,11.52422,76.36364
VIL_0158,2026-09-19 00:00:00,23.78,10.03,97.29,8.92,11.7231,76.24925
VIL_0159,2026-09-19 00:00:00,26.13,0.0,92.17,9.26,12.12501,75.45007
VIL_0160,2026-09-19 00:00:00,26.71,0.0,96.05,9.69,11.99989,75.3474
VIL_0161,2026-09-19 00:00:00,26.64,0.0,91.01,10.22,12.09093,75.22242
VIL_0162,2026-09-19 00:00:00,25.41,0.0,91.72,10.53,12.18074,75.474
VIL_0163,2026-09-19 00:00:00,26.44,0.0,94.46,9.73,11.97427,75.21259
VIL_0164,2026-09-19 00:00:00,24.0,0.0,99.0,15.49,11.98294,75.77395
VIL_0165,2026-09-19 00:00:00,24.6,0.0,96.69,16.48,12.02961,75.56588
VIL_0166,2026-09-19 00:00:00,24.78,0.0,97.27,15.75,11.85317,75.70973
VIL_0167,2026-09-19 00:00:00,26.26,0.0,96.75,16.65,11.83995,75.69273
VIL_0168,2026-09-19 00:00:00,24.34,0.0,99.0,17.08,12.11407,75.68964
VIL_0169,2026-09-19 00:00:00,24.97,0.0,97.95,16.97,11.94845,75.70999
VIL_0170,2026-09-19 00:00:00,25.23,0.0,96.11,6.04,12.40136,75.18919
VIL_0171,2026-09-19 00:00:00,25.49,0.0,94.39,7.97,12.34578,75.18913
VIL_0172,2026-09-19 00:00:00,25.47,0.0,92.94,7.35,12.35345,75.00501
VIL_0173,2026-09-19 00:00:00,26.29,0.0,94.53,7.66,12.24019,75.00738
VIL_0174,2026-09-19 00:00:00,27.14,0.0,99.0,6.5,12.37169,75.02048
VIL_0175,2026-09-19 00:00:00,26.46,0.0,99.0,6.71,12.46097,75.03172
VIL_0176,2026-09-19 00:00:00,26.68,0.0,99.0,6.53,12.47562,75.03948
VIL_0177,2026-09-19 00:00:00,26.0,0.0,99.0,7.08,12.46219,74.91321
VIL_0178,2026-09-19 00:00:00,26.52,0.0,99.0,6.28,12.50881,75.04287
VIL_0001,2026-09-19 06:00:00,23.02,0.0,99.0,7.19,8.73621,77.0676
VIL_0002,2026-09-19 06:00:00,23.48,0.0,94.31,6.41,8.6306,76.89481
VIL_0003,2026-09-19 06:00:00,23.01,0.0,97.95,6.49,8.4978,76.86543
VIL_0004,2026-09-19 06:00:00,23.0,1.04,99.0,6.73,8.71085,77.02833
VIL_0005,2026-09-19 06:00:00,22.09,0.0,98.57,6.07,8.66342,76.85418
VIL_0006,2026-09-19 06:00:00,23.35,0.0,94.58,5.97,8.74197,77.09773
VIL_0007,2026-09-19 06:00:00,22.46,0.0,98.38,6.99,8.5147,76.90255
VIL_0008,2026-09-19 06:00:00,22.59,0.0,94.66,9.22,8.37924,77.1885
VIL_0009,2026-09-19 06:00:00,23.33,0.0,96.41,8.08,8.19612,77.01192
VIL_0010,2026-09-19 06:00:00,22.05,0.0,93.4,7.74,8.35143,77.12496
VIL_0011,2026-09-19 06:00:00,21.64,0.0,98.01,8.79,8.208,77.29713
VIL_0012,2026-09-19 06:00:00,23.41,0.0,96.4,8.85,8.26383,77.03218
VIL_0013,2026-09-19 06:00:00,23.55,0.0,94.54,7.88,8.37952,77.11974
VIL_0014,2026-09-19 06:00:00,23.0,0.0,94.71,9.45,8.48897,77.14503
VIL_0015,2026-09-19 06:00:00,21.34,0.0,97.71,7.72,8.45198,77.20909
VIL_0016,2026-09-19 06:00:00,24.28,0.0,94.3,8.87,8.87052,76.90667
VIL_0017,2026-09-19 06:00:00,24.6,0.0,92.7,8.7,9.14069,76.86452
VIL_0018,2026-09-19 06:00:00,24.0,0.0,91.75,8.63,8.94238,76.6513
VIL_0019,2026-09-19 06:00:00,24.44,0.0,90.26,9.03,9.05627,76.75405
VIL_0020,2026-09-19 06:00:00,21.96,0.0,94.24,3.98,9.01655,76.78832
VIL_0021,2026-09-19 06:00:00,23.47,0.0,95.11,3.67,9.1408,76.85563
VIL_0022,2026-09-19 06:00:00,22.77,0.0,92.72,3.04,9.06676,76.87151
VIL_0023,2026-09-19 06:00:00,23.15,0.0,94.35,3.37,9.02402,76.94201
VIL_0024,2026-09-19 06:00:00,22.15,0.0,96.94,5.23,8.92346,77.06888
VIL_0025,2026-09-19 06:00:00,21.59,0.0,95.46,2.47,9.10054,77.05985
VIL_0026,2026-09-19 06:00:00,21.88,0.0,94.98,3.68,9.13645,76.95737
VIL_0027,2026-09-19 06:00:00,23.84,0.0,95.85,1.93,9.24557,76.3026
VIL_0028,2026-09-19 06:00:00,23.69,0.0,91.56,3.8,9.3486,76.2864
VIL_0029,2026-09-19 06:00:00,23.92,0.0,93.85,3.35,9.48062,76.31203
VIL_0030,2026-09-19 06:00:00,23.88,0.0,96.93,2.95,9.31628,76.36781
VIL_0031,2026-09-19 06:00:00,24.24,0.0,94.54,3.15,9.27428,76.44566
VIL_0032,2026-09-19 06:00:00,23.14,7.11,96.42,3.35,9.25437,76.50107
VIL_0033,2026-09-19 06:00:00,23.57,0.0,95.57,2.1,9.46367,76.26461
VIL_0034,2026-09-19 06:00:00,23.41,0.0,88.49,2.35,9.22665,76.6754
VIL_0035,2026-09-19 06:00:00,21.96,0.0,89.88,4.72,9.40405,76.64379
VIL_0036,2026-09-19 06:00:00,23.61,0.0,88.21,3.6,9.44489,76.65732
VIL_0037,2026-09-19 06:00:00,22.67,0.0,89.63,4.42,9.44149,76.71701
VIL_0038,2026-09-19 06:00:00,23.63,0.0,89.6,4.48,9.30184,76.49062
VIL_0039,2026-09-19 06:00:00,22.91,0.0,89.66,4.91,9.27825,76.66265
VIL_0040,2026-09-19 06:00:00,23.32,0.0,95.13,6.44,9.45088,76.82727
VIL_0041,2026-09-19 06:00:00,23.27,0.0,90.14,5.04,9.49816,76.77766
VIL_0042,2026-09-19 06:00:00,22.83,0.81,92.01,7.18,9.26788,76.84997
VIL_0043,2026-09-19 06:00:00,24.05,0.18,92.51,6.22,9.46024,76.80438
VIL_0044,2026-09-19 06:00:00,24.12,0.0,90.54,5.03,9.46329,76.78414
VIL_0045,2026-09-19 06:00:00,24.7,0.0,91.9,6.23,9.38882,76.76426
VIL_0046,2026-09-19 06:00:00,23.91,0.0,91.58,5.94,9.23963,76.66837
VIL_0047,2026-09-19 06:00:00,23.66,0.0,91.97,6.67,9.24143,76.82692
VIL_0048,2026-09-19 06:00:00,23.53,24.62,99.0,6.18,9.72998,76.74265
VIL_0049,2026-09-19 06:00:00,23.5,26.74,99.0,6.46,9.6028,76.71533
VIL_0050,2026-09-19 06:00:00,24.01,28.88,99.0,6.13,9.72295,76.59492
VIL_0051,2026-09-19 06:00:00,23.73,25.49,99.0,6.18,9.84386,76.71366
VIL_0052,2026-09-19 06:00:00,23.21,24.58,99.0,5.16,9.76944,76.79814
VIL_0053,2026-09-19 06:00:00,23.56,24.55,99.0,5.64,9.74831,76.62269
VIL_0054,2026-09-19 06:00:00,23.16,28.18,99.0,5.2,9.59265,76.67096
VIL_0055,2026-09-19 06:00:00,21.84,1.12,98.11,4.71,9.99397,77.17777
VIL_0056,2026-09-19 06:00:00,21.76,2.07,96.4,3.82,10.0998,77.15223
VIL_0057,2026-09-19 06:00:00,22.49,0.6,94.0,3.91,10.20683,77.0054
VIL_0058,2026-09-19 06:00:00,22.42,1.0,93.14,5.39,9.97102,76.97838
VIL_0059,2026-09-19 06:00:00,22.18,1.83,97.48,4.64,10.06613,77.1554
VIL_0060,2026-09-19 06:00:00,22.05,1.48,95.47,4.38,10.19622,76.91209
VIL_0061,2026-09-19 06:00:00,23.36,0.89,95.33,4.42,10.09122,77.03522
VIL_0062,2026-09-19 06:00:00,25.18,1.27,94.76,6.54,9.95373,76.64282
VIL_0063,2026-09-19 06:00:00,25.31,0.73,92.49,6.99,9.81924,76.61249
VIL_0064,2026-09-19 06:00:00,24.21,0.0,91.54,6.2,9.81163,76.72943
VIL_0065,2026-09-19 06:00:00,24.26,0.0,92.34,7.9,9.86715,76.58147
VIL_0066,2026-09-19 06:00:00,23.99,0.0,90.5,7.1,9.82217,76.63606
VIL_0067,2026-09-19 06:00:00,24.18,1.65,89.91,6.39,9.95489,76.77568
VIL_0068,2026-09-19 06:00:00,24.38,0.0,92.98,5.98,9.79043,76.86132
VIL_0069,2026-09-19 06:00:00,23.07,0.0,92.74,6.63,9.82603,76.85498
VIL_0070,2026-09-19 06:00:00,21.61,34.86,96.53,11.85,9.70244,77.08059
VIL_0071,2026-09-19 06:00:00,22.29,30.54,95.53,11.55,9.95948,77.06887
VIL_0072,2026-09-19 06:00:00,21.82,31.4,95.26,10.82,9.73047,77.14384
VIL_0073,2026-09-19 06:00:00,20.85,39.12,95.85,11.88,9.9827,77.06962
VIL_0074,2026-09-19 06:00:00,20.77,40.55,99.0,10.47,9.88864,77.22549
VIL_0075,2026-09-19 06:00:00,23.04,31.3,94.69,11.01,9.75829,77.21546
VIL_0076,2026-09-19 06:00:00,21.88,33.97,95.97,11.78,9.79733,77.18669
VIL_0077,2026-09-19 06:00:00,24.68,0.0,90.06,8.83,10.20293,76.4465
VIL_0078,2026-09-19 06:00:00,26.01,0.0,89.74,9.41,10.00322,76.35946
VIL_0079,2026-09-19 06:00:00,25.59,0.0,90.66,8.16,10.16674,76.46451
VIL_0080,2026-09-19 06:00:00,26.51,0.0,88.69,7.46,10.05579,76.27307
VIL_0081,2026-09-19 06:00:00,24.92,0.0,91.07,8.96,10.17134,76.44985
VIL_0082,2026-09-19 06:00:00,26.55,0.0,90.32,6.76,10.0626,76.23585
VIL_0083,2026-09-19 06:00:00,24.36,4.78,88.38,10.8,10.04028,76.54402
VIL_0084,2026-09-19 06:00:00,24.35,0.0,89.28,10.5,10.11402,76.46926
VIL_0085,2026-09-19 06:00:00,25.12,9.77,89.09,11.24,9.93532,76.46204
VIL_0086,2026-09-19 06:00:00,22.68,0.0,90.16,11.04,10.11041,76.6912
VIL_0087,2026-09-19 06:00:00,24.07,0.0,89.99,7.21,10.22557,76.23549
VIL_0088,2026-09-19 06:00:00,23.14,0.11,88.27,7.23,10.45165,76.33799
VIL_0089,2026-09-19 06:00:00,21.95,0.0,92.6,8.69,10.23525,76.48188
VIL_0090,2026-09-19 06:00:00,23.22,0.0,91.12,7.33,10.44663,76.35049
VIL_0091,2026-09-19 06:00:00,23.63,0.0,88.26,7.01,10.42179,76.23961
VIL_0092,2026-09-19 06:00:00,22.98,0.0,91.97,8.44,10.24066,76.39311
VIL_0093,2026-09-19 06:00:00,26.24,13.54,97.64,10.72,10.7689,76.21235
VIL_0094,2026-09-19 06:00:00,23.26,18.64,99.0,11.86,10.77833,76.34628
VIL_0095,2026-09-19 06:00:00,24.97,16.63,99.0,10.74,10.79269,76.3266
VIL_0096,2026-09-19 06:00:00,25.61,14.83,98.48,10.82,10.7127,76.26521
VIL_0097,2026-09-19 06:00:00,23.01,17.28,99.0,9.46,10.62368,76.37304
VIL_0098,2026-09-19 06:00:00,25.51,15.43,99.0,11.13,10.8041,76.17618
VIL_0099,2026-09-19 06:00:00,24.22,8.81,98.87,10.43,10.78168,76.63853
VIL_0100,2026-09-19 06:00:00,24.44,0.0,96.64,8.42,10.93434,76.55678
VIL_0101,2026-09-19 06:00:00,23.64,0.0,95.59,8.8,10.64142,76.65217
VIL_0102,2026-09-19 06:00:00,24.14,0.0,94.97,9.35,10.68965,76.61394
VIL_0103,2026-09-19 06:00:00,24.39,0.0,95.23,8.19,10.85925,76.72028
VIL_0104,2026-09-19 06:00:00,23.72,0.0,95.39,11.31,11.00176,76.46064
VIL_0105,2026-09-19 06:00:00,24.12,0.0,93.36,12.78,11.0299,76.38314
VIL_0106,2026-09-19 06:00:00,23.03,0.0,94.56,11.97,11.01596,76.60167
VIL_0107,2026-09-19 06:00:00,22.19,0.0,94.97,11.31,10.98502,76.57983
VIL_0108,2026-09-19 06:00:00,23.27,2.46,94.28,10.76,11.17344,76.68379
VIL_0109,2026-09-19 06:00:00,23.04,3.65,95.62,11.86,11.10807,76.68076
VIL_0110,2026-09-19 06:00:00,23.0,3.14,95.55,13.2,10.99357,76.74974
VIL_0111,2026-09-19 06:00:00,23.43,2.41,94.39,10.69,11.01923,76.54029
VIL_0112,2026-09-19 06:00:00,24.19,2.89,93.5,12.15,11.12864,76.58613
VIL_0113,2026-09-19 06:00:00,22.76,4.21,92.83,13.35,11.21714,76.81918
VIL_0114,2026-09-19 06:00:00,22.46,0.0,94.86,7.78,11.09105,76.29932
VIL_0115,2026-09-19 06:00:00,23.46,0.0,92.68,7.72,11.11192,76.17423
VIL_0116,2026-09-19 06:00:00,24.24,0.0,93.52,8.52,10.99183,76.24669
VIL_0117,2026-09-19 06:00:00,24.64,0.0,91.63,9.8,11.1201,76.0976
VIL_0118,2026-09-19 06:00:00,24.64,0.0,93.39,8.56,10.91771,76.13227
VIL_0119,2026-09-19 06:00:00,23.91,0.0,94.22,7.86,10.90654,76.22058
VIL_0120,2026-09-19 06:00:00,23.02,1.91,94.17,9.63,10.93781,76.19341
VIL_0121,2026-09-19 06:00:00,22.87,0.0,95.75,8.24,11.07926,76.35401
VIL_0122,2026-09-19 06:00:00,22.87,0.0,91.48,8.86,11.3115,76.37302
VIL_0123,2026-09-19 06:00:00,24.2,0.0,92.73,8.71,11.16903,76.2315
VIL_0124,2026-09-19 06:00:00,22.98,0.0,90.92,7.19,11.39021,76.29823
VIL_0125,2026-09-19 06:00:00,24.0,0.0,90.44,7.65,11.3361,76.28675
VIL_0126,2026-09-19 06:00:00,24.99,0.0,90.47,7.59,11.23485,76.16408
VIL_0127,2026-09-19 06:00:00,25.4,0.0,97.4,3.82,11.45003,76.02212
VIL_0128,2026-09-19 06:00:00,28.0,0.0,94.3,4.18,11.48097,75.9154
VIL_0129,2026-09-19 06:00:00,27.14,0.0,95.27,4.89,11.35745,76.00149
VIL_0130,2026-09-19 06:00:00,26.4,0.0,96.13,3.87,11.40199,75.97259
VIL_0131,2026-09-19 06:00:00,25.63,0.0,97.98,4.15,11.44574,76.029
VIL_0132,2026-09-19 06:00:00,26.22,0.0,92.23,3.58,11.62666,75.57154
VIL_0133,2026-09-19 06:00:00,27.39,0.0,88.91,3.81,11.65461,75.53845
VIL_0134,2026-09-19 06:00:00,25.8,0.0,92.71,3.68,11.49951,75.73455
VIL_0135,2026-09-19 06:00:00,26.62,0.0,89.35,3.54,11.70468,75.69812
VIL_0136,2026-09-19 06:00:00,27.02,0.0,89.37,3.63,11.52808,75.45165
VIL_0137,2026-09-19 06:00:00,25.51,0.0,90.55,3.9,11.54398,75.60112
VIL_0138,2026-09-19 06:00:00,27.16,0.0,87.18,4.34,11.551,75.68836
VIL_0139,2026-09-19 06:00:00,24.73,0.0,83.64,5.74,11.52275,76.11987
VIL_0140,2026-09-19 06:00:00,26.53,0.0,83.51,5.5,11.4836,75.9485
VIL_0141,2026-09-19 06:00:00,25.93,0.0,82.55,5.54,11.61741,76.09519
VIL_0142,2026-09-19 06:00:00,24.68,0.0,83.42,6.26,11.64923,76.15083
VIL_0143,2026-09-19 06:00:00,25.36,0.0,83.53,5.79,11.75076,76.08789
VIL_0144,2026-09-19 06:00:00,25.81,0.0,83.06,5.87,11.55489,76.17156
VIL_0145,2026-09-19 06:00:00,25.2,0.0,82.68,4.0,11.53925,76.06469
VIL_0146,2026-09-19 06:00:00,24.73,0.0,95.45,7.95,11.66061,76.14179
VIL_0147,2026-09-19 06:00:00,25.14,0.0,95.83,6.66,11.90379,76.06179
VIL_0148,2026-09-19 06:00:00,26.68,0.0,93.76,8.26,11.77569,75.90499
VIL_0149,2026-09-19 06:00:00,26.85,0.0,93.14,6.97,11.69993,75.92807
VIL_0150,2026-09-19 06:00:00,24.79,0.0,95.99,8.33,11.81777,76.06738
VIL_0151,2026-09-19 06:00:00,24.35,32.72,94.83,7.21,11.59598,76.39346
VIL_0152,2026-09-19 06:00:00,25.28,30.02,92.32,8.41,11.73337,76.27331
VIL_0153,2026-09-19 06:00:00,24.81,30.83,94.36,6.65,11.69552,76.23288
VIL_0154,2026-09-19 06:00:00,25.23,30.44,93.4,6.76,11.58632,76.21379
VIL_0155,2026-09-19 06:00:00,24.65,31.64,94.92,7.82,11.73935,76.11132
VIL_0156,2026-09-19 06:00:00,25.65,32.87,93.95,7.32,11.54682,76.1208
VIL_0157,2026-09-19 06:00:00,24.47,32.62,93.71,8.46,11.52422,76.36364
VIL_0158,2026-09-19 06:00:00,25.91,31.57,93.4,7.61,11.7231,76.24925
VIL_0159,2026-09-19 06:00:00,28.96,0.0,85.1,9.22,12.12501,75.45007
VIL_0160,2026-09-19 06:00:00,29.55,0.0,88.13,9.4,11.99989,75.3474
VIL_0161,2026-09-19 06:00:00,29.2,0.0,88.01,9.69,12.09093,75.22242
VIL_0162,2026-09-19 06:00:00,28.41,0.0,88.89,9.95,12.18074,75.474
VIL_0163,2026-09-19 06:00:00,29.66,0.0,86.65,7.81,11.97427,75.21259
VIL_0164,2026-09-19 06:00:00,25.12,14.49,98.54,2.1,11.98294,75.77395
VIL_0165,2026-09-19 06:00:00,25.74,12.7,99.0,0.82,12.02961,75.56588
VIL_0166,2026-09-19 06:00:00,26.16,12.97,99.0,1.46,11.85317,75.70973
VIL_0167,2026-09-19 06:00:00,27.32,11.64,97.43,2.15,11.83995,75.69273
VIL_0168,2026-09-19 06:00:00,25.51,14.06,99.0,1.26,12.11407,75.68964
VIL_0169,2026-09-19 06:00:00,26.08,13.05,97.92,2.53,11.94845,75.70999
VIL_0170,2026-09-19 06:00:00,27.25,0.0,94.33,13.13,12.40136,75.18919
VIL_0171,2026-09-19 06:00:00,27.36,0.0,91.57,14.44,12.34578,75.18913
VIL_0172,2026-09-19 06:00:00,27.41,0.0,93.34,14.18,12.35345,75.00501
VIL_0173,2026-09-19 06:00:00,28.5,0.0,93.57,13.74,12.24019,75.00738
VIL_0174,2026-09-19 06:00:00,27.24,0.0,97.77,5.12,12.37169,75.02048
VIL_0175,2026-09-19 06:00:00,26.96,0.0,97.21,4.42,12.46097,75.03172
VIL_0176,2026-09-19 06:00:00,26.81,0.0,95.86,3.18,12.47562,75.03948
VIL_0177,2026-09-19 06:00:00,26.67,0.0,97.93,5.51,12.46219,74.91321
VIL_0178,2026-09-19 06:00:00,27.05,0.0,97.6,4.02,12.50881,75.04287
VIL_0001,2026-09-19 12:00:00,28.58,0.53,76.66,7.63,8.73621,77.0676
VIL_0002,2026-09-19 12:00:00,29.57,1.08,75.76,7.83,8.6306,76.89481
VIL_0003,2026-09-19 12:00:00,29.2,0.0,75.82,7.72,8.4978,76.86543
VIL_0004,2026-09-19 12:00:00,29.02,0.0,77.02,7.3,8.71085,77.02833
VIL_0005,2026-09-19 12:00:00,28.27,0.0,73.99,7.85,8.66342,76.85418
VIL_0006,2026-09-19 12:00:00,29.63,0.0,75.14,7.18,8.74197,77.09773
VIL_0007,2026-09-19 12:00:00,28.11,0.0,74.21,8.02,8.5147,76.90255
VIL_0008,2026-09-19 12:00:00,27.12,14.47,89.18,9.11,8.37924,77.1885
VIL_0009,2026-09-19 12:00:00,28.11,12.56,89.04,8.1,8.19612,77.01192
VIL_0010,2026-09-19 12:00:00,26.57,13.57,89.69,7.93,8.35143,77.12496
VIL_0011,2026-09-19 12:00:00,26.14,14.5,93.03,8.31,8.208,77.29713
VIL_0012,2026-09-19 12:00:00,27.67,14.17,88.17,8.25,8.26383,77.03218
VIL_0013,2026-09-19 12:00:00,28.59,13.16,86.11,8.67,8.37952,77.11974
VIL_0014,2026-09-19 12:00:00,26.73,13.31,91.72,10.09,8.48897,77.14503
VIL_0015,2026-09-19 12:00:00,26.76,13.93,91.91,8.23,8.45198,77.20909
VIL_0016,2026-09-19 12:00:00,28.73,0.0,69.99,10.24,8.87052,76.90667
VIL_0017,2026-09-19 12:00:00,29.68,0.0,72.54,8.98,9.14069,76.86452
VIL_0018,2026-09-19 12:00:00,29.79,0.0,71.68,10.31,8.94238,76.6513
VIL_0019,2026-09-19 12:00:00,29.47,0.0,72.04,9.46,9.05627,76.75405
VIL_0020,2026-09-19 12:00:00,28.32,0.0,75.02,4.62,9.01655,76.78832
VIL_0021,2026-09-19 12:00:00,29.29,0.0,75.6,4.96,9.1408,76.85563
VIL_0022,2026-09-19 12:00:00,29.25,1.21,73.58,5.5,9.06676,76.87151
VIL_0023,2026-09-19 12:00:00,29.57,0.0,72.39,5.7,9.02402,76.94201
VIL_0024,2026-09-19 12:00:00,28.45,0.0,75.31,5.95,8.92346,77.06888
VIL_0025,2026-09-19 12:00:00,27.68,0.0,72.35,5.06,9.10054,77.05985
VIL_0026,2026-09-19 12:00:00,28.64,0.0,75.29,5.39,9.13645,76.95737
VIL_0027,2026-09-19 12:00:00,30.95,2.33,76.76,11.54,9.24557,76.3026
VIL_0028,2026-09-19 12:00:00,30.28,0.0,77.67,11.18,9.3486,76.2864
VIL_0029,2026-09-19 12:00:00,31.01,0.0,77.71,11.67,9.48062,76.31203
VIL_0030,2026-09-19 12:00:00,30.61,3.6,78.61,10.73,9.31628,76.36781
VIL_0031,2026-09-19 12:00:00,31.27,0.0,78.52,11.21,9.27428,76.44566
VIL_0032,2026-09-19 12:00:00,30.79,0.0,77.97,10.51,9.25437,76.50107
VIL_0033,2026-09-19 12:00:00,30.38,2.02,78.89,11.47,9.46367,76.26461
VIL_0034,2026-09-19 12:00:00,30.67,0.0,73.86,5.97,9.22665,76.6754
VIL_0035,2026-09-19 12:00:00,29.5,0.0,73.85,5.91,9.40405,76.64379
VIL_0036,2026-09-19 12:00:00,31.33,4.51,72.8,5.59,9.44489,76.65732
VIL_0037,2026-09-19 12:00:00,30.57,0.0,71.29,5.31,9.44149,76.71701
VIL_0038,2026-09-19 12:00:00,32.37,0.0,72.54,7.0,9.30184,76.49062
VIL_0039,2026-09-19 12:00:00,30.59,0.0,73.42,4.92,9.27825,76.66265
VIL_0040,2026-09-19 12:00:00,28.65,6.07,75.29,8.08,9.45088,76.82727
VIL_0041,2026-09-19 12:00:00,28.48,0.0,78.26,6.62,9.49816,76.77766
VIL_0042,2026-09-19 12:00:00,28.06,0.0,79.25,6.23,9.26788,76.84997
VIL_0043,2026-09-19 12:00:00,29.0,0.0,76.59,7.18,9.46024,76.80438
VIL_0044,2026-09-19 12:00:00,29.17,0.0,75.57,8.09,9.46329,76.78414
VIL_0045,2026-09-19 12:00:00,30.07,4.87,76.21,7.9,9.38882,76.76426
VIL_0046,2026-09-19 12:00:00,29.2,5.94,78.41,6.99,9.23963,76.66837
VIL_0047,2026-09-19 12:00:00,28.96,0.55,75.07,7.36,9.24143,76.82692
VIL_0048,2026-09-19 12:00:00,28.06,23.87,90.4,10.3,9.72998,76.74265
VIL_0049,2026-09-19 12:00:00,28.27,21.68,87.21,10.33,9.6028,76.71533
VIL_0050,2026-09-19 12:00:00,28.49,22.9,87.24,11.11,9.72295,76.59492
VIL_0051,2026-09-19 12:00:00,28.34,24.17,87.01,10.52,9.84386,76.71366
VIL_0052,2026-09-19 12:00:00,28.0,22.06,87.13,10.35,9.76944,76.79814
VIL_0053,2026-09-19 12:00:00,28.29,22.61,87.1,10.68,9.74831,76.62269
VIL_0054,2026-09-19 12:00:00,28.16,23.2,87.59,11.53,9.59265,76.67096
VIL_0055,2026-09-19 12:00:00,29.22,9.13,82.36,3.33,9.99397,77.17777
VIL_0056,2026-09-19 12:00:00,28.6,7.06,82.31,2.92,10.0998,77.15223
VIL_0057,2026-09-19 12:00:00,28.78,7.13,83.46,3.95,10.20683,77.0054
VIL_0058,2026-09-19 12:00:00,28.47,7.14,80.62,2.94,9.97102,76.97838
VIL_0059,2026-09-19 12:00:00,28.17,6.85,82.05,4.27,10.06613,77.1554
VIL_0060,2026-09-19 12:00:00,28.98,6.88,80.97,4.2,10.19622,76.91209
VIL_0061,2026-09-19 12:00:00,29.28,8.18,81.28,3.92,10.09122,77.03522
VIL_0062,2026-09-19 12:00:00,31.05,5.02,83.7,12.98,9.95373,76.64282
VIL_0063,2026-09-19 12:00:00,30.0,4.31,80.77,11.52,9.81924,76.61249
VIL_0064,2026-09-19 12:00:00,29.81,3.05,83.95,10.54,9.81163,76.72943
VIL_0065,2026-09-19 12:00:00,29.5,2.71,83.23,10.15,9.86715,76.58147
VIL_0066,2026-09-19 12:00:00,29.58,2.81,83.31,13.08,9.82217,76.63606
VIL_0067,2026-09-19 12:00:00,28.91,3.7,82.71,12.81,9.95489,76.77568
VIL_0068,2026-09-19 12:00:00,29.89,2.79,84.43,12.04,9.79043,76.86132
VIL_0069,2026-09-19 12:00:00,28.09,4.52,83.12,11.27,9.82603,76.85498
VIL_0070,2026-09-19 12:00:00,27.63,2.05,76.3,7.26,9.70244,77.08059
VIL_0071,2026-09-19 12:00:00,29.55,2.21,77.1,8.05,9.95948,77.06887
VIL_0072,2026-09-19 12:00:00,28.99,3.47,77.55,9.39,9.73047,77.14384
VIL_0073,2026-09-19 12:00:00,27.66,2.92,77.63,7.95,9.9827,77.06962
VIL_0074,2026-09-19 12:00:00,26.9,2.93,76.63,8.68,9.88864,77.22549
VIL_0075,2026-09-19 12:00:00,29.0,2.6,78.17,7.9,9.75829,77.21546
VIL_0076,2026-09-19 12:00:00,28.29,2.49,76.51,8.13,9.79733,77.18669
VIL_0077,2026-09-19 12:00:00,28.9,0.0,78.24,3.86,10.20293,76.4465
VIL_0078,2026-09-19 12:00:00,29.89,0.0,75.32,5.39,10.00322,76.35946
VIL_0079,2026-09-19 12:00:00,29.08,1.83,78.74,3.69,10.16674,76.46451
VIL_0080,2026-09-19 12:00:00,29.91,0.0,76.25,5.4,10.05579,76.27307
VIL_0081,2026-09-19 12:00:00,29.34,0.0,76.73,6.06,10.17134,76.44985
VIL_0082,2026-09-19 12:00:00,30.66,0.0,75.47,3.87,10.0626,76.23585
VIL_0083,2026-09-19 12:00:00,31.2,3.48,76.03,10.94,10.04028,76.54402
VIL_0084,2026-09-19 12:00:00,30.62,3.69,79.69,11.43,10.11402,76.46926
VIL_0085,2026-09-19 12:00:00,31.38,3.15,79.1,11.44,9.93532,76.46204
VIL_0086,2026-09-19 12:00:00,29.53,3.03,78.52,12.24,10.11041,76.6912
VIL_0087,2026-09-19 12:00:00,31.78,0.0,72.51,5.07,10.22557,76.23549
VIL_0088,2026-09-19 12:00:00,31.39,0.0,76.6,5.71,10.45165,76.33799
VIL_0089,2026-09-19 12:00:00,30.06,0.0,72.05,4.55,10.23525,76.48188
VIL_0090,2026-09-19 12:00:00,30.92,0.0,72.12,6.16,10.44663,76.35049
VIL_0091,2026-09-19 12:00:00,31.71,0.0,73.18,6.23,10.42179,76.23961
VIL_0092,2026-09-19 12:00:00,30.8,0.0,75.18,6.44,10.24066,76.39311
VIL_0093,2026-09-19 12:00:00,32.11,0.0,75.63,6.51,10.7689,76.21235
VIL_0094,2026-09-19 12:00:00,29.92,4.89,74.18,3.99,10.77833,76.34628
VIL_0095,2026-09-19 12:00:00,31.3,0.0,73.15,5.28,10.79269,76.3266
VIL_0096,2026-09-19 12:00:00,31.79,0.0,71.74,5.18,10.7127,76.26521
VIL_0097,2026-09-19 12:00:00,30.06,0.0,74.7,4.9,10.62368,76.37304
VIL_0098,2026-09-19 12:00:00,31.87,0.0,79.11,6.6,10.8041,76.17618
VIL_0099,2026-09-19 12:00:00,29.39,0.0,71.75,9.25,10.78168,76.63853
VIL_0100,2026-09-19 12:00:00,29.11,0.0,72.57,7.94,10.93434,76.55678
VIL_0101,2026-09-19 12:00:00,28.37,0.0,76.01,8.16,10.64142,76.65217
VIL_0102,2026-09-19 12:00:00,29.54,0.0,72.22,8.71,10.68965,76.61394
VIL_0103,2026-09-19 12:00:00,29.3,0.0,72.68,7.32,10.85925,76.72028
VIL_0104,2026-09-19 12:00:00,30.35,0.25,71.85,10.3,11.00176,76.46064
VIL_0105,2026-09-19 12:00:00,31.27,0.0,74.47,7.7,11.0299,76.38314
VIL_0106,2026-09-19 12:00:00,30.43,0.0,71.25,8.71,11.01596,76.60167
VIL_0107,2026-09-19 12:00:00,29.37,0.0,74.0,8.33,10.98502,76.57983
VIL_0108,2026-09-19 12:00:00,29.38,0.0,67.15,10.03,11.17344,76.68379
VIL_0109,2026-09-19 12:00:00,29.5,0.0,68.79,9.75,11.10807,76.68076
VIL_0110,2026-09-19 12:00:00,29.21,0.0,68.17,10.09,10.99357,76.74974
VIL_0111,2026-09-19 12:00:00,29.71,0.0,68.41,8.94,11.01923,76.54029
VIL_0112,2026-09-19 12:00:00,30.21,0.0,67.44,10.13,11.12864,76.58613
VIL_0113,2026-09-19 12:00:00,29.47,0.0,68.05,9.64,11.21714,76.81918
VIL_0114,2026-09-19 12:00:00,29.26,0.0,75.94,9.45,11.09105,76.29932
VIL_0115,2026-09-19 12:00:00,30.02,0.0,74.32,8.86,11.11192,76.17423
VIL_0116,2026-09-19 12:00:00,31.27,0.0,74.93,10.4,10.99183,76.24669
VIL_0117,2026-09-19 12:00:00,31.79,0.0,72.9,9.48,11.1201,76.0976
VIL_0118,2026-09-19 12:00:00,31.84,0.0,75.1,9.86,10.91771,76.13227
VIL_0119,2026-09-19 12:00:00,30.49,0.0,75.84,8.7,10.90654,76.22058
VIL_0120,2026-09-19 12:00:00,29.25,0.0,75.99,9.44,10.93781,76.19341
VIL_0121,2026-09-19 12:00:00,30.03,0.0,75.22,11.19,11.07926,76.35401
VIL_0122,2026-09-19 12:00:00,29.69,0.0,75.23,6.04,11.3115,76.37302
VIL_0123,2026-09-19 12:00:00,30.44,0.0,73.88,7.86,11.16903,76.2315
VIL_0124,2026-09-19 12:00:00,29.84,0.0,76.9,8.58,11.39021,76.29823
VIL_0125,2026-09-19 12:00:00,30.07,0.0,74.88,8.07,11.3361,76.28675
VIL_0126,2026-09-19 12:00:00,31.99,0.0,73.72,8.41,11.23485,76.16408
VIL_0127,2026-09-19 12:00:00,30.95,0.27,71.8,6.91,11.45003,76.02212
VIL_0128,2026-09-19 12:00:00,32.67,0.0,70.15,7.96,11.48097,75.9154
VIL_0129,2026-09-19 12:00:00,31.7,0.0,72.15,8.05,11.35745,76.00149
VIL_0130,2026-09-19 12:00:00,31.36,0.0,73.75,7.54,11.40199,75.97259
VIL_0131,2026-09-19 12:00:00,30.58,0.0,74.85,7.06,11.44574,76.029
VIL_0132,2026-09-19 12:00:00,33.61,0.0,67.75,9.56,11.62666,75.57154
VIL_0133,2026-09-19 12:00:00,33.83,0.0,64.82,8.01,11.65461,75.53845
VIL_0134,2026-09-19 12:00:00,32.98,0.0,71.33,6.84,11.49951,75.73455
VIL_0135,2026-09-19 12:00:00,33.31,0.0,69.91,9.12,11.70468,75.69812
VIL_0136,2026-09-19 12:00:00,32.89,0.0,70.61,8.52,11.52808,75.45165
VIL_0137,2026-09-19 12:00:00,32.59,0.0,70.6,6.38,11.54398,75.60112
VIL_0138,2026-09-19 12:00:00,34.37,0.0,71.36,7.14,11.551,75.68836
VIL_0139,2026-09-19 12:00:00,31.28,0.0,70.19,9.37,11.52275,76.11987
VIL_0140,2026-09-19 12:00:00,32.13,0.0,68.58,9.22,11.4836,75.9485
VIL_0141,2026-09-19 12:00:00,32.36,0.0,70.33,9.46,11.61741,76.09519
VIL_0142,2026-09-19 12:00:00,30.44,0.0,70.85,10.07,11.64923,76.15083
VIL_0143,2026-09-19 12:00:00,31.57,0.0,67.82,9.09,11.75076,76.08789
VIL_0144,2026-09-19 12:00:00,31.84,0.0,69.2,9.04,11.55489,76.17156
VIL_0145,2026-09-19 12:00:00,31.16,0.0,69.89,8.41,11.53925,76.06469
VIL_0146,2026-09-19 12:00:00,30.28,8.34,80.1,3.66,11.66061,76.14179
VIL_0147,2026-09-19 12:00:00,31.4,11.28,77.62,3.15,11.90379,76.06179
VIL_0148,2026-09-19 12:00:00,32.69,9.88,77.36,4.11,11.77569,75.90499
VIL_0149,2026-09-19 12:00:00,32.24,7.73,74.6,3.65,11.69993,75.92807
VIL_0150,2026-09-19 12:00:00,31.25,9.25,79.12,2.11,11.81777,76.06738
VIL_0151,2026-09-19 12:00:00,29.52,15.98,80.61,6.84,11.59598,76.39346
VIL_0152,2026-09-19 12:00:00,30.82,18.44,79.21,7.29,11.73337,76.27331
VIL_0153,2026-09-19 12:00:00,30.66,16.77,81.18,7.55,11.69552,76.23288
VIL_0154,2026-09-19 12:00:00,31.1,17.22,79.16,7.03,11.58632,76.21379
VIL_0155,2026-09-19 12:00:00,30.03,16.12,79.48,6.55,11.73935,76.11132
VIL_0156,2026-09-19 12:00:00,31.01,17.96,76.23,6.1,11.54682,76.1208
VIL_0157,2026-09-19 12:00:00,29.73,16.27,77.34,7.87,11.52422,76.36364
VIL_0158,2026-09-19 12:00:00,30.97,16.01,79.34,6.45,11.7231,76.24925
VIL_0159,2026-09-19 12:00:00,32.68,0.0,69.0,7.57,12.12501,75.45007
VIL_0160,2026-09-19 12:00:00,33.83,0.0,72.33,8.27,11.99989,75.3474
VIL_0161,2026-09-19 12:00:00,33.45,0.0,71.95,7.85,12.09093,75.22242
VIL_0162,2026-09-19 12:00:00,32.63,0.0,73.45,8.33,12.18074,75.474
VIL_0163,2026-09-19 12:00:00,33.88,0.0,72.22,7.0,11.97427,75.21259
VIL_0164,2026-09-19 12:00:00,31.76,8.0,83.55,7.17,11.98294,75.77395
VIL_0165,2026-09-19 12:00:00,32.61,8.82,85.09,5.84,12.02961,75.56588
VIL_0166,2026-09-19 12:00:00,32.68,9.3,85.81,7.08,11.85317,75.70973
VIL_0167,2026-09-19 12:00:00,34.15,5.71,82.83,5.31,11.83995,75.69273
VIL_0168,2026-09-19 12:00:00,32.15,10.45,85.95,4.25,12.11407,75.68964
VIL_0169,2026-09-19 12:00:00,32.42,8.78,85.28,5.43,11.94845,75.70999
VIL_0170,2026-09-19 12:00:00,33.53,0.0,78.11,5.82,12.40136,75.18919
VIL_0171,2026-09-19 12:00:00,33.45,0.0,75.27,7.45,12.34578,75.18913
VIL_0172,2026-09-19 12:00:00,33.24,0.0,78.2,5.96,12.35345,75.00501
VIL_0173,2026-09-19 12:00:00,33.85,0.0,76.5,4.5,12.24019,75.00738
VIL_0174,2026-09-19 12:00:00,34.62,0.0,71.72,8.4,12.37169,75.02048
VIL_0175,2026-09-19 12:00:00,34.54,0.0,70.2,8.87,12.46097,75.03172
VIL_0176,2026-09-19 12:00:00,34.24,0.0,72.06,8.16,12.47562,75.03948
VIL_0177,2026-09-19 12:00:00,33.87,0.0,70.33,9.02,12.46219,74.91321
VIL_0178,2026-09-19 12:00:00,34.72,0.0,70.93,9.42,12.50881,75.04287
VIL_0001,2026-09-19 18:00:00,26.72,0.0,77.78,3.95,8.73621,77.0676
VIL_0002,2026-09-19 18:00:00,28.2,0.0,77.8,4.8,8.6306,76.89481
VIL_0003,2026-09-19 18:00:00,27.99,3.46,78.15,4.2,8.4978,76.86543
VIL_0004,2026-09-19 18:00:00,27.66,0.0,78.15,5.05,8.71085,77.02833
VIL_0005,2026-09-19 18:00:00,27.23,0.23,80.08,4.07,8.66342,76.85418
VIL_0006,2026-09-19 18:00:00,28.64,0.0,78.43,4.14,8.74197,77.09773
VIL_0007,2026-09-19 18:00:00,26.55,0.0,76.18,5.0,8.5147,76.90255
VIL_0008,2026-09-19 18:00:00,24.8,0.0,75.31,11.51,8.37924,77.1885
VIL_0009,2026-09-19 18:00:00,26.23,0.0,75.71,11.65,8.19612,77.01192
VIL_0010,2026-09-19 18:00:00,25.1,0.0,75.03,11.66,8.35143,77.12496
VIL_0011,2026-09-19 18:00:00,23.33,0.0,73.67,10.99,8.208,77.29713
VIL_0012,2026-09-19 18:00:00,25.84,0.75,76.63,10.88,8.26383,77.03218
VIL_0013,2026-09-19 18:00:00,26.16,0.0,73.92,11.25,8.37952,77.11974
VIL_0014,2026-09-19 18:00:00,25.68,0.0,73.64,10.76,8.48897,77.14503
VIL_0015,2026-09-19 18:00:00,24.69,0.0,75.28,9.17,8.45198,77.20909
VIL_0016,2026-09-19 18:00:00,27.64,11.82,89.22,8.7,8.87052,76.90667
VIL_0017,2026-09-19 18:00:00,28.58,10.43,87.57,8.78,9.14069,76.86452
VIL_0018,2026-09-19 18:00:00,28.19,9.84,90.65,9.95,8.94238,76.6513
VIL_0019,2026-09-19 18:00:00,28.5,10.92,89.26,8.44,9.05627,76.75405
VIL_0020,2026-09-19 18:00:00,27.75,0.0,83.81,9.24,9.01655,76.78832
VIL_0021,2026-09-19 18:00:00,27.85,0.0,82.82,10.34,9.1408,76.85563
VIL_0022,2026-09-19 18:00:00,28.0,0.0,84.42,8.12,9.06676,76.87151
VIL_0023,2026-09-19 18:00:00,28.19,0.0,82.19,8.44,9.02402,76.94201
VIL_0024,2026-09-19 18:00:00,27.11,0.0,83.22,10.16,8.92346,77.06888
VIL_0025,2026-09-19 18:00:00,26.7,0.0,84.3,8.5,9.10054,77.05985
VIL_0026,2026-09-19 18:00:00,27.1,0.0,83.88,8.28,9.13645,76.95737
VIL_0027,2026-09-19 18:00:00,29.22,0.0,71.96,5.49,9.24557,76.3026
VIL_0028,2026-09-19 18:00:00,29.7,0.0,72.36,6.42,9.3486,76.2864
VIL_0029,2026-09-19 18:00:00,29.55,0.0,72.57,4.9,9.48062,76.31203
VIL_0030,2026-09-19 18:00:00,29.18,2.49,72.05,5.86,9.31628,76.36781
VIL_0031,2026-09-19 18:00:00,30.0,0.62,74.28,4.82,9.27428,76.44566
VIL_0032,2026-09-19 18:00:00,29.48,2.4,76.34,5.59,9.25437,76.50107
VIL_0033,2026-09-19 18:00:00,28.99,0.44,74.47,4.72,9.46367,76.26461
VIL_0034,2026-09-19 18:00:00,28.01,0.0,78.26,5.26,9.22665,76.6754
VIL_0035,2026-09-19 18:00:00,27.14,0.0,77.08,6.15,9.40405,76.64379
VIL_0036,2026-09-19 18:00:00,28.38,0.0,77.74,6.13,9.44489,76.65732
VIL_0037,2026-09-19 18:00:00,28.42,0.0,77.78,5.82,9.44149,76.71701
VIL_0038,2026-09-19 18:00:00,29.2,0.0,75.38,5.99,9.30184,76.49062
VIL_0039,2026-09-19 18:00:00,27.85,0.0,77.15,6.45,9.27825,76.66265
VIL_0040,2026-09-19 18:00:00,26.75,0.0,82.94,9.72,9.45088,76.82727
VIL_0041,2026-09-19 18:00:00,27.09,0.13,79.82,8.64,9.49816,76.77766
VIL_0042,2026-09-19 18:00:00,26.77,0.0,79.81,8.24,9.26788,76.84997
VIL_0043,2026-09-19 18:00:00,27.28,0.0,82.56,8.11,9.46024,76.80438
VIL_0044,2026-09-19 18:00:00,28.0,0.0,82.88,10.73,9.46329,76.78414
VIL_0045,2026-09-19 18:00:00,28.86,0.0,79.23,8.64,9.38882,76.76426
VIL_0046,2026-09-19 18:00:00,27.62,0.0,80.79,10.53,9.23963,76.66837
VIL_0047,2026-09-19 18:00:00,27.63,0.0,79.22,7.78,9.24143,76.82692
VIL_0048,2026-09-19 18:00:00,27.44,0.78,80.15,4.6,9.72998,76.74265
VIL_0049,2026-09-19 18:00:00,27.32,0.0,77.44,4.42,9.6028,76.71533
VIL_0050,2026-09-19 18:00:00,28.26,0.0,78.54,3.62,9.72295,76.59492
VIL_0051,2026-09-19 18:00:00,27.48,0.0,80.43,3.71,9.84386,76.71366
VIL_0052,2026-09-19 18:00:00,28.15,0.0,79.38,5.15,9.76944,76.79814
VIL_0053,2026-09-19 18:00:00,28.02,0.0,81.02,2.74,9.74831,76.62269
VIL_0054,2026-09-19 18:00:00,27.06,0.0,77.17,3.85,9.59265,76.67096
VIL_0055,2026-09-19 18:00:00,26.7,13.53,81.04,9.74,9.99397,77.17777
VIL_0056,2026-09-19 18:00:00,27.22,14.42,82.44,10.66,10.0998,77.15223
VIL_0057,2026-09-19 18:00:00,27.33,14.85,84.37,8.47,10.20683,77.0054
VIL_0058,2026-09-19 18:00:00,27.04,19.01,80.02,11.11,9.97102,76.97838
VIL_0059,2026-09-19 18:00:00,26.53,15.47,85.02,8.86,10.06613,77.1554
VIL_0060,2026-09-19 18:00:00,26.9,15.21,83.97,10.01,10.19622,76.91209
VIL_0061,2026-09-19 18:00:00,27.62,14.41,82.65,10.62,10.09122,77.03522
VIL_0062,2026-09-19 18:00:00,29.03,0.86,84.5,7.02,9.95373,76.64282
VIL_0063,2026-09-19 18:00:00,28.51,0.0,84.82,7.5,9.81924,76.61249
VIL_0064,2026-09-19 18:00:00,28.86,0.0,86.83,6.7,9.81163,76.72943
VIL_0065,2026-09-19 18:00:00,28.42,0.0,85.46,6.95,9.86715,76.58147
VIL_0066,2026-09-19 18:00:00,28.19,0.0,85.83,6.81,9.82217,76.63606
VIL_0067,2026-09-19 18:00:00,27.78,0.0,85.16,7.86,9.95489,76.77568
VIL_0068,2026-09-19 18:00:00,27.94,0.0,83.68,6.74,9.79043,76.86132
VIL_0069,2026-09-19 18:00:00,27.58,0.0,86.85,7.1,9.82603,76.85498
VIL_0070,2026-09-19 18:00:00,28.65,0.0,76.94,9.26,9.70244,77.08059
VIL_0071,2026-09-19 18:00:00,28.71,0.0,78.17,11.13,9.95948,77.06887
VIL_0072,2026-09-19 18:00:00,28.5,0.0,74.42,10.34,9.73047,77.14384
VIL_0073,2026-09-19 18:00:00,27.59,0.0,76.65,9.0,9.9827,77.06962
VIL_0074,2026-09-19 18:00:00,26.28,0.0,76.28,9.54,9.88864,77.22549
VIL_0075,2026-09-19 18:00:00,28.94,0.0,73.62,9.04,9.75829,77.21546
VIL_0076,2026-09-19 18:00:00,27.51,0.0,75.22,8.94,9.79733,77.18669
VIL_0077,2026-09-19 18:00:00,28.44,0.0,74.6,3.83,10.20293,76.4465
VIL_0078,2026-09-19 18:00:00,29.52,0.0,73.86,6.6,10.00322,76.35946
VIL_0079,2026-09-19 18:00:00,28.52,0.0,72.58,2.88,10.16674,76.46451
VIL_0080,2026-09-19 18:00:00,29.7,0.0,72.41,3.47,10.05579,76.27307
VIL_0081,2026-09-19 18:00:00,28.4,6.05,74.6,3.78,10.17134,76.44985
VIL_0082,2026-09-19 18:00:00,29.53,0.0,74.18,4.36,10.0626,76.23585
VIL_0083,2026-09-19 18:00:00,28.73,0.0,74.93,3.55,10.04028,76.54402
VIL_0084,2026-09-19 18:00:00,28.33,0.0,75.47,3.57,10.11402,76.46926
VIL_0085,2026-09-19 18:00:00,28.27,0.0,78.01,3.98,9.93532,76.46204
VIL_0086,2026-09-19 18:00:00,27.52,0.0,77.12,3.59,10.11041,76.6912
VIL_0087,2026-09-19 18:00:00,28.82,35.31,89.33,8.81,10.22557,76.23549
VIL_0088,2026-09-19 18:00:00,28.95,34.88,89.44,8.1,10.45165,76.33799
VIL_0089,2026-09-19 18:00:00,27.09,40.98,95.0,5.86,10.23525,76.48188
VIL_0090,2026-09-19 18:00:00,28.48,38.47,90.85,7.67,10.44663,76.35049
VIL_0091,2026-09-19 18:00:00,28.87,33.62,93.66,7.14,10.42179,76.23961
VIL_0092,2026-09-19 18:00:00,27.71,41.06,90.99,6.5,10.24066,76.39311
VIL_0093,2026-09-19 18:00:00,30.42,0.0,81.06,8.77,10.7689,76.21235
VIL_0094,2026-09-19 18:00:00,28.23,0.0,80.63,9.33,10.77833,76.34628
VIL_0095,2026-09-19 18:00:00,29.23,0.0,83.04,9.34,10.79269,76.3266
VIL_0096,2026-09-19 18:00:00,29.86,0.0,83.83,8.44,10.7127,76.26521
VIL_0097,2026-09-19 18:00:00,27.65,0.0,84.64,8.66,10.62368,76.37304
VIL_0098,2026-09-19 18:00:00,30.03,0.0,82.05,8.4,10.8041,76.17618
VIL_0099,2026-09-19 18:00:00,27.88,0.0,82.59,10.06,10.78168,76.63853
VIL_0100,2026-09-19 18:00:00,28.21,0.22,82.03,9.41,10.93434,76.55678
VIL_0101,2026-09-19 18:00:00,27.4,0.0,80.44,8.83,10.64142,76.65217
VIL_0102,2026-09-19 18:00:00,27.83,0.0,83.95,9.53,10.68965,76.61394
VIL_0103,2026-09-19 18:00:00,27.88,0.0,82.93,9.5,10.85925,76.72028
VIL_0104,2026-09-19 18:00:00,29.38,0.0,75.95,11.46,11.00176,76.46064
VIL_0105,2026-09-19 18:00:00,29.5,3.1,74.06,11.24,11.0299,76.38314
VIL_0106,2026-09-19 18:00:00,28.45,0.0,77.05,10.54,11.01596,76.60167
VIL_0107,2026-09-19 18:00:00,28.04,0.0,75.51,10.83,10.98502,76.57983
VIL_0108,2026-09-19 18:00:00,27.51,44.47,87.43,16.27,11.17344,76.68379
VIL_0109,2026-09-19 18:00:00,28.04,45.06,88.39,16.05,11.10807,76.68076
VIL_0110,2026-09-19 18:00:00,27.29,46.94,89.17,14.94,10.99357,76.74974
VIL_0111,2026-09-19 18:00:00,27.78,42.39,87.59,14.95,11.01923,76.54029
VIL_0112,2026-09-19 18:00:00,28.61,35.76,86.09,15.6,11.12864,76.58613
VIL_0113,2026-09-19 18:00:00,27.33,45.86,87.74,16.17,11.21714,76.81918
VIL_0114,2026-09-19 18:00:00,28.13,11.89,91.4,7.59,11.09105,76.29932
VIL_0115,2026-09-19 18:00:00,29.18,9.99,93.42,7.96,11.11192,76.17423
VIL_0116,2026-09-19 18:00:00,30.43,10.33,90.27,8.93,10.99183,76.24669
VIL_0117,2026-09-19 18:00:00,30.73,10.56,89.23,8.53,11.1201,76.0976
VIL_0118,2026-09-19 18:00:00,30.91,8.84,94.15,8.93,10.91771,76.13227
VIL_0119,2026-09-19 18:00:00,29.26,10.06,90.15,9.3,10.90654,76.22058
VIL_0120,2026-09-19 18:00:00,29.03,10.53,90.55,8.35,10.93781,76.19341
VIL_0121,2026-09-19 18:00:00,29.75,10.49,90.59,9.08,11.07926,76.35401
VIL_0122,2026-09-19 18:00:00,28.89,0.0,78.75,6.13,11.3115,76.37302
VIL_0123,2026-09-19 18:00:00,29.47,0.0,76.57,6.27,11.16903,76.2315
VIL_0124,2026-09-19 18:00:00,29.1,0.0,74.62,5.32,11.39021,76.29823
VIL_0125,2026-09-19 18:00:00,29.7,0.0,77.79,6.0,11.3361,76.28675
VIL_0126,2026-09-19 18:00:00,30.3,0.0,75.2,6.17,11.23485,76.16408
VIL_0127,2026-09-19 18:00:00,28.48,0.0,79.18,5.87,11.45003,76.02212
VIL_0128,2026-09-19 18:00:00,29.99,0.0,81.42,6.05,11.48097,75.9154
VIL_0129,2026-09-19 18:00:00,29.51,0.0,81.05,6.26,11.35745,76.00149
VIL_0130,2026-09-19 18:00:00,28.81,0.0,79.66,5.58,11.40199,75.97259
VIL_0131,2026-09-19 18:00:00,28.52,14.67,81.54,5.62,11.44574,76.029
VIL_0132,2026-09-19 18:00:00,32.35,8.17,85.61,8.3,11.62666,75.57154
VIL_0133,2026-09-19 18:00:00,33.28,8.04,86.76,8.59,11.65461,75.53845
VIL_0134,2026-09-19 18:00:00,32.08,9.59,84.82,8.89,11.49951,75.73455
VIL_0135,2026-09-19 18:00:00,32.37,10.6,84.66,8.38,11.70468,75.69812
VIL_0136,2026-09-19 18:00:00,32.64,7.18,85.32,9.44,11.52808,75.45165
VIL_0137,2026-09-19 18:00:00,31.35,9.44,85.56,9.56,11.54398,75.60112
VIL_0138,2026-09-19 18:00:00,32.85,7.57,85.67,7.81,11.551,75.68836
VIL_0139,2026-09-19 18:00:00,29.01,0.0,72.72,8.27,11.52275,76.11987
VIL_0140,2026-09-19 18:00:00,29.82,0.0,73.07,11.12,11.4836,75.9485
VIL_0141,2026-09-19 18:00:00,29.41,0.0,72.74,10.06,11.61741,76.09519
VIL_0142,2026-09-19 18:00:00,28.27,0.0,74.74,8.68,11.64923,76.15083
VIL_0143,2026-09-19 18:00:00,29.86,0.0,71.01,9.78,11.75076,76.08789
VIL_0144,2026-09-19 18:00:00,29.37,0.0,74.41,9.3,11.55489,76.17156
VIL_0145,2026-09-19 18:00:00,28.27,0.0,74.72,8.62,11.53925,76.06469
VIL_0146,2026-09-19 18:00:00,29.67,0.0,78.23,8.69,11.66061,76.14179
VIL_0147,2026-09-19 18:00:00,30.46,0.0,75.72,11.17,11.90379,76.06179
VIL_0148,2026-09-19 18:00:00,32.16,0.0,76.1,8.93,11.77569,75.90499
VIL_0149,2026-09-19 18:00:00,31.79,0.0,73.15,10.34,11.69993,75.92807
VIL_0150,2026-09-19 18:00:00,29.68,0.0,74.98,10.41,11.81777,76.06738
VIL_0151,2026-09-19 18:00:00,27.79,1.32,85.96,4.29,11.59598,76.39346
VIL_0152,2026-09-19 18:00:00,28.37,2.3,85.97,4.56,11.73337,76.27331
VIL_0153,2026-09-19 18:00:00,28.78,1.45,85.19,5.01,11.69552,76.23288
VIL_0154,2026-09-19 18:00:00,29.69,2.41,86.66,5.39,11.58632,76.21379
VIL_0155,2026-09-19 18:00:00,28.7,3.39,88.1,5.33,11.73935,76.11132
VIL_0156,2026-09-19 18:00:00,29.56,5.91,84.73,4.44,11.54682,76.1208
VIL_0157,2026-09-19 18:00:00,28.85,1.93,86.66,4.9,11.52422,76.36364
VIL_0158,2026-09-19 18:00:00,29.83,2.28,88.61,5.65,11.7231,76.24925
VIL_0159,2026-09-19 18:00:00,31.5,0.0,73.69,8.04,12.12501,75.45007
VIL_0160,2026-09-19 18:00:00,31.67,0.0,73.69,8.99,11.99989,75.3474
VIL_0161,2026-09-19 18:00:00,32.42,0.0,75.5,9.01,12.09093,75.22242
VIL_0162,2026-09-19 18:00:00,31.38,0.0,73.58,7.55,12.18074,75.474
VIL_0163,2026-09-19 18:00:00,32.19,0.0,74.72,8.49,11.97427,75.21259
VIL_0164,2026-09-19 18:00:00,28.85,2.37,90.1,5.53,11.98294,75.77395
VIL_0165,2026-09-19 18:00:00,28.93,3.37,89.57,6.03,12.02961,75.56588
VIL_0166,2026-09-19 18:00:00,29.05,4.53,90.67,4.57,11.85317,75.70973
VIL_0167,2026-09-19 18:00:00,30.73,2.47,84.53,5.24,11.83995,75.69273
VIL_0168,2026-09-19 18:00:00,27.51,2.43,92.04,5.99,12.11407,75.68964
VIL_0169,2026-09-19 18:00:00,28.89,2.06,89.41,6.91,11.94845,75.70999
VIL_0170,2026-09-19 18:00:00,32.25,0.0,82.29,10.85,12.40136,75.18919
VIL_0171,2026-09-19 18:00:00,31.58,0.0,79.55,9.97,12.34578,75.18913
VIL_0172,2026-09-19 18:00:00,32.33,0.0,82.82,10.83,12.35345,75.00501
VIL_0173,2026-09-19 18:00:00,32.29,0.0,83.18,10.71,12.24019,75.00738
VIL_0174,2026-09-19 18:00:00,33.3,0.0,85.25,12.07,12.37169,75.02048
VIL_0175,2026-09-19 18:00:00,32.45,0.0,85.9,12.89,12.46097,75.03172
VIL_0176,2026-09-19 18:00:00,33.0,0.0,84.81,12.67,12.47562,75.03948
VIL_0177,2026-09-19 18:00:00,33.57,0.0,89.34,12.22,12.46219,74.91321
VIL_0178,2026-09-19 18:00:00,33.31,0.0,88.39,12.24,12.50881,75.04287
