village_id,timestamp,temp_pred,rainfall_pred,humidity_pred,wind_pred
VIL_0001,2024-07-10 00:00:00,23.66,1.75,96.85,8.58
VIL_0002,2024-07-10 00:00:00,23.65,1.78,96.86,8.65
VIL_0003,2024-07-10 00:00:00,23.63,1.86,96.88,8.86
VIL_0004,2024-07-10 00:00:00,23.63,1.85,96.87,8.81
VIL_0005,2024-07-10 00:00:00,23.61,1.91,96.89,8.98
VIL_0006,2024-07-10 00:00:00,23.59,1.98,96.91,9.14
VIL_0007,2024-07-10 00:00:00,23.56,2.06,96.94,9.35
VIL_0008,2024-07-10 00:00:00,23.66,1.78,96.84,8.66
VIL_0009,2024-07-10 00:00:00,23.52,2.17,96.98,9.61
VIL_0010,2024-07-10 00:00:00,23.51,2.17,96.99,9.63
VIL_0011,2024-07-10 00:00:00,23.6,1.97,96.9,9.12
VIL_0012,2024-07-10 00:00:00,23.67,1.8,96.83,8.7
VIL_0013,2024-07-10 00:00:00,23.72,1.65,96.79,8.32
VIL_0014,2024-07-10 00:00:00,23.59,2.0,96.9,9.21
VIL_0015,2024-07-10 00:00:00,23.74,1.64,96.76,8.3
VIL_0016,2024-07-10 00:00:00,23.5,2.2,97.0,9.69
VIL_0017,2024-07-10 00:00:00,23.56,2.08,96.93,9.4
VIL_0018,2024-07-10 00:00:00,23.71,1.76,96.77,8.59
VIL_0019,2024-07-10 00:00:00,23.84,1.51,96.59,7.99
VIL_0020,2024-07-10 00:00:00,23.79,1.42,96.74,7.76
VIL_0021,2024-07-10 00:00:00,23.84,1.33,96.68,7.55
VIL_0022,2024-07-10 00:00:00,23.91,1.23,96.6,7.32
VIL_0023,2024-07-10 00:00:00,23.85,1.07,96.79,6.91
VIL_0024,2024-07-10 00:00:00,24.01,1.18,96.39,7.18
VIL_0025,2024-07-10 00:00:00,23.89,1.02,96.76,6.86
VIL_0026,2024-07-10 00:00:00,24.0,1.06,96.52,6.94
VIL_0027,2024-07-10 00:00:00,23.82,0.71,97.16,6.23
VIL_0028,2024-07-10 00:00:00,23.88,0.88,96.92,6.6
VIL_0029,2024-07-10 00:00:00,23.67,1.88,96.78,8.89
VIL_0030,2024-07-10 00:00:00,23.89,1.51,96.49,7.97
VIL_0031,2024-07-10 00:00:00,24.16,1.14,96.07,7.0
VIL_0032,2024-07-10 00:00:00,24.02,1.28,96.31,7.4
VIL_0033,2024-07-10 00:00:00,24.19,1.1,96.02,6.91
VIL_0034,2024-07-10 00:00:00,24.15,1.11,96.11,6.96
VIL_0035,2024-07-10 00:00:00,24.14,1.1,96.16,6.93
VIL_0036,2024-07-10 00:00:00,23.97,0.94,96.72,6.75
VIL_0037,2024-07-10 00:00:00,24.06,1.03,96.41,6.87
VIL_0038,2024-07-10 00:00:00,23.97,0.93,96.72,6.74
VIL_0039,2024-07-10 00:00:00,23.9,0.82,97.02,6.61
VIL_0040,2024-07-10 00:00:00,23.96,0.91,96.77,6.73
VIL_0041,2024-07-10 00:00:00,23.84,0.72,97.26,6.49
VIL_0042,2024-07-10 00:00:00,23.66,0.37,98.09,6.09
VIL_0043,2024-07-10 00:00:00,23.72,0.49,97.84,6.24
VIL_0044,2024-07-10 00:00:00,23.88,0.77,97.12,6.55
VIL_0045,2024-07-10 00:00:00,23.79,0.62,97.5,6.36
VIL_0046,2024-07-10 00:00:00,23.74,0.52,97.67,6.16
VIL_0047,2024-07-10 00:00:00,23.78,0.56,97.35,5.93
VIL_0048,2024-07-10 00:00:00,23.68,0.4,97.98,6.09
VIL_0049,2024-07-10 00:00:00,23.57,0.21,98.59,6.04
VIL_0050,2024-07-10 00:00:00,23.59,0.25,98.47,6.07
VIL_0051,2024-07-10 00:00:00,23.65,0.36,98.17,6.13
VIL_0052,2024-07-10 00:00:00,23.63,0.19,98.36,5.93
VIL_0053,2024-07-10 00:00:00,23.54,0.13,98.77,6.02
VIL_0054,2024-07-10 00:00:00,23.78,0.39,97.21,5.18
VIL_0055,2024-07-10 00:00:00,23.72,0.35,97.63,5.51
VIL_0056,2024-07-10 00:00:00,23.61,0.15,98.39,5.75
VIL_0057,2024-07-10 00:00:00,23.5,0.1,98.99,6.09
VIL_0058,2024-07-10 00:00:00,23.52,0.11,98.9,6.06
VIL_0059,2024-07-10 00:00:00,23.52,0.11,98.9,6.06
VIL_0060,2024-07-10 00:00:00,23.56,0.13,98.66,5.97
VIL_0061,2024-07-10 00:00:00,23.61,0.15,98.44,5.88
VIL_0062,2024-07-10 00:00:00,23.53,0.11,98.84,6.0
VIL_0063,2024-07-10 00:00:00,23.65,0.12,98.09,5.39
VIL_0064,2024-07-10 00:00:00,23.8,0.15,97.22,4.68
VIL_0065,2024-07-10 00:00:00,23.91,0.1,96.42,3.67
VIL_0066,2024-07-10 00:00:00,23.74,0.02,96.07,2.84
VIL_0067,2024-07-10 00:00:00,23.85,0.09,96.78,4.02
VIL_0068,2024-07-10 00:00:00,23.75,0.03,96.34,3.23
VIL_0069,2024-07-10 00:00:00,23.8,0.1,97.15,4.42
VIL_0070,2024-07-10 00:00:00,23.75,0.11,97.49,4.86
VIL_0071,2024-07-10 00:00:00,23.65,0.11,98.09,5.41
VIL_0072,2024-07-10 00:00:00,23.63,0.12,98.24,5.59
VIL_0073,2024-07-10 00:00:00,23.54,0.11,98.78,5.98
VIL_0074,2024-07-10 00:00:00,23.55,0.12,98.73,5.98
VIL_0075,2024-07-10 00:00:00,23.57,0.12,98.6,5.89
VIL_0076,2024-07-10 00:00:00,23.66,0.15,98.12,5.69
VIL_0077,2024-07-10 00:00:00,23.64,0.13,98.2,5.68
VIL_0078,2024-07-10 00:00:00,23.59,0.13,98.5,5.83
VIL_0079,2024-07-10 00:00:00,23.67,0.14,98.07,5.61
VIL_0080,2024-07-10 00:00:00,23.65,0.12,98.15,5.57
VIL_0081,2024-07-10 00:00:00,23.78,0.11,97.35,4.92
VIL_0082,2024-07-10 00:00:00,23.6,0.04,96.92,4.23
VIL_0083,2024-07-10 00:00:00,23.57,0.03,96.91,4.54
VIL_0084,2024-07-10 00:00:00,23.55,0.04,97.21,4.71
VIL_0085,2024-07-10 00:00:00,23.56,0.04,97.1,4.81
VIL_0086,2024-07-10 00:00:00,23.57,0.03,97.01,4.96
VIL_0087,2024-07-10 00:00:00,23.79,0.13,97.39,5.3
VIL_0088,2024-07-10 00:00:00,23.9,0.01,95.45,2.11
VIL_0089,2024-07-10 00:00:00,23.99,0.01,95.31,1.97
VIL_0090,2024-07-10 00:00:00,24.02,0.0,95.15,1.77
VIL_0091,2024-07-10 00:00:00,24.06,0.0,95.08,1.7
VIL_0092,2024-07-10 00:00:00,23.99,0.0,95.23,1.9
VIL_0093,2024-07-10 00:00:00,23.95,0.0,95.26,1.9
VIL_0094,2024-07-10 00:00:00,23.55,0.01,95.82,2.47
VIL_0095,2024-07-10 00:00:00,22.94,0.0,96.31,2.63
VIL_0096,2024-07-10 00:00:00,23.71,0.01,95.64,2.25
VIL_0097,2024-07-10 00:00:00,23.44,0.01,95.92,2.47
VIL_0098,2024-07-10 00:00:00,20.1,0.0,99.0,3.86
VIL_0099,2024-07-10 00:00:00,22.07,0.0,97.22,3.09
VIL_0100,2024-07-10 00:00:00,23.65,0.04,96.83,3.88
VIL_0101,2024-07-10 00:00:00,23.68,0.03,96.46,3.54
VIL_0102,2024-07-10 00:00:00,23.79,0.01,95.91,2.81
VIL_0103,2024-07-10 00:00:00,23.79,0.01,95.69,2.57
VIL_0104,2024-07-10 00:00:00,23.22,0.01,96.37,3.36
VIL_0105,2024-07-10 00:00:00,23.53,0.01,96.42,4.99
VIL_0106,2024-07-10 00:00:00,23.57,0.01,96.4,4.79
VIL_0107,2024-07-10 00:00:00,23.57,0.01,96.33,4.13
VIL_0108,2024-07-10 00:00:00,23.63,0.01,96.03,3.2
VIL_0109,2024-07-10 00:00:00,23.61,0.02,96.34,3.94
VIL_0110,2024-07-10 00:00:00,23.65,0.02,96.27,3.57
VIL_0111,2024-07-10 00:00:00,23.6,0.03,96.66,4.13
VIL_0112,2024-07-10 00:00:00,23.59,0.02,96.7,4.65
VIL_0113,2024-07-10 00:00:00,23.6,0.02,96.51,4.38
VIL_0114,2024-07-10 00:00:00,23.61,0.01,96.43,4.74
VIL_0115,2024-07-10 00:00:00,23.64,0.02,96.51,4.97
VIL_0116,2024-07-10 00:00:00,23.63,0.02,96.61,4.99
VIL_0117,2024-07-10 00:00:00,23.61,0.02,96.77,5.02
VIL_0118,2024-07-10 00:00:00,23.69,0.02,96.52,5.36
VIL_0119,2024-07-10 00:00:00,23.69,0.01,96.41,5.28
VIL_0120,2024-07-10 00:00:00,23.78,0.01,96.32,5.7
VIL_0121,2024-07-10 00:00:00,23.75,0.01,96.32,5.63
VIL_0122,2024-07-10 00:00:00,23.8,0.01,96.33,5.79
VIL_0123,2024-07-10 00:00:00,20.42,0.0,98.94,3.96
VIL_0124,2024-07-10 00:00:00,19.68,0.0,99.48,4.04
VIL_0125,2024-07-10 00:00:00,19.46,0.0,99.71,4.19
VIL_0126,2024-07-10 00:00:00,19.31,0.0,99.98,4.2
VIL_0127,2024-07-10 00:00:00,19.33,0.0,99.95,4.19
VIL_0128,2024-07-10 00:00:00,19.39,0.0,99.79,4.24
VIL_0129,2024-07-10 00:00:00,19.34,0.0,99.75,4.3
VIL_0130,2024-07-10 00:00:00,19.54,0.0,99.57,4.19
VIL_0131,2024-07-10 00:00:00,19.64,0.0,99.49,4.06
VIL_0132,2024-07-10 00:00:00,19.56,0.0,99.61,3.74
VIL_0133,2024-07-10 00:00:00,19.39,0.0,99.69,3.98
VIL_0134,2024-07-10 00:00:00,19.36,0.0,99.84,3.44
VIL_0135,2024-07-10 00:00:00,19.32,0.0,99.53,4.28
VIL_0136,2024-07-10 00:00:00,19.15,0.0,98.88,5.71
VIL_0137,2024-07-10 00:00:00,19.28,0.0,99.3,5.01
VIL_0138,2024-07-10 00:00:00,19.38,0.0,99.17,4.86
VIL_0139,2024-07-10 00:00:00,18.93,0.0,98.22,7.15
VIL_0140,2024-07-10 00:00:00,19.14,0.0,98.92,5.63
VIL_0141,2024-07-10 00:00:00,19.14,0.0,98.71,6.06
VIL_0142,2024-07-10 00:00:00,18.93,0.0,98.2,7.19
VIL_0143,2024-07-10 00:00:00,19.08,0.0,98.37,6.82
VIL_0144,2024-07-10 00:00:00,19.54,0.0,99.63,3.67
VIL_0145,2024-07-10 00:00:00,19.3,0.0,100.0,3.11
VIL_0146,2024-07-10 00:00:00,19.86,0.01,99.38,4.18
VIL_0147,2024-07-10 00:00:00,19.29,0.0,99.64,3.9
VIL_0148,2024-07-10 00:00:00,19.54,0.01,99.24,4.91
VIL_0149,2024-07-10 00:00:00,22.81,0.01,97.43,5.21
VIL_0150,2024-07-10 00:00:00,23.93,0.0,96.18,6.19
VIL_0151,2024-07-10 00:00:00,24.01,0.0,96.05,6.43
VIL_0152,2024-07-10 00:00:00,24.08,0.0,96.03,6.48
VIL_0153,2024-07-10 00:00:00,24.08,0.0,96.01,6.57
VIL_0154,2024-07-10 00:00:00,23.88,0.0,96.2,6.1
VIL_0155,2024-07-10 00:00:00,23.76,0.01,96.29,5.81
VIL_0156,2024-07-10 00:00:00,23.63,0.0,96.28,5.75
VIL_0157,2024-07-10 00:00:00,23.5,0.01,96.45,5.14
VIL_0158,2024-07-10 00:00:00,22.98,0.0,96.68,4.69
VIL_0159,2024-07-10 00:00:00,22.59,0.0,96.98,4.33
VIL_0160,2024-07-10 00:00:00,22.57,0.0,97.05,4.55
VIL_0161,2024-07-10 00:00:00,21.33,0.0,98.16,4.21
VIL_0162,2024-07-10 00:00:00,21.73,0.0,97.98,5.11
VIL_0163,2024-07-10 00:00:00,22.54,0.0,97.14,4.88
VIL_0164,2024-07-10 00:00:00,23.29,0.0,96.55,5.55
VIL_0165,2024-07-10 00:00:00,23.01,0.0,96.77,5.26
VIL_0166,2024-07-10 00:00:00,23.8,0.0,96.19,6.09
VIL_0167,2024-07-10 00:00:00,23.51,0.0,96.41,5.83
VIL_0168,2024-07-10 00:00:00,23.87,0.0,96.15,6.24
VIL_0169,2024-07-10 00:00:00,23.92,0.0,96.12,6.33
VIL_0170,2024-07-10 00:00:00,23.96,0.0,96.1,6.4
VIL_0171,2024-07-10 00:00:00,24.04,0.0,96.04,6.51
VIL_0172,2024-07-10 00:00:00,24.1,0.0,96.0,6.59
VIL_0173,2024-07-10 00:00:00,23.94,0.0,96.11,6.35
VIL_0174,2024-07-10 00:00:00,23.51,0.0,96.49,6.2
VIL_0175,2024-07-10 00:00:00,23.27,0.0,96.69,6.02
VIL_0176,2024-07-10 00:00:00,23.42,0.0,96.57,6.14
VIL_0177,2024-07-10 00:00:00,23.07,0.0,96.86,5.88
VIL_0178,2024-07-10 00:00:00,23.21,0.0,96.74,6.01
VIL_0179,2024-07-10 00:00:00,23.09,0.0,96.84,5.91
VIL_0180,2024-07-10 00:00:00,22.81,0.0,97.07,5.7
VIL_0181,2024-07-10 00:00:00,22.57,0.0,97.28,5.55
VIL_0182,2024-07-10 00:00:00,22.53,0.0,97.31,5.55
VIL_0183,2024-07-10 00:00:00,22.3,0.0,97.5,5.43
VIL_0184,2024-07-10 00:00:00,22.18,0.0,97.6,5.32
VIL_0185,2024-07-10 00:00:00,21.38,0.0,98.27,4.82
VIL_0186,2024-07-10 00:00:00,21.3,0.0,98.33,4.66
VIL_0187,2024-07-10 00:00:00,22.06,0.0,97.7,5.18
VIL_0188,2024-07-10 00:00:00,22.19,0.0,97.59,5.15
VIL_0189,2024-07-10 00:00:00,22.24,0.0,97.55,5.25
VIL_0190,2024-07-10 00:00:00,22.52,0.0,97.32,5.47
VIL_0191,2024-07-10 00:00:00,22.43,0.0,97.39,5.33
VIL_0192,2024-07-10 00:00:00,22.5,0.0,97.34,5.41
VIL_0193,2024-07-10 00:00:00,22.53,0.0,97.31,5.4
VIL_0194,2024-07-10 00:00:00,22.59,0.0,97.26,5.46
VIL_0195,2024-07-10 00:00:00,22.65,0.0,97.21,5.53
VIL_0196,2024-07-10 00:00:00,22.89,0.0,97.01,5.73
VIL_0197,2024-07-10 00:00:00,22.82,0.01,97.3,5.32
VIL_0198,2024-07-10 00:00:00,22.77,0.0,97.3,5.3
VIL_0199,2024-07-10 00:00:00,22.8,0.0,97.24,5.34
VIL_0200,2024-07-10 00:00:00,22.82,0.0,97.24,5.34
VIL_0201,2024-07-10 00:00:00,22.82,0.01,97.29,5.31
VIL_0202,2024-07-10 00:00:00,22.84,0.0,97.17,5.38
VIL_0203,2024-07-10 00:00:00,22.86,0.0,97.11,5.42
VIL_0204,2024-07-10 00:00:00,22.86,0.0,97.14,5.4
VIL_0205,2024-07-10 00:00:00,22.82,0.01,97.36,5.23
VIL_0206,2024-07-10 00:00:00,22.8,0.01,97.54,5.11
VIL_0207,2024-07-10 00:00:00,22.83,0.01,97.43,5.19
VIL_0208,2024-07-10 00:00:00,22.84,0.0,97.26,5.31
VIL_0209,2024-07-10 00:00:00,22.73,0.01,97.3,5.33
VIL_0210,2024-07-10 00:00:00,22.78,0.02,97.84,4.88
VIL_0211,2024-07-10 00:00:00,22.84,0.02,97.96,4.79
VIL_0212,2024-07-10 00:00:00,22.81,0.01,97.48,5.16
VIL_0213,2024-07-10 00:00:00,22.81,0.02,97.86,4.88
VIL_0214,2024-07-10 00:00:00,22.8,0.02,97.91,4.85
VIL_0215,2024-07-10 00:00:00,23.31,0.02,97.54,5.18
VIL_0216,2024-07-10 00:00:00,22.66,0.0,97.37,5.23
VIL_0217,2024-07-10 00:00:00,21.94,0.01,98.07,4.74
VIL_0218,2024-07-10 00:00:00,21.36,0.01,98.44,4.63
VIL_0219,2024-07-10 00:00:00,21.53,0.01,98.41,4.67
VIL_0220,2024-07-10 00:00:00,22.06,0.02,98.32,4.72
VIL_0221,2024-07-10 00:00:00,22.29,0.03,98.51,4.58
VIL_0222,2024-07-10 00:00:00,22.82,0.0,97.11,5.44
VIL_0223,2024-07-10 00:00:00,22.89,0.0,97.02,5.48
VIL_0224,2024-07-10 00:00:00,22.87,0.0,97.05,5.46
VIL_0225,2024-07-10 00:00:00,22.85,0.0,97.12,5.42
VIL_0226,2024-07-10 00:00:00,22.75,0.0,97.25,5.31
VIL_0227,2024-07-10 00:00:00,20.87,0.03,99.1,4.72
VIL_0228,2024-07-10 00:00:00,23.12,0.08,99.68,3.69
VIL_0229,2024-07-10 00:00:00,23.6,0.09,99.82,3.43
VIL_0230,2024-07-10 00:00:00,23.77,0.1,99.89,3.36
VIL_0231,2024-07-10 00:00:00,23.8,0.1,99.99,3.31
VIL_0232,2024-07-10 00:00:00,23.29,0.64,97.61,4.05
VIL_0233,2024-07-10 00:00:00,23.31,5.69,98.65,4.61
VIL_0234,2024-07-10 00:00:00,23.49,2.3,97.6,7.68
VIL_0235,2024-07-10 00:00:00,23.47,1.96,97.81,4.46
VIL_0236,2024-07-10 00:00:00,22.61,0.07,99.53,3.98
VIL_0237,2024-07-10 00:00:00,22.27,0.12,99.65,3.9
VIL_0238,2024-07-10 00:00:00,23.28,0.15,99.64,3.66
VIL_0239,2024-07-10 00:00:00,23.06,0.08,99.7,3.75
VIL_0240,2024-07-10 00:00:00,23.44,0.16,99.79,3.9
VIL_0241,2024-07-10 00:00:00,23.35,0.18,99.71,4.01
VIL_0242,2024-07-10 00:00:00,23.74,0.11,99.79,3.41
VIL_0243,2024-07-10 00:00:00,23.71,0.11,99.64,3.51
VIL_0244,2024-07-10 00:00:00,23.64,0.13,99.37,3.66
VIL_0245,2024-07-10 00:00:00,23.34,0.19,99.58,4.02
VIL_0246,2024-07-10 00:00:00,23.3,0.21,99.34,4.13
VIL_0247,2024-07-10 00:00:00,23.14,0.27,99.44,4.1
VIL_0248,2024-07-10 00:00:00,23.18,0.06,99.07,3.98
VIL_0249,2024-07-10 00:00:00,23.42,0.07,99.35,3.79
VIL_0250,2024-07-10 00:00:00,23.6,0.11,99.11,3.88
VIL_0251,2024-07-10 00:00:00,23.59,0.13,98.91,4.0
VIL_0252,2024-07-10 00:00:00,23.58,0.1,98.62,4.29
VIL_0253,2024-07-10 00:00:00,23.57,0.11,98.78,4.14
VIL_0254,2024-07-10 00:00:00,23.54,0.1,98.5,4.37
VIL_0255,2024-07-10 00:00:00,23.48,0.1,98.61,4.26
VIL_0256,2024-07-10 00:00:00,23.47,0.1,98.69,4.19
VIL_0257,2024-07-10 00:00:00,23.2,0.05,98.85,4.17
VIL_0258,2024-07-10 00:00:00,23.01,0.04,98.48,4.43
VIL_0259,2024-07-10 00:00:00,22.93,0.03,98.29,4.56
VIL_0260,2024-07-10 00:00:00,22.84,0.02,97.75,4.95
VIL_0261,2024-07-10 00:00:00,22.9,0.02,98.08,4.72
VIL_0262,2024-07-10 00:00:00,23.01,0.03,98.36,4.53
VIL_0263,2024-07-10 00:00:00,22.95,0.03,98.23,4.62
VIL_0264,2024-07-10 00:00:00,22.87,0.02,97.98,4.8
VIL_0265,2024-07-10 00:00:00,22.81,0.01,97.71,4.98
VIL_0266,2024-07-10 00:00:00,22.83,0.02,97.88,4.87
VIL_0267,2024-07-10 00:00:00,22.83,0.02,97.97,4.81
VIL_0268,2024-07-10 00:00:00,22.92,0.02,98.15,4.69
VIL_0269,2024-07-10 00:00:00,23.01,0.03,98.31,4.58
VIL_0270,2024-07-10 00:00:00,23.42,0.1,98.49,4.34
VIL_0271,2024-07-10 00:00:00,22.87,0.02,98.13,4.7
VIL_0272,2024-07-10 00:00:00,22.9,0.02,98.13,4.7
VIL_0273,2024-07-10 00:00:00,22.97,0.02,98.24,4.63
VIL_0274,2024-07-10 00:00:00,23.39,0.08,97.92,5.28
VIL_0275,2024-07-10 00:00:00,23.4,0.08,97.91,5.34
VIL_0276,2024-07-10 00:00:00,23.47,0.09,97.99,5.33
VIL_0277,2024-07-10 00:00:00,23.43,0.08,97.99,5.24
VIL_0278,2024-07-10 00:00:00,23.4,0.1,98.4,4.4
VIL_0279,2024-07-10 00:00:00,23.46,0.1,98.48,4.35
VIL_0280,2024-07-10 00:00:00,23.57,0.08,98.12,5.21
VIL_0281,2024-07-10 00:00:00,23.54,0.08,98.09,5.25
VIL_0282,2024-07-10 00:00:00,23.49,0.08,98.05,5.24
VIL_0283,2024-07-10 00:00:00,23.54,0.09,98.04,5.35
VIL_0284,2024-07-10 00:00:00,23.51,0.09,98.02,5.36
VIL_0285,2024-07-10 00:00:00,23.47,0.1,97.98,5.39
VIL_0286,2024-07-10 00:00:00,23.48,0.11,97.94,5.5
VIL_0287,2024-07-10 00:00:00,23.51,0.11,97.97,5.5
VIL_0288,2024-07-10 00:00:00,23.54,0.1,98.01,5.43
VIL_0289,2024-07-10 00:00:00,23.54,0.11,97.98,5.51
VIL_0290,2024-07-10 00:00:00,23.51,0.12,97.95,5.58
VIL_0291,2024-07-10 00:00:00,23.52,0.13,97.92,5.68
VIL_0292,2024-07-10 00:00:00,23.54,0.13,97.92,5.72
VIL_0293,2024-07-10 00:00:00,23.55,0.12,97.95,5.64
VIL_0294,2024-07-10 00:00:00,23.57,0.12,97.95,5.66
VIL_0295,2024-07-10 00:00:00,23.57,0.11,97.98,5.56
VIL_0296,2024-07-10 00:00:00,23.59,0.09,98.07,5.32
VIL_0297,2024-07-10 00:00:00,23.61,0.07,98.1,5.24
VIL_0298,2024-07-10 00:00:00,23.62,0.17,98.34,5.03
VIL_0299,2024-07-10 00:00:00,23.62,0.16,98.23,5.14
VIL_0300,2024-07-10 00:00:00,23.61,0.19,98.16,5.4
VIL_0301,2024-07-10 00:00:00,23.61,0.19,98.23,5.29
VIL_0302,2024-07-10 00:00:00,23.6,0.23,98.2,5.51
VIL_0303,2024-07-10 00:00:00,23.61,0.21,98.3,5.24
VIL_0304,2024-07-10 00:00:00,23.58,0.14,97.9,5.85
VIL_0305,2024-07-10 00:00:00,23.57,0.16,97.85,6.02
VIL_0306,2024-07-10 00:00:00,23.56,0.14,97.9,5.84
VIL_0307,2024-07-10 00:00:00,23.54,0.14,97.89,5.83
VIL_0308,2024-07-10 00:00:00,23.56,0.17,97.84,6.03
VIL_0309,2024-07-10 00:00:00,23.56,0.18,97.8,6.16
VIL_0310,2024-07-10 00:00:00,23.59,0.27,98.15,5.75
VIL_0311,2024-07-10 00:00:00,23.58,0.29,98.1,5.91
VIL_0312,2024-07-10 00:00:00,23.58,0.3,98.01,6.14
VIL_0313,2024-07-10 00:00:00,23.58,0.31,98.02,6.17
VIL_0314,2024-07-10 00:00:00,23.51,1.06,97.91,6.45
VIL_0315,2024-07-10 00:00:00,23.58,0.31,98.07,6.06
VIL_0316,2024-07-10 00:00:00,23.51,1.09,97.91,6.48
VIL_0317,2024-07-10 00:00:00,23.51,1.19,97.84,6.74
VIL_0318,2024-07-10 00:00:00,23.52,1.04,97.78,6.86
VIL_0319,2024-07-10 00:00:00,23.53,0.95,97.76,6.87
VIL_0320,2024-07-10 00:00:00,23.55,0.09,98.45,4.42
VIL_0321,2024-07-10 00:00:00,23.65,0.1,98.3,4.86
VIL_0322,2024-07-10 00:00:00,23.59,0.08,98.44,4.45
VIL_0323,2024-07-10 00:00:00,23.65,0.09,98.3,4.82
VIL_0324,2024-07-10 00:00:00,23.66,0.06,98.23,4.82
VIL_0325,2024-07-10 00:00:00,23.64,0.09,98.37,4.65
VIL_0326,2024-07-10 00:00:00,23.61,0.13,98.51,4.47
VIL_0327,2024-07-10 00:00:00,23.33,0.2,98.96,4.29
VIL_0328,2024-07-10 00:00:00,23.64,0.08,98.24,4.74
VIL_0329,2024-07-10 00:00:00,23.57,0.15,98.41,4.52
VIL_0330,2024-07-10 00:00:00,23.63,0.09,98.2,4.83
VIL_0331,2024-07-10 00:00:00,23.66,0.06,98.1,4.96
VIL_0332,2024-07-10 00:00:00,23.69,0.01,98.02,4.98
VIL_0333,2024-07-10 00:00:00,23.69,0.02,98.04,4.97
VIL_0334,2024-07-10 00:00:00,23.66,0.07,98.19,4.91
VIL_0335,2024-07-10 00:00:00,23.67,0.06,98.1,4.99
VIL_0336,2024-07-10 00:00:00,23.65,0.1,98.17,5.02
VIL_0337,2024-07-10 00:00:00,23.51,1.23,97.8,6.91
VIL_0338,2024-07-10 00:00:00,23.51,1.25,97.74,7.11
VIL_0339,2024-07-10 00:00:00,23.5,1.37,97.79,6.99
VIL_0340,2024-07-10 00:00:00,23.5,1.42,97.72,7.26
VIL_0341,2024-07-10 00:00:00,23.49,1.52,97.78,7.12
VIL_0342,2024-07-10 00:00:00,23.5,2.32,97.68,7.31
VIL_0343,2024-07-10 00:00:00,23.51,2.14,97.63,7.41
VIL_0344,2024-07-10 00:00:00,23.51,2.01,97.57,7.58
VIL_0345,2024-07-10 00:00:00,23.53,1.67,97.45,7.86
VIL_0346,2024-07-10 00:00:00,23.51,2.0,97.55,7.67
VIL_0347,2024-07-10 00:00:00,23.49,2.31,97.63,7.5
VIL_0348,2024-07-10 00:00:00,23.47,2.68,97.76,7.2
VIL_0349,2024-07-10 00:00:00,23.45,2.98,97.83,7.05
VIL_0350,2024-07-10 00:00:00,23.42,3.46,97.96,6.83
VIL_0351,2024-07-10 00:00:00,23.39,3.88,98.07,6.64
VIL_0352,2024-07-10 00:00:00,23.36,4.37,98.2,6.41
VIL_0353,2024-07-10 00:00:00,23.53,1.06,97.68,7.19
VIL_0354,2024-07-10 00:00:00,23.54,0.9,97.56,7.49
VIL_0355,2024-07-10 00:00:00,23.56,0.81,97.37,8.02
VIL_0356,2024-07-10 00:00:00,23.53,1.01,97.58,7.47
VIL_0357,2024-07-10 00:00:00,23.54,1.02,97.49,7.76
VIL_0358,2024-07-10 00:00:00,23.52,1.13,97.61,7.44
VIL_0359,2024-07-10 00:00:00,23.52,1.22,97.55,7.68
VIL_0360,2024-07-10 00:00:00,23.54,1.02,97.44,7.92
VIL_0361,2024-07-10 00:00:00,23.57,0.73,97.22,8.44
VIL_0362,2024-07-10 00:00:00,23.58,0.59,97.15,8.58
VIL_0363,2024-07-10 00:00:00,23.57,0.44,97.24,8.18
VIL_0364,2024-07-10 00:00:00,23.57,0.47,97.15,8.49
VIL_0365,2024-07-10 00:00:00,23.53,0.44,97.29,8.04
VIL_0366,2024-07-10 00:00:00,23.51,0.43,97.29,8.0
VIL_0367,2024-07-10 00:00:00,23.46,0.4,97.43,7.51
VIL_0368,2024-07-10 00:00:00,23.39,0.36,97.48,7.21
VIL_0369,2024-07-10 00:00:00,23.44,1.1,97.38,8.02
VIL_0370,2024-07-10 00:00:00,23.59,0.6,97.09,8.8
VIL_0371,2024-07-10 00:00:00,23.59,0.49,97.06,8.79
VIL_0372,2024-07-10 00:00:00,23.59,0.58,97.1,8.73
VIL_0373,2024-07-10 00:00:00,23.6,0.5,97.0,8.99
VIL_0374,2024-07-10 00:00:00,23.53,1.73,97.46,7.89
VIL_0375,2024-07-10 00:00:00,23.54,1.1,97.39,8.09
VIL_0376,2024-07-10 00:00:00,23.57,0.83,97.23,8.45
VIL_0377,2024-07-10 00:00:00,23.57,0.82,97.2,8.53
VIL_0378,2024-07-10 00:00:00,23.55,1.14,97.22,8.48
VIL_0379,2024-07-10 00:00:00,23.44,2.38,97.47,7.96
VIL_0380,2024-07-10 00:00:00,23.37,3.61,97.87,7.26
VIL_0381,2024-07-10 00:00:00,23.55,1.31,97.29,8.3
VIL_0382,2024-07-10 00:00:00,23.53,1.77,97.45,7.93
VIL_0383,2024-07-10 00:00:00,23.43,2.71,97.6,7.76
VIL_0384,2024-07-10 00:00:00,23.45,3.02,97.83,7.11
VIL_0385,2024-07-10 00:00:00,23.46,2.8,97.76,7.3
VIL_0386,2024-07-10 00:00:00,23.43,3.32,97.92,6.96
VIL_0387,2024-07-10 00:00:00,23.39,4.01,98.11,6.62
VIL_0388,2024-07-10 00:00:00,23.38,4.0,98.11,6.66
VIL_0389,2024-07-10 00:00:00,23.41,3.64,98.0,6.89
VIL_0390,2024-07-10 00:00:00,23.41,3.62,98.0,6.94
VIL_0391,2024-07-10 00:00:00,23.37,4.29,98.19,6.58
VIL_0392,2024-07-10 00:00:00,23.35,4.51,98.26,6.49
VIL_0393,2024-07-10 00:00:00,23.28,5.19,98.36,6.38
VIL_0394,2024-07-10 00:00:00,23.27,6.0,98.71,5.82
VIL_0395,2024-07-10 00:00:00,21.93,5.35,99.27,5.05
VIL_0396,2024-07-10 00:00:00,23.26,6.25,98.79,5.66
VIL_0397,2024-07-10 00:00:00,23.23,6.53,98.88,5.6
VIL_0398,2024-07-10 00:00:00,23.21,6.72,98.96,5.59
VIL_0399,2024-07-10 00:00:00,23.22,6.65,98.92,5.58
VIL_0400,2024-07-10 00:00:00,23.22,6.56,98.91,5.66
VIL_0401,2024-07-10 00:00:00,23.22,6.62,98.92,5.62
VIL_0402,2024-07-10 00:00:00,23.2,6.79,99.0,5.6
VIL_0403,2024-07-10 00:00:00,23.22,6.65,98.92,5.58
VIL_0404,2024-07-10 00:00:00,23.23,6.48,98.81,5.53
VIL_0405,2024-07-10 00:00:00,23.27,6.08,98.54,5.41
VIL_0406,2024-07-10 00:00:00,23.23,6.5,98.85,5.58
VIL_0407,2024-07-10 00:00:00,23.26,6.18,98.64,5.5
VIL_0408,2024-07-10 00:00:00,23.27,6.08,98.63,5.56
VIL_0409,2024-07-10 00:00:00,23.29,5.88,98.54,5.55
VIL_0410,2024-07-10 00:00:00,23.29,5.87,98.57,5.62
VIL_0411,2024-07-10 00:00:00,23.29,5.85,98.58,5.68
VIL_0412,2024-07-10 00:00:00,23.3,5.75,98.56,5.77
VIL_0413,2024-07-10 00:00:00,23.3,5.65,98.54,5.85
VIL_0414,2024-07-10 00:00:00,23.31,5.48,98.5,5.96
VIL_0415,2024-07-10 00:00:00,23.33,5.21,98.43,6.14
VIL_0416,2024-07-10 00:00:00,23.32,5.28,98.46,6.14
VIL_0417,2024-07-10 00:00:00,23.26,6.13,98.7,5.67
VIL_0418,2024-07-10 00:00:00,23.25,6.26,98.74,5.59
VIL_0419,2024-07-10 00:00:00,23.24,6.33,98.8,5.68
VIL_0420,2024-07-10 00:00:00,23.25,6.23,98.78,5.76
VIL_0421,2024-07-10 00:00:00,23.28,5.78,98.63,5.93
VIL_0422,2024-07-10 00:00:00,23.28,5.85,98.66,5.94
VIL_0423,2024-07-10 00:00:00,23.28,5.81,98.65,5.97
VIL_0424,2024-07-10 00:00:00,23.32,4.65,98.21,6.67
VIL_0425,2024-07-10 00:00:00,23.29,5.04,98.34,6.46
VIL_0426,2024-07-10 00:00:00,23.32,4.57,98.18,6.72
VIL_0427,2024-07-10 00:00:00,23.31,5.42,98.51,6.09
VIL_0428,2024-07-10 00:00:00,23.27,5.99,98.67,5.76
VIL_0429,2024-07-10 00:00:00,20.49,0.16,99.81,10.76
VIL_0430,2024-07-10 00:00:00,20.0,0.1,100.0,11.99
VIL_0431,2024-07-10 00:00:00,22.6,0.4,98.87,5.72
VIL_0432,2024-07-10 00:00:00,22.62,0.51,99.46,4.33
VIL_0433,2024-07-10 00:00:00,22.73,0.58,99.72,3.37
VIL_0434,2024-07-10 00:00:00,22.88,0.64,99.85,2.54
VIL_0435,2024-07-10 00:00:00,22.98,0.68,99.93,2.04
VIL_0436,2024-07-10 00:00:00,23.0,0.7,100.0,1.82
VIL_0437,2024-07-10 00:00:00,22.98,0.58,99.79,2.61
VIL_0438,2024-07-10 00:00:00,23.18,0.32,99.21,3.87
VIL_0439,2024-07-10 00:00:00,23.3,0.41,98.87,3.85
VIL_0440,2024-07-10 00:00:00,22.93,0.64,99.81,2.49
VIL_0441,2024-07-10 00:00:00,22.95,0.16,96.79,8.96
VIL_0442,2024-07-10 00:00:00,22.88,0.14,96.74,9.32
VIL_0443,2024-07-10 00:00:00,22.66,0.17,97.1,9.36
VIL_0444,2024-07-10 00:00:00,22.9,0.16,96.69,9.4
VIL_0445,2024-07-10 00:00:00,22.99,0.15,96.53,9.44
VIL_0446,2024-07-10 00:00:00,23.06,0.14,96.4,9.49
VIL_0447,2024-07-10 00:00:00,23.11,0.12,96.24,9.62
VIL_0448,2024-07-10 00:00:00,23.12,0.12,96.23,9.61
VIL_0449,2024-07-10 00:00:00,23.2,0.1,96.0,9.8
VIL_0450,2024-07-10 00:00:00,23.16,0.11,96.11,9.72
VIL_0451,2024-07-10 00:00:00,23.13,0.13,96.23,9.58
VIL_0452,2024-07-10 00:00:00,23.12,0.12,96.22,9.62
VIL_0453,2024-07-10 00:00:00,22.84,0.24,97.49,7.85
VIL_0454,2024-07-10 00:00:00,23.29,2.82,97.31,7.81
VIL_0455,2024-07-10 00:00:00,22.16,1.49,97.43,8.27
VIL_0456,2024-07-10 00:00:00,23.22,0.98,96.92,8.3
VIL_0457,2024-07-10 00:00:00,23.23,1.15,97.04,8.14
VIL_0458,2024-07-10 00:00:00,23.25,1.38,97.19,7.93
VIL_0459,2024-07-10 00:00:00,23.26,1.86,97.44,7.61
VIL_0460,2024-07-10 00:00:00,23.22,0.8,96.8,8.49
VIL_0461,2024-07-10 00:00:00,22.93,0.19,96.84,9.13
VIL_0462,2024-07-10 00:00:00,22.92,0.18,96.81,9.2
VIL_0463,2024-07-10 00:00:00,22.79,0.2,97.07,9.12
VIL_0464,2024-07-10 00:00:00,23.0,0.17,96.62,9.29
VIL_0465,2024-07-10 00:00:00,23.01,0.17,96.63,9.25
VIL_0466,2024-07-10 00:00:00,22.98,0.16,96.61,9.36
VIL_0467,2024-07-10 00:00:00,22.86,0.17,96.84,9.29
VIL_0468,2024-07-10 00:00:00,22.72,0.2,97.15,9.15
VIL_0469,2024-07-10 00:00:00,22.64,0.2,97.28,9.14
VIL_0470,2024-07-10 00:00:00,22.56,0.2,97.35,9.22
VIL_0471,2024-07-10 00:00:00,23.33,3.04,97.5,7.65
VIL_0472,2024-07-10 00:00:00,23.28,2.09,97.56,7.47
VIL_0473,2024-07-10 00:00:00,23.25,1.27,97.18,7.95
VIL_0474,2024-07-10 00:00:00,23.31,1.67,97.49,7.61
VIL_0475,2024-07-10 00:00:00,23.34,1.63,97.51,7.63
VIL_0476,2024-07-10 00:00:00,23.34,1.32,97.44,7.69
VIL_0477,2024-07-10 00:00:00,23.28,1.09,97.26,7.82
VIL_0478,2024-07-10 00:00:00,23.26,1.08,97.14,8.0
VIL_0479,2024-07-10 00:00:00,23.23,0.84,96.9,8.33
VIL_0480,2024-07-10 00:00:00,23.02,0.18,96.64,9.2
VIL_0481,2024-07-10 00:00:00,23.03,0.18,96.65,9.16
VIL_0482,2024-07-10 00:00:00,23.27,0.24,96.92,8.08
VIL_0483,2024-07-10 00:00:00,23.31,0.29,97.11,7.79
VIL_0484,2024-07-10 00:00:00,23.28,0.28,97.16,7.62
VIL_0485,2024-07-10 00:00:00,22.98,0.23,96.97,8.7
VIL_0486,2024-07-10 00:00:00,23.05,0.17,96.58,9.19
VIL_0487,2024-07-10 00:00:00,23.31,0.36,97.72,6.52
VIL_0488,2024-07-10 00:00:00,23.39,0.38,97.83,6.4
VIL_0489,2024-07-10 00:00:00,23.47,0.38,97.68,6.83
VIL_0490,2024-07-10 00:00:00,23.52,0.38,97.56,7.15
VIL_0491,2024-07-10 00:00:00,23.48,0.31,97.93,6.02
VIL_0492,2024-07-10 00:00:00,23.43,0.36,97.95,6.05
VIL_0493,2024-07-10 00:00:00,23.29,0.4,98.16,5.57
VIL_0494,2024-07-10 00:00:00,22.85,0.47,99.08,4.44
VIL_0495,2024-07-10 00:00:00,22.94,0.58,99.61,2.95
VIL_0496,2024-07-10 00:00:00,23.3,0.41,98.7,4.28
VIL_0497,2024-07-10 00:00:00,23.17,0.52,99.08,3.61
VIL_0498,2024-07-10 00:00:00,23.29,0.42,98.55,4.67
VIL_0499,2024-07-10 00:00:00,23.39,0.35,98.27,5.22
VIL_0500,2024-07-10 00:00:00,23.49,0.24,98.22,5.09
VIL_0501,2024-07-10 00:00:00,23.53,0.22,98.07,5.39
VIL_0502,2024-07-10 00:00:00,22.96,0.22,96.98,8.65
VIL_0503,2024-07-10 00:00:00,23.24,0.31,97.45,6.97
VIL_0504,2024-07-10 00:00:00,23.23,0.36,97.87,6.11
VIL_0505,2024-07-10 00:00:00,23.25,0.35,97.77,6.33
VIL_0506,2024-07-10 00:00:00,22.8,0.36,98.42,6.01
VIL_0507,2024-07-10 00:00:00,23.54,0.32,97.67,6.69
VIL_0508,2024-07-10 00:00:00,23.55,0.25,97.86,6.04
VIL_0509,2024-07-10 00:00:00,23.62,0.15,98.15,5.17
VIL_0510,2024-07-10 00:00:00,23.63,0.13,98.13,5.19
VIL_0511,2024-07-10 00:00:00,23.61,0.17,98.11,5.37
VIL_0512,2024-07-10 00:00:00,23.55,0.3,97.68,6.65
VIL_0513,2024-07-10 00:00:00,23.61,0.19,98.12,5.46
VIL_0514,2024-07-10 00:00:00,23.59,0.28,97.95,6.1
VIL_0515,2024-07-10 00:00:00,23.6,0.26,98.02,5.9
VIL_0516,2024-07-10 00:00:00,23.58,0.34,97.78,6.7
VIL_0517,2024-07-10 00:00:00,23.56,0.7,97.48,7.62
VIL_0518,2024-07-10 00:00:00,23.55,0.74,97.55,7.41
VIL_0519,2024-07-10 00:00:00,23.54,0.83,97.66,7.11
VIL_0520,2024-07-10 00:00:00,23.58,0.33,97.89,6.46
VIL_0521,2024-07-10 00:00:00,23.59,0.32,97.88,6.44
VIL_0522,2024-07-10 00:00:00,23.59,0.28,98.04,5.97
VIL_0523,2024-07-10 00:00:00,17.69,0.68,99.69,6.7
VIL_0524,2024-07-10 00:00:00,19.93,1.95,99.79,4.97
VIL_0525,2024-07-10 00:00:00,23.3,6.01,98.97,4.58
VIL_0526,2024-07-10 00:00:00,22.71,3.87,100.0,2.62
VIL_0527,2024-07-10 00:00:00,22.82,4.85,99.77,3.25
VIL_0528,2024-07-10 00:00:00,23.39,6.04,99.62,3.44
VIL_0529,2024-07-10 00:00:00,23.39,6.16,99.58,3.54
VIL_0530,2024-07-10 00:00:00,23.35,6.01,99.27,3.98
VIL_0531,2024-07-10 00:00:00,23.32,5.96,98.89,4.48
VIL_0532,2024-07-10 00:00:00,23.34,6.02,99.08,4.24
VIL_0533,2024-07-10 00:00:00,23.3,6.0,98.88,4.65
VIL_0534,2024-07-10 00:00:00,23.29,5.87,98.53,4.95
VIL_0535,2024-07-10 00:00:00,23.28,6.05,98.73,4.95
VIL_0536,2024-07-10 00:00:00,23.27,6.11,98.7,5.08
VIL_0537,2024-07-10 00:00:00,23.25,6.29,98.81,5.18
VIL_0538,2024-07-10 00:00:00,23.25,6.35,98.75,5.47
VIL_0539,2024-07-10 00:00:00,23.27,5.97,98.49,5.18
VIL_0540,2024-07-10 00:00:00,23.28,5.87,98.43,5.11
VIL_0541,2024-07-10 00:00:00,23.29,5.71,98.26,5.13
VIL_0542,2024-07-10 00:00:00,23.3,5.61,98.17,5.1
VIL_0543,2024-07-10 00:00:00,23.3,5.56,98.09,5.16
VIL_0544,2024-07-10 00:00:00,23.31,5.87,98.65,4.74
VIL_0545,2024-07-10 00:00:00,23.33,5.96,98.84,4.46
VIL_0546,2024-07-10 00:00:00,23.39,6.36,99.35,3.88
VIL_0547,2024-07-10 00:00:00,23.4,6.45,99.51,3.7
VIL_0548,2024-07-10 00:00:00,23.42,6.53,99.72,3.43
VIL_0549,2024-07-10 00:00:00,23.39,6.05,99.83,3.04
VIL_0550,2024-07-10 00:00:00,23.41,6.38,99.89,3.07
VIL_0551,2024-07-10 00:00:00,23.34,5.11,99.87,2.7
VIL_0552,2024-07-10 00:00:00,23.34,4.92,99.9,2.61
VIL_0553,2024-07-10 00:00:00,22.88,3.12,100.0,2.24
VIL_0554,2024-07-10 00:00:00,23.27,3.22,99.95,2.05
VIL_0555,2024-07-10 00:00:00,23.37,5.48,99.93,2.75
VIL_0556,2024-07-10 00:00:00,23.26,2.82,99.96,1.91
VIL_0557,2024-07-10 00:00:00,23.42,6.35,99.95,2.99
VIL_0558,2024-07-10 00:00:00,23.5,7.79,100.0,3.4
VIL_0559,2024-07-10 00:00:00,23.48,7.54,99.97,3.35
VIL_0560,2024-07-10 00:00:00,23.47,7.42,99.95,3.34
VIL_0561,2024-07-10 00:00:00,23.42,6.71,99.57,3.67
VIL_0562,2024-07-10 00:00:00,23.33,5.81,98.58,4.66
VIL_0563,2024-07-10 00:00:00,23.34,5.97,98.82,4.44
VIL_0564,2024-07-10 00:00:00,23.32,5.74,98.43,4.84
VIL_0565,2024-07-10 00:00:00,23.3,5.74,98.39,4.95
VIL_0566,2024-07-10 00:00:00,23.3,5.52,98.04,5.17
VIL_0567,2024-07-10 00:00:00,23.3,5.5,98.0,5.2
VIL_0568,2024-07-10 00:00:00,23.28,5.79,98.35,5.14
VIL_0569,2024-07-10 00:00:00,23.29,5.66,98.22,5.12
VIL_0570,2024-07-10 00:00:00,23.28,5.97,98.49,5.4
VIL_0571,2024-07-10 00:00:00,23.29,5.93,98.47,5.4
VIL_0572,2024-07-10 00:00:00,23.3,5.84,98.39,5.33
VIL_0573,2024-07-10 00:00:00,23.3,5.88,98.46,5.39
VIL_0574,2024-07-10 00:00:00,23.3,5.85,98.47,5.42
VIL_0575,2024-07-10 00:00:00,23.29,5.77,98.39,5.05
VIL_0576,2024-07-10 00:00:00,23.29,5.83,98.54,4.95
VIL_0577,2024-07-10 00:00:00,23.29,5.79,98.53,4.92
VIL_0578,2024-07-10 00:00:00,23.3,5.75,98.51,4.89
VIL_0579,2024-07-10 00:00:00,23.29,5.78,98.46,4.99
VIL_0580,2024-07-10 00:00:00,23.3,5.64,98.22,5.1
VIL_0581,2024-07-10 00:00:00,23.3,5.54,98.06,5.17
VIL_0582,2024-07-10 00:00:00,23.3,5.73,98.51,4.86
VIL_0583,2024-07-10 00:00:00,23.31,5.7,98.61,4.71
VIL_0584,2024-07-10 00:00:00,23.31,5.69,98.5,4.81
VIL_0585,2024-07-10 00:00:00,23.3,5.67,98.36,4.94
VIL_0586,2024-07-10 00:00:00,23.3,5.63,98.27,5.01
VIL_0587,2024-07-10 00:00:00,23.3,5.66,98.31,5.01
VIL_0588,2024-07-10 00:00:00,23.29,5.9,98.48,5.43
VIL_0589,2024-07-10 00:00:00,23.3,5.6,98.2,5.07
VIL_0590,2024-07-10 00:00:00,23.3,5.53,98.05,5.17
VIL_0591,2024-07-10 00:00:00,23.31,5.62,98.28,4.97
VIL_0592,2024-07-10 00:00:00,23.31,5.67,98.42,4.83
VIL_0593,2024-07-10 00:00:00,23.3,5.57,98.13,5.09
VIL_0594,2024-07-10 00:00:00,23.34,5.93,98.8,4.43
VIL_0595,2024-07-10 00:00:00,23.34,5.85,98.81,4.4
VIL_0596,2024-07-10 00:00:00,23.33,5.72,98.81,4.4
VIL_0597,2024-07-10 00:00:00,23.33,5.73,98.74,4.48
VIL_0598,2024-07-10 00:00:00,23.28,5.41,99.08,3.72
VIL_0599,2024-07-10 00:00:00,23.26,5.26,99.13,3.59
VIL_0600,2024-07-10 00:00:00,23.27,5.3,99.11,3.63
VIL_0601,2024-07-10 00:00:00,23.29,5.44,99.28,3.46
VIL_0602,2024-07-10 00:00:00,23.31,5.59,99.18,3.66
VIL_0603,2024-07-10 00:00:00,23.3,5.52,99.38,3.37
VIL_0604,2024-07-10 00:00:00,23.27,5.34,99.49,3.13
VIL_0605,2024-07-10 00:00:00,23.28,5.41,99.54,3.1
VIL_0606,2024-07-10 00:00:00,23.31,5.62,99.74,2.94
VIL_0607,2024-07-10 00:00:00,23.33,5.85,99.58,3.24
VIL_0608,2024-07-10 00:00:00,23.32,5.75,99.23,3.66
VIL_0609,2024-07-10 00:00:00,23.37,6.17,99.49,3.48
VIL_0610,2024-07-10 00:00:00,23.39,6.29,99.28,3.93
VIL_0611,2024-07-10 00:00:00,23.39,6.39,99.77,3.2
VIL_0612,2024-07-10 00:00:00,23.37,6.13,99.82,3.04
VIL_0613,2024-07-10 00:00:00,23.35,5.85,99.88,2.87
VIL_0614,2024-07-10 00:00:00,23.27,4.82,99.89,2.49
VIL_0615,2024-07-10 00:00:00,23.3,4.63,99.92,2.44
VIL_0616,2024-07-10 00:00:00,23.41,6.42,99.95,3.01
VIL_0617,2024-07-10 00:00:00,23.47,7.35,99.96,3.3
VIL_0618,2024-07-10 00:00:00,23.24,4.86,99.84,2.5
VIL_0619,2024-07-10 00:00:00,17.34,0.5,99.58,7.24
VIL_0620,2024-07-10 00:00:00,17.26,0.45,99.55,7.37
VIL_0621,2024-07-10 00:00:00,17.15,0.4,99.5,7.56
VIL_0622,2024-07-10 00:00:00,16.7,0.14,99.43,8.05
VIL_0623,2024-07-10 00:00:00,16.79,0.12,99.84,6.86
VIL_0624,2024-07-10 00:00:00,17.68,0.64,99.71,6.64
VIL_0625,2024-07-10 00:00:00,19.75,1.62,99.78,5.05
VIL_0626,2024-07-10 00:00:00,16.9,0.2,99.68,7.22
VIL_0627,2024-07-10 00:00:00,17.09,0.3,99.58,7.37
VIL_0628,2024-07-10 00:00:00,16.56,0.07,99.27,8.55
VIL_0629,2024-07-10 00:00:00,16.69,0.11,99.32,8.33
VIL_0630,2024-07-10 00:00:00,17.01,0.22,99.41,7.84
VIL_0631,2024-07-10 00:00:00,16.82,0.16,99.36,8.12
VIL_0632,2024-07-10 00:00:00,16.95,0.19,99.43,7.8
VIL_0633,2024-07-10 00:00:00,17.33,0.31,99.52,7.27
VIL_0634,2024-07-10 00:00:00,17.04,0.23,99.42,7.78
VIL_0635,2024-07-10 00:00:00,17.41,0.23,99.47,7.39
VIL_0636,2024-07-10 00:00:00,17.97,0.36,99.54,6.79
VIL_0637,2024-07-10 00:00:00,18.05,0.57,99.59,6.51
VIL_0638,2024-07-10 00:00:00,19.45,0.83,99.75,4.96
VIL_0639,2024-07-10 00:00:00,22.44,2.47,100.0,2.35
VIL_0640,2024-07-10 00:00:00,22.6,2.13,100.0,2.09
VIL_0641,2024-07-10 00:00:00,22.91,2.06,100.0,1.87
VIL_0642,2024-07-10 00:00:00,19.61,1.05,99.74,4.85
VIL_0643,2024-07-10 00:00:00,22.25,2.25,100.0,2.36
VIL_0644,2024-07-10 00:00:00,18.98,0.88,99.68,5.51
VIL_0645,2024-07-10 00:00:00,18.68,0.83,99.64,5.85
VIL_0646,2024-07-10 00:00:00,18.68,0.52,99.62,6.06
VIL_0647,2024-07-10 00:00:00,18.6,0.52,99.61,6.16
VIL_0648,2024-07-10 00:00:00,18.62,0.53,99.61,6.15
VIL_0649,2024-07-10 00:00:00,19.5,1.47,99.7,5.28
VIL_0650,2024-07-10 00:00:00,20.09,1.72,99.75,4.73
VIL_0651,2024-07-10 00:00:00,21.91,2.12,99.81,3.17
VIL_0652,2024-07-10 00:00:00,19.36,0.72,99.68,5.43
VIL_0653,2024-07-10 00:00:00,19.82,1.64,99.73,4.96
VIL_0654,2024-07-10 00:00:00,22.12,2.21,99.84,2.9
VIL_0655,2024-07-10 00:00:00,23.16,2.09,100.0,2.4
VIL_0656,2024-07-10 00:00:00,22.23,1.93,99.85,3.11
VIL_0657,2024-07-10 00:00:00,23.34,1.9,99.82,2.32
VIL_0658,2024-07-10 00:00:00,23.38,2.27,100.0,1.9
VIL_0659,2024-07-10 00:00:00,23.29,2.09,100.0,1.92
VIL_0660,2024-07-10 00:00:00,23.27,2.3,100.0,1.83
VIL_0661,2024-07-10 00:00:00,22.41,2.16,100.0,2.08
VIL_0662,2024-07-10 00:00:00,23.19,2.47,100.0,1.63
VIL_0663,2024-07-10 00:00:00,23.16,2.64,100.0,1.61
VIL_0664,2024-07-10 00:00:00,23.17,1.93,100.0,1.49
VIL_0665,2024-07-10 00:00:00,23.19,1.39,100.0,1.42
VIL_0666,2024-07-10 00:00:00,23.21,2.11,100.0,1.61
VIL_0667,2024-07-10 00:00:00,23.23,2.15,99.97,1.69
VIL_0668,2024-07-10 00:00:00,23.2,1.1,100.0,1.37
VIL_0669,2024-07-10 00:00:00,23.13,1.46,100.0,1.53
VIL_0670,2024-07-10 00:00:00,23.2,0.86,100.0,1.31
VIL_0671,2024-07-10 00:00:00,23.23,5.11,99.57,2.92
VIL_0672,2024-07-10 00:00:00,23.26,5.27,99.23,3.46
VIL_0673,2024-07-10 00:00:00,23.26,5.25,99.31,3.34
VIL_0674,2024-07-10 00:00:00,23.26,5.27,99.35,3.29
VIL_0675,2024-07-10 00:00:00,23.24,5.17,99.39,3.19
VIL_0676,2024-07-10 00:00:00,23.25,5.18,99.32,3.29
VIL_0677,2024-07-10 00:00:00,23.24,5.12,99.36,3.21
VIL_0678,2024-07-10 00:00:00,23.22,5.05,99.47,3.02
VIL_0679,2024-07-10 00:00:00,23.48,4.93,98.22,4.6
VIL_0680,2024-07-10 00:00:00,23.5,4.8,98.14,4.66
VIL_0681,2024-07-10 00:00:00,23.49,4.71,98.19,4.53
VIL_0682,2024-07-10 00:00:00,23.54,4.49,97.97,4.76
VIL_0683,2024-07-10 00:00:00,23.56,4.47,97.89,4.87
VIL_0684,2024-07-10 00:00:00,23.61,4.15,97.64,5.09
VIL_0685,2024-07-10 00:00:00,23.7,3.7,97.25,5.46
VIL_0686,2024-07-10 00:00:00,23.61,4.06,97.64,5.05
VIL_0687,2024-07-10 00:00:00,23.62,3.09,97.83,4.52
VIL_0688,2024-07-10 00:00:00,23.78,2.5,96.99,5.69
VIL_0689,2024-07-10 00:00:00,23.79,2.48,96.94,5.75
VIL_0690,2024-07-10 00:00:00,23.84,2.37,96.77,5.95
VIL_0691,2024-07-10 00:00:00,24.06,1.15,95.87,6.79
VIL_0692,2024-07-10 00:00:00,23.99,1.28,96.17,6.45
VIL_0693,2024-07-10 00:00:00,24.14,1.02,95.56,7.15
VIL_0694,2024-07-10 00:00:00,24.2,0.91,95.3,7.45
VIL_0695,2024-07-10 00:00:00,24.38,0.59,94.48,8.38
VIL_0696,2024-07-10 00:00:00,24.43,0.54,94.26,8.63
VIL_0697,2024-07-10 00:00:00,24.48,0.51,94.07,8.83
VIL_0698,2024-07-10 00:00:00,24.49,0.5,94.03,8.86
VIL_0699,2024-07-10 00:00:00,24.41,0.48,94.34,8.52
VIL_0700,2024-07-10 00:00:00,24.23,0.84,95.18,7.6
VIL_0701,2024-07-10 00:00:00,24.12,0.75,95.48,7.32
VIL_0702,2024-07-10 00:00:00,23.99,1.09,96.18,6.51
VIL_0703,2024-07-10 00:00:00,23.89,1.19,96.62,6.03
VIL_0704,2024-07-10 00:00:00,24.36,0.59,94.56,8.31
VIL_0705,2024-07-10 00:00:00,24.28,0.55,95.01,7.86
VIL_0706,2024-07-10 00:00:00,24.07,0.57,95.91,6.95
VIL_0707,2024-07-10 00:00:00,23.97,0.62,96.39,6.44
VIL_0708,2024-07-10 00:00:00,23.92,0.57,96.55,6.31
VIL_0709,2024-07-10 00:00:00,24.31,0.47,94.74,8.09
VIL_0710,2024-07-10 00:00:00,24.04,0.42,95.79,6.98
VIL_0711,2024-07-10 00:00:00,23.85,0.38,96.57,6.19
VIL_0712,2024-07-10 00:00:00,23.91,0.39,96.32,6.41
VIL_0713,2024-07-10 00:00:00,24.07,0.42,95.66,7.09
VIL_0714,2024-07-10 00:00:00,24.19,0.44,95.22,7.55
VIL_0715,2024-07-10 00:00:00,24.09,0.42,95.57,7.12
VIL_0716,2024-07-10 00:00:00,24.05,0.41,95.74,6.96
VIL_0717,2024-07-10 00:00:00,23.91,0.39,96.29,6.39
VIL_0718,2024-07-10 00:00:00,23.78,0.36,96.81,5.84
VIL_0719,2024-07-10 00:00:00,23.96,0.39,96.07,6.57
VIL_0720,2024-07-10 00:00:00,23.83,0.37,96.28,6.01
VIL_0721,2024-07-10 00:00:00,23.87,0.37,96.45,6.15
VIL_0722,2024-07-10 00:00:00,23.8,0.35,96.68,5.81
VIL_0723,2024-07-10 00:00:00,23.75,0.35,96.56,5.6
VIL_0724,2024-07-10 00:00:00,23.76,0.35,96.85,5.72
VIL_0725,2024-07-10 00:00:00,23.72,0.33,96.99,5.45
VIL_0726,2024-07-10 00:00:00,23.67,0.33,96.82,5.23
VIL_0727,2024-07-10 00:00:00,23.68,0.34,96.72,5.25
VIL_0728,2024-07-10 00:00:00,23.63,0.32,96.89,5.01
VIL_0729,2024-07-10 00:00:00,23.62,0.33,97.47,5.34
VIL_0730,2024-07-10 00:00:00,23.54,0.31,97.83,5.1
VIL_0731,2024-07-10 00:00:00,23.51,0.31,97.95,5.07
VIL_0732,2024-07-10 00:00:00,23.51,0.31,97.94,5.08
VIL_0733,2024-07-10 00:00:00,23.5,0.3,98.0,5.1
VIL_0734,2024-07-10 00:00:00,23.5,0.3,97.97,4.92
VIL_0735,2024-07-10 00:00:00,23.5,0.3,97.97,5.05
VIL_0736,2024-07-10 00:00:00,23.51,0.3,97.96,5.07
VIL_0737,2024-07-10 00:00:00,23.51,0.3,97.91,5.0
VIL_0738,2024-07-10 00:00:00,23.46,0.3,97.97,4.58
VIL_0739,2024-07-10 00:00:00,23.64,0.33,97.37,5.34
VIL_0740,2024-07-10 00:00:00,23.64,0.32,97.29,5.23
VIL_0741,2024-07-10 00:00:00,23.59,0.31,97.53,5.09
VIL_0742,2024-07-10 00:00:00,23.54,0.3,97.71,4.84
VIL_0743,2024-07-10 00:00:00,23.58,0.3,97.52,4.88
VIL_0744,2024-07-10 00:00:00,23.59,0.3,97.08,4.85
VIL_0745,2024-07-10 00:00:00,23.42,0.29,97.62,3.91
VIL_0746,2024-07-10 00:00:00,23.43,0.28,97.61,3.89
VIL_0747,2024-07-10 00:00:00,23.45,0.23,97.48,3.7
VIL_0748,2024-07-10 00:00:00,23.44,0.27,97.69,3.98
VIL_0749,2024-07-10 00:00:00,23.44,0.29,97.76,4.11
VIL_0750,2024-07-10 00:00:00,23.22,5.04,99.67,2.75
VIL_0751,2024-07-10 00:00:00,23.2,4.9,99.75,2.58
VIL_0752,2024-07-10 00:00:00,23.17,4.3,100.0,2.02
VIL_0753,2024-07-10 00:00:00,23.21,5.01,99.6,2.82
VIL_0754,2024-07-10 00:00:00,23.19,4.9,99.63,2.73
VIL_0755,2024-07-10 00:00:00,23.18,4.87,99.62,2.72
VIL_0756,2024-07-10 00:00:00,23.18,4.85,99.69,2.61
VIL_0757,2024-07-10 00:00:00,23.18,4.3,100.0,2.02
VIL_0758,2024-07-10 00:00:00,23.13,4.13,100.0,1.9
VIL_0759,2024-07-10 00:00:00,23.16,4.15,100.0,1.95
VIL_0760,2024-07-10 00:00:00,23.44,3.64,98.61,3.64
VIL_0761,2024-07-10 00:00:00,23.4,3.75,98.78,3.44
VIL_0762,2024-07-10 00:00:00,23.44,3.45,98.48,3.71
VIL_0763,2024-07-10 00:00:00,23.16,3.62,100.0,1.86
VIL_0764,2024-07-10 00:00:00,23.1,3.86,100.0,1.81
VIL_0765,2024-07-10 00:00:00,23.05,3.52,100.0,1.66
VIL_0766,2024-07-10 00:00:00,23.02,3.46,100.0,1.59
VIL_0767,2024-07-10 00:00:00,23.04,3.51,100.0,1.62
VIL_0768,2024-07-10 00:00:00,23.09,3.37,100.0,1.65
VIL_0769,2024-07-10 00:00:00,22.97,3.95,100.0,1.6
VIL_0770,2024-07-10 00:00:00,22.88,4.21,100.0,1.55
VIL_0771,2024-07-10 00:00:00,22.8,4.5,100.0,1.5
VIL_0772,2024-07-10 00:00:00,22.87,4.27,100.0,1.55
VIL_0773,2024-07-10 00:00:00,23.03,4.01,100.0,1.73
VIL_0774,2024-07-10 00:00:00,23.08,4.07,100.0,1.81
VIL_0775,2024-07-10 00:00:00,23.04,4.05,100.0,1.74
VIL_0776,2024-07-10 00:00:00,22.97,4.12,100.0,1.66
VIL_0777,2024-07-10 00:00:00,22.94,4.17,100.0,1.62
VIL_0778,2024-07-10 00:00:00,22.82,4.43,100.0,1.52
VIL_0779,2024-07-10 00:00:00,22.87,4.17,100.0,1.54
VIL_0780,2024-07-10 00:00:00,22.87,4.19,100.0,1.53
VIL_0781,2024-07-10 00:00:00,23.18,3.12,100.0,1.71
VIL_0782,2024-07-10 00:00:00,23.26,2.79,100.0,1.75
VIL_0783,2024-07-10 00:00:00,23.31,2.55,100.0,1.8
VIL_0784,2024-07-10 00:00:00,23.09,3.26,100.0,1.65
VIL_0785,2024-07-10 00:00:00,23.19,2.75,100.0,1.7
VIL_0786,2024-07-10 00:00:00,23.16,2.76,100.0,1.67
VIL_0787,2024-07-10 00:00:00,23.42,2.56,98.59,3.28
VIL_0788,2024-07-10 00:00:00,23.13,4.02,100.0,1.86
VIL_0789,2024-07-10 00:00:00,23.09,3.97,100.0,1.78
VIL_0790,2024-07-10 00:00:00,23.05,3.98,100.0,1.72
VIL_0791,2024-07-10 00:00:00,23.03,3.34,100.0,1.65
VIL_0792,2024-07-10 00:00:00,23.02,3.57,100.0,1.64
VIL_0793,2024-07-10 00:00:00,23.22,2.95,99.88,1.99
VIL_0794,2024-07-10 00:00:00,23.17,2.99,99.83,2.05
VIL_0795,2024-07-10 00:00:00,23.13,2.99,99.77,2.14
VIL_0796,2024-07-10 00:00:00,23.22,2.61,99.73,2.27
VIL_0797,2024-07-10 00:00:00,23.24,2.41,99.65,2.43
VIL_0798,2024-07-10 00:00:00,23.23,2.39,99.61,2.49
VIL_0799,2024-07-10 00:00:00,23.56,2.04,98.11,4.2
VIL_0800,2024-07-10 00:00:00,23.35,2.77,98.83,3.21
VIL_0801,2024-07-10 00:00:00,23.53,2.29,98.03,4.2
VIL_0802,2024-07-10 00:00:00,23.67,1.95,97.49,4.87
VIL_0803,2024-07-10 00:00:00,23.69,1.52,97.53,5.0
VIL_0804,2024-07-10 00:00:00,23.72,0.74,97.58,5.16
VIL_0805,2024-07-10 00:00:00,23.71,0.68,97.56,5.23
VIL_0806,2024-07-10 00:00:00,23.67,0.61,97.65,5.19
VIL_0807,2024-07-10 00:00:00,23.62,0.72,98.01,4.74
VIL_0808,2024-07-10 00:00:00,23.32,1.54,99.25,3.17
VIL_0809,2024-07-10 00:00:00,23.28,1.93,99.45,2.81
VIL_0810,2024-07-10 00:00:00,23.31,1.78,99.45,2.84
VIL_0811,2024-07-10 00:00:00,23.33,1.88,99.63,2.57
VIL_0812,2024-07-10 00:00:00,23.39,2.13,99.8,2.27
VIL_0813,2024-07-10 00:00:00,23.37,1.82,99.78,2.38
VIL_0814,2024-07-10 00:00:00,23.33,1.54,99.87,2.36
VIL_0815,2024-07-10 00:00:00,23.35,1.66,99.87,2.31
VIL_0816,2024-07-10 00:00:00,23.32,1.75,99.8,2.39
VIL_0817,2024-07-10 00:00:00,23.38,1.89,99.87,2.25
VIL_0818,2024-07-10 00:00:00,23.58,2.37,99.99,1.93
VIL_0819,2024-07-10 00:00:00,23.53,2.37,99.96,1.97
VIL_0820,2024-07-10 00:00:00,23.38,2.38,100.0,1.87
VIL_0821,2024-07-10 00:00:00,23.56,2.37,99.98,1.94
VIL_0822,2024-07-10 00:00:00,23.35,2.77,100.0,1.81
VIL_0823,2024-07-10 00:00:00,23.42,2.35,99.87,2.11
VIL_0824,2024-07-10 00:00:00,23.61,2.06,97.79,4.53
VIL_0825,2024-07-10 00:00:00,23.62,0.35,96.76,4.9
VIL_0826,2024-07-10 00:00:00,23.6,0.34,96.82,4.83
VIL_0827,2024-07-10 00:00:00,23.61,0.32,96.87,4.85
VIL_0828,2024-07-10 00:00:00,23.65,0.34,96.74,5.07
VIL_0829,2024-07-10 00:00:00,23.57,0.35,96.83,4.7
VIL_0830,2024-07-10 00:00:00,23.37,0.47,97.54,4.0
VIL_0831,2024-07-10 00:00:00,23.55,0.31,96.95,4.5
VIL_0832,2024-07-10 00:00:00,23.34,0.53,97.57,4.03
VIL_0833,2024-07-10 00:00:00,23.33,0.54,97.52,4.0
VIL_0834,2024-07-10 00:00:00,23.33,0.56,97.58,4.03
VIL_0835,2024-07-10 00:00:00,23.32,0.58,97.58,4.03
VIL_0836,2024-07-10 00:00:00,23.32,0.59,97.61,4.05
VIL_0837,2024-07-10 00:00:00,23.4,0.38,97.42,3.84
VIL_0838,2024-07-10 00:00:00,23.37,0.44,97.44,3.9
VIL_0839,2024-07-10 00:00:00,23.35,0.48,97.39,3.89
VIL_0840,2024-07-10 00:00:00,23.35,0.5,97.5,3.97
VIL_0841,2024-07-10 00:00:00,23.34,0.53,97.44,3.96
VIL_0842,2024-07-10 00:00:00,23.32,0.57,97.4,3.99
VIL_0843,2024-07-10 00:00:00,23.32,0.57,97.48,4.0
VIL_0844,2024-07-10 00:00:00,23.31,0.59,97.41,4.01
VIL_0845,2024-07-10 00:00:00,23.3,0.61,97.34,4.05
VIL_0846,2024-07-10 00:00:00,23.3,0.61,97.55,4.03
VIL_0847,2024-07-10 00:00:00,23.3,0.61,97.51,4.03
VIL_0848,2024-07-10 00:00:00,23.3,0.62,97.46,4.04
VIL_0849,2024-07-10 00:00:00,23.29,0.64,97.39,4.07
VIL_0850,2024-07-10 00:00:00,23.28,0.65,97.5,4.06
VIL_0851,2024-07-10 00:00:00,23.27,0.67,97.55,4.06
VIL_0852,2024-07-10 00:00:00,23.27,0.68,97.48,4.09
VIL_0853,2024-07-10 00:00:00,23.25,0.83,97.53,3.98
VIL_0854,2024-07-10 00:00:00,23.26,0.86,97.55,3.92
VIL_0855,2024-07-10 00:00:00,23.25,0.93,97.6,3.92
VIL_0856,2024-07-10 00:00:00,23.24,0.97,97.63,3.92
VIL_0857,2024-07-10 00:00:00,23.24,0.93,97.62,3.95
VIL_0858,2024-07-10 00:00:00,23.24,0.87,97.57,3.97
VIL_0859,2024-07-10 00:00:00,23.23,0.96,97.67,3.96
VIL_0860,2024-07-10 00:00:00,23.32,0.55,97.24,3.96
VIL_0861,2024-07-10 00:00:00,23.29,0.62,97.14,4.14
VIL_0862,2024-07-10 00:00:00,23.3,0.61,97.12,4.14
VIL_0863,2024-07-10 00:00:00,23.32,0.56,97.27,4.0
VIL_0864,2024-07-10 00:00:00,23.29,0.62,97.21,4.12
VIL_0865,2024-07-10 00:00:00,23.3,0.6,97.01,4.2
VIL_0866,2024-07-10 00:00:00,23.21,0.81,97.63,4.12
VIL_0867,2024-07-10 00:00:00,23.17,0.91,97.88,4.12
VIL_0868,2024-07-10 00:00:00,23.23,0.8,97.51,4.11
VIL_0869,2024-07-10 00:00:00,23.28,0.65,97.29,4.12
VIL_0870,2024-07-10 00:00:00,23.26,0.72,97.32,4.11
VIL_0871,2024-07-10 00:00:00,23.19,0.95,97.81,4.04
VIL_0872,2024-07-10 00:00:00,23.24,0.83,97.53,4.04
VIL_0873,2024-07-10 00:00:00,23.21,0.93,97.73,4.02
VIL_0874,2024-07-10 00:00:00,23.15,1.15,98.1,3.98
VIL_0875,2024-07-10 00:00:00,23.18,1.44,98.15,4.12
VIL_0876,2024-07-10 00:00:00,23.08,1.32,98.5,3.98
VIL_0877,2024-07-10 00:00:00,23.15,1.52,98.29,4.1
VIL_0878,2024-07-10 00:00:00,23.23,1.61,98.04,4.07
VIL_0879,2024-07-10 00:00:00,23.22,1.66,98.07,4.05
VIL_0880,2024-07-10 00:00:00,23.25,0.69,97.7,3.84
VIL_0881,2024-07-10 00:00:00,23.09,1.09,98.51,3.96
VIL_0882,2024-07-10 00:00:00,22.91,1.53,99.42,4.05
VIL_0883,2024-07-10 00:00:00,23.06,1.13,98.74,3.87
VIL_0884,2024-07-10 00:00:00,22.92,1.49,99.43,3.98
VIL_0885,2024-07-10 00:00:00,22.8,1.8,99.99,4.1
VIL_0886,2024-07-10 00:00:00,22.85,1.7,99.74,4.08
VIL_0887,2024-07-10 00:00:00,23.08,1.21,98.47,4.04
VIL_0888,2024-07-10 00:00:00,22.94,1.51,99.25,4.06
VIL_0889,2024-07-10 00:00:00,22.92,1.56,99.34,4.05
VIL_0890,2024-07-10 00:00:00,23.03,1.42,98.79,3.99
VIL_0891,2024-07-10 00:00:00,23.06,1.43,98.68,3.95
VIL_0892,2024-07-10 00:00:00,22.94,1.44,99.37,3.96
VIL_0893,2024-07-10 00:00:00,23.04,1.37,98.76,3.95
VIL_0894,2024-07-10 00:00:00,23.39,0.38,97.33,3.74
VIL_0895,2024-07-10 00:00:00,23.26,0.66,97.75,3.73
VIL_0896,2024-07-10 00:00:00,23.37,0.44,97.29,3.79
VIL_0897,2024-07-10 00:00:00,23.21,1.04,97.8,3.96
VIL_0898,2024-07-10 00:00:00,23.21,1.38,97.96,4.13
VIL_0899,2024-07-10 00:00:00,23.24,1.42,97.88,4.14
VIL_0900,2024-07-10 00:00:00,23.29,1.61,97.82,4.12
VIL_0901,2024-07-10 00:00:00,23.27,1.46,97.84,4.15
VIL_0902,2024-07-10 00:00:00,23.25,1.37,97.82,4.16
VIL_0903,2024-07-10 00:00:00,23.26,1.4,97.82,4.16
VIL_0904,2024-07-10 00:00:00,23.27,1.47,97.82,4.16
VIL_0905,2024-07-10 00:00:00,23.3,1.56,97.81,4.16
VIL_0906,2024-07-10 00:00:00,23.3,1.57,97.81,4.16
VIL_0907,2024-07-10 00:00:00,23.29,1.55,97.82,4.15
VIL_0908,2024-07-10 00:00:00,23.3,1.6,97.8,4.15
VIL_0909,2024-07-10 00:00:00,23.26,1.57,97.92,4.1
VIL_0910,2024-07-10 00:00:00,23.24,1.59,97.96,4.09
VIL_0911,2024-07-10 00:00:00,23.31,1.7,97.76,4.07
VIL_0912,2024-07-10 00:00:00,23.28,1.6,97.84,4.11
VIL_0913,2024-07-10 00:00:00,23.36,1.78,97.66,4.1
VIL_0914,2024-07-10 00:00:00,23.34,1.72,97.73,4.14
VIL_0915,2024-07-10 00:00:00,23.36,1.76,97.72,4.17
VIL_0916,2024-07-10 00:00:00,23.33,1.66,97.78,4.17
VIL_0917,2024-07-10 00:00:00,23.36,1.75,97.73,4.19
VIL_0918,2024-07-10 00:00:00,23.39,1.81,97.7,4.2
VIL_0919,2024-07-10 00:00:00,23.34,1.69,97.76,4.16
VIL_0920,2024-07-10 00:00:00,23.33,1.65,97.78,4.17
VIL_0921,2024-07-10 00:00:00,23.4,1.85,97.66,4.19
VIL_0922,2024-07-10 00:00:00,23.42,1.89,97.59,4.15
VIL_0923,2024-07-10 00:00:00,23.43,1.89,97.67,4.25
VIL_0924,2024-07-10 00:00:00,23.43,1.9,97.73,4.31
VIL_0925,2024-07-10 00:00:00,23.32,1.77,97.68,3.98
VIL_0926,2024-07-10 00:00:00,23.33,1.8,97.61,3.95
VIL_0927,2024-07-10 00:00:00,23.37,1.85,97.43,3.9
VIL_0928,2024-07-10 00:00:00,23.4,1.88,97.35,3.89
VIL_0929,2024-07-10 00:00:00,23.41,1.9,97.25,3.84
VIL_0930,2024-07-10 00:00:00,23.4,1.89,97.19,3.77
VIL_0931,2024-07-10 00:00:00,23.4,1.88,97.25,3.8
VIL_0932,2024-07-10 00:00:00,23.37,1.84,97.42,3.88
VIL_0933,2024-07-10 00:00:00,23.35,1.78,97.61,4.01
VIL_0934,2024-07-10 00:00:00,23.37,1.81,97.57,4.03
VIL_0935,2024-07-10 00:00:00,23.38,1.85,97.43,3.93
VIL_0936,2024-07-10 00:00:00,23.4,1.87,97.46,4.01
VIL_0937,2024-07-10 00:00:00,23.41,1.9,97.31,3.9
VIL_0938,2024-07-10 00:00:00,23.39,1.88,97.27,3.81
VIL_0939,2024-07-10 00:00:00,23.4,1.9,97.11,3.7
VIL_0940,2024-07-10 00:00:00,23.4,1.9,97.02,3.62
VIL_0941,2024-07-10 00:00:00,23.42,1.92,97.28,3.9
VIL_0942,2024-07-10 00:00:00,23.41,1.91,97.15,3.76
VIL_0943,2024-07-10 00:00:00,23.38,1.86,97.5,4.0
VIL_0944,2024-07-10 00:00:00,23.39,1.86,97.54,4.04
VIL_0945,2024-07-10 00:00:00,23.39,1.86,97.56,4.06
VIL_0946,2024-07-10 00:00:00,23.4,1.88,97.54,4.08
VIL_0947,2024-07-10 00:00:00,23.39,1.86,97.61,4.11
VIL_0948,2024-07-10 00:00:00,23.41,1.88,97.57,4.11
VIL_0949,2024-07-10 00:00:00,23.42,1.9,97.52,4.1
VIL_0950,2024-07-10 00:00:00,23.41,1.9,97.43,4.0
VIL_0951,2024-07-10 00:00:00,23.43,1.92,97.48,4.09
VIL_0952,2024-07-10 00:00:00,23.45,1.94,97.65,4.28
VIL_0953,2024-07-10 00:00:00,23.43,1.91,97.58,4.17
VIL_0954,2024-07-10 00:00:00,23.44,1.93,97.6,4.22
VIL_0955,2024-07-10 00:00:00,23.44,1.93,97.68,4.29
VIL_0956,2024-07-10 00:00:00,23.45,1.94,97.74,4.36
VIL_0957,2024-07-10 00:00:00,23.44,1.92,97.73,4.33
VIL_0958,2024-07-10 00:00:00,23.43,1.9,97.7,4.28
VIL_0959,2024-07-10 00:00:00,23.43,1.91,97.67,4.26
VIL_0960,2024-07-10 00:00:00,23.42,1.89,97.64,4.21
VIL_0961,2024-07-10 00:00:00,23.42,1.9,97.67,4.24
VIL_0962,2024-07-10 00:00:00,23.42,1.89,97.7,4.26
VIL_0963,2024-07-10 00:00:00,23.42,1.89,97.68,4.23
VIL_0964,2024-07-10 00:00:00,23.41,1.88,97.69,4.23
VIL_0965,2024-07-10 00:00:00,23.42,1.88,97.7,4.25
VIL_0966,2024-07-10 00:00:00,23.41,1.87,97.69,4.22
VIL_0967,2024-07-10 00:00:00,23.4,1.86,97.69,4.2
VIL_0968,2024-07-10 00:00:00,23.4,1.86,97.67,4.18
VIL_0969,2024-07-10 00:00:00,23.41,1.88,97.67,4.2
VIL_0970,2024-07-10 00:00:00,23.41,1.88,97.64,4.17
VIL_0971,2024-07-10 00:00:00,23.4,1.87,97.62,4.14
VIL_0972,2024-07-10 00:00:00,23.41,1.88,97.62,4.16
VIL_0973,2024-07-10 00:00:00,23.73,0.35,97.04,5.74
VIL_0974,2024-07-10 00:00:00,23.65,0.34,97.37,5.45
VIL_0975,2024-07-10 00:00:00,23.62,0.34,97.48,5.35
VIL_0976,2024-07-10 00:00:00,23.66,0.53,97.6,5.29
VIL_0977,2024-07-10 00:00:00,23.56,0.47,97.93,5.01
VIL_0978,2024-07-10 00:00:00,23.52,0.31,97.92,5.04
VIL_0979,2024-07-10 00:00:00,23.47,0.38,98.2,4.7
VIL_0980,2024-07-10 00:00:00,23.52,0.55,98.23,4.63
VIL_0981,2024-07-10 00:00:00,23.54,0.74,98.36,4.36
VIL_0982,2024-07-10 00:00:00,23.4,0.63,98.75,3.81
VIL_0983,2024-07-10 00:00:00,23.32,1.45,99.52,2.84
VIL_0984,2024-07-10 00:00:00,23.33,1.21,99.29,3.2
VIL_0985,2024-07-10 00:00:00,23.39,0.59,98.79,3.77
VIL_0986,2024-07-10 00:00:00,23.29,0.73,99.37,3.03
VIL_0987,2024-07-10 00:00:00,23.28,1.23,99.71,2.66
VIL_0988,2024-07-10 00:00:00,23.2,0.68,99.75,2.65
VIL_0989,2024-07-10 00:00:00,23.43,0.43,98.41,4.34
VIL_0990,2024-07-10 00:00:00,23.34,0.52,98.87,3.65
VIL_0991,2024-07-10 00:00:00,23.19,0.56,99.66,2.78
VIL_0992,2024-07-10 00:00:00,23.18,0.54,99.67,2.74
VIL_0993,2024-07-10 00:00:00,23.14,0.53,99.85,2.59
VIL_0994,2024-07-10 00:00:00,23.12,0.53,99.95,2.53
VIL_0995,2024-07-10 00:00:00,23.13,0.56,99.92,2.54
VIL_0996,2024-07-10 00:00:00,23.19,0.67,99.79,2.59
VIL_0997,2024-07-10 00:00:00,23.26,0.89,99.71,2.57
VIL_0998,2024-07-10 00:00:00,23.21,0.89,99.41,2.76
VIL_0999,2024-07-10 00:00:00,23.3,0.87,99.46,2.71
VIL_1000,2024-07-10 00:00:00,23.19,0.59,99.64,2.69
VIL_1001,2024-07-10 00:00:00,23.22,0.54,99.42,2.83
VIL_1002,2024-07-10 00:00:00,23.29,0.55,99.05,2.94
VIL_1003,2024-07-10 00:00:00,23.2,1.18,99.39,2.96
VIL_1004,2024-07-10 00:00:00,23.06,1.09,98.94,3.71
VIL_1005,2024-07-10 00:00:00,23.16,0.71,98.8,3.29
VIL_1006,2024-07-10 00:00:00,23.14,0.93,98.48,3.71
VIL_1007,2024-07-10 00:00:00,23.38,0.28,97.87,3.38
VIL_1008,2024-07-10 00:00:00,23.24,0.57,98.4,3.28
VIL_1009,2024-07-10 00:00:00,23.42,0.23,97.64,3.41
VIL_1010,2024-07-10 00:00:00,23.39,0.27,97.89,3.43
VIL_1011,2024-07-10 00:00:00,23.32,0.34,98.4,3.29
VIL_1012,2024-07-10 00:00:00,23.25,0.52,99.24,3.02
VIL_1013,2024-07-10 00:00:00,23.34,0.46,98.7,3.35
VIL_1014,2024-07-10 00:00:00,23.39,0.28,97.97,3.58
VIL_1015,2024-07-10 00:00:00,23.43,0.28,97.91,4.03
VIL_1016,2024-07-10 00:00:00,23.4,0.3,98.05,3.92
VIL_1017,2024-07-10 00:00:00,23.36,0.47,98.71,3.63
VIL_1018,2024-07-10 00:00:00,23.31,0.51,99.0,3.4
VIL_1019,2024-07-10 00:00:00,23.44,0.39,98.29,4.39
VIL_1020,2024-07-10 00:00:00,23.45,0.23,97.55,3.7
VIL_1021,2024-07-10 00:00:00,23.45,0.21,97.47,3.51
VIL_1022,2024-07-10 00:00:00,23.47,0.15,97.2,3.33
VIL_1023,2024-07-10 00:00:00,23.38,0.34,97.5,3.34
VIL_1024,2024-07-10 00:00:00,23.5,0.1,97.01,3.21
VIL_1025,2024-07-10 00:00:00,23.47,0.17,97.18,3.39
VIL_1026,2024-07-10 00:00:00,23.43,0.27,97.18,3.5
VIL_1027,2024-07-10 00:00:00,23.48,0.16,97.07,3.3
VIL_1028,2024-07-10 00:00:00,23.45,0.23,97.16,3.39
VIL_1029,2024-07-10 00:00:00,23.34,0.45,97.57,3.48
VIL_1030,2024-07-10 00:00:00,17.34,0.49,99.62,7.11
VIL_1031,2024-07-10 00:00:00,23.58,0.32,98.05,6.13
VIL_0001,2024-07-10 06:00:00,27.55,0.17,81.32,10.93
VIL_0002,2024-07-10 06:00:00,27.52,0.17,81.45,10.98
VIL_0003,2024-07-10 06:00:00,27.45,0.17,81.8,11.11
VIL_0004,2024-07-10 06:00:00,27.47,0.17,81.72,11.08
VIL_0005,2024-07-10 06:00:00,27.41,0.18,81.99,11.19
VIL_0006,2024-07-10 06:00:00,27.36,0.18,82.24,11.29
VIL_0007,2024-07-10 06:00:00,27.3,0.19,82.54,11.41
VIL_0008,2024-07-10 06:00:00,27.51,0.17,81.52,11.0
VIL_0009,2024-07-10 06:00:00,27.22,0.2,82.9,11.55
VIL_0010,2024-07-10 06:00:00,27.22,0.2,82.92,11.57
VIL_0011,2024-07-10 06:00:00,27.36,0.18,82.24,11.28
VIL_0012,2024-07-10 06:00:00,27.48,0.17,81.68,11.04
VIL_0013,2024-07-10 06:00:00,27.6,0.16,81.07,10.81
VIL_0014,2024-07-10 06:00:00,27.33,0.18,82.41,11.34
VIL_0015,2024-07-10 06:00:00,27.59,0.16,81.14,10.82
VIL_0016,2024-07-10 06:00:00,27.2,0.2,82.99,11.6
VIL_0017,2024-07-10 06:00:00,27.27,0.19,82.68,11.45
VIL_0018,2024-07-10 06:00:00,27.48,0.16,81.68,11.02
VIL_0019,2024-07-10 06:00:00,27.61,0.14,81.16,10.74
VIL_0020,2024-07-10 06:00:00,27.78,0.14,80.19,10.47
VIL_0021,2024-07-10 06:00:00,27.82,0.13,80.02,10.38
VIL_0022,2024-07-10 06:00:00,27.85,0.12,79.91,10.29
VIL_0023,2024-07-10 06:00:00,28.12,0.12,78.42,9.86
VIL_0024,2024-07-10 06:00:00,27.79,0.12,80.34,10.34
VIL_0025,2024-07-10 06:00:00,28.1,0.11,78.61,9.89
VIL_0026,2024-07-10 06:00:00,27.92,0.11,79.63,10.12
VIL_0027,2024-07-10 06:00:00,28.49,0.1,76.46,9.26
VIL_0028,2024-07-10 06:00:00,28.24,0.11,77.83,9.65
VIL_0029,2024-07-10 06:00:00,27.38,0.17,82.21,11.21
VIL_0030,2024-07-10 06:00:00,27.56,0.14,81.45,10.79
VIL_0031,2024-07-10 06:00:00,27.7,0.1,80.97,10.42
VIL_0032,2024-07-10 06:00:00,27.68,0.12,80.95,10.53
VIL_0033,2024-07-10 06:00:00,27.7,0.1,80.97,10.4
VIL_0034,2024-07-10 06:00:00,27.73,0.1,80.8,10.38
VIL_0035,2024-07-10 06:00:00,27.76,0.1,80.64,10.33
VIL_0036,2024-07-10 06:00:00,28.05,0.11,78.9,9.92
VIL_0037,2024-07-10 06:00:00,27.88,0.1,79.89,10.16
VIL_0038,2024-07-10 06:00:00,28.05,0.1,78.95,9.92
VIL_0039,2024-07-10 06:00:00,28.21,0.1,78.04,9.7
VIL_0040,2024-07-10 06:00:00,28.07,0.1,78.8,9.89
VIL_0041,2024-07-10 06:00:00,28.32,0.1,77.36,9.52
VIL_0042,2024-07-10 06:00:00,28.73,0.1,75.04,8.92
VIL_0043,2024-07-10 06:00:00,28.59,0.1,75.85,9.13
VIL_0044,2024-07-10 06:00:00,28.26,0.1,77.75,9.62
VIL_0045,2024-07-10 06:00:00,28.45,0.1,76.65,9.33
VIL_0046,2024-07-10 06:00:00,28.6,0.1,75.79,9.1
VIL_0047,2024-07-10 06:00:00,28.69,0.09,75.38,8.95
VIL_0048,2024-07-10 06:00:00,28.71,0.1,75.19,8.95
VIL_0049,2024-07-10 06:00:00,28.85,0.1,74.33,8.76
VIL_0050,2024-07-10 06:00:00,28.81,0.1,74.54,8.81
VIL_0051,2024-07-10 06:00:00,28.72,0.1,75.09,8.94
VIL_0052,2024-07-10 06:00:00,28.89,0.09,74.2,8.68
VIL_0053,2024-07-10 06:00:00,28.91,0.1,74.0,8.67
VIL_0054,2024-07-10 06:00:00,29.05,0.08,73.42,8.33
VIL_0055,2024-07-10 06:00:00,28.95,0.09,73.91,8.53
VIL_0056,2024-07-10 06:00:00,28.98,0.09,73.66,8.52
VIL_0057,2024-07-10 06:00:00,28.9,0.1,73.99,8.7
VIL_0058,2024-07-10 06:00:00,28.91,0.1,73.98,8.68
VIL_0059,2024-07-10 06:00:00,28.91,0.1,73.97,8.68
VIL_0060,2024-07-10 06:00:00,28.92,0.09,73.95,8.64
VIL_0061,2024-07-10 06:00:00,28.95,0.09,73.88,8.59
VIL_0062,2024-07-10 06:00:00,28.93,0.1,73.87,8.64
VIL_0063,2024-07-10 06:00:00,29.14,0.08,72.9,8.26
VIL_0064,2024-07-10 06:00:00,29.36,0.06,71.87,7.84
VIL_0065,2024-07-10 06:00:00,29.74,0.04,69.91,7.15
VIL_0066,2024-07-10 06:00:00,29.9,0.02,68.13,6.73
VIL_0067,2024-07-10 06:00:00,29.63,0.05,70.46,7.36
VIL_0068,2024-07-10 06:00:00,29.81,0.03,68.79,6.93
VIL_0069,2024-07-10 06:00:00,29.49,0.06,71.15,7.62
VIL_0070,2024-07-10 06:00:00,29.34,0.06,71.9,7.89
VIL_0071,2024-07-10 06:00:00,29.14,0.08,72.88,8.25
VIL_0072,2024-07-10 06:00:00,29.08,0.08,73.21,8.37
VIL_0073,2024-07-10 06:00:00,28.94,0.1,73.84,8.63
VIL_0074,2024-07-10 06:00:00,28.93,0.09,73.89,8.63
VIL_0075,2024-07-10 06:00:00,28.96,0.09,73.74,8.57
VIL_0076,2024-07-10 06:00:00,29.03,0.08,73.48,8.44
VIL_0077,2024-07-10 06:00:00,29.04,0.08,73.43,8.43
VIL_0078,2024-07-10 06:00:00,28.98,0.09,73.65,8.53
VIL_0079,2024-07-10 06:00:00,29.07,0.08,73.29,8.37
VIL_0080,2024-07-10 06:00:00,29.09,0.08,73.17,8.35
VIL_0081,2024-07-10 06:00:00,29.34,0.06,71.96,7.89
VIL_0082,2024-07-10 06:00:00,29.44,0.04,70.37,7.54
VIL_0083,2024-07-10 06:00:00,29.35,0.04,70.76,7.69
VIL_0084,2024-07-10 06:00:00,29.29,0.05,71.15,7.82
VIL_0085,2024-07-10 06:00:00,29.27,0.04,71.22,7.84
VIL_0086,2024-07-10 06:00:00,29.24,0.04,71.36,7.89
VIL_0087,2024-07-10 06:00:00,29.23,0.06,72.6,8.09
VIL_0088,2024-07-10 06:00:00,30.21,0.01,66.86,6.21
VIL_0089,2024-07-10 06:00:00,30.31,0.01,66.63,6.08
VIL_0090,2024-07-10 06:00:00,30.39,0.0,66.29,5.95
VIL_0091,2024-07-10 06:00:00,30.44,0.0,66.17,5.88
VIL_0092,2024-07-10 06:00:00,30.33,0.0,66.49,6.04
VIL_0093,2024-07-10 06:00:00,30.3,0.01,66.5,6.07
VIL_0094,2024-07-10 06:00:00,29.83,0.02,67.45,6.66
VIL_0095,2024-07-10 06:00:00,29.26,0.02,67.75,7.16
VIL_0096,2024-07-10 06:00:00,30.01,0.01,67.12,6.44
VIL_0097,2024-07-10 06:00:00,29.73,0.02,67.49,6.75
VIL_0098,2024-07-10 06:00:00,26.65,0.08,69.67,9.92
VIL_0099,2024-07-10 06:00:00,28.41,0.03,68.62,8.05
VIL_0100,2024-07-10 06:00:00,29.57,0.04,69.89,7.34
VIL_0101,2024-07-10 06:00:00,29.68,0.03,69.24,7.12
VIL_0102,2024-07-10 06:00:00,29.95,0.02,68.02,6.66
VIL_0103,2024-07-10 06:00:00,30.0,0.01,67.57,6.53
VIL_0104,2024-07-10 06:00:00,29.33,0.03,68.84,7.35
VIL_0105,2024-07-10 06:00:00,29.2,0.02,71.03,7.85
VIL_0106,2024-07-10 06:00:00,29.28,0.02,70.77,7.73
VIL_0107,2024-07-10 06:00:00,29.44,0.02,69.89,7.44
VIL_0108,2024-07-10 06:00:00,29.71,0.02,68.53,6.96
VIL_0109,2024-07-10 06:00:00,29.52,0.02,69.66,7.33
VIL_0110,2024-07-10 06:00:00,29.64,0.03,69.16,7.13
VIL_0111,2024-07-10 06:00:00,29.47,0.03,70.1,7.46
VIL_0112,2024-07-10 06:00:00,29.34,0.03,70.78,7.7
VIL_0113,2024-07-10 06:00:00,29.41,0.03,70.33,7.55
VIL_0114,2024-07-10 06:00:00,29.33,0.02,70.74,7.69
VIL_0115,2024-07-10 06:00:00,29.3,0.02,71.09,7.78
VIL_0116,2024-07-10 06:00:00,29.28,0.03,71.17,7.81
VIL_0117,2024-07-10 06:00:00,29.26,0.03,71.31,7.86
VIL_0118,2024-07-10 06:00:00,29.25,0.02,71.61,7.92
VIL_0119,2024-07-10 06:00:00,29.26,0.02,71.45,7.87
VIL_0120,2024-07-10 06:00:00,29.24,0.01,71.96,7.98
VIL_0121,2024-07-10 06:00:00,29.23,0.01,71.85,7.96
VIL_0122,2024-07-10 06:00:00,29.24,0.01,72.08,8.0
VIL_0123,2024-07-10 06:00:00,26.8,0.06,70.26,9.71
VIL_0124,2024-07-10 06:00:00,26.23,0.09,70.19,10.37
VIL_0125,2024-07-10 06:00:00,26.01,0.09,70.49,10.65
VIL_0126,2024-07-10 06:00:00,25.81,0.1,70.96,10.88
VIL_0127,2024-07-10 06:00:00,25.84,0.1,70.88,10.84
VIL_0128,2024-07-10 06:00:00,25.96,0.08,70.48,10.54
VIL_0129,2024-07-10 06:00:00,25.95,0.09,70.26,10.55
VIL_0130,2024-07-10 06:00:00,26.19,0.06,70.02,10.04
VIL_0131,2024-07-10 06:00:00,26.31,0.04,69.74,9.69
VIL_0132,2024-07-10 06:00:00,26.26,0.03,69.39,9.49
VIL_0133,2024-07-10 06:00:00,26.07,0.05,69.63,10.0
VIL_0134,2024-07-10 06:00:00,26.06,0.02,69.14,9.55
VIL_0135,2024-07-10 06:00:00,26.06,0.06,69.19,10.1
VIL_0136,2024-07-10 06:00:00,26.06,0.12,68.48,10.84
VIL_0137,2024-07-10 06:00:00,26.03,0.1,69.45,10.67
VIL_0138,2024-07-10 06:00:00,26.13,0.1,69.19,10.62
VIL_0139,2024-07-10 06:00:00,26.06,0.18,67.32,11.5
VIL_0140,2024-07-10 06:00:00,26.08,0.12,68.15,10.71
VIL_0141,2024-07-10 06:00:00,26.14,0.13,67.88,10.84
VIL_0142,2024-07-10 06:00:00,26.07,0.18,67.27,11.51
VIL_0143,2024-07-10 06:00:00,26.16,0.17,67.56,11.22
VIL_0144,2024-07-10 06:00:00,26.25,0.02,69.29,9.43
VIL_0145,2024-07-10 06:00:00,26.0,0.0,69.0,9.4
VIL_0146,2024-07-10 06:00:00,26.6,0.04,69.09,9.22
VIL_0147,2024-07-10 06:00:00,26.05,0.04,68.89,9.8
VIL_0148,2024-07-10 06:00:00,26.37,0.08,68.57,9.95
VIL_0149,2024-07-10 06:00:00,29.15,0.0,72.46,6.68
VIL_0150,2024-07-10 06:00:00,29.25,0.01,72.54,8.07
VIL_0151,2024-07-10 06:00:00,29.28,0.0,72.81,8.06
VIL_0152,2024-07-10 06:00:00,29.32,0.0,72.87,8.04
VIL_0153,2024-07-10 06:00:00,29.3,0.0,72.97,8.09
VIL_0154,2024-07-10 06:00:00,29.23,0.01,72.42,8.06
VIL_0155,2024-07-10 06:00:00,29.2,0.01,72.07,8.03
VIL_0156,2024-07-10 06:00:00,29.15,0.01,72.02,7.96
VIL_0157,2024-07-10 06:00:00,29.14,0.02,71.23,7.94
VIL_0158,2024-07-10 06:00:00,28.8,0.01,70.6,8.04
VIL_0159,2024-07-10 06:00:00,28.56,0.02,70.2,8.17
VIL_0160,2024-07-10 06:00:00,28.48,0.02,70.51,8.29
VIL_0161,2024-07-10 06:00:00,27.5,0.04,70.35,9.05
VIL_0162,2024-07-10 06:00:00,27.77,0.03,71.69,8.79
VIL_0163,2024-07-10 06:00:00,28.38,0.02,70.98,8.45
VIL_0164,2024-07-10 06:00:00,28.96,0.01,71.88,8.03
VIL_0165,2024-07-10 06:00:00,28.69,0.01,71.39,8.28
VIL_0166,2024-07-10 06:00:00,29.2,0.01,72.43,8.02
VIL_0167,2024-07-10 06:00:00,29.07,0.01,72.21,8.01
VIL_0168,2024-07-10 06:00:00,29.22,0.0,72.61,8.04
VIL_0169,2024-07-10 06:00:00,29.24,0.0,72.72,8.05
VIL_0170,2024-07-10 06:00:00,29.26,0.0,72.81,8.05
VIL_0171,2024-07-10 06:00:00,29.28,0.0,72.91,8.08
VIL_0172,2024-07-10 06:00:00,29.3,0.0,72.99,8.1
VIL_0173,2024-07-10 06:00:00,29.26,0.0,72.74,8.0
VIL_0174,2024-07-10 06:00:00,28.99,0.0,72.71,8.11
VIL_0175,2024-07-10 06:00:00,28.88,0.01,72.6,8.07
VIL_0176,2024-07-10 06:00:00,28.93,0.01,72.66,8.13
VIL_0177,2024-07-10 06:00:00,28.78,0.01,72.5,8.05
VIL_0178,2024-07-10 06:00:00,28.79,0.01,72.53,8.21
VIL_0179,2024-07-10 06:00:00,28.76,0.01,72.49,8.13
VIL_0180,2024-07-10 06:00:00,28.64,0.01,72.37,8.05
VIL_0181,2024-07-10 06:00:00,28.48,0.01,72.22,8.13
VIL_0182,2024-07-10 06:00:00,28.4,0.01,72.17,8.28
VIL_0183,2024-07-10 06:00:00,28.2,0.02,72.02,8.46
VIL_0184,2024-07-10 06:00:00,28.17,0.02,71.96,8.38
VIL_0185,2024-07-10 06:00:00,27.61,0.02,71.44,8.7
VIL_0186,2024-07-10 06:00:00,27.68,0.02,71.36,8.38
VIL_0187,2024-07-10 06:00:00,28.22,0.01,71.95,8.1
VIL_0188,2024-07-10 06:00:00,28.56,0.01,72.21,7.44
VIL_0189,2024-07-10 06:00:00,28.45,0.01,72.15,7.76
VIL_0190,2024-07-10 06:00:00,28.55,0.01,72.26,7.9
VIL_0191,2024-07-10 06:00:00,28.7,0.01,72.37,7.43
VIL_0192,2024-07-10 06:00:00,28.64,0.01,72.34,7.65
VIL_0193,2024-07-10 06:00:00,28.77,0.01,72.44,7.39
VIL_0194,2024-07-10 06:00:00,28.74,0.01,72.42,7.54
VIL_0195,2024-07-10 06:00:00,28.7,0.01,72.4,7.7
VIL_0196,2024-07-10 06:00:00,28.73,0.01,72.45,7.93
VIL_0197,2024-07-10 06:00:00,29.13,0.0,72.53,6.78
VIL_0198,2024-07-10 06:00:00,29.14,0.0,72.57,6.73
VIL_0199,2024-07-10 06:00:00,29.21,0.0,72.67,6.63
VIL_0200,2024-07-10 06:00:00,29.22,0.0,72.67,6.61
VIL_0201,2024-07-10 06:00:00,29.19,0.0,72.61,6.65
VIL_0202,2024-07-10 06:00:00,29.3,0.0,72.79,6.5
VIL_0203,2024-07-10 06:00:00,29.33,0.0,72.86,6.47
VIL_0204,2024-07-10 06:00:00,29.33,0.0,72.85,6.45
VIL_0205,2024-07-10 06:00:00,29.28,0.0,72.48,6.52
VIL_0206,2024-07-10 06:00:00,29.24,0.01,72.19,6.6
VIL_0207,2024-07-10 06:00:00,29.28,0.0,72.4,6.51
VIL_0208,2024-07-10 06:00:00,29.32,0.0,72.66,6.47
VIL_0209,2024-07-10 06:00:00,29.23,0.0,72.62,6.52
VIL_0210,2024-07-10 06:00:00,29.21,0.01,71.99,6.48
VIL_0211,2024-07-10 06:00:00,29.24,0.01,71.82,6.46
VIL_0212,2024-07-10 06:00:00,29.19,0.0,72.47,6.56
VIL_0213,2024-07-10 06:00:00,29.18,0.01,71.59,6.75
VIL_0214,2024-07-10 06:00:00,29.16,0.01,71.47,6.8
VIL_0215,2024-07-10 06:00:00,29.49,0.02,71.75,6.73
VIL_0216,2024-07-10 06:00:00,29.09,0.0,72.52,6.71
VIL_0217,2024-07-10 06:00:00,28.46,0.01,71.86,7.22
VIL_0218,2024-07-10 06:00:00,27.96,0.02,70.87,7.74
VIL_0219,2024-07-10 06:00:00,28.12,0.02,70.96,7.57
VIL_0220,2024-07-10 06:00:00,28.59,0.02,71.3,7.01
VIL_0221,2024-07-10 06:00:00,28.78,0.02,71.26,6.7
VIL_0222,2024-07-10 06:00:00,29.32,0.0,72.85,6.46
VIL_0223,2024-07-10 06:00:00,29.39,0.0,72.97,6.41
VIL_0224,2024-07-10 06:00:00,29.36,0.0,72.94,6.43
VIL_0225,2024-07-10 06:00:00,29.32,0.0,72.85,6.48
VIL_0226,2024-07-10 06:00:00,29.22,0.0,72.7,6.55
VIL_0227,2024-07-10 06:00:00,27.54,0.06,69.44,8.33
VIL_0228,2024-07-10 06:00:00,29.43,0.01,70.75,5.42
VIL_0229,2024-07-10 06:00:00,29.82,0.0,70.91,4.88
VIL_0230,2024-07-10 06:00:00,29.96,0.0,70.93,4.74
VIL_0231,2024-07-10 06:00:00,29.99,0.0,70.99,4.53
VIL_0232,2024-07-10 06:00:00,28.74,0.14,72.73,12.57
VIL_0233,2024-07-10 06:00:00,29.29,0.2,72.16,8.61
VIL_0234,2024-07-10 06:00:00,29.33,0.03,68.83,9.75
VIL_0235,2024-07-10 06:00:00,28.51,0.06,75.11,15.16
VIL_0236,2024-07-10 06:00:00,29.02,0.03,70.42,6.1
VIL_0237,2024-07-10 06:00:00,28.68,0.05,69.95,6.99
VIL_0238,2024-07-10 06:00:00,29.49,0.05,70.16,6.34
VIL_0239,2024-07-10 06:00:00,29.35,0.02,70.26,5.78
VIL_0240,2024-07-10 06:00:00,29.52,0.04,70.73,6.66
VIL_0241,2024-07-10 06:00:00,29.4,0.05,70.59,7.3
VIL_0242,2024-07-10 06:00:00,29.9,0.01,70.77,5.13
VIL_0243,2024-07-10 06:00:00,29.86,0.02,70.65,5.41
VIL_0244,2024-07-10 06:00:00,29.72,0.04,70.11,6.39
VIL_0245,2024-07-10 06:00:00,29.35,0.07,70.26,7.76
VIL_0246,2024-07-10 06:00:00,29.23,0.09,69.73,8.64
VIL_0247,2024-07-10 06:00:00,29.06,0.1,69.92,9.32
VIL_0248,2024-07-10 06:00:00,29.45,0.01,70.96,5.84
VIL_0249,2024-07-10 06:00:00,29.62,0.01,70.65,5.64
VIL_0250,2024-07-10 06:00:00,29.67,0.04,70.08,6.61
VIL_0251,2024-07-10 06:00:00,29.54,0.07,69.13,7.79
VIL_0252,2024-07-10 06:00:00,29.5,0.08,68.85,8.08
VIL_0253,2024-07-10 06:00:00,29.56,0.06,69.4,7.53
VIL_0254,2024-07-10 06:00:00,29.47,0.08,68.97,8.15
VIL_0255,2024-07-10 06:00:00,29.54,0.06,69.89,7.37
VIL_0256,2024-07-10 06:00:00,29.59,0.04,70.33,6.91
VIL_0257,2024-07-10 06:00:00,29.42,0.02,70.59,6.31
VIL_0258,2024-07-10 06:00:00,29.31,0.01,71.08,6.42
VIL_0259,2024-07-10 06:00:00,29.27,0.01,71.41,6.41
VIL_0260,2024-07-10 06:00:00,29.25,0.01,71.93,6.56
VIL_0261,2024-07-10 06:00:00,29.25,0.01,71.49,6.56
VIL_0262,2024-07-10 06:00:00,29.28,0.02,70.88,6.67
VIL_0263,2024-07-10 06:00:00,29.26,0.02,71.11,6.67
VIL_0264,2024-07-10 06:00:00,29.22,0.01,71.45,6.7
VIL_0265,2024-07-10 06:00:00,29.22,0.01,71.89,6.65
VIL_0266,2024-07-10 06:00:00,29.2,0.01,71.57,6.73
VIL_0267,2024-07-10 06:00:00,29.18,0.02,71.34,6.82
VIL_0268,2024-07-10 06:00:00,29.21,0.02,70.94,6.89
VIL_0269,2024-07-10 06:00:00,29.25,0.02,70.67,6.88
VIL_0270,2024-07-10 06:00:00,29.54,0.05,70.32,7.17
VIL_0271,2024-07-10 06:00:00,29.16,0.02,70.88,6.99
VIL_0272,2024-07-10 06:00:00,29.18,0.02,70.9,6.95
VIL_0273,2024-07-10 06:00:00,29.21,0.03,70.59,7.04
VIL_0274,2024-07-10 06:00:00,29.51,0.03,70.48,7.25
VIL_0275,2024-07-10 06:00:00,29.5,0.03,70.4,7.33
VIL_0276,2024-07-10 06:00:00,29.5,0.03,69.93,7.57
VIL_0277,2024-07-10 06:00:00,29.51,0.03,70.23,7.34
VIL_0278,2024-07-10 06:00:00,29.5,0.05,70.18,7.42
VIL_0279,2024-07-10 06:00:00,29.49,0.06,69.67,7.72
VIL_0280,2024-07-10 06:00:00,29.5,0.05,69.12,7.96
VIL_0281,2024-07-10 06:00:00,29.5,0.04,69.38,7.83
VIL_0282,2024-07-10 06:00:00,29.51,0.04,69.83,7.55
VIL_0283,2024-07-10 06:00:00,29.49,0.05,69.31,7.95
VIL_0284,2024-07-10 06:00:00,29.49,0.04,69.61,7.78
VIL_0285,2024-07-10 06:00:00,29.49,0.04,69.86,7.65
VIL_0286,2024-07-10 06:00:00,29.48,0.03,69.84,7.74
VIL_0287,2024-07-10 06:00:00,29.48,0.04,69.58,7.88
VIL_0288,2024-07-10 06:00:00,29.48,0.04,69.33,7.99
VIL_0289,2024-07-10 06:00:00,29.48,0.04,69.34,8.03
VIL_0290,2024-07-10 06:00:00,29.47,0.04,69.53,7.96
VIL_0291,2024-07-10 06:00:00,29.46,0.04,69.49,8.05
VIL_0292,2024-07-10 06:00:00,29.46,0.04,69.3,8.19
VIL_0293,2024-07-10 06:00:00,29.46,0.04,69.19,8.21
VIL_0294,2024-07-10 06:00:00,29.45,0.05,69.04,8.31
VIL_0295,2024-07-10 06:00:00,29.46,0.05,68.97,8.3
VIL_0296,2024-07-10 06:00:00,29.48,0.05,68.82,8.24
VIL_0297,2024-07-10 06:00:00,29.48,0.06,68.61,8.33
VIL_0298,2024-07-10 06:00:00,29.39,0.08,68.2,9.08
VIL_0299,2024-07-10 06:00:00,29.37,0.09,67.99,9.26
VIL_0300,2024-07-10 06:00:00,29.35,0.08,68.11,9.38
VIL_0301,2024-07-10 06:00:00,29.37,0.08,68.18,9.27
VIL_0302,2024-07-10 06:00:00,29.35,0.07,68.36,9.31
VIL_0303,2024-07-10 06:00:00,29.38,0.08,68.34,9.16
VIL_0304,2024-07-10 06:00:00,29.43,0.05,68.88,8.53
VIL_0305,2024-07-10 06:00:00,29.43,0.04,69.06,8.51
VIL_0306,2024-07-10 06:00:00,29.44,0.04,69.13,8.37
VIL_0307,2024-07-10 06:00:00,29.45,0.04,69.32,8.24
VIL_0308,2024-07-10 06:00:00,29.43,0.04,69.18,8.44
VIL_0309,2024-07-10 06:00:00,29.42,0.04,69.13,8.55
VIL_0310,2024-07-10 06:00:00,29.34,0.07,68.54,9.36
VIL_0311,2024-07-10 06:00:00,29.33,0.06,68.59,9.41
VIL_0312,2024-07-10 06:00:00,29.31,0.06,68.59,9.52
VIL_0313,2024-07-10 06:00:00,29.31,0.06,68.65,9.51
VIL_0314,2024-07-10 06:00:00,29.29,0.06,68.27,9.9
VIL_0315,2024-07-10 06:00:00,29.32,0.06,68.69,9.44
VIL_0316,2024-07-10 06:00:00,29.29,0.06,68.28,9.89
VIL_0317,2024-07-10 06:00:00,29.29,0.05,68.35,9.91
VIL_0318,2024-07-10 06:00:00,29.28,0.05,68.39,9.95
VIL_0319,2024-07-10 06:00:00,29.28,0.05,68.39,9.96
VIL_0320,2024-07-10 06:00:00,29.46,0.08,68.73,8.36
VIL_0321,2024-07-10 06:00:00,29.41,0.09,67.8,9.11
VIL_0322,2024-07-10 06:00:00,29.45,0.08,68.43,8.51
VIL_0323,2024-07-10 06:00:00,29.41,0.09,67.76,9.08
VIL_0324,2024-07-10 06:00:00,29.41,0.1,67.53,9.18
VIL_0325,2024-07-10 06:00:00,29.41,0.1,67.77,9.08
VIL_0326,2024-07-10 06:00:00,29.4,0.1,68.02,9.08
VIL_0327,2024-07-10 06:00:00,29.17,0.11,68.89,9.45
VIL_0328,2024-07-10 06:00:00,29.37,0.1,67.49,9.39
VIL_0329,2024-07-10 06:00:00,29.33,0.11,67.8,9.55
VIL_0330,2024-07-10 06:00:00,29.36,0.1,67.48,9.47
VIL_0331,2024-07-10 06:00:00,29.38,0.1,67.32,9.42
VIL_0332,2024-07-10 06:00:00,29.4,0.1,67.05,9.4
VIL_0333,2024-07-10 06:00:00,29.4,0.1,67.1,9.38
VIL_0334,2024-07-10 06:00:00,29.4,0.09,67.52,9.25
VIL_0335,2024-07-10 06:00:00,29.39,0.1,67.33,9.38
VIL_0336,2024-07-10 06:00:00,29.38,0.09,67.62,9.32
VIL_0337,2024-07-10 06:00:00,29.29,0.04,68.4,9.92
VIL_0338,2024-07-10 06:00:00,29.29,0.04,68.45,9.94
VIL_0339,2024-07-10 06:00:00,29.3,0.04,68.4,9.9
VIL_0340,2024-07-10 06:00:00,29.3,0.03,68.46,9.91
VIL_0341,2024-07-10 06:00:00,29.31,0.03,68.42,9.87
VIL_0342,2024-07-10 06:00:00,29.32,0.05,68.93,9.71
VIL_0343,2024-07-10 06:00:00,29.32,0.04,68.9,9.75
VIL_0344,2024-07-10 06:00:00,29.31,0.04,68.9,9.8
VIL_0345,2024-07-10 06:00:00,29.29,0.03,68.89,9.9
VIL_0346,2024-07-10 06:00:00,29.31,0.03,68.9,9.81
VIL_0347,2024-07-10 06:00:00,29.33,0.04,68.91,9.74
VIL_0348,2024-07-10 06:00:00,29.34,0.05,68.97,9.64
VIL_0349,2024-07-10 06:00:00,29.36,0.05,68.99,9.57
VIL_0350,2024-07-10 06:00:00,29.39,0.06,69.01,9.45
VIL_0351,2024-07-10 06:00:00,29.41,0.06,69.02,9.35
VIL_0352,2024-07-10 06:00:00,29.44,0.06,69.04,9.23
VIL_0353,2024-07-10 06:00:00,29.27,0.04,68.48,9.99
VIL_0354,2024-07-10 06:00:00,29.26,0.03,68.57,10.05
VIL_0355,2024-07-10 06:00:00,29.24,0.02,68.73,10.13
VIL_0356,2024-07-10 06:00:00,29.27,0.03,68.56,10.03
VIL_0357,2024-07-10 06:00:00,29.26,0.02,68.64,10.06
VIL_0358,2024-07-10 06:00:00,29.27,0.03,68.54,10.0
VIL_0359,2024-07-10 06:00:00,29.28,0.02,68.59,10.0
VIL_0360,2024-07-10 06:00:00,29.26,0.02,68.68,10.07
VIL_0361,2024-07-10 06:00:00,29.23,0.01,68.84,10.19
VIL_0362,2024-07-10 06:00:00,29.21,0.01,68.9,10.24
VIL_0363,2024-07-10 06:00:00,29.19,0.02,68.83,10.49
VIL_0364,2024-07-10 06:00:00,29.19,0.01,68.91,10.48
VIL_0365,2024-07-10 06:00:00,29.17,0.03,68.88,10.78
VIL_0366,2024-07-10 06:00:00,29.15,0.03,68.9,11.06
VIL_0367,2024-07-10 06:00:00,29.12,0.04,68.89,11.52
VIL_0368,2024-07-10 06:00:00,29.06,0.05,68.92,12.29
VIL_0369,2024-07-10 06:00:00,29.17,0.02,68.9,11.19
VIL_0370,2024-07-10 06:00:00,29.21,0.0,68.95,10.26
VIL_0371,2024-07-10 06:00:00,29.19,0.01,68.97,10.4
VIL_0372,2024-07-10 06:00:00,29.21,0.01,68.93,10.26
VIL_0373,2024-07-10 06:00:00,29.2,0.0,69.0,10.3
VIL_0374,2024-07-10 06:00:00,29.29,0.03,68.9,9.89
VIL_0375,2024-07-10 06:00:00,29.26,0.02,68.71,10.07
VIL_0376,2024-07-10 06:00:00,29.23,0.01,68.83,10.17
VIL_0377,2024-07-10 06:00:00,29.23,0.01,68.85,10.18
VIL_0378,2024-07-10 06:00:00,29.26,0.0,68.69,10.34
VIL_0379,2024-07-10 06:00:00,29.29,0.02,68.95,10.51
VIL_0380,2024-07-10 06:00:00,29.39,0.03,68.74,9.96
VIL_0381,2024-07-10 06:00:00,29.26,0.02,68.91,10.03
VIL_0382,2024-07-10 06:00:00,29.29,0.03,68.89,9.89
VIL_0383,2024-07-10 06:00:00,29.33,0.02,68.88,10.18
VIL_0384,2024-07-10 06:00:00,29.37,0.05,68.93,9.55
VIL_0385,2024-07-10 06:00:00,29.36,0.04,68.87,9.61
VIL_0386,2024-07-10 06:00:00,29.39,0.05,68.93,9.48
VIL_0387,2024-07-10 06:00:00,29.43,0.05,68.92,9.3
VIL_0388,2024-07-10 06:00:00,29.44,0.05,68.82,9.28
VIL_0389,2024-07-10 06:00:00,29.42,0.04,68.76,9.37
VIL_0390,2024-07-10 06:00:00,29.43,0.04,68.69,9.36
VIL_0391,2024-07-10 06:00:00,29.48,0.04,68.64,9.18
VIL_0392,2024-07-10 06:00:00,29.5,0.04,68.52,9.1
VIL_0393,2024-07-10 06:00:00,29.53,0.04,68.4,9.39
VIL_0394,2024-07-10 06:00:00,29.64,0.04,68.26,8.48
VIL_0395,2024-07-10 06:00:00,28.02,0.1,70.46,8.43
VIL_0396,2024-07-10 06:00:00,29.65,0.04,68.28,8.4
VIL_0397,2024-07-10 06:00:00,29.71,0.03,67.85,8.33
VIL_0398,2024-07-10 06:00:00,29.77,0.01,67.3,8.25
VIL_0399,2024-07-10 06:00:00,29.73,0.02,67.62,8.31
VIL_0400,2024-07-10 06:00:00,29.74,0.01,67.45,8.3
VIL_0401,2024-07-10 06:00:00,29.75,0.02,67.44,8.29
VIL_0402,2024-07-10 06:00:00,29.8,0.0,67.02,8.2
VIL_0403,2024-07-10 06:00:00,29.73,0.02,67.62,8.32
VIL_0404,2024-07-10 06:00:00,29.63,0.06,68.52,8.5
VIL_0405,2024-07-10 06:00:00,29.39,0.14,70.75,8.99
VIL_0406,2024-07-10 06:00:00,29.67,0.04,68.13,8.42
VIL_0407,2024-07-10 06:00:00,29.49,0.1,69.77,8.76
VIL_0408,2024-07-10 06:00:00,29.5,0.1,69.65,8.72
VIL_0409,2024-07-10 06:00:00,29.43,0.12,70.29,8.82
VIL_0410,2024-07-10 06:00:00,29.47,0.1,69.91,8.76
VIL_0411,2024-07-10 06:00:00,29.5,0.09,69.62,8.72
VIL_0412,2024-07-10 06:00:00,29.51,0.08,69.43,8.72
VIL_0413,2024-07-10 06:00:00,29.52,0.08,69.29,8.72
VIL_0414,2024-07-10 06:00:00,29.51,0.07,69.22,8.75
VIL_0415,2024-07-10 06:00:00,29.51,0.06,69.09,8.81
VIL_0416,2024-07-10 06:00:00,29.53,0.06,68.89,8.78
VIL_0417,2024-07-10 06:00:00,29.59,0.06,68.79,8.57
VIL_0418,2024-07-10 06:00:00,29.59,0.07,68.83,8.56
VIL_0419,2024-07-10 06:00:00,29.67,0.04,68.1,8.44
VIL_0420,2024-07-10 06:00:00,29.67,0.03,67.97,8.44
VIL_0421,2024-07-10 06:00:00,29.6,0.04,68.43,8.6
VIL_0422,2024-07-10 06:00:00,29.63,0.03,68.15,8.56
VIL_0423,2024-07-10 06:00:00,29.63,0.03,68.13,8.56
VIL_0424,2024-07-10 06:00:00,29.49,0.03,68.52,9.45
VIL_0425,2024-07-10 06:00:00,29.54,0.03,68.33,9.29
VIL_0426,2024-07-10 06:00:00,29.49,0.03,68.49,9.52
VIL_0427,2024-07-10 06:00:00,29.56,0.05,68.72,8.73
VIL_0428,2024-07-10 06:00:00,29.59,0.06,68.73,8.59
VIL_0429,2024-07-10 06:00:00,26.29,0.11,74.11,16.38
VIL_0430,2024-07-10 06:00:00,25.8,0.1,74.99,17.1
VIL_0431,2024-07-10 06:00:00,28.39,0.13,70.39,13.7
VIL_0432,2024-07-10 06:00:00,28.46,0.16,70.47,12.68
VIL_0433,2024-07-10 06:00:00,28.6,0.18,70.34,12.06
VIL_0434,2024-07-10 06:00:00,28.77,0.19,70.12,11.57
VIL_0435,2024-07-10 06:00:00,28.87,0.2,70.0,11.29
VIL_0436,2024-07-10 06:00:00,28.9,0.2,70.0,11.21
VIL_0437,2024-07-10 06:00:00,28.86,0.18,69.93,11.02
VIL_0438,2024-07-10 06:00:00,29.02,0.13,69.23,10.13
VIL_0439,2024-07-10 06:00:00,29.09,0.14,68.82,10.87
VIL_0440,2024-07-10 06:00:00,28.81,0.19,70.04,11.56
VIL_0441,2024-07-10 06:00:00,28.6,0.03,69.5,16.71
VIL_0442,2024-07-10 06:00:00,28.52,0.03,69.63,16.97
VIL_0443,2024-07-10 06:00:00,28.32,0.04,70.1,16.68
VIL_0444,2024-07-10 06:00:00,28.54,0.02,69.63,16.91
VIL_0445,2024-07-10 06:00:00,28.63,0.02,69.45,17.01
VIL_0446,2024-07-10 06:00:00,28.69,0.01,69.31,17.12
VIL_0447,2024-07-10 06:00:00,28.73,0.01,69.2,17.37
VIL_0448,2024-07-10 06:00:00,28.74,0.01,69.17,17.37
VIL_0449,2024-07-10 06:00:00,28.8,0.0,69.0,17.7
VIL_0450,2024-07-10 06:00:00,28.76,0.0,69.09,17.56
VIL_0451,2024-07-10 06:00:00,28.75,0.01,69.16,17.37
VIL_0452,2024-07-10 06:00:00,28.73,0.01,69.18,17.43
VIL_0453,2024-07-10 06:00:00,28.54,0.06,69.76,15.61
VIL_0454,2024-07-10 06:00:00,29.16,0.05,69.35,12.58
VIL_0455,2024-07-10 06:00:00,27.93,0.0,69.12,13.75
VIL_0456,2024-07-10 06:00:00,28.97,0.02,68.89,15.0
VIL_0457,2024-07-10 06:00:00,29.01,0.02,68.85,14.56
VIL_0458,2024-07-10 06:00:00,29.05,0.03,68.79,13.95
VIL_0459,2024-07-10 06:00:00,29.14,0.03,68.65,12.98
VIL_0460,2024-07-10 06:00:00,28.94,0.02,68.93,15.35
VIL_0461,2024-07-10 06:00:00,28.58,0.03,69.63,16.35
VIL_0462,2024-07-10 06:00:00,28.56,0.03,69.64,16.51
VIL_0463,2024-07-10 06:00:00,28.45,0.04,69.91,16.28
VIL_0464,2024-07-10 06:00:00,28.64,0.02,69.47,16.73
VIL_0465,2024-07-10 06:00:00,28.65,0.02,69.45,16.66
VIL_0466,2024-07-10 06:00:00,28.62,0.02,69.49,16.85
VIL_0467,2024-07-10 06:00:00,28.51,0.03,69.73,16.67
VIL_0468,2024-07-10 06:00:00,28.38,0.04,70.03,16.32
VIL_0469,2024-07-10 06:00:00,28.31,0.04,70.19,16.23
VIL_0470,2024-07-10 06:00:00,28.24,0.04,70.32,16.34
VIL_0471,2024-07-10 06:00:00,29.25,0.04,69.1,11.57
VIL_0472,2024-07-10 06:00:00,29.18,0.02,68.58,12.47
VIL_0473,2024-07-10 06:00:00,29.04,0.03,68.83,13.92
VIL_0474,2024-07-10 06:00:00,29.16,0.03,68.73,12.33
VIL_0475,2024-07-10 06:00:00,29.17,0.03,68.75,11.94
VIL_0476,2024-07-10 06:00:00,29.13,0.03,68.86,12.21
VIL_0477,2024-07-10 06:00:00,29.04,0.03,68.92,13.56
VIL_0478,2024-07-10 06:00:00,29.02,0.03,68.9,14.08
VIL_0479,2024-07-10 06:00:00,28.96,0.02,68.94,14.99
VIL_0480,2024-07-10 06:00:00,28.66,0.02,69.44,16.58
VIL_0481,2024-07-10 06:00:00,28.67,0.02,69.42,16.56
VIL_0482,2024-07-10 06:00:00,28.92,0.04,69.0,14.95
VIL_0483,2024-07-10 06:00:00,28.97,0.04,68.97,14.01
VIL_0484,2024-07-10 06:00:00,28.95,0.05,69.01,14.35
VIL_0485,2024-07-10 06:00:00,28.64,0.04,69.57,16.02
VIL_0486,2024-07-10 06:00:00,28.68,0.02,69.37,16.75
VIL_0487,2024-07-10 06:00:00,29.01,0.07,69.0,12.81
VIL_0488,2024-07-10 06:00:00,29.09,0.07,68.85,11.63
VIL_0489,2024-07-10 06:00:00,29.15,0.06,68.73,11.04
VIL_0490,2024-07-10 06:00:00,29.18,0.05,68.63,10.69
VIL_0491,2024-07-10 06:00:00,29.18,0.08,68.42,10.74
VIL_0492,2024-07-10 06:00:00,29.14,0.08,68.66,11.1
VIL_0493,2024-07-10 06:00:00,29.03,0.1,69.02,12.09
VIL_0494,2024-07-10 06:00:00,28.67,0.15,69.92,12.65
VIL_0495,2024-07-10 06:00:00,28.81,0.18,69.89,11.64
VIL_0496,2024-07-10 06:00:00,29.08,0.13,68.86,11.09
VIL_0497,2024-07-10 06:00:00,28.99,0.15,69.37,11.5
VIL_0498,2024-07-10 06:00:00,29.06,0.12,68.97,11.41
VIL_0499,2024-07-10 06:00:00,29.13,0.1,68.64,11.06
VIL_0500,2024-07-10 06:00:00,29.22,0.1,68.12,10.46
VIL_0501,2024-07-10 06:00:00,29.24,0.09,68.0,10.35
VIL_0502,2024-07-10 06:00:00,28.62,0.04,69.6,16.21
VIL_0503,2024-07-10 06:00:00,28.93,0.07,69.09,14.18
VIL_0504,2024-07-10 06:00:00,28.95,0.09,69.16,13.44
VIL_0505,2024-07-10 06:00:00,28.97,0.08,69.09,13.31
VIL_0506,2024-07-10 06:00:00,28.57,0.11,69.93,13.96
VIL_0507,2024-07-10 06:00:00,29.22,0.06,68.37,10.49
VIL_0508,2024-07-10 06:00:00,29.24,0.08,68.12,10.37
VIL_0509,2024-07-10 06:00:00,29.35,0.09,67.76,9.5
VIL_0510,2024-07-10 06:00:00,29.36,0.09,67.73,9.44
VIL_0511,2024-07-10 06:00:00,29.34,0.09,67.9,9.51
VIL_0512,2024-07-10 06:00:00,29.23,0.06,68.31,10.43
VIL_0513,2024-07-10 06:00:00,29.34,0.08,68.03,9.46
VIL_0514,2024-07-10 06:00:00,29.3,0.07,68.34,9.65
VIL_0515,2024-07-10 06:00:00,29.32,0.07,68.3,9.56
VIL_0516,2024-07-10 06:00:00,29.28,0.05,68.56,9.79
VIL_0517,2024-07-10 06:00:00,29.24,0.03,68.62,10.11
VIL_0518,2024-07-10 06:00:00,29.25,0.04,68.55,10.07
VIL_0519,2024-07-10 06:00:00,29.26,0.04,68.46,10.01
VIL_0520,2024-07-10 06:00:00,29.29,0.05,68.62,9.65
VIL_0521,2024-07-10 06:00:00,29.29,0.06,68.55,9.68
VIL_0522,2024-07-10 06:00:00,29.32,0.07,68.45,9.51
VIL_0523,2024-07-10 06:00:00,23.58,0.04,68.47,9.97
VIL_0524,2024-07-10 06:00:00,26.11,0.04,67.81,8.14
VIL_0525,2024-07-10 06:00:00,29.54,0.12,70.06,7.91
VIL_0526,2024-07-10 06:00:00,29.15,0.04,67.92,6.12
VIL_0527,2024-07-10 06:00:00,29.15,0.09,69.07,6.35
VIL_0528,2024-07-10 06:00:00,29.78,0.1,69.14,6.01
VIL_0529,2024-07-10 06:00:00,29.77,0.11,69.32,6.09
VIL_0530,2024-07-10 06:00:00,29.63,0.13,69.94,6.98
VIL_0531,2024-07-10 06:00:00,29.44,0.16,71.06,8.0
VIL_0532,2024-07-10 06:00:00,29.53,0.15,70.56,7.49
VIL_0533,2024-07-10 06:00:00,29.48,0.14,70.53,8.11
VIL_0534,2024-07-10 06:00:00,29.27,0.19,72.06,8.96
VIL_0535,2024-07-10 06:00:00,29.43,0.14,70.68,8.54
VIL_0536,2024-07-10 06:00:00,29.43,0.14,70.56,8.66
VIL_0537,2024-07-10 06:00:00,29.55,0.1,69.49,8.46
VIL_0538,2024-07-10 06:00:00,29.57,0.08,69.18,8.56
VIL_0539,2024-07-10 06:00:00,29.29,0.18,71.69,9.15
VIL_0540,2024-07-10 06:00:00,29.22,0.2,72.31,9.25
VIL_0541,2024-07-10 06:00:00,29.09,0.24,73.42,9.63
VIL_0542,2024-07-10 06:00:00,29.01,0.27,74.13,9.8
VIL_0543,2024-07-10 06:00:00,28.96,0.28,74.5,10.0
VIL_0544,2024-07-10 06:00:00,29.31,0.19,71.92,8.61
VIL_0545,2024-07-10 06:00:00,29.4,0.18,71.57,8.06
VIL_0546,2024-07-10 06:00:00,29.65,0.14,70.2,6.61
VIL_0547,2024-07-10 06:00:00,29.73,0.12,69.74,6.19
VIL_0548,2024-07-10 06:00:00,29.84,0.1,69.15,5.59
VIL_0549,2024-07-10 06:00:00,29.83,0.09,68.86,5.43
VIL_0550,2024-07-10 06:00:00,29.88,0.09,68.78,5.18
VIL_0551,2024-07-10 06:00:00,29.82,0.07,68.33,5.61
VIL_0552,2024-07-10 06:00:00,29.83,0.07,68.14,5.58
VIL_0553,2024-07-10 06:00:00,29.37,0.03,67.4,6.15
VIL_0554,2024-07-10 06:00:00,29.81,0.04,67.25,5.92
VIL_0555,2024-07-10 06:00:00,29.87,0.07,68.26,5.33
VIL_0556,2024-07-10 06:00:00,29.81,0.03,67.02,5.99
VIL_0557,2024-07-10 06:00:00,29.91,0.08,68.55,5.03
VIL_0558,2024-07-10 06:00:00,30.0,0.1,69.0,4.5
VIL_0559,2024-07-10 06:00:00,29.97,0.1,69.01,4.66
VIL_0560,2024-07-10 06:00:00,29.95,0.1,69.03,4.75
VIL_0561,2024-07-10 06:00:00,29.76,0.12,69.8,5.94
VIL_0562,2024-07-10 06:00:00,29.23,0.22,72.74,8.71
VIL_0563,2024-07-10 06:00:00,29.37,0.19,71.86,8.07
VIL_0564,2024-07-10 06:00:00,29.16,0.24,73.18,9.11
VIL_0565,2024-07-10 06:00:00,29.16,0.23,73.03,9.25
VIL_0566,2024-07-10 06:00:00,28.93,0.29,74.79,10.09
VIL_0567,2024-07-10 06:00:00,28.9,0.3,74.98,10.19
VIL_0568,2024-07-10 06:00:00,29.16,0.22,72.8,9.44
VIL_0569,2024-07-10 06:00:00,29.06,0.25,73.73,9.71
VIL_0570,2024-07-10 06:00:00,29.34,0.15,71.16,9.05
VIL_0571,2024-07-10 06:00:00,29.33,0.16,71.3,9.07
VIL_0572,2024-07-10 06:00:00,29.25,0.19,72.04,9.22
VIL_0573,2024-07-10 06:00:00,29.32,0.16,71.42,9.06
VIL_0574,2024-07-10 06:00:00,29.34,0.16,71.23,8.99
VIL_0575,2024-07-10 06:00:00,29.18,0.22,72.72,9.32
VIL_0576,2024-07-10 06:00:00,29.28,0.19,71.91,8.96
VIL_0577,2024-07-10 06:00:00,29.26,0.2,72.1,8.98
VIL_0578,2024-07-10 06:00:00,29.24,0.21,72.36,9.02
VIL_0579,2024-07-10 06:00:00,29.22,0.21,72.42,9.16
VIL_0580,2024-07-10 06:00:00,29.05,0.26,73.79,9.7
VIL_0581,2024-07-10 06:00:00,28.94,0.29,74.68,10.06
VIL_0582,2024-07-10 06:00:00,29.23,0.21,72.43,9.01
VIL_0583,2024-07-10 06:00:00,29.28,0.2,72.12,8.74
VIL_0584,2024-07-10 06:00:00,29.21,0.22,72.63,9.0
VIL_0585,2024-07-10 06:00:00,29.13,0.24,73.21,9.33
VIL_0586,2024-07-10 06:00:00,29.08,0.25,73.65,9.55
VIL_0587,2024-07-10 06:00:00,29.11,0.24,73.39,9.47
VIL_0588,2024-07-10 06:00:00,29.35,0.15,71.11,9.0
VIL_0589,2024-07-10 06:00:00,29.03,0.27,74.02,9.73
VIL_0590,2024-07-10 06:00:00,28.93,0.29,74.77,10.09
VIL_0591,2024-07-10 06:00:00,29.07,0.26,73.76,9.52
VIL_0592,2024-07-10 06:00:00,29.15,0.24,73.16,9.16
VIL_0593,2024-07-10 06:00:00,28.98,0.28,74.41,9.87
VIL_0594,2024-07-10 06:00:00,29.35,0.2,72.0,8.12
VIL_0595,2024-07-10 06:00:00,29.36,0.19,71.88,8.11
VIL_0596,2024-07-10 06:00:00,29.37,0.19,71.68,8.19
VIL_0597,2024-07-10 06:00:00,29.33,0.2,71.98,8.34
VIL_0598,2024-07-10 06:00:00,29.38,0.17,71.23,7.56
VIL_0599,2024-07-10 06:00:00,29.39,0.16,71.01,7.5
VIL_0600,2024-07-10 06:00:00,29.39,0.16,71.08,7.52
VIL_0601,2024-07-10 06:00:00,29.48,0.14,70.56,7.07
VIL_0602,2024-07-10 06:00:00,29.45,0.16,70.96,7.25
VIL_0603,2024-07-10 06:00:00,29.53,0.13,70.25,6.8
VIL_0604,2024-07-10 06:00:00,29.56,0.11,69.8,6.58
VIL_0605,2024-07-10 06:00:00,29.59,0.11,69.66,6.44
VIL_0606,2024-07-10 06:00:00,29.72,0.09,69.03,5.85
VIL_0607,2024-07-10 06:00:00,29.66,0.12,69.68,6.17
VIL_0608,2024-07-10 06:00:00,29.49,0.16,70.83,7.06
VIL_0609,2024-07-10 06:00:00,29.65,0.13,70.11,6.28
VIL_0610,2024-07-10 06:00:00,29.61,0.15,70.54,6.8
VIL_0611,2024-07-10 06:00:00,29.8,0.1,69.24,5.52
VIL_0612,2024-07-10 06:00:00,29.8,0.09,68.96,5.48
VIL_0613,2024-07-10 06:00:00,29.82,0.08,68.62,5.4
VIL_0614,2024-07-10 06:00:00,29.75,0.06,68.19,5.72
VIL_0615,2024-07-10 06:00:00,29.8,0.06,67.97,5.65
VIL_0616,2024-07-10 06:00:00,29.91,0.08,68.61,5.04
VIL_0617,2024-07-10 06:00:00,29.96,0.1,68.96,4.74
VIL_0618,2024-07-10 06:00:00,29.69,0.06,68.39,5.87
VIL_0619,2024-07-10 06:00:00,23.29,0.05,67.65,9.86
VIL_0620,2024-07-10 06:00:00,23.23,0.05,67.43,9.83
VIL_0621,2024-07-10 06:00:00,23.16,0.05,67.07,9.75
VIL_0622,2024-07-10 06:00:00,22.7,0.06,66.73,9.92
VIL_0623,2024-07-10 06:00:00,22.36,0.02,70.5,11.47
VIL_0624,2024-07-10 06:00:00,23.55,0.04,68.64,10.06
VIL_0625,2024-07-10 06:00:00,25.91,0.04,67.75,8.33
VIL_0626,2024-07-10 06:00:00,22.67,0.03,68.92,10.72
VIL_0627,2024-07-10 06:00:00,23.01,0.04,67.82,10.13
VIL_0628,2024-07-10 06:00:00,22.71,0.07,65.35,9.44
VIL_0629,2024-07-10 06:00:00,22.82,0.07,65.66,9.49
VIL_0630,2024-07-10 06:00:00,23.09,0.06,66.23,9.55
VIL_0631,2024-07-10 06:00:00,22.93,0.06,65.92,9.53
VIL_0632,2024-07-10 06:00:00,23.0,0.06,66.54,9.71
VIL_0633,2024-07-10 06:00:00,23.36,0.05,67.02,9.7
VIL_0634,2024-07-10 06:00:00,23.13,0.06,66.3,9.56
VIL_0635,2024-07-10 06:00:00,23.46,0.06,66.58,9.56
VIL_0636,2024-07-10 06:00:00,24.03,0.06,66.82,9.4
VIL_0637,2024-07-10 06:00:00,24.13,0.04,67.07,9.3
VIL_0638,2024-07-10 06:00:00,25.62,0.03,67.32,8.66
VIL_0639,2024-07-10 06:00:00,28.87,0.02,67.52,6.69
VIL_0640,2024-07-10 06:00:00,29.06,0.01,67.2,6.63
VIL_0641,2024-07-10 06:00:00,29.42,0.01,66.88,6.38
VIL_0642,2024-07-10 06:00:00,25.82,0.03,67.17,8.45
VIL_0643,2024-07-10 06:00:00,28.65,0.01,67.6,6.92
VIL_0644,2024-07-10 06:00:00,25.13,0.03,67.18,8.81
VIL_0645,2024-07-10 06:00:00,24.82,0.04,67.09,8.92
VIL_0646,2024-07-10 06:00:00,24.75,0.05,67.03,9.15
VIL_0647,2024-07-10 06:00:00,24.68,0.05,66.98,9.17
VIL_0648,2024-07-10 06:00:00,24.7,0.06,66.99,9.16
VIL_0649,2024-07-10 06:00:00,25.59,0.06,67.5,8.72
VIL_0650,2024-07-10 06:00:00,26.2,0.06,67.61,8.47
VIL_0651,2024-07-10 06:00:00,28.26,0.06,66.64,7.13
VIL_0652,2024-07-10 06:00:00,25.46,0.05,67.11,8.87
VIL_0653,2024-07-10 06:00:00,25.92,0.06,67.59,8.57
VIL_0654,2024-07-10 06:00:00,28.48,0.05,66.76,7.04
VIL_0655,2024-07-10 06:00:00,29.14,0.08,69.64,8.48
VIL_0656,2024-07-10 06:00:00,28.34,0.08,68.09,7.76
VIL_0657,2024-07-10 06:00:00,29.32,0.1,69.09,8.16
VIL_0658,2024-07-10 06:00:00,29.5,0.08,68.37,7.42
VIL_0659,2024-07-10 06:00:00,29.41,0.07,68.57,7.49
VIL_0660,2024-07-10 06:00:00,29.47,0.06,68.23,7.24
VIL_0661,2024-07-10 06:00:00,28.74,0.02,67.71,7.18
VIL_0662,2024-07-10 06:00:00,29.71,0.02,66.92,6.22
VIL_0663,2024-07-10 06:00:00,29.67,0.02,67.03,6.24
VIL_0664,2024-07-10 06:00:00,29.73,0.01,66.6,6.26
VIL_0665,2024-07-10 06:00:00,29.77,0.01,66.3,6.31
VIL_0666,2024-07-10 06:00:00,29.77,0.02,66.63,6.15
VIL_0667,2024-07-10 06:00:00,29.79,0.02,66.71,6.15
VIL_0668,2024-07-10 06:00:00,29.79,0.0,66.15,6.35
VIL_0669,2024-07-10 06:00:00,29.71,0.01,66.37,6.31
VIL_0670,2024-07-10 06:00:00,29.8,0.0,66.03,6.39
VIL_0671,2024-07-10 06:00:00,29.56,0.1,69.46,6.5
VIL_0672,2024-07-10 06:00:00,29.43,0.15,70.68,7.26
VIL_0673,2024-07-10 06:00:00,29.46,0.13,70.39,7.07
VIL_0674,2024-07-10 06:00:00,29.49,0.13,70.26,6.96
VIL_0675,2024-07-10 06:00:00,29.49,0.12,70.09,6.9
VIL_0676,2024-07-10 06:00:00,29.46,0.13,70.33,7.07
VIL_0677,2024-07-10 06:00:00,29.47,0.13,70.18,7.0
VIL_0678,2024-07-10 06:00:00,29.5,0.11,69.78,6.77
VIL_0679,2024-07-10 06:00:00,29.16,0.18,72.32,9.23
VIL_0680,2024-07-10 06:00:00,29.14,0.18,72.38,9.42
VIL_0681,2024-07-10 06:00:00,29.15,0.16,72.1,9.31
VIL_0682,2024-07-10 06:00:00,29.1,0.17,72.44,9.78
VIL_0683,2024-07-10 06:00:00,29.08,0.18,72.64,9.95
VIL_0684,2024-07-10 06:00:00,29.02,0.18,72.91,10.48
VIL_0685,2024-07-10 06:00:00,28.93,0.19,73.39,11.3
VIL_0686,2024-07-10 06:00:00,29.01,0.18,72.8,10.49
VIL_0687,2024-07-10 06:00:00,29.12,0.13,71.48,10.18
VIL_0688,2024-07-10 06:00:00,28.88,0.18,72.95,12.25
VIL_0689,2024-07-10 06:00:00,28.87,0.18,73.03,12.34
VIL_0690,2024-07-10 06:00:00,28.84,0.19,73.32,12.68
VIL_0691,2024-07-10 06:00:00,28.6,0.23,74.7,14.8
VIL_0692,2024-07-10 06:00:00,28.67,0.22,74.19,14.25
VIL_0693,2024-07-10 06:00:00,28.54,0.24,75.23,15.36
VIL_0694,2024-07-10 06:00:00,28.48,0.25,75.68,15.83
VIL_0695,2024-07-10 06:00:00,28.29,0.28,77.2,17.31
VIL_0696,2024-07-10 06:00:00,28.25,0.29,77.57,17.69
VIL_0697,2024-07-10 06:00:00,28.21,0.3,77.88,17.99
VIL_0698,2024-07-10 06:00:00,28.21,0.3,77.94,18.05
VIL_0699,2024-07-10 06:00:00,28.27,0.29,77.4,17.55
VIL_0700,2024-07-10 06:00:00,28.46,0.26,75.88,16.07
VIL_0701,2024-07-10 06:00:00,28.47,0.25,75.51,15.69
VIL_0702,2024-07-10 06:00:00,28.68,0.22,74.07,14.38
VIL_0703,2024-07-10 06:00:00,28.78,0.21,73.26,13.63
VIL_0704,2024-07-10 06:00:00,28.3,0.28,77.06,17.2
VIL_0705,2024-07-10 06:00:00,28.4,0.27,76.28,16.54
VIL_0706,2024-07-10 06:00:00,28.58,0.25,74.71,15.17
VIL_0707,2024-07-10 06:00:00,28.67,0.23,73.92,14.41
VIL_0708,2024-07-10 06:00:00,28.71,0.23,73.55,14.22
VIL_0709,2024-07-10 06:00:00,28.35,0.27,76.68,16.92
VIL_0710,2024-07-10 06:00:00,28.56,0.24,74.77,15.3
VIL_0711,2024-07-10 06:00:00,28.72,0.22,73.29,14.12
VIL_0712,2024-07-10 06:00:00,28.67,0.22,73.74,14.46
VIL_0713,2024-07-10 06:00:00,28.54,0.24,74.99,15.47
VIL_0714,2024-07-10 06:00:00,28.44,0.25,75.82,16.16
VIL_0715,2024-07-10 06:00:00,28.51,0.24,75.19,15.55
VIL_0716,2024-07-10 06:00:00,28.55,0.23,74.86,15.3
VIL_0717,2024-07-10 06:00:00,28.67,0.22,73.82,14.46
VIL_0718,2024-07-10 06:00:00,28.78,0.2,72.81,13.65
VIL_0719,2024-07-10 06:00:00,28.62,0.22,74.27,14.75
VIL_0720,2024-07-10 06:00:00,28.71,0.2,73.65,14.25
VIL_0721,2024-07-10 06:00:00,28.7,0.21,73.55,14.14
VIL_0722,2024-07-10 06:00:00,28.75,0.19,73.14,13.69
VIL_0723,2024-07-10 06:00:00,28.77,0.18,73.14,13.73
VIL_0724,2024-07-10 06:00:00,28.79,0.19,72.77,13.51
VIL_0725,2024-07-10 06:00:00,28.82,0.18,72.54,13.17
VIL_0726,2024-07-10 06:00:00,28.83,0.17,72.64,13.25
VIL_0727,2024-07-10 06:00:00,28.8,0.17,72.89,13.36
VIL_0728,2024-07-10 06:00:00,28.84,0.16,72.54,13.02
VIL_0729,2024-07-10 06:00:00,28.94,0.19,71.43,12.82
VIL_0730,2024-07-10 06:00:00,29.03,0.19,70.57,12.39
VIL_0731,2024-07-10 06:00:00,29.07,0.19,70.27,12.3
VIL_0732,2024-07-10 06:00:00,29.07,0.2,70.24,12.31
VIL_0733,2024-07-10 06:00:00,29.1,0.2,70.01,12.3
VIL_0734,2024-07-10 06:00:00,29.06,0.18,70.31,12.15
VIL_0735,2024-07-10 06:00:00,29.08,0.19,70.16,12.26
VIL_0736,2024-07-10 06:00:00,29.08,0.2,70.17,12.29
VIL_0737,2024-07-10 06:00:00,29.06,0.19,70.39,12.25
VIL_0738,2024-07-10 06:00:00,29.04,0.16,70.53,11.87
VIL_0739,2024-07-10 06:00:00,28.91,0.19,71.66,12.87
VIL_0740,2024-07-10 06:00:00,28.89,0.18,71.89,12.79
VIL_0741,2024-07-10 06:00:00,28.95,0.18,71.36,12.54
VIL_0742,2024-07-10 06:00:00,29.0,0.17,70.98,12.19
VIL_0743,2024-07-10 06:00:00,28.95,0.16,71.45,12.33
VIL_0744,2024-07-10 06:00:00,28.9,0.15,72.1,12.71
VIL_0745,2024-07-10 06:00:00,28.94,0.11,71.62,11.61
VIL_0746,2024-07-10 06:00:00,28.95,0.1,71.56,11.54
VIL_0747,2024-07-10 06:00:00,28.97,0.08,71.64,11.3
VIL_0748,2024-07-10 06:00:00,28.98,0.11,71.29,11.5
VIL_0749,2024-07-10 06:00:00,28.98,0.12,71.19,11.62
VIL_0750,2024-07-10 06:00:00,29.6,0.09,69.07,6.26
VIL_0751,2024-07-10 06:00:00,29.62,0.07,68.73,6.11
VIL_0752,2024-07-10 06:00:00,29.66,0.04,67.78,5.85
VIL_0753,2024-07-10 06:00:00,29.55,0.09,69.31,6.46
VIL_0754,2024-07-10 06:00:00,29.54,0.09,69.18,6.45
VIL_0755,2024-07-10 06:00:00,29.53,0.09,69.2,6.48
VIL_0756,2024-07-10 06:00:00,29.57,0.08,68.94,6.3
VIL_0757,2024-07-10 06:00:00,29.65,0.04,67.81,5.89
VIL_0758,2024-07-10 06:00:00,29.6,0.03,67.79,6.01
VIL_0759,2024-07-10 06:00:00,29.62,0.04,67.81,6.0
VIL_0760,2024-07-10 06:00:00,29.31,0.09,70.17,8.56
VIL_0761,2024-07-10 06:00:00,29.35,0.09,69.87,8.2
VIL_0762,2024-07-10 06:00:00,29.25,0.1,70.37,8.89
VIL_0763,2024-07-10 06:00:00,29.68,0.03,67.42,5.94
VIL_0764,2024-07-10 06:00:00,29.6,0.03,67.6,5.99
VIL_0765,2024-07-10 06:00:00,29.56,0.02,67.45,6.11
VIL_0766,2024-07-10 06:00:00,29.52,0.01,67.46,6.17
VIL_0767,2024-07-10 06:00:00,29.52,0.02,67.55,6.23
VIL_0768,2024-07-10 06:00:00,29.55,0.02,67.53,6.29
VIL_0769,2024-07-10 06:00:00,29.43,0.02,67.83,6.25
VIL_0770,2024-07-10 06:00:00,29.37,0.01,67.88,6.15
VIL_0771,2024-07-10 06:00:00,29.3,0.0,68.0,6.1
VIL_0772,2024-07-10 06:00:00,29.36,0.01,67.89,6.12
VIL_0773,2024-07-10 06:00:00,29.52,0.02,67.73,6.06
VIL_0774,2024-07-10 06:00:00,29.56,0.03,67.76,6.03
VIL_0775,2024-07-10 06:00:00,29.51,0.02,67.81,6.13
VIL_0776,2024-07-10 06:00:00,29.45,0.02,67.83,6.12
VIL_0777,2024-07-10 06:00:00,29.41,0.01,67.88,6.16
VIL_0778,2024-07-10 06:00:00,29.32,0.0,67.98,6.12
VIL_0779,2024-07-10 06:00:00,29.33,0.01,67.99,6.25
VIL_0780,2024-07-10 06:00:00,29.33,0.01,67.98,6.23
VIL_0781,2024-07-10 06:00:00,29.47,0.05,68.02,6.82
VIL_0782,2024-07-10 06:00:00,29.51,0.06,68.03,6.99
VIL_0783,2024-07-10 06:00:00,29.52,0.07,68.1,7.15
VIL_0784,2024-07-10 06:00:00,29.44,0.03,67.93,6.66
VIL_0785,2024-07-10 06:00:00,29.49,0.05,67.92,6.89
VIL_0786,2024-07-10 06:00:00,29.49,0.04,67.83,6.8
VIL_0787,2024-07-10 06:00:00,29.2,0.09,70.02,9.21
VIL_0788,2024-07-10 06:00:00,29.58,0.03,67.81,6.11
VIL_0789,2024-07-10 06:00:00,29.54,0.03,67.82,6.18
VIL_0790,2024-07-10 06:00:00,29.5,0.03,67.84,6.21
VIL_0791,2024-07-10 06:00:00,29.39,0.03,68.06,6.66
VIL_0792,2024-07-10 06:00:00,29.39,0.03,68.05,6.58
VIL_0793,2024-07-10 06:00:00,29.42,0.07,68.4,7.32
VIL_0794,2024-07-10 06:00:00,29.37,0.06,68.49,7.39
VIL_0795,2024-07-10 06:00:00,29.33,0.06,68.58,7.5
VIL_0796,2024-07-10 06:00:00,29.34,0.08,68.7,7.81
VIL_0797,2024-07-10 06:00:00,29.31,0.08,68.84,8.09
VIL_0798,2024-07-10 06:00:00,29.3,0.09,68.89,8.18
VIL_0799,2024-07-10 06:00:00,29.09,0.14,70.81,10.72
VIL_0800,2024-07-10 06:00:00,29.21,0.1,69.75,9.09
VIL_0801,2024-07-10 06:00:00,29.04,0.13,71.05,10.66
VIL_0802,2024-07-10 06:00:00,28.94,0.16,71.94,11.74
VIL_0803,2024-07-10 06:00:00,28.98,0.18,71.68,12.01
VIL_0804,2024-07-10 06:00:00,28.91,0.19,72.0,12.5
VIL_0805,2024-07-10 06:00:00,28.9,0.2,71.97,12.6
VIL_0806,2024-07-10 06:00:00,28.93,0.2,71.66,12.53
VIL_0807,2024-07-10 06:00:00,28.99,0.18,71.26,11.88
VIL_0808,2024-07-10 06:00:00,29.21,0.12,69.41,9.38
VIL_0809,2024-07-10 06:00:00,29.26,0.1,69.16,8.77
VIL_0810,2024-07-10 06:00:00,29.25,0.11,69.24,8.87
VIL_0811,2024-07-10 06:00:00,29.31,0.1,69.1,8.49
VIL_0812,2024-07-10 06:00:00,29.42,0.1,68.75,8.0
VIL_0813,2024-07-10 06:00:00,29.34,0.1,69.08,8.27
VIL_0814,2024-07-10 06:00:00,29.25,0.1,69.45,8.36
VIL_0815,2024-07-10 06:00:00,29.29,0.1,69.29,8.25
VIL_0816,2024-07-10 06:00:00,29.27,0.1,69.28,8.31
VIL_0817,2024-07-10 06:00:00,29.37,0.1,69.0,8.07
VIL_0818,2024-07-10 06:00:00,29.67,0.1,68.08,7.45
VIL_0819,2024-07-10 06:00:00,29.62,0.1,68.2,7.51
VIL_0820,2024-07-10 06:00:00,29.53,0.08,68.24,7.32
VIL_0821,2024-07-10 06:00:00,29.66,0.1,68.11,7.47
VIL_0822,2024-07-10 06:00:00,29.55,0.07,68.09,7.12
VIL_0823,2024-07-10 06:00:00,29.5,0.09,68.48,7.71
VIL_0824,2024-07-10 06:00:00,29.0,0.15,71.42,11.2
VIL_0825,2024-07-10 06:00:00,28.79,0.15,72.98,13.15
VIL_0826,2024-07-10 06:00:00,28.81,0.15,72.84,13.02
VIL_0827,2024-07-10 06:00:00,28.83,0.15,72.67,12.95
VIL_0828,2024-07-10 06:00:00,28.8,0.16,72.92,13.23
VIL_0829,2024-07-10 06:00:00,28.8,0.15,72.93,12.98
VIL_0830,2024-07-10 06:00:00,28.85,0.11,72.17,12.12
VIL_0831,2024-07-10 06:00:00,28.85,0.13,72.58,12.62
VIL_0832,2024-07-10 06:00:00,28.82,0.12,72.3,12.25
VIL_0833,2024-07-10 06:00:00,28.8,0.12,72.49,12.33
VIL_0834,2024-07-10 06:00:00,28.8,0.13,72.43,12.34
VIL_0835,2024-07-10 06:00:00,28.78,0.13,72.53,12.41
VIL_0836,2024-07-10 06:00:00,28.78,0.13,72.48,12.39
VIL_0837,2024-07-10 06:00:00,28.89,0.09,72.09,11.83
VIL_0838,2024-07-10 06:00:00,28.85,0.1,72.28,12.03
VIL_0839,2024-07-10 06:00:00,28.8,0.11,72.59,12.24
VIL_0840,2024-07-10 06:00:00,28.81,0.12,72.41,12.23
VIL_0841,2024-07-10 06:00:00,28.78,0.12,72.67,12.39
VIL_0842,2024-07-10 06:00:00,28.74,0.13,72.91,12.61
VIL_0843,2024-07-10 06:00:00,28.76,0.13,72.72,12.49
VIL_0844,2024-07-10 06:00:00,28.72,0.14,72.99,12.7
VIL_0845,2024-07-10 06:00:00,28.69,0.15,73.24,12.94
VIL_0846,2024-07-10 06:00:00,28.75,0.13,72.71,12.53
VIL_0847,2024-07-10 06:00:00,28.73,0.14,72.84,12.62
VIL_0848,2024-07-10 06:00:00,28.72,0.14,72.98,12.73
VIL_0849,2024-07-10 06:00:00,28.68,0.16,73.25,12.97
VIL_0850,2024-07-10 06:00:00,28.7,0.15,73.04,12.8
VIL_0851,2024-07-10 06:00:00,28.7,0.15,73.0,12.77
VIL_0852,2024-07-10 06:00:00,28.67,0.16,73.22,12.97
VIL_0853,2024-07-10 06:00:00,28.7,0.16,73.18,12.84
VIL_0854,2024-07-10 06:00:00,28.73,0.15,73.04,12.68
VIL_0855,2024-07-10 06:00:00,28.75,0.16,72.96,12.65
VIL_0856,2024-07-10 06:00:00,28.75,0.16,72.94,12.64
VIL_0857,2024-07-10 06:00:00,28.73,0.16,73.03,12.72
VIL_0858,2024-07-10 06:00:00,28.71,0.16,73.13,12.81
VIL_0859,2024-07-10 06:00:00,28.72,0.16,73.02,12.73
VIL_0860,2024-07-10 06:00:00,28.71,0.14,73.23,12.79
VIL_0861,2024-07-10 06:00:00,28.63,0.18,73.74,13.42
VIL_0862,2024-07-10 06:00:00,28.63,0.18,73.75,13.44
VIL_0863,2024-07-10 06:00:00,28.71,0.15,73.22,12.84
VIL_0864,2024-07-10 06:00:00,28.64,0.17,73.59,13.28
VIL_0865,2024-07-10 06:00:00,28.6,0.2,73.98,13.68
VIL_0866,2024-07-10 06:00:00,28.61,0.17,73.39,13.12
VIL_0867,2024-07-10 06:00:00,28.61,0.16,73.21,12.98
VIL_0868,2024-07-10 06:00:00,28.62,0.17,73.49,13.19
VIL_0869,2024-07-10 06:00:00,28.64,0.17,73.53,13.24
VIL_0870,2024-07-10 06:00:00,28.63,0.18,73.61,13.29
VIL_0871,2024-07-10 06:00:00,28.65,0.16,73.15,12.88
VIL_0872,2024-07-10 06:00:00,28.67,0.17,73.31,12.99
VIL_0873,2024-07-10 06:00:00,28.67,0.16,73.14,12.86
VIL_0874,2024-07-10 06:00:00,28.7,0.15,72.8,12.59
VIL_0875,2024-07-10 06:00:00,28.66,0.16,73.21,13.16
VIL_0876,2024-07-10 06:00:00,28.67,0.14,72.56,12.4
VIL_0877,2024-07-10 06:00:00,28.67,0.16,73.07,13.05
VIL_0878,2024-07-10 06:00:00,28.74,0.17,73.17,13.2
VIL_0879,2024-07-10 06:00:00,28.76,0.17,73.07,13.12
VIL_0880,2024-07-10 06:00:00,28.7,0.12,72.93,12.38
VIL_0881,2024-07-10 06:00:00,28.62,0.12,72.68,12.34
VIL_0882,2024-07-10 06:00:00,28.54,0.11,72.27,12.14
VIL_0883,2024-07-10 06:00:00,28.63,0.1,72.4,12.0
VIL_0884,2024-07-10 06:00:00,28.56,0.1,72.18,11.98
VIL_0885,2024-07-10 06:00:00,28.5,0.1,72.0,12.0
VIL_0886,2024-07-10 06:00:00,28.52,0.11,72.12,12.08
VIL_0887,2024-07-10 06:00:00,28.62,0.14,72.76,12.56
VIL_0888,2024-07-10 06:00:00,28.57,0.12,72.34,12.23
VIL_0889,2024-07-10 06:00:00,28.57,0.12,72.26,12.17
VIL_0890,2024-07-10 06:00:00,28.65,0.13,72.42,12.29
VIL_0891,2024-07-10 06:00:00,28.7,0.14,72.36,12.22
VIL_0892,2024-07-10 06:00:00,28.57,0.1,72.2,11.97
VIL_0893,2024-07-10 06:00:00,28.67,0.12,72.35,12.17
VIL_0894,2024-07-10 06:00:00,28.87,0.08,72.33,11.83
VIL_0895,2024-07-10 06:00:00,28.74,0.1,72.71,12.07
VIL_0896,2024-07-10 06:00:00,28.81,0.1,72.67,12.15
VIL_0897,2024-07-10 06:00:00,28.72,0.16,72.93,12.69
VIL_0898,2024-07-10 06:00:00,28.66,0.16,73.38,13.32
VIL_0899,2024-07-10 06:00:00,28.67,0.16,73.47,13.43
VIL_0900,2024-07-10 06:00:00,28.73,0.16,73.53,13.55
VIL_0901,2024-07-10 06:00:00,28.68,0.16,73.57,13.54
VIL_0902,2024-07-10 06:00:00,28.66,0.16,73.57,13.5
VIL_0903,2024-07-10 06:00:00,28.66,0.16,73.6,13.55
VIL_0904,2024-07-10 06:00:00,28.67,0.16,73.63,13.59
VIL_0905,2024-07-10 06:00:00,28.69,0.15,73.69,13.69
VIL_0906,2024-07-10 06:00:00,28.69,0.15,73.66,13.67
VIL_0907,2024-07-10 06:00:00,28.7,0.16,73.6,13.6
VIL_0908,2024-07-10 06:00:00,28.7,0.15,73.65,13.67
VIL_0909,2024-07-10 06:00:00,28.72,0.16,73.36,13.37
VIL_0910,2024-07-10 06:00:00,28.73,0.17,73.26,13.29
VIL_0911,2024-07-10 06:00:00,28.79,0.17,73.36,13.44
VIL_0912,2024-07-10 06:00:00,28.73,0.16,73.46,13.48
VIL_0913,2024-07-10 06:00:00,28.79,0.16,73.61,13.71
VIL_0914,2024-07-10 06:00:00,28.74,0.15,73.7,13.76
VIL_0915,2024-07-10 06:00:00,28.73,0.15,73.84,13.91
VIL_0916,2024-07-10 06:00:00,28.7,0.15,73.77,13.8
VIL_0917,2024-07-10 06:00:00,28.71,0.14,73.92,13.98
VIL_0918,2024-07-10 06:00:00,28.71,0.14,74.03,14.11
VIL_0919,2024-07-10 06:00:00,28.71,0.15,73.77,13.82
VIL_0920,2024-07-10 06:00:00,28.7,0.15,73.78,13.81
VIL_0921,2024-07-10 06:00:00,28.73,0.14,74.01,14.11
VIL_0922,2024-07-10 06:00:00,28.78,0.15,73.92,14.05
VIL_0923,2024-07-10 06:00:00,28.69,0.12,74.27,14.37
VIL_0924,2024-07-10 06:00:00,28.63,0.11,74.51,14.59
VIL_0925,2024-07-10 06:00:00,28.88,0.19,73.08,13.21
VIL_0926,2024-07-10 06:00:00,28.92,0.2,73.02,13.17
VIL_0927,2024-07-10 06:00:00,29.0,0.22,72.94,13.13
VIL_0928,2024-07-10 06:00:00,29.02,0.22,72.99,13.19
VIL_0929,2024-07-10 06:00:00,29.08,0.23,72.85,13.07
VIL_0930,2024-07-10 06:00:00,29.14,0.25,72.59,12.83
VIL_0931,2024-07-10 06:00:00,29.1,0.24,72.67,12.9
VIL_0932,2024-07-10 06:00:00,29.01,0.22,72.89,13.08
VIL_0933,2024-07-10 06:00:00,28.87,0.19,73.27,13.39
VIL_0934,2024-07-10 06:00:00,28.87,0.18,73.38,13.51
VIL_0935,2024-07-10 06:00:00,28.97,0.21,73.06,13.24
VIL_0936,2024-07-10 06:00:00,28.91,0.19,73.4,13.56
VIL_0937,2024-07-10 06:00:00,29.02,0.22,73.06,13.27
VIL_0938,2024-07-10 06:00:00,29.09,0.24,72.7,12.93
VIL_0939,2024-07-10 06:00:00,29.2,0.27,72.35,12.62
VIL_0940,2024-07-10 06:00:00,29.29,0.3,72.05,12.35
VIL_0941,2024-07-10 06:00:00,29.02,0.22,73.09,13.3
VIL_0942,2024-07-10 06:00:00,29.15,0.26,72.56,12.81
VIL_0943,2024-07-10 06:00:00,28.91,0.19,73.31,13.47
VIL_0944,2024-07-10 06:00:00,28.87,0.18,73.45,13.6
VIL_0945,2024-07-10 06:00:00,28.85,0.17,73.55,13.69
VIL_0946,2024-07-10 06:00:00,28.84,0.17,73.63,13.77
VIL_0947,2024-07-10 06:00:00,28.8,0.16,73.73,13.86
VIL_0948,2024-07-10 06:00:00,28.81,0.16,73.76,13.9
VIL_0949,2024-07-10 06:00:00,28.83,0.16,73.74,13.89
VIL_0950,2024-07-10 06:00:00,28.92,0.19,73.41,13.58
VIL_0951,2024-07-10 06:00:00,28.85,0.17,73.75,13.91
VIL_0952,2024-07-10 06:00:00,28.68,0.12,74.43,14.54
VIL_0953,2024-07-10 06:00:00,28.77,0.15,73.99,14.12
VIL_0954,2024-07-10 06:00:00,28.73,0.13,74.2,14.32
VIL_0955,2024-07-10 06:00:00,28.66,0.11,74.46,14.55
VIL_0956,2024-07-10 06:00:00,28.6,0.09,74.73,14.8
VIL_0957,2024-07-10 06:00:00,28.62,0.1,74.6,14.68
VIL_0958,2024-07-10 06:00:00,28.66,0.11,74.39,14.48
VIL_0959,2024-07-10 06:00:00,28.69,0.12,74.31,14.42
VIL_0960,2024-07-10 06:00:00,28.73,0.13,74.12,14.23
VIL_0961,2024-07-10 06:00:00,28.7,0.12,74.25,14.35
VIL_0962,2024-07-10 06:00:00,28.68,0.12,74.29,14.38
VIL_0963,2024-07-10 06:00:00,28.7,0.13,74.19,14.29
VIL_0964,2024-07-10 06:00:00,28.7,0.13,74.18,14.27
VIL_0965,2024-07-10 06:00:00,28.68,0.12,74.27,14.36
VIL_0966,2024-07-10 06:00:00,28.71,0.13,74.12,14.22
VIL_0967,2024-07-10 06:00:00,28.72,0.13,74.06,14.16
VIL_0968,2024-07-10 06:00:00,28.74,0.14,73.97,14.08
VIL_0969,2024-07-10 06:00:00,28.72,0.14,74.08,14.18
VIL_0970,2024-07-10 06:00:00,28.75,0.14,73.98,14.09
VIL_0971,2024-07-10 06:00:00,28.78,0.15,73.85,13.97
VIL_0972,2024-07-10 06:00:00,28.76,0.15,73.94,14.06
VIL_0973,2024-07-10 06:00:00,28.83,0.2,72.33,13.43
VIL_0974,2024-07-10 06:00:00,28.91,0.2,71.65,12.98
VIL_0975,2024-07-10 06:00:00,28.92,0.19,71.5,12.83
VIL_0976,2024-07-10 06:00:00,28.94,0.2,71.54,12.67
VIL_0977,2024-07-10 06:00:00,29.02,0.19,70.76,12.23
VIL_0978,2024-07-10 06:00:00,29.04,0.19,70.44,12.3
VIL_0979,2024-07-10 06:00:00,29.09,0.18,70.09,11.79
VIL_0980,2024-07-10 06:00:00,29.04,0.18,70.59,11.7
VIL_0981,2024-07-10 06:00:00,29.04,0.17,70.78,11.33
VIL_0982,2024-07-10 06:00:00,29.09,0.14,70.14,10.62
VIL_0983,2024-07-10 06:00:00,29.2,0.11,69.52,9.0
VIL_0984,2024-07-10 06:00:00,29.15,0.13,69.71,9.55
VIL_0985,2024-07-10 06:00:00,29.07,0.14,70.22,10.58
VIL_0986,2024-07-10 06:00:00,29.02,0.12,70.36,9.6
VIL_0987,2024-07-10 06:00:00,29.12,0.11,69.85,8.87
VIL_0988,2024-07-10 06:00:00,28.93,0.1,70.62,9.13
VIL_0989,2024-07-10 06:00:00,29.07,0.16,70.2,11.35
VIL_0990,2024-07-10 06:00:00,29.01,0.14,70.43,10.48
VIL_0991,2024-07-10 06:00:00,28.89,0.11,70.77,9.35
VIL_0992,2024-07-10 06:00:00,28.87,0.1,70.85,9.32
VIL_0993,2024-07-10 06:00:00,28.84,0.1,70.92,9.12
VIL_0994,2024-07-10 06:00:00,28.82,0.1,70.93,9.03
VIL_0995,2024-07-10 06:00:00,28.84,0.1,70.88,9.03
VIL_0996,2024-07-10 06:00:00,28.91,0.1,70.69,9.07
VIL_0997,2024-07-10 06:00:00,29.03,0.1,70.32,8.95
VIL_0998,2024-07-10 06:00:00,28.94,0.08,70.87,9.51
VIL_0999,2024-07-10 06:00:00,29.06,0.1,70.33,9.18
VIL_1000,2024-07-10 06:00:00,28.9,0.1,70.8,9.25
VIL_1001,2024-07-10 06:00:00,28.91,0.1,70.84,9.48
VIL_1002,2024-07-10 06:00:00,28.96,0.09,70.84,9.7
VIL_1003,2024-07-10 06:00:00,28.94,0.08,70.86,9.87
VIL_1004,2024-07-10 06:00:00,28.65,0.1,72.2,11.63
VIL_1005,2024-07-10 06:00:00,28.75,0.09,71.92,10.83
VIL_1006,2024-07-10 06:00:00,28.7,0.09,72.33,11.73
VIL_1007,2024-07-10 06:00:00,28.92,0.07,71.72,10.87
VIL_1008,2024-07-10 06:00:00,28.8,0.07,71.97,10.85
VIL_1009,2024-07-10 06:00:00,28.95,0.06,71.73,10.92
VIL_1010,2024-07-10 06:00:00,28.94,0.07,71.58,10.85
VIL_1011,2024-07-10 06:00:00,28.9,0.09,71.44,10.53
VIL_1012,2024-07-10 06:00:00,28.93,0.1,70.78,9.74
VIL_1013,2024-07-10 06:00:00,28.99,0.1,70.8,10.26
VIL_1014,2024-07-10 06:00:00,28.95,0.09,71.4,10.95
VIL_1015,2024-07-10 06:00:00,28.99,0.12,71.05,11.4
VIL_1016,2024-07-10 06:00:00,28.98,0.12,71.05,11.23
VIL_1017,2024-07-10 06:00:00,29.01,0.12,70.58,10.53
VIL_1018,2024-07-10 06:00:00,28.98,0.12,70.59,10.19
VIL_1019,2024-07-10 06:00:00,29.07,0.16,70.28,11.45
VIL_1020,2024-07-10 06:00:00,28.98,0.08,71.53,11.22
VIL_1021,2024-07-10 06:00:00,28.97,0.06,71.69,11.05
VIL_1022,2024-07-10 06:00:00,28.98,0.03,71.92,10.93
VIL_1023,2024-07-10 06:00:00,28.89,0.04,72.15,11.09
VIL_1024,2024-07-10 06:00:00,29.0,0.0,72.0,10.81
VIL_1025,2024-07-10 06:00:00,28.96,0.03,72.0,11.09
VIL_1026,2024-07-10 06:00:00,28.91,0.05,72.27,11.43
VIL_1027,2024-07-10 06:00:00,28.97,0.02,72.08,11.0
VIL_1028,2024-07-10 06:00:00,28.94,0.03,72.14,11.17
VIL_1029,2024-07-10 06:00:00,28.84,0.06,72.34,11.44
VIL_1030,2024-07-10 06:00:00,23.24,0.04,68.09,10.05
VIL_1031,2024-07-10 06:00:00,29.32,0.06,68.69,9.47
VIL_0001,2024-07-10 12:00:00,25.97,0.61,88.92,10.25
VIL_0002,2024-07-10 12:00:00,25.97,0.59,88.9,10.31
VIL_0003,2024-07-10 12:00:00,25.98,0.52,88.88,10.46
VIL_0004,2024-07-10 12:00:00,25.98,0.54,88.89,10.43
VIL_0005,2024-07-10 12:00:00,25.98,0.49,88.88,10.55
VIL_0006,2024-07-10 12:00:00,25.99,0.44,88.88,10.67
VIL_0007,2024-07-10 12:00:00,25.99,0.38,88.91,10.83
VIL_0008,2024-07-10 12:00:00,25.98,0.57,88.83,10.31
VIL_0009,2024-07-10 12:00:00,26.0,0.32,88.97,11.03
VIL_0010,2024-07-10 12:00:00,26.0,0.31,88.98,11.05
VIL_0011,2024-07-10 12:00:00,25.99,0.44,88.85,10.66
VIL_0012,2024-07-10 12:00:00,25.98,0.54,88.75,10.33
VIL_0013,2024-07-10 12:00:00,25.97,0.66,88.76,10.05
VIL_0014,2024-07-10 12:00:00,26.0,0.41,88.82,10.72
VIL_0015,2024-07-10 12:00:00,25.98,0.64,88.65,10.03
VIL_0016,2024-07-10 12:00:00,26.0,0.3,89.0,11.09
VIL_0017,2024-07-10 12:00:00,26.0,0.36,88.86,10.87
VIL_0018,2024-07-10 12:00:00,25.99,0.54,88.6,10.25
VIL_0019,2024-07-10 12:00:00,26.01,0.63,88.21,9.78
VIL_0020,2024-07-10 12:00:00,25.95,0.82,88.72,9.63
VIL_0021,2024-07-10 12:00:00,25.95,0.86,88.53,9.47
VIL_0022,2024-07-10 12:00:00,25.97,0.88,88.26,9.29
VIL_0023,2024-07-10 12:00:00,25.88,1.18,89.0,9.01
VIL_0024,2024-07-10 12:00:00,26.02,0.78,87.75,9.16
VIL_0025,2024-07-10 12:00:00,25.9,1.16,88.57,8.96
VIL_0026,2024-07-10 12:00:00,25.98,0.95,87.85,9.0
VIL_0027,2024-07-10 12:00:00,25.77,1.66,89.09,8.55
VIL_0028,2024-07-10 12:00:00,25.85,1.36,88.61,8.79
VIL_0029,2024-07-10 12:00:00,26.01,0.44,88.58,10.48
VIL_0030,2024-07-10 12:00:00,26.03,0.56,87.97,9.75
VIL_0031,2024-07-10 12:00:00,26.09,0.61,87.13,8.98
VIL_0032,2024-07-10 12:00:00,26.05,0.64,87.62,9.31
VIL_0033,2024-07-10 12:00:00,26.1,0.61,87.03,8.91
VIL_0034,2024-07-10 12:00:00,26.08,0.65,87.19,8.96
VIL_0035,2024-07-10 12:00:00,26.06,0.7,87.23,8.95
VIL_0036,2024-07-10 12:00:00,25.93,1.15,87.85,8.88
VIL_0037,2024-07-10 12:00:00,26.0,0.89,87.52,8.93
VIL_0038,2024-07-10 12:00:00,25.93,1.15,87.76,8.87
VIL_0039,2024-07-10 12:00:00,25.86,1.39,87.96,8.82
VIL_0040,2024-07-10 12:00:00,25.92,1.19,87.8,8.87
VIL_0041,2024-07-10 12:00:00,25.81,1.59,88.0,8.76
VIL_0042,2024-07-10 12:00:00,25.63,2.27,88.1,8.57
VIL_0043,2024-07-10 12:00:00,25.69,2.05,87.98,8.65
VIL_0044,2024-07-10 12:00:00,25.84,1.48,87.95,8.78
VIL_0045,2024-07-10 12:00:00,25.75,1.79,88.06,8.69
VIL_0046,2024-07-10 12:00:00,25.7,1.98,88.41,8.57
VIL_0047,2024-07-10 12:00:00,25.71,1.91,89.41,8.35
VIL_0048,2024-07-10 12:00:00,25.64,2.2,88.19,8.56
VIL_0049,2024-07-10 12:00:00,25.55,2.58,87.59,8.6
VIL_0050,2024-07-10 12:00:00,25.57,2.5,87.67,8.6
VIL_0051,2024-07-10 12:00:00,25.62,2.3,87.89,8.61
VIL_0052,2024-07-10 12:00:00,25.57,2.49,87.95,8.53
VIL_0053,2024-07-10 12:00:00,25.52,2.7,87.39,8.62
VIL_0054,2024-07-10 12:00:00,25.63,2.15,90.97,7.77
VIL_0055,2024-07-10 12:00:00,25.62,2.25,89.8,8.08
VIL_0056,2024-07-10 12:00:00,25.54,2.59,88.3,8.39
VIL_0057,2024-07-10 12:00:00,25.5,2.8,87.03,8.69
VIL_0058,2024-07-10 12:00:00,25.51,2.76,87.18,8.66
VIL_0059,2024-07-10 12:00:00,25.51,2.76,87.19,8.66
VIL_0060,2024-07-10 12:00:00,25.53,2.65,87.62,8.58
VIL_0061,2024-07-10 12:00:00,25.55,2.56,88.04,8.51
VIL_0062,2024-07-10 12:00:00,25.51,2.75,87.37,8.61
VIL_0063,2024-07-10 12:00:00,25.54,2.57,89.39,8.09
VIL_0064,2024-07-10 12:00:00,25.57,2.36,91.66,7.47
VIL_0065,2024-07-10 12:00:00,25.55,2.34,94.52,6.61
VIL_0066,2024-07-10 12:00:00,25.34,2.3,96.66,6.07
VIL_0067,2024-07-10 12:00:00,25.55,2.4,93.48,6.91
VIL_0068,2024-07-10 12:00:00,25.38,2.33,95.64,6.38
VIL_0069,2024-07-10 12:00:00,25.54,2.44,92.32,7.27
VIL_0070,2024-07-10 12:00:00,25.55,2.45,91.15,7.66
VIL_0071,2024-07-10 12:00:00,25.54,2.57,89.38,8.12
VIL_0072,2024-07-10 12:00:00,25.54,2.58,88.86,8.28
VIL_0073,2024-07-10 12:00:00,25.51,2.73,87.48,8.6
VIL_0074,2024-07-10 12:00:00,25.52,2.69,87.53,8.59
VIL_0075,2024-07-10 12:00:00,25.53,2.65,87.87,8.52
VIL_0076,2024-07-10 12:00:00,25.56,2.46,88.85,8.37
VIL_0077,2024-07-10 12:00:00,25.55,2.51,88.76,8.37
VIL_0078,2024-07-10 12:00:00,25.53,2.62,88.1,8.48
VIL_0079,2024-07-10 12:00:00,25.56,2.47,89.08,8.31
VIL_0080,2024-07-10 12:00:00,25.54,2.53,89.05,8.26
VIL_0081,2024-07-10 12:00:00,25.57,2.35,91.29,7.74
VIL_0082,2024-07-10 12:00:00,25.34,2.17,93.41,7.39
VIL_0083,2024-07-10 12:00:00,25.34,2.0,93.06,7.76
VIL_0084,2024-07-10 12:00:00,25.35,2.13,92.28,7.84
VIL_0085,2024-07-10 12:00:00,25.35,2.01,92.38,7.99
VIL_0086,2024-07-10 12:00:00,25.36,1.88,92.38,8.19
VIL_0087,2024-07-10 12:00:00,25.6,2.21,90.68,8.11
VIL_0088,2024-07-10 12:00:00,25.39,2.32,98.66,5.36
VIL_0089,2024-07-10 12:00:00,25.45,2.36,99.03,5.19
VIL_0090,2024-07-10 12:00:00,25.45,2.36,99.56,5.0
VIL_0091,2024-07-10 12:00:00,25.48,2.38,99.74,4.91
VIL_0092,2024-07-10 12:00:00,25.44,2.33,99.27,5.14
VIL_0093,2024-07-10 12:00:00,25.4,2.31,99.24,5.17
VIL_0094,2024-07-10 12:00:00,25.15,2.09,97.79,5.95
VIL_0095,2024-07-10 12:00:00,24.71,1.74,96.88,6.55
VIL_0096,2024-07-10 12:00:00,25.25,2.21,98.26,5.63
VIL_0097,2024-07-10 12:00:00,25.06,2.06,97.66,6.01
VIL_0098,2024-07-10 12:00:00,22.69,0.64,91.94,9.32
VIL_0099,2024-07-10 12:00:00,24.09,1.35,95.13,7.53
VIL_0100,2024-07-10 12:00:00,25.37,2.31,93.95,6.99
VIL_0101,2024-07-10 12:00:00,25.35,2.22,95.08,6.74
VIL_0102,2024-07-10 12:00:00,25.37,2.24,96.97,6.06
VIL_0103,2024-07-10 12:00:00,25.34,2.18,97.71,5.88
VIL_0104,2024-07-10 12:00:00,24.95,1.78,95.88,7.02
VIL_0105,2024-07-10 12:00:00,25.29,1.39,93.57,8.49
VIL_0106,2024-07-10 12:00:00,25.31,1.5,93.82,8.25
VIL_0107,2024-07-10 12:00:00,25.27,1.74,94.74,7.55
VIL_0108,2024-07-10 12:00:00,25.26,1.99,96.42,6.59
VIL_0109,2024-07-10 12:00:00,25.29,1.88,94.92,7.3
VIL_0110,2024-07-10 12:00:00,25.31,2.03,95.46,6.89
VIL_0111,2024-07-10 12:00:00,25.32,2.02,94.04,7.39
VIL_0112,2024-07-10 12:00:00,25.34,1.81,93.35,7.95
VIL_0113,2024-07-10 12:00:00,25.32,1.8,94.04,7.72
VIL_0114,2024-07-10 12:00:00,25.34,1.58,93.78,8.15
VIL_0115,2024-07-10 12:00:00,25.38,1.57,93.31,8.33
VIL_0116,2024-07-10 12:00:00,25.38,1.63,93.09,8.32
VIL_0117,2024-07-10 12:00:00,25.37,1.71,92.74,8.32
VIL_0118,2024-07-10 12:00:00,25.44,1.45,92.78,8.72
VIL_0119,2024-07-10 12:00:00,25.43,1.4,93.1,8.68
VIL_0120,2024-07-10 12:00:00,25.52,1.23,92.7,9.09
VIL_0121,2024-07-10 12:00:00,25.49,1.24,92.82,9.03
VIL_0122,2024-07-10 12:00:00,25.54,1.22,92.55,9.16
VIL_0123,2024-07-10 12:00:00,22.94,0.59,91.74,9.39
VIL_0124,2024-07-10 12:00:00,22.37,0.46,91.24,9.78
VIL_0125,2024-07-10 12:00:00,22.19,0.36,90.93,10.04
VIL_0126,2024-07-10 12:00:00,22.01,0.3,90.98,10.19
VIL_0127,2024-07-10 12:00:00,22.04,0.31,90.93,10.17
VIL_0128,2024-07-10 12:00:00,22.23,0.28,90.12,10.06
VIL_0129,2024-07-10 12:00:00,22.24,0.26,89.86,10.13
VIL_0130,2024-07-10 12:00:00,22.53,0.26,89.22,9.78
VIL_0131,2024-07-10 12:00:00,22.7,0.24,88.67,9.57
VIL_0132,2024-07-10 12:00:00,22.7,0.19,88.26,9.53
VIL_0133,2024-07-10 12:00:00,22.46,0.21,88.85,9.88
VIL_0134,2024-07-10 12:00:00,22.54,0.14,88.14,9.67
VIL_0135,2024-07-10 12:00:00,22.48,0.19,88.32,10.09
VIL_0136,2024-07-10 12:00:00,22.5,0.21,87.58,10.89
VIL_0137,2024-07-10 12:00:00,22.39,0.25,88.79,10.47
VIL_0138,2024-07-10 12:00:00,22.41,0.33,89.37,10.38
VIL_0139,2024-07-10 12:00:00,22.53,0.25,86.51,11.74
VIL_0140,2024-07-10 12:00:00,22.53,0.25,87.46,10.85
VIL_0141,2024-07-10 12:00:00,22.58,0.28,87.26,11.02
VIL_0142,2024-07-10 12:00:00,22.54,0.25,86.45,11.76
VIL_0143,2024-07-10 12:00:00,22.59,0.32,86.98,11.41
VIL_0144,2024-07-10 12:00:00,22.71,0.18,88.12,9.52
VIL_0145,2024-07-10 12:00:00,22.5,0.1,88.0,9.6
VIL_0146,2024-07-10 12:00:00,22.98,0.44,88.63,9.28
VIL_0147,2024-07-10 12:00:00,22.53,0.14,87.89,9.94
VIL_0148,2024-07-10 12:00:00,22.74,0.44,88.49,10.02
VIL_0149,2024-07-10 12:00:00,25.33,1.04,90.23,6.34
VIL_0150,2024-07-10 12:00:00,25.65,1.05,92.28,9.54
VIL_0151,2024-07-10 12:00:00,25.73,0.93,92.13,9.73
VIL_0152,2024-07-10 12:00:00,25.79,0.95,92.07,9.73
VIL_0153,2024-07-10 12:00:00,25.79,0.9,92.02,9.87
VIL_0154,2024-07-10 12:00:00,25.61,1.06,92.39,9.48
VIL_0155,2024-07-10 12:00:00,25.5,1.14,92.66,9.24
VIL_0156,2024-07-10 12:00:00,25.44,1.02,92.67,9.08
VIL_0157,2024-07-10 12:00:00,25.27,1.32,93.35,8.67
VIL_0158,2024-07-10 12:00:00,24.88,1.12,93.52,8.64
VIL_0159,2024-07-10 12:00:00,24.58,1.11,93.59,8.5
VIL_0160,2024-07-10 12:00:00,24.58,1.03,93.18,8.75
VIL_0161,2024-07-10 12:00:00,23.67,0.74,92.0,9.17
VIL_0162,2024-07-10 12:00:00,24.14,0.59,90.45,9.22
VIL_0163,2024-07-10 12:00:00,24.58,0.92,92.54,9.11
VIL_0164,2024-07-10 12:00:00,25.21,0.99,92.49,8.87
VIL_0165,2024-07-10 12:00:00,24.94,0.95,92.6,9.2
VIL_0166,2024-07-10 12:00:00,25.57,0.97,92.35,9.39
VIL_0167,2024-07-10 12:00:00,25.38,0.97,92.27,9.07
VIL_0168,2024-07-10 12:00:00,25.63,0.94,92.2,9.52
VIL_0169,2024-07-10 12:00:00,25.67,0.93,92.11,9.6
VIL_0170,2024-07-10 12:00:00,25.71,0.92,92.05,9.66
VIL_0171,2024-07-10 12:00:00,25.76,0.91,92.04,9.8
VIL_0172,2024-07-10 12:00:00,25.8,0.9,92.0,9.89
VIL_0173,2024-07-10 12:00:00,25.71,0.92,91.97,9.59
VIL_0174,2024-07-10 12:00:00,25.44,0.83,91.43,9.45
VIL_0175,2024-07-10 12:00:00,25.31,0.81,91.15,9.18
VIL_0176,2024-07-10 12:00:00,25.38,0.82,91.36,9.41
VIL_0177,2024-07-10 12:00:00,25.19,0.79,90.93,8.98
VIL_0178,2024-07-10 12:00:00,25.22,0.79,91.24,9.38
VIL_0179,2024-07-10 12:00:00,25.18,0.78,91.04,9.15
VIL_0180,2024-07-10 12:00:00,25.03,0.76,90.68,8.79
VIL_0181,2024-07-10 12:00:00,24.86,0.72,90.52,8.74
VIL_0182,2024-07-10 12:00:00,24.79,0.71,90.65,8.99
VIL_0183,2024-07-10 12:00:00,24.6,0.67,90.63,9.12
VIL_0184,2024-07-10 12:00:00,24.55,0.66,90.4,8.89
VIL_0185,2024-07-10 12:00:00,23.96,0.54,89.95,8.88
VIL_0186,2024-07-10 12:00:00,24.02,0.54,89.45,8.34
VIL_0187,2024-07-10 12:00:00,24.57,0.66,89.96,8.3
VIL_0188,2024-07-10 12:00:00,24.85,0.73,89.36,7.18
VIL_0189,2024-07-10 12:00:00,24.78,0.71,89.78,7.82
VIL_0190,2024-07-10 12:00:00,24.9,0.73,90.21,8.28
VIL_0191,2024-07-10 12:00:00,25.0,0.76,89.61,7.32
VIL_0192,2024-07-10 12:00:00,24.97,0.75,89.92,7.78
VIL_0193,2024-07-10 12:00:00,25.07,0.77,89.68,7.33
VIL_0194,2024-07-10 12:00:00,25.06,0.77,89.9,7.65
VIL_0195,2024-07-10 12:00:00,25.04,0.76,90.13,8.0
VIL_0196,2024-07-10 12:00:00,25.12,0.77,90.62,8.63
VIL_0197,2024-07-10 12:00:00,25.35,0.97,89.96,6.5
VIL_0198,2024-07-10 12:00:00,25.35,0.94,89.72,6.35
VIL_0199,2024-07-10 12:00:00,25.42,0.94,89.56,6.15
VIL_0200,2024-07-10 12:00:00,25.42,0.95,89.61,6.14
VIL_0201,2024-07-10 12:00:00,25.4,0.98,89.8,6.23
VIL_0202,2024-07-10 12:00:00,25.49,0.95,89.41,5.91
VIL_0203,2024-07-10 12:00:00,25.53,0.93,89.24,5.84
VIL_0204,2024-07-10 12:00:00,25.52,0.94,89.31,5.81
VIL_0205,2024-07-10 12:00:00,25.45,1.02,89.62,5.95
VIL_0206,2024-07-10 12:00:00,25.39,1.09,89.94,6.1
VIL_0207,2024-07-10 12:00:00,25.44,1.06,89.79,5.95
VIL_0208,2024-07-10 12:00:00,25.49,0.99,89.46,5.84
VIL_0209,2024-07-10 12:00:00,25.41,0.97,89.44,5.86
VIL_0210,2024-07-10 12:00:00,25.3,1.24,90.73,5.96
VIL_0211,2024-07-10 12:00:00,25.31,1.33,91.1,5.98
VIL_0212,2024-07-10 12:00:00,25.35,1.08,90.23,6.1
VIL_0213,2024-07-10 12:00:00,25.31,1.23,90.56,6.44
VIL_0214,2024-07-10 12:00:00,25.29,1.24,90.63,6.53
VIL_0215,2024-07-10 12:00:00,25.62,1.34,91.15,6.69
VIL_0216,2024-07-10 12:00:00,25.3,0.92,89.55,6.25
VIL_0217,2024-07-10 12:00:00,24.67,0.85,89.66,6.7
VIL_0218,2024-07-10 12:00:00,24.22,0.77,89.37,7.43
VIL_0219,2024-07-10 12:00:00,24.34,0.88,89.72,7.21
VIL_0220,2024-07-10 12:00:00,24.7,1.17,90.74,6.52
VIL_0221,2024-07-10 12:00:00,24.8,1.42,91.78,6.15
VIL_0222,2024-07-10 12:00:00,25.52,0.92,89.13,5.78
VIL_0223,2024-07-10 12:00:00,25.59,0.9,89.04,5.72
VIL_0224,2024-07-10 12:00:00,25.56,0.91,89.09,5.76
VIL_0225,2024-07-10 12:00:00,25.52,0.92,89.23,5.86
VIL_0226,2024-07-10 12:00:00,25.42,0.93,89.35,5.95
VIL_0227,2024-07-10 12:00:00,23.69,1.09,90.75,8.14
VIL_0228,2024-07-10 12:00:00,25.03,2.56,96.77,4.68
VIL_0229,2024-07-10 12:00:00,25.32,2.86,97.95,4.1
VIL_0230,2024-07-10 12:00:00,25.4,2.99,98.56,3.89
VIL_0231,2024-07-10 12:00:00,25.4,3.09,98.95,3.64
VIL_0232,2024-07-10 12:00:00,27.28,0.3,78.59,13.54
VIL_0233,2024-07-10 12:00:00,26.75,0.61,82.51,14.63
VIL_0234,2024-07-10 12:00:00,26.19,1.88,86.37,14.92
VIL_0235,2024-07-10 12:00:00,27.05,0.01,80.52,15.82
VIL_0236,2024-07-10 12:00:00,24.73,2.25,95.43,5.48
VIL_0237,2024-07-10 12:00:00,24.44,2.01,95.11,6.28
VIL_0238,2024-07-10 12:00:00,25.1,2.45,96.81,5.61
VIL_0239,2024-07-10 12:00:00,24.98,2.53,96.54,5.25
VIL_0240,2024-07-10 12:00:00,25.13,2.46,97.26,6.07
VIL_0241,2024-07-10 12:00:00,25.06,2.27,96.74,6.77
VIL_0242,2024-07-10 12:00:00,25.39,2.84,98.08,4.34
VIL_0243,2024-07-10 12:00:00,25.41,2.71,97.49,4.72
VIL_0244,2024-07-10 12:00:00,25.41,2.37,96.19,5.96
VIL_0245,2024-07-10 12:00:00,25.08,2.1,96.12,7.35
VIL_0246,2024-07-10 12:00:00,25.09,1.8,94.97,8.47
VIL_0247,2024-07-10 12:00:00,24.92,1.61,95.04,8.9
VIL_0248,2024-07-10 12:00:00,25.23,2.14,94.75,5.35
VIL_0249,2024-07-10 12:00:00,25.32,2.43,95.94,5.19
VIL_0250,2024-07-10 12:00:00,25.45,2.2,95.25,6.35
VIL_0251,2024-07-10 12:00:00,25.47,1.89,94.0,7.97
VIL_0252,2024-07-10 12:00:00,25.55,1.73,92.89,8.62
VIL_0253,2024-07-10 12:00:00,25.51,1.88,93.72,7.71
VIL_0254,2024-07-10 12:00:00,25.55,1.64,92.51,8.67
VIL_0255,2024-07-10 12:00:00,25.5,1.78,93.32,7.37
VIL_0256,2024-07-10 12:00:00,25.48,1.88,93.81,6.69
VIL_0257,2024-07-10 12:00:00,25.3,1.98,93.85,6.1
VIL_0258,2024-07-10 12:00:00,25.28,1.68,92.61,6.11
VIL_0259,2024-07-10 12:00:00,25.28,1.55,92.05,6.0
VIL_0260,2024-07-10 12:00:00,25.36,1.22,90.53,6.11
VIL_0261,2024-07-10 12:00:00,25.31,1.41,91.39,6.2
VIL_0262,2024-07-10 12:00:00,25.3,1.59,92.12,6.52
VIL_0263,2024-07-10 12:00:00,25.31,1.49,91.72,6.45
VIL_0264,2024-07-10 12:00:00,25.32,1.33,91.0,6.41
VIL_0265,2024-07-10 12:00:00,25.35,1.17,90.32,6.24
VIL_0266,2024-07-10 12:00:00,25.32,1.26,90.69,6.41
VIL_0267,2024-07-10 12:00:00,25.3,1.28,90.81,6.59
VIL_0268,2024-07-10 12:00:00,25.3,1.41,91.32,6.78
VIL_0269,2024-07-10 12:00:00,25.32,1.53,91.81,6.86
VIL_0270,2024-07-10 12:00:00,25.5,1.72,93.09,7.02
VIL_0271,2024-07-10 12:00:00,25.28,1.36,91.09,6.94
VIL_0272,2024-07-10 12:00:00,25.29,1.38,91.17,6.88
VIL_0273,2024-07-10 12:00:00,25.31,1.46,91.46,7.08
VIL_0274,2024-07-10 12:00:00,25.66,1.64,91.31,7.92
VIL_0275,2024-07-10 12:00:00,25.66,1.65,91.24,8.1
VIL_0276,2024-07-10 12:00:00,25.68,1.71,91.36,8.58
VIL_0277,2024-07-10 12:00:00,25.66,1.69,91.46,8.12
VIL_0278,2024-07-10 12:00:00,25.5,1.62,92.67,7.36
VIL_0279,2024-07-10 12:00:00,25.51,1.64,92.72,7.87
VIL_0280,2024-07-10 12:00:00,25.71,1.75,91.45,9.28
VIL_0281,2024-07-10 12:00:00,25.7,1.74,91.45,9.06
VIL_0282,2024-07-10 12:00:00,25.68,1.73,91.52,8.54
VIL_0283,2024-07-10 12:00:00,25.71,1.74,91.28,9.32
VIL_0284,2024-07-10 12:00:00,25.7,1.73,91.32,8.99
VIL_0285,2024-07-10 12:00:00,25.69,1.71,91.28,8.76
VIL_0286,2024-07-10 12:00:00,25.7,1.72,91.14,8.98
VIL_0287,2024-07-10 12:00:00,25.71,1.73,91.14,9.25
VIL_0288,2024-07-10 12:00:00,25.72,1.74,91.19,9.42
VIL_0289,2024-07-10 12:00:00,25.72,1.74,91.1,9.53
VIL_0290,2024-07-10 12:00:00,25.72,1.74,91.06,9.44
VIL_0291,2024-07-10 12:00:00,25.73,1.75,90.96,9.66
VIL_0292,2024-07-10 12:00:00,25.74,1.75,90.89,9.93
VIL_0293,2024-07-10 12:00:00,25.74,1.75,90.94,9.91
VIL_0294,2024-07-10 12:00:00,25.75,1.75,90.88,10.11
VIL_0295,2024-07-10 12:00:00,25.74,1.74,90.94,10.04
VIL_0296,2024-07-10 12:00:00,25.73,1.72,91.15,9.81
VIL_0297,2024-07-10 12:00:00,25.73,1.7,91.15,9.91
VIL_0298,2024-07-10 12:00:00,25.63,1.68,91.7,10.66
VIL_0299,2024-07-10 12:00:00,25.66,1.62,91.24,11.02
VIL_0300,2024-07-10 12:00:00,25.67,1.65,91.07,11.35
VIL_0301,2024-07-10 12:00:00,25.65,1.67,91.33,11.11
VIL_0302,2024-07-10 12:00:00,25.65,1.72,91.32,11.3
VIL_0303,2024-07-10 12:00:00,25.63,1.72,91.64,10.89
VIL_0304,2024-07-10 12:00:00,25.77,1.76,90.64,10.61
VIL_0305,2024-07-10 12:00:00,25.77,1.78,90.57,10.68
VIL_0306,2024-07-10 12:00:00,25.76,1.76,90.74,10.31
VIL_0307,2024-07-10 12:00:00,25.75,1.77,90.8,10.07
VIL_0308,2024-07-10 12:00:00,25.77,1.79,90.6,10.56
VIL_0309,2024-07-10 12:00:00,25.78,1.8,90.47,10.83
VIL_0310,2024-07-10 12:00:00,25.65,1.77,91.28,11.52
VIL_0311,2024-07-10 12:00:00,25.66,1.79,91.16,11.72
VIL_0312,2024-07-10 12:00:00,25.69,1.8,90.88,12.05
VIL_0313,2024-07-10 12:00:00,25.69,1.82,90.91,12.06
VIL_0314,2024-07-10 12:00:00,25.82,1.7,89.11,13.13
VIL_0315,2024-07-10 12:00:00,25.67,1.83,91.12,11.86
VIL_0316,2024-07-10 12:00:00,25.83,1.71,89.05,13.16
VIL_0317,2024-07-10 12:00:00,25.87,1.76,88.77,13.45
VIL_0318,2024-07-10 12:00:00,25.86,1.77,88.85,13.54
VIL_0319,2024-07-10 12:00:00,25.85,1.77,88.94,13.53
VIL_0320,2024-07-10 12:00:00,25.57,1.6,92.24,9.02
VIL_0321,2024-07-10 12:00:00,25.67,1.59,91.35,10.66
VIL_0322,2024-07-10 12:00:00,25.6,1.6,92.09,9.35
VIL_0323,2024-07-10 12:00:00,25.67,1.58,91.34,10.61
VIL_0324,2024-07-10 12:00:00,25.7,1.52,91.0,10.79
VIL_0325,2024-07-10 12:00:00,25.64,1.55,91.54,10.43
VIL_0326,2024-07-10 12:00:00,25.57,1.57,92.08,10.14
VIL_0327,2024-07-10 12:00:00,25.21,1.5,93.37,9.75
VIL_0328,2024-07-10 12:00:00,25.67,1.44,90.96,10.91
VIL_0329,2024-07-10 12:00:00,25.56,1.41,91.57,10.7
VIL_0330,2024-07-10 12:00:00,25.68,1.43,90.82,11.08
VIL_0331,2024-07-10 12:00:00,25.73,1.44,90.47,11.25
VIL_0332,2024-07-10 12:00:00,25.79,1.41,90.09,11.36
VIL_0333,2024-07-10 12:00:00,25.78,1.42,90.17,11.31
VIL_0334,2024-07-10 12:00:00,25.71,1.51,90.86,10.96
VIL_0335,2024-07-10 12:00:00,25.74,1.46,90.47,11.24
VIL_0336,2024-07-10 12:00:00,25.7,1.52,90.85,11.1
VIL_0337,2024-07-10 12:00:00,25.89,1.79,88.6,13.64
VIL_0338,2024-07-10 12:00:00,25.91,1.83,88.43,13.85
VIL_0339,2024-07-10 12:00:00,25.92,1.81,88.39,13.74
VIL_0340,2024-07-10 12:00:00,25.95,1.86,88.13,14.03
VIL_0341,2024-07-10 12:00:00,25.95,1.84,88.09,13.91
VIL_0342,2024-07-10 12:00:00,26.19,1.77,86.45,14.67
VIL_0343,2024-07-10 12:00:00,26.17,1.79,86.63,14.69
VIL_0344,2024-07-10 12:00:00,26.15,1.83,86.72,14.8
VIL_0345,2024-07-10 12:00:00,26.12,1.89,87.03,14.93
VIL_0346,2024-07-10 12:00:00,26.15,1.85,86.71,14.86
VIL_0347,2024-07-10 12:00:00,26.19,1.82,86.41,14.81
VIL_0348,2024-07-10 12:00:00,26.23,1.75,86.07,14.69
VIL_0349,2024-07-10 12:00:00,26.27,1.73,85.77,14.66
VIL_0350,2024-07-10 12:00:00,26.32,1.69,85.29,14.61
VIL_0351,2024-07-10 12:00:00,26.37,1.66,84.86,14.56
VIL_0352,2024-07-10 12:00:00,26.43,1.62,84.37,14.5
VIL_0353,2024-07-10 12:00:00,25.89,1.83,88.61,13.88
VIL_0354,2024-07-10 12:00:00,25.9,1.87,88.59,14.15
VIL_0355,2024-07-10 12:00:00,25.94,1.95,88.34,14.67
VIL_0356,2024-07-10 12:00:00,25.92,1.87,88.48,14.15
VIL_0357,2024-07-10 12:00:00,25.94,1.92,88.27,14.45
VIL_0358,2024-07-10 12:00:00,25.93,1.88,88.35,14.16
VIL_0359,2024-07-10 12:00:00,25.97,1.92,88.07,14.41
VIL_0360,2024-07-10 12:00:00,25.96,1.95,88.14,14.62
VIL_0361,2024-07-10 12:00:00,25.97,2.02,88.13,15.08
VIL_0362,2024-07-10 12:00:00,25.97,2.04,88.2,15.2
VIL_0363,2024-07-10 12:00:00,25.87,1.92,88.68,14.77
VIL_0364,2024-07-10 12:00:00,25.91,1.98,88.45,15.09
VIL_0365,2024-07-10 12:00:00,25.8,1.86,88.89,14.64
VIL_0366,2024-07-10 12:00:00,25.75,1.81,88.96,14.61
VIL_0367,2024-07-10 12:00:00,25.61,1.66,89.47,14.13
VIL_0368,2024-07-10 12:00:00,25.46,1.5,89.82,13.86
VIL_0369,2024-07-10 12:00:00,25.81,1.82,88.19,14.79
VIL_0370,2024-07-10 12:00:00,25.99,2.07,88.03,15.41
VIL_0371,2024-07-10 12:00:00,25.96,2.05,88.19,15.39
VIL_0372,2024-07-10 12:00:00,25.98,2.06,88.11,15.34
VIL_0373,2024-07-10 12:00:00,26.0,2.1,88.0,15.59
VIL_0374,2024-07-10 12:00:00,26.13,1.9,86.94,14.97
VIL_0375,2024-07-10 12:00:00,25.99,1.98,87.92,14.8
VIL_0376,2024-07-10 12:00:00,25.99,2.03,88.0,15.12
VIL_0377,2024-07-10 12:00:00,26.0,2.04,87.95,15.19
VIL_0378,2024-07-10 12:00:00,26.03,2.01,87.4,15.23
VIL_0379,2024-07-10 12:00:00,26.14,1.82,86.06,15.27
VIL_0380,2024-07-10 12:00:00,26.29,1.76,84.91,14.89
VIL_0381,2024-07-10 12:00:00,26.08,1.98,87.3,15.2
VIL_0382,2024-07-10 12:00:00,26.13,1.91,86.89,15.01
VIL_0383,2024-07-10 12:00:00,26.2,1.83,85.78,15.14
VIL_0384,2024-07-10 12:00:00,26.27,1.75,85.71,14.68
VIL_0385,2024-07-10 12:00:00,26.25,1.8,85.91,14.75
VIL_0386,2024-07-10 12:00:00,26.31,1.73,85.41,14.64
VIL_0387,2024-07-10 12:00:00,26.39,1.68,84.73,14.53
VIL_0388,2024-07-10 12:00:00,26.39,1.71,84.73,14.51
VIL_0389,2024-07-10 12:00:00,26.34,1.76,85.08,14.58
VIL_0390,2024-07-10 12:00:00,26.34,1.78,85.1,14.58
VIL_0391,2024-07-10 12:00:00,26.42,1.73,84.45,14.43
VIL_0392,2024-07-10 12:00:00,26.44,1.74,84.22,14.36
VIL_0393,2024-07-10 12:00:00,26.48,1.69,83.41,14.41
VIL_0394,2024-07-10 12:00:00,26.64,1.66,82.73,13.99
VIL_0395,2024-07-10 12:00:00,24.95,0.86,84.52,12.98
VIL_0396,2024-07-10 12:00:00,26.67,1.63,82.49,13.93
VIL_0397,2024-07-10 12:00:00,26.69,1.72,82.23,13.78
VIL_0398,2024-07-10 12:00:00,26.7,1.84,82.07,13.6
VIL_0399,2024-07-10 12:00:00,26.69,1.77,82.12,13.71
VIL_0400,2024-07-10 12:00:00,26.68,1.82,82.21,13.67
VIL_0401,2024-07-10 12:00:00,26.69,1.81,82.16,13.66
VIL_0402,2024-07-10 12:00:00,26.7,1.9,82.0,13.51
VIL_0403,2024-07-10 12:00:00,26.69,1.77,82.13,13.72
VIL_0404,2024-07-10 12:00:00,26.68,1.58,82.27,14.04
VIL_0405,2024-07-10 12:00:00,26.66,1.12,82.57,14.86
VIL_0406,2024-07-10 12:00:00,26.68,1.67,82.25,13.9
VIL_0407,2024-07-10 12:00:00,26.67,1.32,82.51,14.49
VIL_0408,2024-07-10 12:00:00,26.66,1.35,82.61,14.44
VIL_0409,2024-07-10 12:00:00,26.65,1.21,82.78,14.66
VIL_0410,2024-07-10 12:00:00,26.65,1.3,82.81,14.54
VIL_0411,2024-07-10 12:00:00,26.64,1.37,82.84,14.45
VIL_0412,2024-07-10 12:00:00,26.63,1.42,82.94,14.41
VIL_0413,2024-07-10 12:00:00,26.62,1.46,83.04,14.38
VIL_0414,2024-07-10 12:00:00,26.6,1.49,83.21,14.4
VIL_0415,2024-07-10 12:00:00,26.56,1.55,83.47,14.42
VIL_0416,2024-07-10 12:00:00,26.57,1.59,83.41,14.36
VIL_0417,2024-07-10 12:00:00,26.66,1.54,82.59,14.16
VIL_0418,2024-07-10 12:00:00,26.67,1.52,82.46,14.16
VIL_0419,2024-07-10 12:00:00,26.67,1.68,82.42,13.91
VIL_0420,2024-07-10 12:00:00,26.65,1.72,82.52,13.89
VIL_0421,2024-07-10 12:00:00,26.61,1.66,82.94,14.12
VIL_0422,2024-07-10 12:00:00,26.62,1.72,82.88,14.03
VIL_0423,2024-07-10 12:00:00,26.61,1.73,82.92,14.02
VIL_0424,2024-07-10 12:00:00,26.43,1.74,83.96,14.56
VIL_0425,2024-07-10 12:00:00,26.47,1.74,83.59,14.41
VIL_0426,2024-07-10 12:00:00,26.41,1.74,84.02,14.58
VIL_0427,2024-07-10 12:00:00,26.58,1.62,83.28,14.28
VIL_0428,2024-07-10 12:00:00,26.64,1.57,82.73,14.16
VIL_0429,2024-07-10 12:00:00,22.7,0.33,91.42,18.04
VIL_0430,2024-07-10 12:00:00,22.3,0.2,91.0,19.39
VIL_0431,2024-07-10 12:00:00,24.39,0.87,93.03,12.51
VIL_0432,2024-07-10 12:00:00,24.32,0.84,94.67,11.07
VIL_0433,2024-07-10 12:00:00,24.36,0.86,95.61,10.06
VIL_0434,2024-07-10 12:00:00,24.45,0.89,96.3,9.18
VIL_0435,2024-07-10 12:00:00,24.5,0.9,96.72,8.65
VIL_0436,2024-07-10 12:00:00,24.5,0.9,96.98,8.42
VIL_0437,2024-07-10 12:00:00,24.58,1.0,96.09,9.0
VIL_0438,2024-07-10 12:00:00,24.98,1.29,94.06,9.76
VIL_0439,2024-07-10 12:00:00,25.1,1.17,93.37,10.4
VIL_0440,2024-07-10 12:00:00,24.49,0.9,96.27,9.12
VIL_0441,2024-07-10 12:00:00,24.92,1.02,88.47,15.85
VIL_0442,2024-07-10 12:00:00,24.87,1.0,88.2,16.24
VIL_0443,2024-07-10 12:00:00,24.68,0.97,88.68,16.3
VIL_0444,2024-07-10 12:00:00,24.91,1.04,88.12,16.32
VIL_0445,2024-07-10 12:00:00,25.0,1.07,87.89,16.34
VIL_0446,2024-07-10 12:00:00,25.07,1.08,87.69,16.38
VIL_0447,2024-07-10 12:00:00,25.11,1.09,87.42,16.52
VIL_0448,2024-07-10 12:00:00,25.12,1.09,87.4,16.51
VIL_0449,2024-07-10 12:00:00,25.2,1.1,87.01,16.7
VIL_0450,2024-07-10 12:00:00,25.16,1.09,87.19,16.62
VIL_0451,2024-07-10 12:00:00,25.13,1.09,87.42,16.47
VIL_0452,2024-07-10 12:00:00,25.12,1.08,87.4,16.52
VIL_0453,2024-07-10 12:00:00,24.76,0.97,89.99,14.7
VIL_0454,2024-07-10 12:00:00,25.97,1.39,85.22,15.6
VIL_0455,2024-07-10 12:00:00,24.36,1.32,87.36,14.85
VIL_0456,2024-07-10 12:00:00,25.38,1.29,87.72,15.24
VIL_0457,2024-07-10 12:00:00,25.44,1.33,87.66,15.1
VIL_0458,2024-07-10 12:00:00,25.51,1.39,87.6,14.91
VIL_0459,2024-07-10 12:00:00,25.65,1.49,87.29,14.64
VIL_0460,2024-07-10 12:00:00,25.35,1.26,87.74,15.41
VIL_0461,2024-07-10 12:00:00,24.94,1.09,88.43,16.02
VIL_0462,2024-07-10 12:00:00,24.93,1.07,88.37,16.1
VIL_0463,2024-07-10 12:00:00,24.8,1.04,88.75,16.02
VIL_0464,2024-07-10 12:00:00,25.01,1.09,88.07,16.19
VIL_0465,2024-07-10 12:00:00,25.02,1.1,88.1,16.14
VIL_0466,2024-07-10 12:00:00,24.99,1.07,88.02,16.26
VIL_0467,2024-07-10 12:00:00,24.87,1.04,88.37,16.2
VIL_0468,2024-07-10 12:00:00,24.73,1.01,88.84,16.07
VIL_0469,2024-07-10 12:00:00,24.66,0.99,89.03,16.06
VIL_0470,2024-07-10 12:00:00,24.58,0.96,89.08,16.16
VIL_0471,2024-07-10 12:00:00,26.09,1.55,85.19,15.34
VIL_0472,2024-07-10 12:00:00,25.72,1.54,87.13,14.53
VIL_0473,2024-07-10 12:00:00,25.49,1.39,87.76,14.9
VIL_0474,2024-07-10 12:00:00,25.69,1.58,87.68,14.56
VIL_0475,2024-07-10 12:00:00,25.73,1.65,87.75,14.56
VIL_0476,2024-07-10 12:00:00,25.66,1.62,88.16,14.56
VIL_0477,2024-07-10 12:00:00,25.48,1.43,88.27,14.71
VIL_0478,2024-07-10 12:00:00,25.45,1.38,88.01,14.92
VIL_0479,2024-07-10 12:00:00,25.37,1.29,87.91,15.24
VIL_0480,2024-07-10 12:00:00,25.03,1.1,88.14,16.09
VIL_0481,2024-07-10 12:00:00,25.04,1.1,88.17,16.04
VIL_0482,2024-07-10 12:00:00,25.26,1.24,88.92,14.85
VIL_0483,2024-07-10 12:00:00,25.33,1.34,89.22,14.52
VIL_0484,2024-07-10 12:00:00,25.26,1.26,89.44,14.36
VIL_0485,2024-07-10 12:00:00,24.97,1.1,88.85,15.56
VIL_0486,2024-07-10 12:00:00,25.04,1.09,88.08,16.08
VIL_0487,2024-07-10 12:00:00,25.27,1.32,90.66,13.18
VIL_0488,2024-07-10 12:00:00,25.42,1.46,90.63,13.01
VIL_0489,2024-07-10 12:00:00,25.59,1.61,90.03,13.41
VIL_0490,2024-07-10 12:00:00,25.71,1.71,89.57,13.72
VIL_0491,2024-07-10 12:00:00,25.55,1.5,90.55,12.57
VIL_0492,2024-07-10 12:00:00,25.47,1.47,90.79,12.62
VIL_0493,2024-07-10 12:00:00,25.19,1.28,91.73,12.2
VIL_0494,2024-07-10 12:00:00,24.58,0.93,93.95,11.14
VIL_0495,2024-07-10 12:00:00,24.56,0.93,95.58,9.58
VIL_0496,2024-07-10 12:00:00,25.13,1.21,92.96,10.84
VIL_0497,2024-07-10 12:00:00,24.88,1.08,94.29,10.21
VIL_0498,2024-07-10 12:00:00,25.14,1.23,92.65,11.26
VIL_0499,2024-07-10 12:00:00,25.33,1.34,91.67,11.78
VIL_0500,2024-07-10 12:00:00,25.48,1.36,91.21,11.59
VIL_0501,2024-07-10 12:00:00,25.57,1.42,90.74,11.89
VIL_0502,2024-07-10 12:00:00,24.92,1.06,88.94,15.52
VIL_0503,2024-07-10 12:00:00,25.15,1.19,90.25,13.7
VIL_0504,2024-07-10 12:00:00,25.09,1.17,91.28,12.8
VIL_0505,2024-07-10 12:00:00,25.16,1.22,90.96,13.02
VIL_0506,2024-07-10 12:00:00,24.62,0.94,92.21,12.79
VIL_0507,2024-07-10 12:00:00,25.7,1.64,89.76,13.24
VIL_0508,2024-07-10 12:00:00,25.65,1.53,90.18,12.55
VIL_0509,2024-07-10 12:00:00,25.68,1.52,90.82,11.36
VIL_0510,2024-07-10 12:00:00,25.7,1.54,90.77,11.34
VIL_0511,2024-07-10 12:00:00,25.69,1.57,90.78,11.51
VIL_0512,2024-07-10 12:00:00,25.71,1.63,89.74,13.19
VIL_0513,2024-07-10 12:00:00,25.68,1.62,90.88,11.51
VIL_0514,2024-07-10 12:00:00,25.71,1.72,90.52,12.24
VIL_0515,2024-07-10 12:00:00,25.7,1.71,90.73,11.96
VIL_0516,2024-07-10 12:00:00,25.76,1.81,90.12,12.9
VIL_0517,2024-07-10 12:00:00,25.89,1.88,88.73,14.24
VIL_0518,2024-07-10 12:00:00,25.88,1.85,88.81,14.04
VIL_0519,2024-07-10 12:00:00,25.86,1.8,88.91,13.75
VIL_0520,2024-07-10 12:00:00,25.72,1.82,90.5,12.5
VIL_0521,2024-07-10 12:00:00,25.73,1.8,90.42,12.53
VIL_0522,2024-07-10 12:00:00,25.69,1.75,90.86,11.93
VIL_0523,2024-07-10 12:00:00,19.59,0.49,90.25,10.96
VIL_0524,2024-07-10 12:00:00,22.56,0.64,86.87,10.58
VIL_0525,2024-07-10 12:00:00,26.8,0.99,82.22,13.66
VIL_0526,2024-07-10 12:00:00,26.16,0.77,83.02,10.33
VIL_0527,2024-07-10 12:00:00,26.25,0.69,82.92,11.17
VIL_0528,2024-07-10 12:00:00,27.03,0.72,81.76,11.84
VIL_0529,2024-07-10 12:00:00,27.03,0.71,81.75,12.01
VIL_0530,2024-07-10 12:00:00,26.92,0.77,82.01,12.85
VIL_0531,2024-07-10 12:00:00,26.81,0.75,82.28,13.96
VIL_0532,2024-07-10 12:00:00,26.87,0.75,82.14,13.44
VIL_0533,2024-07-10 12:00:00,26.78,0.92,82.28,13.94
VIL_0534,2024-07-10 12:00:00,26.7,0.75,82.55,14.99
VIL_0535,2024-07-10 12:00:00,26.73,1.0,82.37,14.37
VIL_0536,2024-07-10 12:00:00,26.71,1.07,82.38,14.47
VIL_0537,2024-07-10 12:00:00,26.71,1.3,82.26,14.11
VIL_0538,2024-07-10 12:00:00,26.69,1.43,82.36,14.22
VIL_0539,2024-07-10 12:00:00,26.67,0.9,82.55,15.1
VIL_0540,2024-07-10 12:00:00,26.67,0.76,82.62,15.29
VIL_0541,2024-07-10 12:00:00,26.64,0.56,82.77,15.82
VIL_0542,2024-07-10 12:00:00,26.63,0.42,82.86,16.09
VIL_0543,2024-07-10 12:00:00,26.62,0.38,82.92,16.33
VIL_0544,2024-07-10 12:00:00,26.75,0.69,82.46,14.66
VIL_0545,2024-07-10 12:00:00,26.82,0.64,82.31,14.14
VIL_0546,2024-07-10 12:00:00,26.99,0.64,81.85,12.77
VIL_0547,2024-07-10 12:00:00,27.04,0.65,81.72,12.34
VIL_0548,2024-07-10 12:00:00,27.11,0.65,81.55,11.73
VIL_0549,2024-07-10 12:00:00,27.1,0.6,81.56,11.38
VIL_0550,2024-07-10 12:00:00,27.14,0.59,81.44,11.28
VIL_0551,2024-07-10 12:00:00,27.02,0.69,81.79,10.95
VIL_0552,2024-07-10 12:00:00,27.02,0.72,81.83,10.77
VIL_0553,2024-07-10 12:00:00,26.37,0.87,82.9,9.96
VIL_0554,2024-07-10 12:00:00,26.88,0.91,82.29,9.99
VIL_0555,2024-07-10 12:00:00,27.07,0.69,81.67,10.84
VIL_0556,2024-07-10 12:00:00,26.85,0.95,82.41,9.78
VIL_0557,2024-07-10 12:00:00,27.16,0.61,81.41,11.08
VIL_0558,2024-07-10 12:00:00,27.3,0.5,81.0,11.4
VIL_0559,2024-07-10 12:00:00,27.27,0.51,81.09,11.43
VIL_0560,2024-07-10 12:00:00,27.25,0.52,81.13,11.46
VIL_0561,2024-07-10 12:00:00,27.08,0.59,81.6,12.28
VIL_0562,2024-07-10 12:00:00,26.75,0.5,82.52,14.92
VIL_0563,2024-07-10 12:00:00,26.82,0.57,82.32,14.24
VIL_0564,2024-07-10 12:00:00,26.71,0.49,82.65,15.34
VIL_0565,2024-07-10 12:00:00,26.68,0.57,82.67,15.42
VIL_0566,2024-07-10 12:00:00,26.61,0.33,82.96,16.47
VIL_0567,2024-07-10 12:00:00,26.6,0.3,83.0,16.59
VIL_0568,2024-07-10 12:00:00,26.65,0.68,82.69,15.54
VIL_0569,2024-07-10 12:00:00,26.64,0.5,82.82,15.94
VIL_0570,2024-07-10 12:00:00,26.66,1.03,82.67,14.99
VIL_0571,2024-07-10 12:00:00,26.66,1.0,82.71,15.03
VIL_0572,2024-07-10 12:00:00,26.66,0.84,82.77,15.3
VIL_0573,2024-07-10 12:00:00,26.66,0.97,82.75,15.06
VIL_0574,2024-07-10 12:00:00,26.66,1.0,82.78,14.97
VIL_0575,2024-07-10 12:00:00,26.67,0.67,82.67,15.4
VIL_0576,2024-07-10 12:00:00,26.7,0.78,82.55,14.93
VIL_0577,2024-07-10 12:00:00,26.7,0.74,82.57,14.97
VIL_0578,2024-07-10 12:00:00,26.7,0.68,82.6,15.05
VIL_0579,2024-07-10 12:00:00,26.68,0.7,82.62,15.2
VIL_0580,2024-07-10 12:00:00,26.64,0.48,82.82,15.94
VIL_0581,2024-07-10 12:00:00,26.61,0.35,82.95,16.42
VIL_0582,2024-07-10 12:00:00,26.7,0.65,82.6,15.05
VIL_0583,2024-07-10 12:00:00,26.73,0.66,82.54,14.74
VIL_0584,2024-07-10 12:00:00,26.71,0.6,82.62,15.08
VIL_0585,2024-07-10 12:00:00,26.68,0.54,82.71,15.49
VIL_0586,2024-07-10 12:00:00,26.66,0.48,82.78,15.77
VIL_0587,2024-07-10 12:00:00,26.66,0.53,82.75,15.66
VIL_0588,2024-07-10 12:00:00,26.66,1.03,82.74,14.95
VIL_0589,2024-07-10 12:00:00,26.64,0.43,82.84,16.0
VIL_0590,2024-07-10 12:00:00,26.61,0.33,82.96,16.46
VIL_0591,2024-07-10 12:00:00,26.66,0.44,82.78,15.77
VIL_0592,2024-07-10 12:00:00,26.7,0.5,82.67,15.33
VIL_0593,2024-07-10 12:00:00,26.63,0.37,82.89,16.21
VIL_0594,2024-07-10 12:00:00,26.82,0.54,82.34,14.3
VIL_0595,2024-07-10 12:00:00,26.81,0.57,82.36,14.22
VIL_0596,2024-07-10 12:00:00,26.79,0.63,82.4,14.16
VIL_0597,2024-07-10 12:00:00,26.78,0.59,82.44,14.38
VIL_0598,2024-07-10 12:00:00,26.84,0.45,82.19,13.57
VIL_0599,2024-07-10 12:00:00,26.83,0.46,82.17,13.44
VIL_0600,2024-07-10 12:00:00,26.83,0.46,82.18,13.48
VIL_0601,2024-07-10 12:00:00,26.89,0.48,82.03,13.02
VIL_0602,2024-07-10 12:00:00,26.88,0.47,82.08,13.3
VIL_0603,2024-07-10 12:00:00,26.92,0.5,81.94,12.75
VIL_0604,2024-07-10 12:00:00,26.92,0.51,81.88,12.44
VIL_0605,2024-07-10 12:00:00,26.94,0.52,81.83,12.3
VIL_0606,2024-07-10 12:00:00,27.02,0.56,81.66,11.71
VIL_0607,2024-07-10 12:00:00,27.0,0.52,81.74,12.2
VIL_0608,2024-07-10 12:00:00,26.91,0.48,82.02,13.16
VIL_0609,2024-07-10 12:00:00,27.02,0.5,81.74,12.5
VIL_0610,2024-07-10 12:00:00,26.97,0.59,81.92,12.98
VIL_0611,2024-07-10 12:00:00,27.1,0.54,81.49,11.75
VIL_0612,2024-07-10 12:00:00,27.09,0.56,81.51,11.54
VIL_0613,2024-07-10 12:00:00,27.08,0.6,81.54,11.27
VIL_0614,2024-07-10 12:00:00,26.98,0.65,81.77,11.04
VIL_0615,2024-07-10 12:00:00,26.98,0.72,81.85,10.73
VIL_0616,2024-07-10 12:00:00,27.16,0.6,81.39,11.15
VIL_0617,2024-07-10 12:00:00,27.25,0.52,81.14,11.4
VIL_0618,2024-07-10 12:00:00,26.96,0.59,81.73,11.33
VIL_0619,2024-07-10 12:00:00,19.28,0.42,90.09,11.16
VIL_0620,2024-07-10 12:00:00,19.21,0.4,90.04,11.21
VIL_0621,2024-07-10 12:00:00,19.14,0.38,89.91,11.29
VIL_0622,2024-07-10 12:00:00,18.61,0.32,90.25,11.44
VIL_0623,2024-07-10 12:00:00,18.12,0.52,92.91,10.83
VIL_0624,2024-07-10 12:00:00,19.55,0.5,90.4,10.92
VIL_0625,2024-07-10 12:00:00,22.31,0.65,87.18,10.53
VIL_0626,2024-07-10 12:00:00,18.52,0.45,91.6,11.05
VIL_0627,2024-07-10 12:00:00,18.94,0.42,90.56,11.16
VIL_0628,2024-07-10 12:00:00,18.66,0.24,89.4,11.68
VIL_0629,2024-07-10 12:00:00,18.78,0.26,89.46,11.61
VIL_0630,2024-07-10 12:00:00,19.09,0.31,89.47,11.47
VIL_0631,2024-07-10 12:00:00,18.9,0.29,89.49,11.55
VIL_0632,2024-07-10 12:00:00,18.97,0.33,89.79,11.42
VIL_0633,2024-07-10 12:00:00,19.38,0.38,89.66,11.27
VIL_0634,2024-07-10 12:00:00,19.13,0.32,89.48,11.45
VIL_0635,2024-07-10 12:00:00,19.49,0.4,89.5,11.03
VIL_0636,2024-07-10 12:00:00,20.14,0.48,89.13,10.68
VIL_0637,2024-07-10 12:00:00,20.29,0.43,88.77,11.15
VIL_0638,2024-07-10 12:00:00,21.99,0.6,87.39,10.63
VIL_0639,2024-07-10 12:00:00,25.76,0.88,83.74,9.91
VIL_0640,2024-07-10 12:00:00,25.97,0.92,83.53,9.74
VIL_0641,2024-07-10 12:00:00,26.37,0.99,83.1,9.54
VIL_0642,2024-07-10 12:00:00,22.27,0.56,86.91,10.79
VIL_0643,2024-07-10 12:00:00,25.53,0.84,84.0,10.0
VIL_0644,2024-07-10 12:00:00,21.46,0.5,87.67,10.95
VIL_0645,2024-07-10 12:00:00,21.11,0.46,87.93,11.07
VIL_0646,2024-07-10 12:00:00,20.97,0.57,88.6,10.27
VIL_0647,2024-07-10 12:00:00,20.89,0.55,88.64,10.29
VIL_0648,2024-07-10 12:00:00,20.91,0.56,88.63,10.28
VIL_0649,2024-07-10 12:00:00,22.07,0.46,87.47,10.38
VIL_0650,2024-07-10 12:00:00,22.8,0.5,86.9,10.1
VIL_0651,2024-07-10 12:00:00,25.2,0.65,84.25,9.49
VIL_0652,2024-07-10 12:00:00,21.79,0.64,88.02,9.84
VIL_0653,2024-07-10 12:00:00,22.47,0.47,87.12,10.3
VIL_0654,2024-07-10 12:00:00,25.46,0.66,84.02,9.49
VIL_0655,2024-07-10 12:00:00,26.62,0.61,83.64,9.75
VIL_0656,2024-07-10 12:00:00,25.41,0.58,85.21,9.33
VIL_0657,2024-07-10 12:00:00,26.61,0.73,84.73,8.8
VIL_0658,2024-07-10 12:00:00,26.68,0.82,84.64,8.05
VIL_0659,2024-07-10 12:00:00,26.61,0.76,84.62,8.59
VIL_0660,2024-07-10 12:00:00,26.66,0.76,84.16,8.74
VIL_0661,2024-07-10 12:00:00,25.72,0.76,84.08,9.69
VIL_0662,2024-07-10 12:00:00,26.8,0.88,82.55,9.64
VIL_0663,2024-07-10 12:00:00,26.79,0.81,82.46,9.85
VIL_0664,2024-07-10 12:00:00,26.76,0.97,82.62,9.5
VIL_0665,2024-07-10 12:00:00,26.74,1.09,82.81,9.13
VIL_0666,2024-07-10 12:00:00,26.79,1.0,82.59,9.45
VIL_0667,2024-07-10 12:00:00,26.8,1.02,82.58,9.52
VIL_0668,2024-07-10 12:00:00,26.72,1.15,82.91,8.95
VIL_0669,2024-07-10 12:00:00,26.64,1.1,82.91,9.14
VIL_0670,2024-07-10 12:00:00,26.7,1.19,82.98,8.83
VIL_0671,2024-07-10 12:00:00,26.91,0.51,81.84,12.25
VIL_0672,2024-07-10 12:00:00,26.85,0.47,82.09,13.17
VIL_0673,2024-07-10 12:00:00,26.87,0.48,82.03,12.95
VIL_0674,2024-07-10 12:00:00,26.88,0.49,81.99,12.83
VIL_0675,2024-07-10 12:00:00,26.88,0.49,81.97,12.74
VIL_0676,2024-07-10 12:00:00,26.86,0.48,82.03,12.93
VIL_0677,2024-07-10 12:00:00,26.86,0.48,82.0,12.83
VIL_0678,2024-07-10 12:00:00,26.88,0.49,81.92,12.54
VIL_0679,2024-07-10 12:00:00,26.8,0.35,82.58,13.98
VIL_0680,2024-07-10 12:00:00,26.8,0.35,82.64,13.97
VIL_0681,2024-07-10 12:00:00,26.8,0.35,82.58,13.78
VIL_0682,2024-07-10 12:00:00,26.78,0.35,82.77,13.91
VIL_0683,2024-07-10 12:00:00,26.77,0.36,82.84,14.02
VIL_0684,2024-07-10 12:00:00,26.74,0.36,83.04,14.07
VIL_0685,2024-07-10 12:00:00,26.7,0.37,83.35,14.18
VIL_0686,2024-07-10 12:00:00,26.74,0.36,83.03,13.99
VIL_0687,2024-07-10 12:00:00,26.74,0.51,83.14,12.75
VIL_0688,2024-07-10 12:00:00,26.75,0.42,83.23,13.76
VIL_0689,2024-07-10 12:00:00,26.74,0.42,83.27,13.78
VIL_0690,2024-07-10 12:00:00,26.73,0.43,83.43,13.87
VIL_0691,2024-07-10 12:00:00,26.58,0.51,84.58,13.96
VIL_0692,2024-07-10 12:00:00,26.61,0.51,84.37,13.71
VIL_0693,2024-07-10 12:00:00,26.56,0.51,84.79,14.21
VIL_0694,2024-07-10 12:00:00,26.54,0.51,84.98,14.42
VIL_0695,2024-07-10 12:00:00,26.44,0.5,85.65,15.16
VIL_0696,2024-07-10 12:00:00,26.42,0.5,85.81,15.32
VIL_0697,2024-07-10 12:00:00,26.41,0.5,85.95,15.45
VIL_0698,2024-07-10 12:00:00,26.4,0.5,85.96,15.48
VIL_0699,2024-07-10 12:00:00,26.44,0.51,85.62,15.26
VIL_0700,2024-07-10 12:00:00,26.53,0.51,85.05,14.53
VIL_0701,2024-07-10 12:00:00,26.52,0.49,84.9,14.47
VIL_0702,2024-07-10 12:00:00,26.64,0.53,84.22,13.7
VIL_0703,2024-07-10 12:00:00,26.7,0.54,83.85,13.32
VIL_0704,2024-07-10 12:00:00,26.45,0.5,85.58,15.11
VIL_0705,2024-07-10 12:00:00,26.49,0.54,85.37,14.56
VIL_0706,2024-07-10 12:00:00,26.59,0.57,84.71,13.79
VIL_0707,2024-07-10 12:00:00,26.62,0.59,84.5,13.28
VIL_0708,2024-07-10 12:00:00,26.66,0.59,84.14,13.29
VIL_0709,2024-07-10 12:00:00,26.5,0.51,85.2,14.98
VIL_0710,2024-07-10 12:00:00,26.64,0.54,84.04,14.25
VIL_0711,2024-07-10 12:00:00,26.76,0.55,83.16,13.73
VIL_0712,2024-07-10 12:00:00,26.73,0.55,83.33,13.92
VIL_0713,2024-07-10 12:00:00,26.63,0.53,84.11,14.35
VIL_0714,2024-07-10 12:00:00,26.57,0.52,84.61,14.66
VIL_0715,2024-07-10 12:00:00,26.62,0.53,84.15,14.41
VIL_0716,2024-07-10 12:00:00,26.64,0.53,83.96,14.3
VIL_0717,2024-07-10 12:00:00,26.73,0.55,83.3,13.94
VIL_0718,2024-07-10 12:00:00,26.82,0.56,82.62,13.6
VIL_0719,2024-07-10 12:00:00,26.7,0.54,83.52,14.08
VIL_0720,2024-07-10 12:00:00,26.92,0.49,81.84,14.15
VIL_0721,2024-07-10 12:00:00,26.76,0.55,83.02,13.84
VIL_0722,2024-07-10 12:00:00,26.8,0.55,82.62,13.69
VIL_0723,2024-07-10 12:00:00,26.99,0.49,81.22,14.0
VIL_0724,2024-07-10 12:00:00,26.83,0.56,82.48,13.58
VIL_0725,2024-07-10 12:00:00,26.85,0.56,82.15,13.5
VIL_0726,2024-07-10 12:00:00,27.06,0.49,80.68,13.86
VIL_0727,2024-07-10 12:00:00,27.05,0.47,80.66,13.92
VIL_0728,2024-07-10 12:00:00,27.09,0.47,80.31,13.83
VIL_0729,2024-07-10 12:00:00,26.94,0.58,81.88,13.21
VIL_0730,2024-07-10 12:00:00,27.03,0.59,81.34,13.03
VIL_0731,2024-07-10 12:00:00,27.06,0.6,81.22,12.97
VIL_0732,2024-07-10 12:00:00,27.06,0.6,81.17,12.99
VIL_0733,2024-07-10 12:00:00,27.1,0.6,81.01,13.0
VIL_0734,2024-07-10 12:00:00,27.05,0.59,81.16,12.93
VIL_0735,2024-07-10 12:00:00,27.08,0.6,81.09,12.98
VIL_0736,2024-07-10 12:00:00,27.08,0.6,81.1,12.99
VIL_0737,2024-07-10 12:00:00,27.05,0.59,81.17,13.0
VIL_0738,2024-07-10 12:00:00,27.06,0.57,80.79,12.92
VIL_0739,2024-07-10 12:00:00,26.92,0.57,81.91,13.27
VIL_0740,2024-07-10 12:00:00,26.91,0.57,81.81,13.31
VIL_0741,2024-07-10 12:00:00,26.96,0.57,81.57,13.18
VIL_0742,2024-07-10 12:00:00,27.0,0.58,81.18,13.08
VIL_0743,2024-07-10 12:00:00,26.97,0.57,81.3,13.2
VIL_0744,2024-07-10 12:00:00,27.12,0.49,80.09,13.73
VIL_0745,2024-07-10 12:00:00,27.13,0.47,79.65,13.19
VIL_0746,2024-07-10 12:00:00,27.14,0.48,79.54,13.23
VIL_0747,2024-07-10 12:00:00,27.16,0.49,78.97,13.44
VIL_0748,2024-07-10 12:00:00,27.11,0.51,79.75,13.18
VIL_0749,2024-07-10 12:00:00,27.1,0.51,80.07,13.08
VIL_0750,2024-07-10 12:00:00,26.93,0.52,81.77,11.96
VIL_0751,2024-07-10 12:00:00,26.93,0.53,81.73,11.73
VIL_0752,2024-07-10 12:00:00,26.92,0.58,81.88,10.7
VIL_0753,2024-07-10 12:00:00,26.9,0.5,81.82,12.19
VIL_0754,2024-07-10 12:00:00,26.89,0.49,81.8,12.14
VIL_0755,2024-07-10 12:00:00,26.89,0.49,81.81,12.18
VIL_0756,2024-07-10 12:00:00,26.9,0.5,81.75,11.97
VIL_0757,2024-07-10 12:00:00,26.91,0.57,81.93,10.66
VIL_0758,2024-07-10 12:00:00,26.88,0.53,81.95,10.72
VIL_0759,2024-07-10 12:00:00,26.89,0.56,82.02,10.59
VIL_0760,2024-07-10 12:00:00,26.81,0.51,82.56,12.19
VIL_0761,2024-07-10 12:00:00,26.82,0.51,82.42,12.08
VIL_0762,2024-07-10 12:00:00,26.78,0.48,82.63,12.37
VIL_0763,2024-07-10 12:00:00,26.87,0.68,82.03,10.43
VIL_0764,2024-07-10 12:00:00,26.86,0.56,81.87,10.8
VIL_0765,2024-07-10 12:00:00,26.82,0.55,81.88,10.84
VIL_0766,2024-07-10 12:00:00,26.8,0.52,81.86,10.94
VIL_0767,2024-07-10 12:00:00,26.81,0.52,82.0,10.77
VIL_0768,2024-07-10 12:00:00,26.81,0.58,82.22,10.42
VIL_0769,2024-07-10 12:00:00,26.81,0.35,81.75,11.27
VIL_0770,2024-07-10 12:00:00,26.8,0.23,81.33,11.93
VIL_0771,2024-07-10 12:00:00,26.8,0.1,81.0,12.5
VIL_0772,2024-07-10 12:00:00,26.81,0.21,81.26,12.04
VIL_0773,2024-07-10 12:00:00,26.84,0.44,81.71,11.16
VIL_0774,2024-07-10 12:00:00,26.86,0.48,81.81,10.97
VIL_0775,2024-07-10 12:00:00,26.84,0.43,81.82,11.06
VIL_0776,2024-07-10 12:00:00,26.83,0.35,81.59,11.45
VIL_0777,2024-07-10 12:00:00,26.82,0.29,81.53,11.61
VIL_0778,2024-07-10 12:00:00,26.8,0.14,81.1,12.33
VIL_0779,2024-07-10 12:00:00,26.78,0.2,81.44,11.93
VIL_0780,2024-07-10 12:00:00,26.79,0.2,81.4,11.96
VIL_0781,2024-07-10 12:00:00,26.75,0.58,83.14,9.61
VIL_0782,2024-07-10 12:00:00,26.74,0.69,83.63,8.99
VIL_0783,2024-07-10 12:00:00,26.72,0.76,84.03,8.55
VIL_0784,2024-07-10 12:00:00,26.75,0.51,82.69,10.23
VIL_0785,2024-07-10 12:00:00,26.72,0.67,83.36,9.39
VIL_0786,2024-07-10 12:00:00,26.72,0.65,83.15,9.63
VIL_0787,2024-07-10 12:00:00,26.69,0.54,83.26,11.47
VIL_0788,2024-07-10 12:00:00,26.87,0.53,82.07,10.6
VIL_0789,2024-07-10 12:00:00,26.85,0.48,82.02,10.74
VIL_0790,2024-07-10 12:00:00,26.83,0.43,81.94,10.92
VIL_0791,2024-07-10 12:00:00,26.73,0.44,82.56,10.62
VIL_0792,2024-07-10 12:00:00,26.75,0.4,82.37,10.76
VIL_0793,2024-07-10 12:00:00,26.75,0.57,83.31,9.64
VIL_0794,2024-07-10 12:00:00,26.75,0.51,83.01,10.18
VIL_0795,2024-07-10 12:00:00,26.75,0.46,82.76,10.63
VIL_0796,2024-07-10 12:00:00,26.74,0.56,83.3,10.01
VIL_0797,2024-07-10 12:00:00,26.74,0.57,83.31,10.13
VIL_0798,2024-07-10 12:00:00,26.74,0.55,83.19,10.32
VIL_0799,2024-07-10 12:00:00,26.78,0.53,83.1,11.93
VIL_0800,2024-07-10 12:00:00,26.79,0.45,82.7,11.57
VIL_0801,2024-07-10 12:00:00,26.74,0.47,83.12,12.27
VIL_0802,2024-07-10 12:00:00,26.71,0.49,83.47,12.66
VIL_0803,2024-07-10 12:00:00,26.78,0.55,83.26,12.47
VIL_0804,2024-07-10 12:00:00,26.69,0.64,84.02,12.01
VIL_0805,2024-07-10 12:00:00,26.72,0.63,83.83,12.17
VIL_0806,2024-07-10 12:00:00,26.77,0.62,83.41,12.3
VIL_0807,2024-07-10 12:00:00,26.74,0.65,83.68,11.69
VIL_0808,2024-07-10 12:00:00,26.76,0.61,83.28,10.6
VIL_0809,2024-07-10 12:00:00,26.74,0.6,83.35,10.34
VIL_0810,2024-07-10 12:00:00,26.72,0.63,83.62,10.1
VIL_0811,2024-07-10 12:00:00,26.68,0.69,84.13,9.38
VIL_0812,2024-07-10 12:00:00,26.7,0.76,84.41,8.57
VIL_0813,2024-07-10 12:00:00,26.63,0.76,84.78,8.62
VIL_0814,2024-07-10 12:00:00,26.51,0.75,85.4,8.56
VIL_0815,2024-07-10 12:00:00,26.55,0.76,85.26,8.49
VIL_0816,2024-07-10 12:00:00,26.58,0.71,84.87,8.92
VIL_0817,2024-07-10 12:00:00,26.62,0.78,84.99,8.32
VIL_0818,2024-07-10 12:00:00,26.79,0.98,84.96,6.79
VIL_0819,2024-07-10 12:00:00,26.77,0.92,84.83,7.18
VIL_0820,2024-07-10 12:00:00,26.7,0.82,84.46,8.08
VIL_0821,2024-07-10 12:00:00,26.78,0.96,84.92,6.9
VIL_0822,2024-07-10 12:00:00,26.76,0.75,84.0,8.37
VIL_0823,2024-07-10 12:00:00,26.74,0.8,84.4,8.19
VIL_0824,2024-07-10 12:00:00,26.74,0.49,83.28,12.38
VIL_0825,2024-07-10 12:00:00,27.12,0.42,80.06,13.9
VIL_0826,2024-07-10 12:00:00,27.13,0.43,79.95,13.87
VIL_0827,2024-07-10 12:00:00,27.12,0.45,80.0,13.85
VIL_0828,2024-07-10 12:00:00,27.09,0.45,80.34,13.91
VIL_0829,2024-07-10 12:00:00,27.16,0.4,79.73,13.86
VIL_0830,2024-07-10 12:00:00,27.26,0.39,78.57,13.62
VIL_0831,2024-07-10 12:00:00,27.18,0.43,79.41,13.83
VIL_0832,2024-07-10 12:00:00,27.26,0.37,78.61,13.59
VIL_0833,2024-07-10 12:00:00,27.27,0.34,78.53,13.6
VIL_0834,2024-07-10 12:00:00,27.26,0.35,78.6,13.58
VIL_0835,2024-07-10 12:00:00,27.27,0.33,78.58,13.57
VIL_0836,2024-07-10 12:00:00,27.26,0.34,78.61,13.56
VIL_0837,2024-07-10 12:00:00,27.26,0.42,78.26,13.74
VIL_0838,2024-07-10 12:00:00,27.27,0.39,78.35,13.69
VIL_0839,2024-07-10 12:00:00,27.29,0.34,78.33,13.67
VIL_0840,2024-07-10 12:00:00,27.27,0.36,78.49,13.63
VIL_0841,2024-07-10 12:00:00,27.29,0.32,78.45,13.62
VIL_0842,2024-07-10 12:00:00,27.3,0.28,78.51,13.59
VIL_0843,2024-07-10 12:00:00,27.29,0.31,78.53,13.59
VIL_0844,2024-07-10 12:00:00,27.31,0.27,78.56,13.56
VIL_0845,2024-07-10 12:00:00,27.33,0.23,78.64,13.53
VIL_0846,2024-07-10 12:00:00,27.28,0.31,78.58,13.56
VIL_0847,2024-07-10 12:00:00,27.29,0.29,78.58,13.55
VIL_0848,2024-07-10 12:00:00,27.3,0.27,78.59,13.54
VIL_0849,2024-07-10 12:00:00,27.32,0.22,78.67,13.51
VIL_0850,2024-07-10 12:00:00,27.3,0.26,78.62,13.52
VIL_0851,2024-07-10 12:00:00,27.29,0.26,78.61,13.52
VIL_0852,2024-07-10 12:00:00,27.31,0.23,78.67,13.5
VIL_0853,2024-07-10 12:00:00,27.33,0.21,78.51,13.36
VIL_0854,2024-07-10 12:00:00,27.33,0.22,78.43,13.34
VIL_0855,2024-07-10 12:00:00,27.33,0.22,78.44,13.25
VIL_0856,2024-07-10 12:00:00,27.33,0.21,78.46,13.21
VIL_0857,2024-07-10 12:00:00,27.33,0.21,78.48,13.27
VIL_0858,2024-07-10 12:00:00,27.33,0.21,78.51,13.33
VIL_0859,2024-07-10 12:00:00,27.32,0.21,78.49,13.25
VIL_0860,2024-07-10 12:00:00,27.34,0.24,78.47,13.59
VIL_0861,2024-07-10 12:00:00,27.37,0.15,78.84,13.45
VIL_0862,2024-07-10 12:00:00,27.38,0.14,78.86,13.45
VIL_0863,2024-07-10 12:00:00,27.33,0.24,78.55,13.57
VIL_0864,2024-07-10 12:00:00,27.36,0.17,78.79,13.47
VIL_0865,2024-07-10 12:00:00,27.4,0.1,78.99,13.4
VIL_0866,2024-07-10 12:00:00,27.31,0.2,78.68,13.45
VIL_0867,2024-07-10 12:00:00,27.27,0.22,78.6,13.45
VIL_0868,2024-07-10 12:00:00,27.33,0.18,78.7,13.41
VIL_0869,2024-07-10 12:00:00,27.35,0.18,78.78,13.46
VIL_0870,2024-07-10 12:00:00,27.35,0.16,78.75,13.41
VIL_0871,2024-07-10 12:00:00,27.29,0.21,78.53,13.36
VIL_0872,2024-07-10 12:00:00,27.33,0.19,78.6,13.38
VIL_0873,2024-07-10 12:00:00,27.31,0.21,78.53,13.33
VIL_0874,2024-07-10 12:00:00,27.27,0.24,78.42,13.22
VIL_0875,2024-07-10 12:00:00,27.24,0.17,78.93,13.49
VIL_0876,2024-07-10 12:00:00,27.22,0.27,78.31,13.21
VIL_0877,2024-07-10 12:00:00,27.22,0.18,78.88,13.45
VIL_0878,2024-07-10 12:00:00,27.26,0.14,79.09,13.42
VIL_0879,2024-07-10 12:00:00,27.26,0.14,79.06,13.33
VIL_0880,2024-07-10 12:00:00,27.25,0.29,78.51,13.49
VIL_0881,2024-07-10 12:00:00,27.16,0.31,78.48,13.4
VIL_0882,2024-07-10 12:00:00,27.06,0.36,78.21,13.39
VIL_0883,2024-07-10 12:00:00,27.1,0.36,78.47,13.36
VIL_0884,2024-07-10 12:00:00,27.04,0.38,78.33,13.33
VIL_0885,2024-07-10 12:00:00,27.0,0.4,78.0,13.4
VIL_0886,2024-07-10 12:00:00,27.03,0.38,78.05,13.4
VIL_0887,2024-07-10 12:00:00,27.21,0.28,78.34,13.37
VIL_0888,2024-07-10 12:00:00,27.1,0.34,78.15,13.38
VIL_0889,2024-07-10 12:00:00,27.09,0.35,78.12,13.36
VIL_0890,2024-07-10 12:00:00,27.17,0.3,78.24,13.24
VIL_0891,2024-07-10 12:00:00,27.2,0.29,78.23,13.15
VIL_0892,2024-07-10 12:00:00,27.03,0.38,78.47,13.28
VIL_0893,2024-07-10 12:00:00,27.17,0.32,78.14,13.3
VIL_0894,2024-07-10 12:00:00,27.28,0.4,78.05,13.8
VIL_0895,2024-07-10 12:00:00,27.22,0.33,78.39,13.53
VIL_0896,2024-07-10 12:00:00,27.3,0.34,78.14,13.74
VIL_0897,2024-07-10 12:00:00,27.31,0.22,78.48,13.21
VIL_0898,2024-07-10 12:00:00,27.25,0.15,79.02,13.55
VIL_0899,2024-07-10 12:00:00,27.26,0.13,79.14,13.63
VIL_0900,2024-07-10 12:00:00,27.26,0.1,79.35,13.72
VIL_0901,2024-07-10 12:00:00,27.25,0.12,79.24,13.73
VIL_0902,2024-07-10 12:00:00,27.26,0.12,79.17,13.69
VIL_0903,2024-07-10 12:00:00,27.26,0.12,79.21,13.74
VIL_0904,2024-07-10 12:00:00,27.25,0.11,79.28,13.8
VIL_0905,2024-07-10 12:00:00,27.24,0.1,79.4,13.9
VIL_0906,2024-07-10 12:00:00,27.24,0.1,79.4,13.87
VIL_0907,2024-07-10 12:00:00,27.25,0.1,79.34,13.79
VIL_0908,2024-07-10 12:00:00,27.25,0.09,79.42,13.86
VIL_0909,2024-07-10 12:00:00,27.26,0.12,79.19,13.56
VIL_0910,2024-07-10 12:00:00,27.26,0.12,79.15,13.48
VIL_0911,2024-07-10 12:00:00,27.29,0.08,79.35,13.5
VIL_0912,2024-07-10 12:00:00,27.26,0.1,79.3,13.64
VIL_0913,2024-07-10 12:00:00,27.27,0.05,79.59,13.76
VIL_0914,2024-07-10 12:00:00,27.25,0.07,79.56,13.91
VIL_0915,2024-07-10 12:00:00,27.23,0.06,79.68,14.09
VIL_0916,2024-07-10 12:00:00,27.23,0.08,79.54,14.01
VIL_0917,2024-07-10 12:00:00,27.22,0.06,79.72,14.2
VIL_0918,2024-07-10 12:00:00,27.21,0.04,79.84,14.33
VIL_0919,2024-07-10 12:00:00,27.24,0.07,79.57,14.01
VIL_0920,2024-07-10 12:00:00,27.23,0.08,79.53,14.02
VIL_0921,2024-07-10 12:00:00,27.22,0.03,79.87,14.29
VIL_0922,2024-07-10 12:00:00,27.24,0.02,79.88,14.14
VIL_0923,2024-07-10 12:00:00,27.18,0.02,80.05,14.65
VIL_0924,2024-07-10 12:00:00,27.14,0.02,80.17,14.99
VIL_0925,2024-07-10 12:00:00,27.33,0.07,79.28,13.11
VIL_0926,2024-07-10 12:00:00,27.36,0.06,79.3,12.99
VIL_0927,2024-07-10 12:00:00,27.4,0.03,79.35,12.77
VIL_0928,2024-07-10 12:00:00,27.41,0.02,79.42,12.79
VIL_0929,2024-07-10 12:00:00,27.45,0.01,79.4,12.55
VIL_0930,2024-07-10 12:00:00,27.49,0.01,79.26,12.18
VIL_0931,2024-07-10 12:00:00,27.47,0.01,79.28,12.32
VIL_0932,2024-07-10 12:00:00,27.41,0.04,79.32,12.7
VIL_0933,2024-07-10 12:00:00,27.32,0.06,79.42,13.3
VIL_0934,2024-07-10 12:00:00,27.32,0.04,79.52,13.41
VIL_0935,2024-07-10 12:00:00,27.39,0.03,79.42,12.93
VIL_0936,2024-07-10 12:00:00,27.34,0.02,79.61,13.38
VIL_0937,2024-07-10 12:00:00,27.41,0.01,79.5,12.86
VIL_0938,2024-07-10 12:00:00,27.46,0.02,79.29,12.37
VIL_0939,2024-07-10 12:00:00,27.53,0.01,79.16,11.82
VIL_0940,2024-07-10 12:00:00,27.59,0.0,79.03,11.38
VIL_0941,2024-07-10 12:00:00,27.41,0.0,79.53,12.88
VIL_0942,2024-07-10 12:00:00,27.5,0.0,79.27,12.12
VIL_0943,2024-07-10 12:00:00,27.34,0.03,79.54,13.3
VIL_0944,2024-07-10 12:00:00,27.31,0.03,79.61,13.5
VIL_0945,2024-07-10 12:00:00,27.3,0.03,79.66,13.64
VIL_0946,2024-07-10 12:00:00,27.29,0.02,79.72,13.74
VIL_0947,2024-07-10 12:00:00,27.26,0.03,79.74,13.91
VIL_0948,2024-07-10 12:00:00,27.27,0.02,79.79,13.93
VIL_0949,2024-07-10 12:00:00,27.28,0.02,79.81,13.87
VIL_0950,2024-07-10 12:00:00,27.34,0.01,79.65,13.38
VIL_0951,2024-07-10 12:00:00,27.29,0.01,79.85,13.86
VIL_0952,2024-07-10 12:00:00,27.17,0.01,80.19,14.85
VIL_0953,2024-07-10 12:00:00,27.24,0.02,79.93,14.24
VIL_0954,2024-07-10 12:00:00,27.21,0.01,80.06,14.52
VIL_0955,2024-07-10 12:00:00,27.16,0.01,80.18,14.9
VIL_0956,2024-07-10 12:00:00,27.11,0.01,80.32,15.28
VIL_0957,2024-07-10 12:00:00,27.13,0.02,80.24,15.11
VIL_0958,2024-07-10 12:00:00,27.16,0.02,80.12,14.83
VIL_0959,2024-07-10 12:00:00,27.18,0.02,80.09,14.7
VIL_0960,2024-07-10 12:00:00,27.21,0.02,79.97,14.43
VIL_0961,2024-07-10 12:00:00,27.19,0.02,80.04,14.62
VIL_0962,2024-07-10 12:00:00,27.18,0.02,80.05,14.68
VIL_0963,2024-07-10 12:00:00,27.19,0.03,80.0,14.55
VIL_0964,2024-07-10 12:00:00,27.19,0.03,79.98,14.54
VIL_0965,2024-07-10 12:00:00,27.18,0.03,80.03,14.66
VIL_0966,2024-07-10 12:00:00,27.2,0.03,79.94,14.47
VIL_0967,2024-07-10 12:00:00,27.21,0.03,79.9,14.38
VIL_0968,2024-07-10 12:00:00,27.22,0.03,79.86,14.25
VIL_0969,2024-07-10 12:00:00,27.21,0.03,79.93,14.39
VIL_0970,2024-07-10 12:00:00,27.23,0.03,79.88,14.25
VIL_0971,2024-07-10 12:00:00,27.25,0.03,79.81,14.08
VIL_0972,2024-07-10 12:00:00,27.24,0.03,79.87,14.19
VIL_0973,2024-07-10 12:00:00,26.85,0.57,82.52,13.44
VIL_0974,2024-07-10 12:00:00,26.91,0.58,82.1,13.25
VIL_0975,2024-07-10 12:00:00,26.91,0.58,82.09,13.15
VIL_0976,2024-07-10 12:00:00,26.82,0.61,83.01,12.56
VIL_0977,2024-07-10 12:00:00,26.91,0.61,82.35,12.49
VIL_0978,2024-07-10 12:00:00,27.02,0.59,81.4,12.94
VIL_0979,2024-07-10 12:00:00,27.01,0.61,81.49,12.52
VIL_0980,2024-07-10 12:00:00,26.84,0.63,82.81,11.95
VIL_0981,2024-07-10 12:00:00,26.74,0.66,83.66,11.31
VIL_0982,2024-07-10 12:00:00,26.8,0.65,82.9,11.22
VIL_0983,2024-07-10 12:00:00,26.63,0.67,84.32,9.72
VIL_0984,2024-07-10 12:00:00,26.67,0.65,83.91,10.32
VIL_0985,2024-07-10 12:00:00,26.77,0.64,83.07,11.21
VIL_0986,2024-07-10 12:00:00,26.51,0.66,84.75,10.05
VIL_0987,2024-07-10 12:00:00,26.48,0.68,85.21,9.36
VIL_0988,2024-07-10 12:00:00,26.29,0.64,86.01,9.51
VIL_0989,2024-07-10 12:00:00,26.91,0.61,82.06,12.08
VIL_0990,2024-07-10 12:00:00,26.69,0.62,83.39,11.18
VIL_0991,2024-07-10 12:00:00,26.3,0.62,85.82,9.84
VIL_0992,2024-07-10 12:00:00,26.28,0.61,85.87,9.85
VIL_0993,2024-07-10 12:00:00,26.18,0.61,86.48,9.58
VIL_0994,2024-07-10 12:00:00,26.14,0.61,86.79,9.44
VIL_0995,2024-07-10 12:00:00,26.16,0.61,86.69,9.43
VIL_0996,2024-07-10 12:00:00,26.27,0.64,86.12,9.48
VIL_0997,2024-07-10 12:00:00,26.38,0.68,85.65,9.26
VIL_0998,2024-07-10 12:00:00,26.56,0.61,83.53,10.45
VIL_0999,2024-07-10 12:00:00,26.5,0.68,84.8,9.67
VIL_1000,2024-07-10 12:00:00,26.31,0.62,85.69,9.82
VIL_1001,2024-07-10 12:00:00,26.39,0.61,85.03,10.2
VIL_1002,2024-07-10 12:00:00,26.57,0.61,83.73,10.73
VIL_1003,2024-07-10 12:00:00,26.74,0.61,82.02,10.91
VIL_1004,2024-07-10 12:00:00,26.99,0.4,79.34,12.94
VIL_1005,2024-07-10 12:00:00,26.8,0.46,81.2,12.13
VIL_1006,2024-07-10 12:00:00,27.09,0.38,78.73,13.27
VIL_1007,2024-07-10 12:00:00,26.99,0.49,80.23,12.76
VIL_1008,2024-07-10 12:00:00,26.9,0.46,80.46,12.51
VIL_1009,2024-07-10 12:00:00,27.08,0.5,79.39,13.16
VIL_1010,2024-07-10 12:00:00,26.98,0.51,80.24,12.78
VIL_1011,2024-07-10 12:00:00,26.78,0.52,81.92,11.96
VIL_1012,2024-07-10 12:00:00,26.48,0.61,84.47,10.52
VIL_1013,2024-07-10 12:00:00,26.72,0.6,82.73,11.42
VIL_1014,2024-07-10 12:00:00,26.97,0.52,80.53,12.7
VIL_1015,2024-07-10 12:00:00,27.04,0.54,80.45,12.89
VIL_1016,2024-07-10 12:00:00,26.97,0.54,80.91,12.64
VIL_1017,2024-07-10 12:00:00,26.74,0.61,82.84,11.47
VIL_1018,2024-07-10 12:00:00,26.61,0.61,83.75,10.96
VIL_1019,2024-07-10 12:00:00,26.95,0.61,81.71,12.31
VIL_1020,2024-07-10 12:00:00,27.14,0.51,79.15,13.36
VIL_1021,2024-07-10 12:00:00,27.15,0.5,78.8,13.47
VIL_1022,2024-07-10 12:00:00,27.24,0.49,77.79,13.87
VIL_1023,2024-07-10 12:00:00,27.19,0.45,78.11,13.66
VIL_1024,2024-07-10 12:00:00,27.3,0.5,77.03,14.19
VIL_1025,2024-07-10 12:00:00,27.25,0.48,77.81,13.88
VIL_1026,2024-07-10 12:00:00,27.3,0.43,77.57,13.97
VIL_1027,2024-07-10 12:00:00,27.3,0.48,77.19,14.12
VIL_1028,2024-07-10 12:00:00,27.29,0.46,77.34,14.06
VIL_1029,2024-07-10 12:00:00,27.21,0.41,78.08,13.67
VIL_1030,2024-07-10 12:00:00,19.21,0.44,90.41,11.1
VIL_1031,2024-07-10 12:00:00,25.68,1.83,91.03,11.97
VIL_0001,2024-07-10 18:00:00,24.59,0.1,96.29,3.03
VIL_0002,2024-07-10 18:00:00,24.6,0.1,96.27,3.0
VIL_0003,2024-07-10 18:00:00,24.62,0.1,96.2,2.92
VIL_0004,2024-07-10 18:00:00,24.62,0.1,96.22,2.93
VIL_0005,2024-07-10 18:00:00,24.63,0.1,96.17,2.86
VIL_0006,2024-07-10 18:00:00,24.65,0.1,96.12,2.79
VIL_0007,2024-07-10 18:00:00,24.67,0.1,96.07,2.69
VIL_0008,2024-07-10 18:00:00,24.6,0.1,96.24,3.02
VIL_0009,2024-07-10 18:00:00,24.69,0.1,96.01,2.55
VIL_0010,2024-07-10 18:00:00,24.7,0.1,96.01,2.54
VIL_0011,2024-07-10 18:00:00,24.65,0.1,96.11,2.81
VIL_0012,2024-07-10 18:00:00,24.62,0.1,96.2,3.03
VIL_0013,2024-07-10 18:00:00,24.58,0.1,96.32,3.19
VIL_0014,2024-07-10 18:00:00,24.67,0.1,96.08,2.78
VIL_0015,2024-07-10 18:00:00,24.59,0.1,96.29,3.24
VIL_0016,2024-07-10 18:00:00,24.7,0.1,96.0,2.5
VIL_0017,2024-07-10 18:00:00,24.69,0.1,96.04,2.69
VIL_0018,2024-07-10 18:00:00,24.63,0.1,96.17,3.14
VIL_0019,2024-07-10 18:00:00,24.62,0.1,96.2,3.55
VIL_0020,2024-07-10 18:00:00,24.51,0.1,96.47,3.45
VIL_0021,2024-07-10 18:00:00,24.51,0.1,96.48,3.61
VIL_0022,2024-07-10 18:00:00,24.51,0.1,96.46,3.8
VIL_0023,2024-07-10 18:00:00,24.36,0.1,96.86,3.71
VIL_0024,2024-07-10 18:00:00,24.58,0.1,96.28,4.07
VIL_0025,2024-07-10 18:00:00,24.38,0.1,96.78,3.87
VIL_0026,2024-07-10 18:00:00,24.5,0.09,96.46,4.11
VIL_0027,2024-07-10 18:00:00,24.13,0.09,97.34,3.88
VIL_0028,2024-07-10 18:00:00,24.29,0.09,96.97,3.92
VIL_0029,2024-07-10 18:00:00,24.67,0.1,96.07,3.01
VIL_0030,2024-07-10 18:00:00,24.66,0.1,96.1,3.65
VIL_0031,2024-07-10 18:00:00,24.69,0.1,96.03,4.4
VIL_0032,2024-07-10 18:00:00,24.64,0.1,96.13,4.03
VIL_0033,2024-07-10 18:00:00,24.69,0.1,96.01,4.48
VIL_0034,2024-07-10 18:00:00,24.67,0.1,96.08,4.39
VIL_0035,2024-07-10 18:00:00,24.64,0.1,96.13,4.38
VIL_0036,2024-07-10 18:00:00,24.41,0.09,96.64,4.14
VIL_0037,2024-07-10 18:00:00,24.54,0.09,96.35,4.26
VIL_0038,2024-07-10 18:00:00,24.41,0.09,96.63,4.17
VIL_0039,2024-07-10 18:00:00,24.28,0.08,96.89,4.09
VIL_0040,2024-07-10 18:00:00,24.39,0.09,96.67,4.15
VIL_0041,2024-07-10 18:00:00,24.19,0.07,97.07,4.07
VIL_0042,2024-07-10 18:00:00,23.85,0.05,97.71,4.0
VIL_0043,2024-07-10 18:00:00,23.96,0.05,97.49,4.03
VIL_0044,2024-07-10 18:00:00,24.24,0.08,96.96,4.09
VIL_0045,2024-07-10 18:00:00,24.08,0.06,97.27,4.04
VIL_0046,2024-07-10 18:00:00,23.99,0.06,97.51,3.98
VIL_0047,2024-07-10 18:00:00,24.01,0.09,97.62,3.86
VIL_0048,2024-07-10 18:00:00,23.88,0.05,97.67,4.0
VIL_0049,2024-07-10 18:00:00,23.7,0.02,97.91,4.05
VIL_0050,2024-07-10 18:00:00,23.74,0.03,97.85,4.04
VIL_0051,2024-07-10 18:00:00,23.84,0.04,97.7,4.03
VIL_0052,2024-07-10 18:00:00,23.74,0.03,97.92,4.08
VIL_0053,2024-07-10 18:00:00,23.64,0.01,97.99,4.09
VIL_0054,2024-07-10 18:00:00,23.88,0.11,98.13,3.75
VIL_0055,2024-07-10 18:00:00,23.85,0.08,98.0,3.85
VIL_0056,2024-07-10 18:00:00,23.69,0.03,98.06,4.03
VIL_0057,2024-07-10 18:00:00,23.6,0.0,98.0,4.1
VIL_0058,2024-07-10 18:00:00,23.62,0.0,98.0,4.09
VIL_0059,2024-07-10 18:00:00,23.62,0.0,98.0,4.09
VIL_0060,2024-07-10 18:00:00,23.66,0.02,98.0,4.08
VIL_0061,2024-07-10 18:00:00,23.7,0.03,98.01,4.06
VIL_0062,2024-07-10 18:00:00,23.62,0.01,98.03,4.08
VIL_0063,2024-07-10 18:00:00,23.68,0.06,98.26,3.95
VIL_0064,2024-07-10 18:00:00,23.76,0.11,98.5,3.8
VIL_0065,2024-07-10 18:00:00,23.76,0.17,98.99,3.57
VIL_0066,2024-07-10 18:00:00,23.54,0.21,99.47,3.51
VIL_0067,2024-07-10 18:00:00,23.73,0.15,98.86,3.64
VIL_0068,2024-07-10 18:00:00,23.58,0.19,99.3,3.56
VIL_0069,2024-07-10 18:00:00,23.72,0.12,98.69,3.73
VIL_0070,2024-07-10 18:00:00,23.72,0.09,98.5,3.83
VIL_0071,2024-07-10 18:00:00,23.68,0.05,98.26,3.95
VIL_0072,2024-07-10 18:00:00,23.68,0.04,98.18,3.99
VIL_0073,2024-07-10 18:00:00,23.63,0.01,98.03,4.07
VIL_0074,2024-07-10 18:00:00,23.64,0.01,98.02,4.08
VIL_0075,2024-07-10 18:00:00,23.66,0.02,98.05,4.06
VIL_0076,2024-07-10 18:00:00,23.73,0.04,98.09,4.01
VIL_0077,2024-07-10 18:00:00,23.71,0.04,98.11,4.01
VIL_0078,2024-07-10 18:00:00,23.67,0.02,98.07,4.04
VIL_0079,2024-07-10 18:00:00,23.72,0.04,98.14,3.99
VIL_0080,2024-07-10 18:00:00,23.7,0.04,98.18,3.98
VIL_0081,2024-07-10 18:00:00,23.76,0.09,98.47,3.84
VIL_0082,2024-07-10 18:00:00,23.56,0.12,98.88,3.83
VIL_0083,2024-07-10 18:00:00,23.58,0.1,98.76,3.91
VIL_0084,2024-07-10 18:00:00,23.57,0.09,98.68,3.93
VIL_0085,2024-07-10 18:00:00,23.59,0.09,98.65,3.96
VIL_0086,2024-07-10 18:00:00,23.61,0.08,98.59,4.0
VIL_0087,2024-07-10 18:00:00,23.81,0.07,98.29,3.92
VIL_0088,2024-07-10 18:00:00,23.6,0.26,99.79,3.3
VIL_0089,2024-07-10 18:00:00,23.65,0.27,99.84,3.23
VIL_0090,2024-07-10 18:00:00,23.66,0.29,99.93,3.17
VIL_0091,2024-07-10 18:00:00,23.68,0.29,99.96,3.14
VIL_0092,2024-07-10 18:00:00,23.65,0.28,99.88,3.22
VIL_0093,2024-07-10 18:00:00,23.62,0.28,99.88,3.24
VIL_0094,2024-07-10 18:00:00,23.39,0.23,99.65,3.58
VIL_0095,2024-07-10 18:00:00,23.0,0.2,99.45,3.99
VIL_0096,2024-07-10 18:00:00,23.48,0.25,99.73,3.44
VIL_0097,2024-07-10 18:00:00,23.31,0.23,99.65,3.64
VIL_0098,2024-07-10 18:00:00,21.09,0.05,98.91,5.92
VIL_0099,2024-07-10 18:00:00,22.44,0.14,99.2,4.59
VIL_0100,2024-07-10 18:00:00,23.56,0.15,99.02,3.72
VIL_0101,2024-07-10 18:00:00,23.56,0.17,99.17,3.66
VIL_0102,2024-07-10 18:00:00,23.58,0.22,99.49,3.48
VIL_0103,2024-07-10 18:00:00,23.56,0.23,99.6,3.45
VIL_0104,2024-07-10 18:00:00,23.23,0.17,99.29,3.94
VIL_0105,2024-07-10 18:00:00,23.62,0.08,98.63,4.09
VIL_0106,2024-07-10 18:00:00,23.62,0.09,98.71,4.02
VIL_0107,2024-07-10 18:00:00,23.55,0.13,98.97,3.88
VIL_0108,2024-07-10 18:00:00,23.51,0.19,99.34,3.67
VIL_0109,2024-07-10 18:00:00,23.56,0.14,99.04,3.81
VIL_0110,2024-07-10 18:00:00,23.55,0.17,99.18,3.71
VIL_0111,2024-07-10 18:00:00,23.56,0.13,98.94,3.83
VIL_0112,2024-07-10 18:00:00,23.61,0.1,98.74,3.94
VIL_0113,2024-07-10 18:00:00,23.59,0.12,98.85,3.9
VIL_0114,2024-07-10 18:00:00,23.64,0.1,98.72,3.98
VIL_0115,2024-07-10 18:00:00,23.68,0.08,98.62,4.0
VIL_0116,2024-07-10 18:00:00,23.67,0.08,98.61,4.0
VIL_0117,2024-07-10 18:00:00,23.66,0.08,98.58,4.01
VIL_0118,2024-07-10 18:00:00,23.76,0.06,98.47,4.05
VIL_0119,2024-07-10 18:00:00,23.76,0.07,98.51,4.05
VIL_0120,2024-07-10 18:00:00,23.87,0.04,98.35,4.09
VIL_0121,2024-07-10 18:00:00,23.84,0.05,98.38,4.09
VIL_0122,2024-07-10 18:00:00,23.89,0.04,98.31,4.09
VIL_0123,2024-07-10 18:00:00,21.39,0.04,98.68,5.72
VIL_0124,2024-07-10 18:00:00,20.8,0.03,98.85,6.19
VIL_0125,2024-07-10 18:00:00,20.64,0.01,98.87,6.34
VIL_0126,2024-07-10 18:00:00,20.51,0.0,98.99,6.4
VIL_0127,2024-07-10 18:00:00,20.53,0.0,98.95,6.39
VIL_0128,2024-07-10 18:00:00,20.67,0.04,98.49,6.33
VIL_0129,2024-07-10 18:00:00,20.65,0.03,98.41,6.42
VIL_0130,2024-07-10 18:00:00,20.92,0.09,97.89,6.15
VIL_0131,2024-07-10 18:00:00,21.07,0.12,97.49,6.03
VIL_0132,2024-07-10 18:00:00,21.1,0.09,97.2,6.08
VIL_0133,2024-07-10 18:00:00,20.86,0.04,97.72,6.32
VIL_0134,2024-07-10 18:00:00,20.99,0.03,97.16,6.29
VIL_0135,2024-07-10 18:00:00,20.82,0.03,97.61,6.51
VIL_0136,2024-07-10 18:00:00,20.57,0.03,97.87,7.07
VIL_0137,2024-07-10 18:00:00,20.63,0.04,98.16,6.69
VIL_0138,2024-07-10 18:00:00,20.66,0.01,98.36,6.69
VIL_0139,2024-07-10 18:00:00,20.32,0.0,98.01,7.81
VIL_0140,2024-07-10 18:00:00,20.6,0.0,97.79,7.21
VIL_0141,2024-07-10 18:00:00,20.57,0.0,97.85,7.38
VIL_0142,2024-07-10 18:00:00,20.32,0.0,97.99,7.83
VIL_0143,2024-07-10 18:00:00,20.45,0.0,98.04,7.67
VIL_0144,2024-07-10 18:00:00,21.11,0.08,97.12,6.1
VIL_0145,2024-07-10 18:00:00,21.0,0.0,97.0,6.3
VIL_0146,2024-07-10 18:00:00,21.31,0.09,97.38,6.26
VIL_0147,2024-07-10 18:00:00,20.9,0.02,97.25,6.48
VIL_0148,2024-07-10 18:00:00,20.96,0.01,97.8,6.91
VIL_0149,2024-07-10 18:00:00,23.49,0.78,96.71,2.99
VIL_0150,2024-07-10 18:00:00,24.03,0.02,98.16,4.11
VIL_0151,2024-07-10 18:00:00,24.13,0.02,98.03,4.08
VIL_0152,2024-07-10 18:00:00,24.18,0.02,98.02,4.05
VIL_0153,2024-07-10 18:00:00,24.19,0.0,98.0,4.1
VIL_0154,2024-07-10 18:00:00,23.99,0.02,98.19,4.12
VIL_0155,2024-07-10 18:00:00,23.87,0.04,98.31,4.13
VIL_0156,2024-07-10 18:00:00,23.8,0.1,98.2,4.05
VIL_0157,2024-07-10 18:00:00,23.61,0.07,98.58,4.13
VIL_0158,2024-07-10 18:00:00,23.26,0.08,98.56,4.38
VIL_0159,2024-07-10 18:00:00,22.95,0.08,98.65,4.53
VIL_0160,2024-07-10 18:00:00,22.96,0.07,98.55,4.59
VIL_0161,2024-07-10 18:00:00,22.09,0.05,98.45,5.25
VIL_0162,2024-07-10 18:00:00,22.52,0.18,97.72,4.78
VIL_0163,2024-07-10 18:00:00,22.98,0.05,98.38,4.68
VIL_0164,2024-07-10 18:00:00,23.56,0.16,98.16,4.07
VIL_0165,2024-07-10 18:00:00,23.34,0.04,98.32,4.48
VIL_0166,2024-07-10 18:00:00,23.95,0.07,98.1,4.06
VIL_0167,2024-07-10 18:00:00,23.73,0.14,98.07,4.03
VIL_0168,2024-07-10 18:00:00,24.01,0.06,98.05,4.06
VIL_0169,2024-07-10 18:00:00,24.05,0.05,98.02,4.06
VIL_0170,2024-07-10 18:00:00,24.09,0.04,98.0,4.06
VIL_0171,2024-07-10 18:00:00,24.15,0.02,98.01,4.09
VIL_0172,2024-07-10 18:00:00,24.2,0.0,98.0,4.1
VIL_0173,2024-07-10 18:00:00,24.09,0.05,97.94,4.04
VIL_0174,2024-07-10 18:00:00,23.81,0.12,97.78,4.09
VIL_0175,2024-07-10 18:00:00,23.65,0.19,97.65,4.03
VIL_0176,2024-07-10 18:00:00,23.74,0.13,97.76,4.11
VIL_0177,2024-07-10 18:00:00,23.52,0.24,97.55,4.01
VIL_0178,2024-07-10 18:00:00,23.59,0.14,97.75,4.19
VIL_0179,2024-07-10 18:00:00,23.53,0.2,97.63,4.1
VIL_0180,2024-07-10 18:00:00,23.35,0.29,97.45,4.0
VIL_0181,2024-07-10 18:00:00,23.18,0.3,97.43,4.09
VIL_0182,2024-07-10 18:00:00,23.13,0.24,97.55,4.26
VIL_0183,2024-07-10 18:00:00,22.96,0.21,97.63,4.44
VIL_0184,2024-07-10 18:00:00,22.88,0.26,97.5,4.36
VIL_0185,2024-07-10 18:00:00,22.32,0.26,97.48,4.74
VIL_0186,2024-07-10 18:00:00,22.32,0.39,97.12,4.45
VIL_0187,2024-07-10 18:00:00,22.85,0.41,97.19,4.05
VIL_0188,2024-07-10 18:00:00,23.01,0.71,96.64,3.28
VIL_0189,2024-07-10 18:00:00,23.0,0.54,96.96,3.66
VIL_0190,2024-07-10 18:00:00,23.17,0.42,97.2,3.82
VIL_0191,2024-07-10 18:00:00,23.17,0.67,96.73,3.25
VIL_0192,2024-07-10 18:00:00,23.19,0.55,96.96,3.51
VIL_0193,2024-07-10 18:00:00,23.24,0.67,96.74,3.21
VIL_0194,2024-07-10 18:00:00,23.26,0.59,96.9,3.39
VIL_0195,2024-07-10 18:00:00,23.28,0.49,97.07,3.58
VIL_0196,2024-07-10 18:00:00,23.41,0.33,97.38,3.86
VIL_0197,2024-07-10 18:00:00,23.49,0.79,96.62,2.9
VIL_0198,2024-07-10 18:00:00,23.47,0.85,96.49,2.76
VIL_0199,2024-07-10 18:00:00,23.5,0.91,96.37,2.57
VIL_0200,2024-07-10 18:00:00,23.51,0.91,96.39,2.58
VIL_0201,2024-07-10 18:00:00,23.51,0.86,96.49,2.71
VIL_0202,2024-07-10 18:00:00,23.55,0.99,96.24,2.35
VIL_0203,2024-07-10 18:00:00,23.56,1.03,96.15,2.23
VIL_0204,2024-07-10 18:00:00,23.56,1.03,96.17,2.25
VIL_0205,2024-07-10 18:00:00,23.51,1.06,96.3,2.43
VIL_0206,2024-07-10 18:00:00,23.47,1.07,96.44,2.63
VIL_0207,2024-07-10 18:00:00,23.51,1.05,96.37,2.51
VIL_0208,2024-07-10 18:00:00,23.54,1.06,96.22,2.31
VIL_0209,2024-07-10 18:00:00,23.46,0.98,96.29,2.49
VIL_0210,2024-07-10 18:00:00,23.45,0.94,96.79,3.04
VIL_0211,2024-07-10 18:00:00,23.48,0.94,96.93,3.16
VIL_0212,2024-07-10 18:00:00,23.5,0.82,96.66,2.9
VIL_0213,2024-07-10 18:00:00,23.43,1.12,96.7,2.95
VIL_0214,2024-07-10 18:00:00,23.41,1.14,96.74,3.0
VIL_0215,2024-07-10 18:00:00,23.73,1.15,96.89,2.83
VIL_0216,2024-07-10 18:00:00,23.41,0.88,96.41,2.73
VIL_0217,2024-07-10 18:00:00,22.86,0.71,96.72,3.51
VIL_0218,2024-07-10 18:00:00,22.44,0.52,96.92,4.42
VIL_0219,2024-07-10 18:00:00,22.55,0.53,97.01,4.37
VIL_0220,2024-07-10 18:00:00,22.93,0.58,97.23,4.16
VIL_0221,2024-07-10 18:00:00,23.08,0.52,97.59,4.36
VIL_0222,2024-07-10 18:00:00,23.54,1.06,96.1,2.19
VIL_0223,2024-07-10 18:00:00,23.59,1.09,96.02,2.04
VIL_0224,2024-07-10 18:00:00,23.58,1.07,96.06,2.1
VIL_0225,2024-07-10 18:00:00,23.55,1.03,96.15,2.24
VIL_0226,2024-07-10 18:00:00,23.48,0.98,96.24,2.42
VIL_0227,2024-07-10 18:00:00,21.96,0.15,98.06,6.18
VIL_0228,2024-07-10 18:00:00,23.61,0.15,99.4,5.72
VIL_0229,2024-07-10 18:00:00,23.96,0.22,99.62,5.55
VIL_0230,2024-07-10 18:00:00,24.06,0.21,99.83,5.6
VIL_0231,2024-07-10 18:00:00,24.1,0.11,99.98,5.78
VIL_0232,2024-07-10 18:00:00,24.42,0.43,96.66,4.94
VIL_0233,2024-07-10 18:00:00,24.11,0.46,95.83,2.26
VIL_0234,2024-07-10 18:00:00,24.03,0.38,95.86,4.59
VIL_0235,2024-07-10 18:00:00,25.09,0.29,91.41,11.41
VIL_0236,2024-07-10 18:00:00,23.23,0.15,99.13,5.85
VIL_0237,2024-07-10 18:00:00,22.92,0.14,99.26,6.04
VIL_0238,2024-07-10 18:00:00,23.6,0.49,99.44,5.31
VIL_0239,2024-07-10 18:00:00,23.52,0.3,99.35,5.75
VIL_0240,2024-07-10 18:00:00,23.67,0.53,99.5,5.71
VIL_0241,2024-07-10 18:00:00,23.55,0.69,99.35,5.58
VIL_0242,2024-07-10 18:00:00,24.01,0.36,99.64,5.34
VIL_0243,2024-07-10 18:00:00,23.97,0.51,99.39,5.08
VIL_0244,2024-07-10 18:00:00,23.84,0.96,98.86,4.42
VIL_0245,2024-07-10 18:00:00,23.5,0.93,99.08,5.16
VIL_0246,2024-07-10 18:00:00,23.39,1.35,98.61,4.55
VIL_0247,2024-07-10 18:00:00,23.25,1.27,98.78,4.7
VIL_0248,2024-07-10 18:00:00,23.65,0.63,98.38,4.54
VIL_0249,2024-07-10 18:00:00,23.79,0.63,98.8,4.82
VIL_0250,2024-07-10 18:00:00,23.79,1.14,98.46,4.07
VIL_0251,2024-07-10 18:00:00,23.66,1.74,97.93,3.4
VIL_0252,2024-07-10 18:00:00,23.62,2.05,97.42,2.98
VIL_0253,2024-07-10 18:00:00,23.68,1.68,97.8,3.37
VIL_0254,2024-07-10 18:00:00,23.6,2.07,97.27,2.83
VIL_0255,2024-07-10 18:00:00,23.67,1.56,97.66,3.26
VIL_0256,2024-07-10 18:00:00,23.72,1.3,97.89,3.52
VIL_0257,2024-07-10 18:00:00,23.61,0.96,97.98,4.1
VIL_0258,2024-07-10 18:00:00,23.53,0.96,97.51,3.71
VIL_0259,2024-07-10 18:00:00,23.5,0.92,97.31,3.53
VIL_0260,2024-07-10 18:00:00,23.48,1.04,96.68,2.87
VIL_0261,2024-07-10 18:00:00,23.48,1.03,97.03,3.24
VIL_0262,2024-07-10 18:00:00,23.5,1.13,97.29,3.49
VIL_0263,2024-07-10 18:00:00,23.48,1.11,97.15,3.35
VIL_0264,2024-07-10 18:00:00,23.46,1.11,96.87,3.09
VIL_0265,2024-07-10 18:00:00,23.46,1.08,96.6,2.81
VIL_0266,2024-07-10 18:00:00,23.44,1.12,96.75,2.98
VIL_0267,2024-07-10 18:00:00,23.42,1.16,96.8,3.05
VIL_0268,2024-07-10 18:00:00,23.44,1.23,96.98,3.2
VIL_0269,2024-07-10 18:00:00,23.48,1.26,97.15,3.35
VIL_0270,2024-07-10 18:00:00,23.68,1.43,97.59,3.22
VIL_0271,2024-07-10 18:00:00,23.4,1.26,96.9,3.16
VIL_0272,2024-07-10 18:00:00,23.42,1.26,96.92,3.17
VIL_0273,2024-07-10 18:00:00,23.44,1.34,97.01,3.23
VIL_0274,2024-07-10 18:00:00,23.74,1.37,96.86,3.02
VIL_0275,2024-07-10 18:00:00,23.74,1.37,96.83,3.03
VIL_0276,2024-07-10 18:00:00,23.74,1.51,96.86,3.06
VIL_0277,2024-07-10 18:00:00,23.74,1.44,96.9,3.06
VIL_0278,2024-07-10 18:00:00,23.64,1.56,97.42,3.02
VIL_0279,2024-07-10 18:00:00,23.62,1.76,97.41,2.98
VIL_0280,2024-07-10 18:00:00,23.71,1.86,96.83,2.96
VIL_0281,2024-07-10 18:00:00,23.73,1.73,96.85,3.01
VIL_0282,2024-07-10 18:00:00,23.74,1.56,96.91,3.06
VIL_0283,2024-07-10 18:00:00,23.73,1.73,96.79,3.0
VIL_0284,2024-07-10 18:00:00,23.74,1.61,96.83,3.04
VIL_0285,2024-07-10 18:00:00,23.74,1.51,96.83,3.06
VIL_0286,2024-07-10 18:00:00,23.75,1.47,96.79,3.08
VIL_0287,2024-07-10 18:00:00,23.75,1.56,96.77,3.06
VIL_0288,2024-07-10 18:00:00,23.73,1.7,96.76,3.01
VIL_0289,2024-07-10 18:00:00,23.74,1.66,96.74,3.04
VIL_0290,2024-07-10 18:00:00,23.75,1.55,96.75,3.08
VIL_0291,2024-07-10 18:00:00,23.76,1.52,96.72,3.11
VIL_0292,2024-07-10 18:00:00,23.76,1.57,96.68,3.1
VIL_0293,2024-07-10 18:00:00,23.75,1.66,96.68,3.05
VIL_0294,2024-07-10 18:00:00,23.74,1.72,96.65,3.02
VIL_0295,2024-07-10 18:00:00,23.73,1.8,96.66,2.97
VIL_0296,2024-07-10 18:00:00,23.7,1.98,96.7,2.87
VIL_0297,2024-07-10 18:00:00,23.68,2.13,96.67,2.78
VIL_0298,2024-07-10 18:00:00,23.63,2.08,97.0,2.91
VIL_0299,2024-07-10 18:00:00,23.61,2.24,96.78,2.72
VIL_0300,2024-07-10 18:00:00,23.64,2.04,96.77,2.86
VIL_0301,2024-07-10 18:00:00,23.64,2.0,96.88,2.92
VIL_0302,2024-07-10 18:00:00,23.68,1.75,96.94,3.11
VIL_0303,2024-07-10 18:00:00,23.66,1.86,97.03,3.06
VIL_0304,2024-07-10 18:00:00,23.75,1.7,96.57,3.04
VIL_0305,2024-07-10 18:00:00,23.78,1.53,96.58,3.16
VIL_0306,2024-07-10 18:00:00,23.76,1.59,96.63,3.1
VIL_0307,2024-07-10 18:00:00,23.77,1.51,96.67,3.14
VIL_0308,2024-07-10 18:00:00,23.79,1.47,96.61,3.19
VIL_0309,2024-07-10 18:00:00,23.8,1.41,96.57,3.24
VIL_0310,2024-07-10 18:00:00,23.72,1.49,96.99,3.31
VIL_0311,2024-07-10 18:00:00,23.74,1.39,96.96,3.39
VIL_0312,2024-07-10 18:00:00,23.76,1.31,96.87,3.42
VIL_0313,2024-07-10 18:00:00,23.77,1.24,96.9,3.48
VIL_0314,2024-07-10 18:00:00,23.76,1.23,96.5,3.7
VIL_0315,2024-07-10 18:00:00,23.77,1.23,96.99,3.51
VIL_0316,2024-07-10 18:00:00,23.77,1.2,96.5,3.74
VIL_0317,2024-07-10 18:00:00,23.81,1.02,96.45,3.91
VIL_0318,2024-07-10 18:00:00,23.82,1.01,96.42,3.85
VIL_0319,2024-07-10 18:00:00,23.82,1.04,96.42,3.78
VIL_0320,2024-07-10 18:00:00,23.58,2.22,97.14,2.7
VIL_0321,2024-07-10 18:00:00,23.57,2.53,96.74,2.52
VIL_0322,2024-07-10 18:00:00,23.57,2.36,97.05,2.63
VIL_0323,2024-07-10 18:00:00,23.57,2.59,96.72,2.47
VIL_0324,2024-07-10 18:00:00,23.54,2.82,96.52,2.26
VIL_0325,2024-07-10 18:00:00,23.54,2.63,96.8,2.44
VIL_0326,2024-07-10 18:00:00,23.54,2.42,97.09,2.62
VIL_0327,2024-07-10 18:00:00,23.33,1.96,97.87,3.61
VIL_0328,2024-07-10 18:00:00,23.5,2.87,96.53,2.16
VIL_0329,2024-07-10 18:00:00,23.48,2.58,96.9,2.35
VIL_0330,2024-07-10 18:00:00,23.51,2.85,96.48,2.16
VIL_0331,2024-07-10 18:00:00,23.52,2.98,96.29,2.06
VIL_0332,2024-07-10 18:00:00,23.5,3.25,96.05,1.84
VIL_0333,2024-07-10 18:00:00,23.51,3.2,96.1,1.88
VIL_0334,2024-07-10 18:00:00,23.54,2.8,96.48,2.25
VIL_0335,2024-07-10 18:00:00,23.53,2.96,96.29,2.09
VIL_0336,2024-07-10 18:00:00,23.56,2.66,96.52,2.35
VIL_0337,2024-07-10 18:00:00,23.84,0.91,96.42,4.01
VIL_0338,2024-07-10 18:00:00,23.87,0.8,96.37,4.11
VIL_0339,2024-07-10 18:00:00,23.85,0.83,96.4,4.14
VIL_0340,2024-07-10 18:00:00,23.89,0.68,96.33,4.28
VIL_0341,2024-07-10 18:00:00,23.88,0.72,96.36,4.31
VIL_0342,2024-07-10 18:00:00,23.99,0.63,95.79,4.23
VIL_0343,2024-07-10 18:00:00,24.0,0.62,95.81,4.2
VIL_0344,2024-07-10 18:00:00,24.01,0.54,95.83,4.26
VIL_0345,2024-07-10 18:00:00,24.02,0.45,95.87,4.26
VIL_0346,2024-07-10 18:00:00,24.02,0.48,95.84,4.32
VIL_0347,2024-07-10 18:00:00,24.01,0.5,95.82,4.4
VIL_0348,2024-07-10 18:00:00,24.0,0.59,95.76,4.38
VIL_0349,2024-07-10 18:00:00,24.0,0.59,95.73,4.47
VIL_0350,2024-07-10 18:00:00,24.0,0.58,95.7,4.61
VIL_0351,2024-07-10 18:00:00,24.0,0.58,95.67,4.75
VIL_0352,2024-07-10 18:00:00,24.0,0.59,95.62,4.89
VIL_0353,2024-07-10 18:00:00,23.87,0.81,96.36,3.99
VIL_0354,2024-07-10 18:00:00,23.9,0.7,96.31,4.0
VIL_0355,2024-07-10 18:00:00,23.97,0.43,96.2,4.15
VIL_0356,2024-07-10 18:00:00,23.9,0.67,96.31,4.07
VIL_0357,2024-07-10 18:00:00,23.95,0.51,96.25,4.19
VIL_0358,2024-07-10 18:00:00,23.91,0.65,96.31,4.15
VIL_0359,2024-07-10 18:00:00,23.94,0.5,96.25,4.31
VIL_0360,2024-07-10 18:00:00,23.97,0.42,96.21,4.26
VIL_0361,2024-07-10 18:00:00,24.03,0.23,96.12,4.25
VIL_0362,2024-07-10 18:00:00,24.04,0.18,96.1,4.21
VIL_0363,2024-07-10 18:00:00,23.96,0.43,96.18,4.16
VIL_0364,2024-07-10 18:00:00,24.01,0.25,96.13,4.27
VIL_0365,2024-07-10 18:00:00,23.92,0.43,96.27,4.37
VIL_0366,2024-07-10 18:00:00,23.89,0.43,96.28,4.57
VIL_0367,2024-07-10 18:00:00,23.79,0.61,96.45,4.79
VIL_0368,2024-07-10 18:00:00,23.68,0.7,96.54,5.32
VIL_0369,2024-07-10 18:00:00,23.91,0.18,96.28,5.31
VIL_0370,2024-07-10 18:00:00,24.08,0.07,96.05,4.3
VIL_0371,2024-07-10 18:00:00,24.06,0.1,96.05,4.31
VIL_0372,2024-07-10 18:00:00,24.07,0.12,96.06,4.26
VIL_0373,2024-07-10 18:00:00,24.1,0.0,96.0,4.3
VIL_0374,2024-07-10 18:00:00,24.03,0.4,95.87,4.32
VIL_0375,2024-07-10 18:00:00,24.0,0.32,96.17,4.38
VIL_0376,2024-07-10 18:00:00,24.04,0.2,96.11,4.33
VIL_0377,2024-07-10 18:00:00,24.05,0.16,96.09,4.35
VIL_0378,2024-07-10 18:00:00,24.03,0.23,95.96,4.74
VIL_0379,2024-07-10 18:00:00,24.02,0.2,95.75,5.37
VIL_0380,2024-07-10 18:00:00,24.0,0.31,95.73,5.66
VIL_0381,2024-07-10 18:00:00,24.06,0.25,95.93,4.35
VIL_0382,2024-07-10 18:00:00,24.04,0.37,95.88,4.38
VIL_0383,2024-07-10 18:00:00,24.02,0.22,95.78,5.31
VIL_0384,2024-07-10 18:00:00,24.01,0.54,95.75,4.57
VIL_0385,2024-07-10 18:00:00,24.01,0.48,95.79,4.61
VIL_0386,2024-07-10 18:00:00,24.0,0.55,95.73,4.67
VIL_0387,2024-07-10 18:00:00,24.0,0.57,95.69,4.88
VIL_0388,2024-07-10 18:00:00,24.0,0.55,95.72,4.98
VIL_0389,2024-07-10 18:00:00,24.0,0.51,95.76,4.94
VIL_0390,2024-07-10 18:00:00,24.0,0.49,95.79,5.01
VIL_0391,2024-07-10 18:00:00,23.99,0.54,95.75,5.22
VIL_0392,2024-07-10 18:00:00,23.98,0.54,95.76,5.38
VIL_0393,2024-07-10 18:00:00,23.96,0.45,95.7,6.21
VIL_0394,2024-07-10 18:00:00,23.97,0.49,95.97,5.94
VIL_0395,2024-07-10 18:00:00,22.42,0.31,97.34,4.45
VIL_0396,2024-07-10 18:00:00,23.97,0.51,95.96,5.97
VIL_0397,2024-07-10 18:00:00,23.94,0.55,95.94,6.43
VIL_0398,2024-07-10 18:00:00,23.92,0.59,95.96,6.93
VIL_0399,2024-07-10 18:00:00,23.93,0.57,95.92,6.67
VIL_0400,2024-07-10 18:00:00,23.92,0.57,95.97,6.78
VIL_0401,2024-07-10 18:00:00,23.92,0.57,95.95,6.8
VIL_0402,2024-07-10 18:00:00,23.9,0.6,96.0,7.19
VIL_0403,2024-07-10 18:00:00,23.93,0.57,95.91,6.67
VIL_0404,2024-07-10 18:00:00,23.98,0.54,95.75,5.94
VIL_0405,2024-07-10 18:00:00,24.09,0.47,95.29,4.16
VIL_0406,2024-07-10 18:00:00,23.96,0.55,95.84,6.24
VIL_0407,2024-07-10 18:00:00,24.04,0.49,95.54,4.89
VIL_0408,2024-07-10 18:00:00,24.03,0.48,95.63,4.92
VIL_0409,2024-07-10 18:00:00,24.06,0.45,95.57,4.34
VIL_0410,2024-07-10 18:00:00,24.05,0.45,95.66,4.63
VIL_0411,2024-07-10 18:00:00,24.03,0.45,95.71,4.85
VIL_0412,2024-07-10 18:00:00,24.03,0.45,95.77,4.97
VIL_0413,2024-07-10 18:00:00,24.02,0.44,95.81,5.05
VIL_0414,2024-07-10 18:00:00,24.02,0.42,95.84,5.06
VIL_0415,2024-07-10 18:00:00,24.02,0.4,95.88,5.11
VIL_0416,2024-07-10 18:00:00,24.01,0.41,95.89,5.29
VIL_0417,2024-07-10 18:00:00,23.99,0.5,95.8,5.6
VIL_0418,2024-07-10 18:00:00,23.99,0.51,95.75,5.61
VIL_0419,2024-07-10 18:00:00,23.96,0.53,95.89,6.2
VIL_0420,2024-07-10 18:00:00,23.95,0.52,95.92,6.27
VIL_0421,2024-07-10 18:00:00,23.98,0.47,95.9,5.79
VIL_0422,2024-07-10 18:00:00,23.97,0.48,95.94,6.03
VIL_0423,2024-07-10 18:00:00,23.97,0.48,95.95,6.04
VIL_0424,2024-07-10 18:00:00,23.98,0.4,95.73,5.9
VIL_0425,2024-07-10 18:00:00,23.97,0.44,95.75,6.12
VIL_0426,2024-07-10 18:00:00,23.98,0.39,95.74,5.95
VIL_0427,2024-07-10 18:00:00,24.0,0.43,95.9,5.47
VIL_0428,2024-07-10 18:00:00,23.99,0.49,95.84,5.6
VIL_0429,2024-07-10 18:00:00,20.85,0.25,98.89,13.39
VIL_0430,2024-07-10 18:00:00,20.4,0.1,99.0,14.99
VIL_0431,2024-07-10 18:00:00,22.8,0.75,98.32,6.91
VIL_0432,2024-07-10 18:00:00,22.78,0.83,99.1,5.7
VIL_0433,2024-07-10 18:00:00,22.87,0.87,99.49,4.79
VIL_0434,2024-07-10 18:00:00,23.0,0.92,99.73,3.96
VIL_0435,2024-07-10 18:00:00,23.08,0.93,99.87,3.47
VIL_0436,2024-07-10 18:00:00,23.1,0.9,99.99,3.31
VIL_0437,2024-07-10 18:00:00,23.07,1.09,99.54,3.71
VIL_0438,2024-07-10 18:00:00,23.2,1.72,98.35,3.7
VIL_0439,2024-07-10 18:00:00,23.34,1.65,98.04,3.23
VIL_0440,2024-07-10 18:00:00,23.04,0.92,99.69,3.87
VIL_0441,2024-07-10 18:00:00,23.3,0.36,95.87,9.65
VIL_0442,2024-07-10 18:00:00,23.24,0.31,95.79,10.06
VIL_0443,2024-07-10 18:00:00,23.04,0.24,96.19,10.17
VIL_0444,2024-07-10 18:00:00,23.29,0.23,95.77,10.01
VIL_0445,2024-07-10 18:00:00,23.38,0.23,95.59,9.98
VIL_0446,2024-07-10 18:00:00,23.45,0.22,95.45,9.98
VIL_0447,2024-07-10 18:00:00,23.5,0.21,95.27,10.13
VIL_0448,2024-07-10 18:00:00,23.52,0.21,95.26,10.11
VIL_0449,2024-07-10 18:00:00,23.6,0.2,95.0,10.3
VIL_0450,2024-07-10 18:00:00,23.55,0.21,95.13,10.24
VIL_0451,2024-07-10 18:00:00,23.52,0.22,95.26,10.08
VIL_0452,2024-07-10 18:00:00,23.51,0.22,95.25,10.16
VIL_0453,2024-07-10 18:00:00,23.14,0.53,96.68,8.64
VIL_0454,2024-07-10 18:00:00,23.88,0.3,95.31,6.94
VIL_0455,2024-07-10 18:00:00,22.53,0.21,96.03,8.19
VIL_0456,2024-07-10 18:00:00,23.63,0.3,95.81,8.43
VIL_0457,2024-07-10 18:00:00,23.65,0.31,95.89,8.18
VIL_0458,2024-07-10 18:00:00,23.68,0.32,95.98,7.82
VIL_0459,2024-07-10 18:00:00,23.72,0.34,96.09,7.35
VIL_0460,2024-07-10 18:00:00,23.63,0.29,95.73,8.62
VIL_0461,2024-07-10 18:00:00,23.31,0.24,95.94,9.5
VIL_0462,2024-07-10 18:00:00,23.3,0.24,95.9,9.65
VIL_0463,2024-07-10 18:00:00,23.16,0.25,96.18,9.64
VIL_0464,2024-07-10 18:00:00,23.38,0.23,95.7,9.72
VIL_0465,2024-07-10 18:00:00,23.4,0.24,95.71,9.64
VIL_0466,2024-07-10 18:00:00,23.37,0.23,95.67,9.85
VIL_0467,2024-07-10 18:00:00,23.24,0.24,95.92,9.87
VIL_0468,2024-07-10 18:00:00,23.09,0.25,96.26,9.77
VIL_0469,2024-07-10 18:00:00,23.01,0.25,96.41,9.82
VIL_0470,2024-07-10 18:00:00,22.93,0.25,96.47,10.02
VIL_0471,2024-07-10 18:00:00,23.93,0.3,95.49,6.43
VIL_0472,2024-07-10 18:00:00,23.74,0.34,96.14,7.1
VIL_0473,2024-07-10 18:00:00,23.68,0.31,96.01,7.71
VIL_0474,2024-07-10 18:00:00,23.77,0.3,96.22,6.64
VIL_0475,2024-07-10 18:00:00,23.8,0.28,96.25,6.29
VIL_0476,2024-07-10 18:00:00,23.79,0.27,96.3,6.26
VIL_0477,2024-07-10 18:00:00,23.69,0.3,96.18,7.21
VIL_0478,2024-07-10 18:00:00,23.67,0.3,96.03,7.68
VIL_0479,2024-07-10 18:00:00,23.64,0.29,95.84,8.31
VIL_0480,2024-07-10 18:00:00,23.41,0.24,95.73,9.55
VIL_0481,2024-07-10 18:00:00,23.41,0.24,95.73,9.51
VIL_0482,2024-07-10 18:00:00,23.59,0.52,95.99,7.67
VIL_0483,2024-07-10 18:00:00,23.63,0.58,96.18,6.84
VIL_0484,2024-07-10 18:00:00,23.58,0.6,96.26,7.07
VIL_0485,2024-07-10 18:00:00,23.35,0.28,96.11,9.05
VIL_0486,2024-07-10 18:00:00,23.43,0.24,95.66,9.63
VIL_0487,2024-07-10 18:00:00,23.55,0.83,96.87,5.55
VIL_0488,2024-07-10 18:00:00,23.62,0.96,96.89,4.55
VIL_0489,2024-07-10 18:00:00,23.72,0.94,96.64,4.18
VIL_0490,2024-07-10 18:00:00,23.79,0.94,96.44,3.96
VIL_0491,2024-07-10 18:00:00,23.62,1.49,96.74,3.61
VIL_0492,2024-07-10 18:00:00,23.61,1.24,96.91,3.97
VIL_0493,2024-07-10 18:00:00,23.48,1.02,97.37,4.73
VIL_0494,2024-07-10 18:00:00,23.0,0.97,98.59,5.37
VIL_0495,2024-07-10 18:00:00,23.05,1.04,99.33,4.04
VIL_0496,2024-07-10 18:00:00,23.38,1.5,97.88,3.53
VIL_0497,2024-07-10 18:00:00,23.28,1.13,98.6,3.84
VIL_0498,2024-07-10 18:00:00,23.41,1.29,97.77,3.93
VIL_0499,2024-07-10 18:00:00,23.5,1.49,97.26,3.71
VIL_0500,2024-07-10 18:00:00,23.49,2.07,96.9,3.03
VIL_0501,2024-07-10 18:00:00,23.54,2.12,96.66,2.98
VIL_0502,2024-07-10 18:00:00,23.31,0.29,96.14,9.19
VIL_0503,2024-07-10 18:00:00,23.51,0.68,96.63,6.78
VIL_0504,2024-07-10 18:00:00,23.45,0.79,97.14,5.98
VIL_0505,2024-07-10 18:00:00,23.49,0.8,96.99,5.92
VIL_0506,2024-07-10 18:00:00,23.01,0.79,97.78,6.9
VIL_0507,2024-07-10 18:00:00,23.73,1.35,96.42,3.59
VIL_0508,2024-07-10 18:00:00,23.63,1.81,96.49,3.23
VIL_0509,2024-07-10 18:00:00,23.57,2.45,96.58,2.48
VIL_0510,2024-07-10 18:00:00,23.58,2.48,96.54,2.47
VIL_0511,2024-07-10 18:00:00,23.61,2.25,96.61,2.64
VIL_0512,2024-07-10 18:00:00,23.72,1.43,96.39,3.51
VIL_0513,2024-07-10 18:00:00,23.63,2.1,96.68,2.78
VIL_0514,2024-07-10 18:00:00,23.73,1.57,96.67,3.17
VIL_0515,2024-07-10 18:00:00,23.7,1.67,96.73,3.11
VIL_0516,2024-07-10 18:00:00,23.81,1.15,96.61,3.48
VIL_0517,2024-07-10 18:00:00,23.91,0.69,96.28,3.9
VIL_0518,2024-07-10 18:00:00,23.88,0.8,96.31,3.85
VIL_0519,2024-07-10 18:00:00,23.85,0.95,96.37,3.79
VIL_0520,2024-07-10 18:00:00,23.8,1.18,96.75,3.5
VIL_0521,2024-07-10 18:00:00,23.78,1.25,96.7,3.43
VIL_0522,2024-07-10 18:00:00,23.73,1.5,96.82,3.26
VIL_0523,2024-07-10 18:00:00,17.51,0.13,98.54,7.0
VIL_0524,2024-07-10 18:00:00,19.96,0.41,99.08,5.23
VIL_0525,2024-07-10 18:00:00,24.0,0.51,96.56,3.68
VIL_0526,2024-07-10 18:00:00,23.06,0.69,99.91,2.97
VIL_0527,2024-07-10 18:00:00,23.21,0.53,99.23,2.72
VIL_0528,2024-07-10 18:00:00,23.88,0.47,98.79,2.74
VIL_0529,2024-07-10 18:00:00,23.9,0.45,98.65,2.75
VIL_0530,2024-07-10 18:00:00,23.96,0.48,97.65,2.92
VIL_0531,2024-07-10 18:00:00,24.05,0.47,96.47,2.84
VIL_0532,2024-07-10 18:00:00,24.01,0.46,97.05,2.85
VIL_0533,2024-07-10 18:00:00,24.03,0.5,96.32,3.45
VIL_0534,2024-07-10 18:00:00,24.13,0.46,95.35,2.8
VIL_0535,2024-07-10 18:00:00,24.05,0.5,95.8,3.75
VIL_0536,2024-07-10 18:00:00,24.06,0.51,95.64,4.01
VIL_0537,2024-07-10 18:00:00,24.01,0.53,95.83,4.89
VIL_0538,2024-07-10 18:00:00,24.01,0.51,95.71,5.34
VIL_0539,2024-07-10 18:00:00,24.12,0.48,95.11,3.37
VIL_0540,2024-07-10 18:00:00,24.15,0.46,95.02,2.84
VIL_0541,2024-07-10 18:00:00,24.21,0.44,94.62,2.11
VIL_0542,2024-07-10 18:00:00,24.25,0.42,94.44,1.57
VIL_0543,2024-07-10 18:00:00,24.27,0.41,94.22,1.4
VIL_0544,2024-07-10 18:00:00,24.11,0.46,95.77,2.6
VIL_0545,2024-07-10 18:00:00,24.07,0.44,96.39,2.45
VIL_0546,2024-07-10 18:00:00,23.97,0.4,97.97,2.6
VIL_0547,2024-07-10 18:00:00,23.94,0.4,98.45,2.67
VIL_0548,2024-07-10 18:00:00,23.89,0.39,99.12,2.69
VIL_0549,2024-07-10 18:00:00,23.84,0.46,99.5,2.54
VIL_0550,2024-07-10 18:00:00,23.85,0.41,99.68,2.58
VIL_0551,2024-07-10 18:00:00,23.78,0.61,99.61,2.51
VIL_0552,2024-07-10 18:00:00,23.76,0.64,99.7,2.51
VIL_0553,2024-07-10 18:00:00,23.23,0.85,99.94,2.76
VIL_0554,2024-07-10 18:00:00,23.65,0.91,99.84,2.41
VIL_0555,2024-07-10 18:00:00,23.78,0.56,99.8,2.55
VIL_0556,2024-07-10 18:00:00,23.63,0.98,99.88,2.39
VIL_0557,2024-07-10 18:00:00,23.83,0.42,99.86,2.62
VIL_0558,2024-07-10 18:00:00,23.9,0.2,100.0,2.7
VIL_0559,2024-07-10 18:00:00,23.89,0.24,99.9,2.67
VIL_0560,2024-07-10 18:00:00,23.89,0.25,99.84,2.66
VIL_0561,2024-07-10 18:00:00,23.94,0.35,98.65,2.57
VIL_0562,2024-07-10 18:00:00,24.15,0.42,95.67,1.92
VIL_0563,2024-07-10 18:00:00,24.09,0.42,96.37,2.22
VIL_0564,2024-07-10 18:00:00,24.18,0.42,95.21,1.86
VIL_0565,2024-07-10 18:00:00,24.18,0.44,95.05,2.12
VIL_0566,2024-07-10 18:00:00,24.29,0.4,94.12,1.2
VIL_0567,2024-07-10 18:00:00,24.3,0.4,94.01,1.11
VIL_0568,2024-07-10 18:00:00,24.18,0.45,94.82,2.54
VIL_0569,2024-07-10 18:00:00,24.23,0.43,94.53,1.87
VIL_0570,2024-07-10 18:00:00,24.11,0.45,95.25,3.79
VIL_0571,2024-07-10 18:00:00,24.11,0.45,95.25,3.66
VIL_0572,2024-07-10 18:00:00,24.15,0.43,95.08,3.09
VIL_0573,2024-07-10 18:00:00,24.12,0.44,95.26,3.53
VIL_0574,2024-07-10 18:00:00,24.11,0.43,95.37,3.63
VIL_0575,2024-07-10 18:00:00,24.17,0.46,94.97,2.47
VIL_0576,2024-07-10 18:00:00,24.12,0.48,95.37,2.9
VIL_0577,2024-07-10 18:00:00,24.13,0.47,95.36,2.73
VIL_0578,2024-07-10 18:00:00,24.14,0.46,95.33,2.5
VIL_0579,2024-07-10 18:00:00,24.15,0.46,95.15,2.6
VIL_0580,2024-07-10 18:00:00,24.23,0.43,94.55,1.8
VIL_0581,2024-07-10 18:00:00,24.28,0.41,94.16,1.27
VIL_0582,2024-07-10 18:00:00,24.14,0.46,95.35,2.42
VIL_0583,2024-07-10 18:00:00,24.12,0.47,95.67,2.42
VIL_0584,2024-07-10 18:00:00,24.15,0.46,95.36,2.2
VIL_0585,2024-07-10 18:00:00,24.19,0.44,94.98,1.99
VIL_0586,2024-07-10 18:00:00,24.22,0.43,94.73,1.78
VIL_0587,2024-07-10 18:00:00,24.2,0.44,94.81,1.96
VIL_0588,2024-07-10 18:00:00,24.1,0.44,95.34,3.76
VIL_0589,2024-07-10 18:00:00,24.24,0.42,94.53,1.6
VIL_0590,2024-07-10 18:00:00,24.29,0.4,94.13,1.21
VIL_0591,2024-07-10 18:00:00,24.22,0.42,94.77,1.65
VIL_0592,2024-07-10 18:00:00,24.18,0.44,95.19,1.87
VIL_0593,2024-07-10 18:00:00,24.26,0.41,94.37,1.36
VIL_0594,2024-07-10 18:00:00,24.1,0.42,96.32,2.11
VIL_0595,2024-07-10 18:00:00,24.09,0.44,96.36,2.15
VIL_0596,2024-07-10 18:00:00,24.07,0.47,96.32,2.3
VIL_0597,2024-07-10 18:00:00,24.09,0.46,96.12,2.2
VIL_0598,2024-07-10 18:00:00,24.01,0.5,97.25,2.06
VIL_0599,2024-07-10 18:00:00,23.98,0.53,97.39,2.12
VIL_0600,2024-07-10 18:00:00,23.99,0.52,97.34,2.1
VIL_0601,2024-07-10 18:00:00,23.95,0.51,97.84,2.23
VIL_0602,2024-07-10 18:00:00,23.99,0.48,97.54,2.11
VIL_0603,2024-07-10 18:00:00,23.93,0.51,98.13,2.3
VIL_0604,2024-07-10 18:00:00,23.89,0.54,98.47,2.43
VIL_0605,2024-07-10 18:00:00,23.88,0.54,98.61,2.46
VIL_0606,2024-07-10 18:00:00,23.84,0.52,99.23,2.58
VIL_0607,2024-07-10 18:00:00,23.9,0.47,98.74,2.43
VIL_0608,2024-07-10 18:00:00,23.99,0.46,97.7,2.14
VIL_0609,2024-07-10 18:00:00,23.94,0.41,98.47,2.32
VIL_0610,2024-07-10 18:00:00,23.99,0.4,97.77,2.42
VIL_0611,2024-07-10 18:00:00,23.88,0.4,99.3,2.54
VIL_0612,2024-07-10 18:00:00,23.85,0.45,99.46,2.59
VIL_0613,2024-07-10 18:00:00,23.82,0.5,99.64,2.63
VIL_0614,2024-07-10 18:00:00,23.76,0.66,99.66,2.67
VIL_0615,2024-07-10 18:00:00,23.74,0.69,99.76,2.59
VIL_0616,2024-07-10 18:00:00,23.83,0.41,99.84,2.63
VIL_0617,2024-07-10 18:00:00,23.89,0.27,99.88,2.67
VIL_0618,2024-07-10 18:00:00,23.77,0.64,99.52,2.74
VIL_0619,2024-07-10 18:00:00,17.12,0.09,98.27,7.53
VIL_0620,2024-07-10 18:00:00,17.02,0.08,98.2,7.66
VIL_0621,2024-07-10 18:00:00,16.9,0.08,98.09,7.84
VIL_0622,2024-07-10 18:00:00,16.4,0.02,97.89,8.33
VIL_0623,2024-07-10 18:00:00,16.56,0.01,98.69,7.22
VIL_0624,2024-07-10 18:00:00,17.5,0.13,98.58,6.95
VIL_0625,2024-07-10 18:00:00,19.76,0.42,99.03,5.36
VIL_0626,2024-07-10 18:00:00,16.66,0.04,98.4,7.55
VIL_0627,2024-07-10 18:00:00,16.85,0.07,98.23,7.68
VIL_0628,2024-07-10 18:00:00,16.23,0.02,97.57,8.83
VIL_0629,2024-07-10 18:00:00,16.38,0.04,97.67,8.63
VIL_0630,2024-07-10 18:00:00,16.75,0.08,97.89,8.21
VIL_0631,2024-07-10 18:00:00,16.53,0.06,97.77,8.45
VIL_0632,2024-07-10 18:00:00,16.69,0.07,97.94,8.17
VIL_0633,2024-07-10 18:00:00,17.12,0.13,98.16,7.71
VIL_0634,2024-07-10 18:00:00,16.79,0.09,97.92,8.16
VIL_0635,2024-07-10 18:00:00,17.17,0.2,98.08,7.75
VIL_0636,2024-07-10 18:00:00,17.79,0.33,98.3,7.21
VIL_0637,2024-07-10 18:00:00,17.94,0.25,98.41,7.1
VIL_0638,2024-07-10 18:00:00,19.49,0.5,98.93,5.73
VIL_0639,2024-07-10 18:00:00,22.76,0.86,99.88,3.04
VIL_0640,2024-07-10 18:00:00,22.93,0.96,99.91,2.9
VIL_0641,2024-07-10 18:00:00,23.24,1.03,99.95,2.63
VIL_0642,2024-07-10 18:00:00,19.7,0.51,98.95,5.71
VIL_0643,2024-07-10 18:00:00,22.59,0.87,99.86,3.22
VIL_0644,2024-07-10 18:00:00,18.99,0.4,98.74,6.27
VIL_0645,2024-07-10 18:00:00,18.66,0.34,98.62,6.57
VIL_0646,2024-07-10 18:00:00,18.56,0.48,98.56,6.54
VIL_0647,2024-07-10 18:00:00,18.48,0.47,98.52,6.63
VIL_0648,2024-07-10 18:00:00,18.5,0.48,98.52,6.63
VIL_0649,2024-07-10 18:00:00,19.57,0.59,98.83,6.14
VIL_0650,2024-07-10 18:00:00,20.23,0.72,99.02,5.67
VIL_0651,2024-07-10 18:00:00,22.22,1.09,99.42,4.31
VIL_0652,2024-07-10 18:00:00,19.3,0.65,98.77,5.97
VIL_0653,2024-07-10 18:00:00,19.94,0.65,98.95,5.89
VIL_0654,2024-07-10 18:00:00,22.46,1.12,99.51,4.1
VIL_0655,2024-07-10 18:00:00,23.58,1.38,100.0,4.15
VIL_0656,2024-07-10 18:00:00,22.46,1.35,99.56,4.49
VIL_0657,2024-07-10 18:00:00,23.69,1.54,99.64,3.57
VIL_0658,2024-07-10 18:00:00,23.71,1.63,100.0,3.2
VIL_0659,2024-07-10 18:00:00,23.61,1.58,100.0,3.36
VIL_0660,2024-07-10 18:00:00,23.65,1.5,100.0,3.26
VIL_0661,2024-07-10 18:00:00,22.83,1.07,99.88,3.4
VIL_0662,2024-07-10 18:00:00,23.62,1.1,100.0,2.68
VIL_0663,2024-07-10 18:00:00,23.63,1.08,100.0,2.81
VIL_0664,2024-07-10 18:00:00,23.57,1.15,100.0,2.55
VIL_0665,2024-07-10 18:00:00,23.54,1.22,100.0,2.35
VIL_0666,2024-07-10 18:00:00,23.58,1.11,100.0,2.46
VIL_0667,2024-07-10 18:00:00,23.58,1.08,99.91,2.36
VIL_0668,2024-07-10 18:00:00,23.52,1.26,100.0,2.27
VIL_0669,2024-07-10 18:00:00,23.45,1.18,99.99,2.35
VIL_0670,2024-07-10 18:00:00,23.5,1.29,100.0,2.21
VIL_0671,2024-07-10 18:00:00,23.86,0.58,98.7,2.55
VIL_0672,2024-07-10 18:00:00,23.96,0.53,97.68,2.21
VIL_0673,2024-07-10 18:00:00,23.94,0.54,97.93,2.29
VIL_0674,2024-07-10 18:00:00,23.93,0.54,98.05,2.32
VIL_0675,2024-07-10 18:00:00,23.91,0.56,98.17,2.38
VIL_0676,2024-07-10 18:00:00,23.93,0.55,97.96,2.31
VIL_0677,2024-07-10 18:00:00,23.91,0.57,98.08,2.36
VIL_0678,2024-07-10 18:00:00,23.88,0.58,98.4,2.48
VIL_0679,2024-07-10 18:00:00,24.31,0.35,96.25,3.76
VIL_0680,2024-07-10 18:00:00,24.34,0.35,96.17,3.93
VIL_0681,2024-07-10 18:00:00,24.32,0.36,96.39,4.13
VIL_0682,2024-07-10 18:00:00,24.39,0.35,96.03,4.35
VIL_0683,2024-07-10 18:00:00,24.41,0.34,95.85,4.32
VIL_0684,2024-07-10 18:00:00,24.49,0.33,95.52,4.7
VIL_0685,2024-07-10 18:00:00,24.6,0.31,94.97,5.23
VIL_0686,2024-07-10 18:00:00,24.49,0.34,95.59,4.85
VIL_0687,2024-07-10 18:00:00,24.39,0.48,96.38,5.22
VIL_0688,2024-07-10 18:00:00,24.71,0.27,94.87,6.03
VIL_0689,2024-07-10 18:00:00,24.73,0.27,94.79,6.07
VIL_0690,2024-07-10 18:00:00,24.78,0.25,94.5,6.22
VIL_0691,2024-07-10 18:00:00,25.05,0.35,93.02,7.07
VIL_0692,2024-07-10 18:00:00,24.96,0.39,93.51,6.78
VIL_0693,2024-07-10 18:00:00,25.14,0.3,92.51,7.35
VIL_0694,2024-07-10 18:00:00,25.22,0.27,92.09,7.6
VIL_0695,2024-07-10 18:00:00,25.44,0.16,90.77,8.44
VIL_0696,2024-07-10 18:00:00,25.52,0.13,90.41,8.66
VIL_0697,2024-07-10 18:00:00,25.58,0.11,90.11,8.83
VIL_0698,2024-07-10 18:00:00,25.59,0.1,90.06,8.86
VIL_0699,2024-07-10 18:00:00,25.49,0.13,90.55,8.54
VIL_0700,2024-07-10 18:00:00,25.26,0.24,91.88,7.71
VIL_0701,2024-07-10 18:00:00,25.12,0.28,92.36,7.48
VIL_0702,2024-07-10 18:00:00,24.97,0.36,93.48,6.68
VIL_0703,2024-07-10 18:00:00,24.84,0.42,94.19,6.21
VIL_0704,2024-07-10 18:00:00,25.42,0.17,90.89,8.36
VIL_0705,2024-07-10 18:00:00,25.28,0.26,91.6,7.86
VIL_0706,2024-07-10 18:00:00,25.01,0.38,93.0,6.92
VIL_0707,2024-07-10 18:00:00,24.85,0.47,93.78,6.44
VIL_0708,2024-07-10 18:00:00,24.81,0.44,93.99,6.23
VIL_0709,2024-07-10 18:00:00,25.36,0.17,91.19,8.11
VIL_0710,2024-07-10 18:00:00,25.03,0.26,92.84,6.96
VIL_0711,2024-07-10 18:00:00,24.8,0.31,94.06,6.09
VIL_0712,2024-07-10 18:00:00,24.87,0.29,93.68,6.36
VIL_0713,2024-07-10 18:00:00,25.07,0.25,92.65,7.1
VIL_0714,2024-07-10 18:00:00,25.21,0.21,91.96,7.59
VIL_0715,2024-07-10 18:00:00,25.09,0.25,92.55,7.21
VIL_0716,2024-07-10 18:00:00,25.04,0.26,92.8,7.01
VIL_0717,2024-07-10 18:00:00,24.88,0.29,93.66,6.4
VIL_0718,2024-07-10 18:00:00,24.72,0.32,94.48,5.79
VIL_0719,2024-07-10 18:00:00,24.93,0.29,93.34,6.66
VIL_0720,2024-07-10 18:00:00,24.9,0.21,93.86,6.09
VIL_0721,2024-07-10 18:00:00,24.82,0.31,93.95,6.23
VIL_0722,2024-07-10 18:00:00,24.73,0.33,94.37,5.98
VIL_0723,2024-07-10 18:00:00,24.81,0.22,94.37,5.74
VIL_0724,2024-07-10 18:00:00,24.7,0.33,94.58,5.77
VIL_0725,2024-07-10 18:00:00,24.64,0.35,94.87,5.62
VIL_0726,2024-07-10 18:00:00,24.73,0.24,94.82,5.42
VIL_0727,2024-07-10 18:00:00,24.75,0.24,94.72,5.52
VIL_0728,2024-07-10 18:00:00,24.7,0.25,95.02,5.31
VIL_0729,2024-07-10 18:00:00,24.57,0.31,95.38,5.0
VIL_0730,2024-07-10 18:00:00,24.5,0.27,95.86,4.51
VIL_0731,2024-07-10 18:00:00,24.48,0.25,95.99,4.34
VIL_0732,2024-07-10 18:00:00,24.49,0.24,95.97,4.33
VIL_0733,2024-07-10 18:00:00,24.5,0.2,96.0,4.21
VIL_0734,2024-07-10 18:00:00,24.45,0.29,96.1,4.35
VIL_0735,2024-07-10 18:00:00,24.48,0.23,96.01,4.28
VIL_0736,2024-07-10 18:00:00,24.49,0.23,95.99,4.29
VIL_0737,2024-07-10 18:00:00,24.48,0.27,95.99,4.4
VIL_0738,2024-07-10 18:00:00,24.39,0.35,96.31,4.38
VIL_0739,2024-07-10 18:00:00,24.58,0.32,95.29,5.12
VIL_0740,2024-07-10 18:00:00,24.57,0.34,95.29,5.24
VIL_0741,2024-07-10 18:00:00,24.52,0.33,95.59,4.94
VIL_0742,2024-07-10 18:00:00,24.46,0.33,95.9,4.72
VIL_0743,2024-07-10 18:00:00,24.49,0.35,95.7,4.97
VIL_0744,2024-07-10 18:00:00,24.64,0.24,95.28,5.11
VIL_0745,2024-07-10 18:00:00,24.38,0.44,96.41,4.67
VIL_0746,2024-07-10 18:00:00,24.38,0.42,96.38,4.7
VIL_0747,2024-07-10 18:00:00,24.4,0.38,96.32,4.83
VIL_0748,2024-07-10 18:00:00,24.37,0.4,96.39,4.66
VIL_0749,2024-07-10 18:00:00,24.37,0.41,96.4,4.58
VIL_0750,2024-07-10 18:00:00,23.83,0.6,99.01,2.66
VIL_0751,2024-07-10 18:00:00,23.8,0.63,99.26,2.75
VIL_0752,2024-07-10 18:00:00,23.72,0.81,100.0,3.07
VIL_0753,2024-07-10 18:00:00,23.84,0.6,98.8,2.61
VIL_0754,2024-07-10 18:00:00,23.83,0.62,98.88,2.68
VIL_0755,2024-07-10 18:00:00,23.83,0.62,98.85,2.69
VIL_0756,2024-07-10 18:00:00,23.81,0.63,99.07,2.75
VIL_0757,2024-07-10 18:00:00,23.73,0.83,100.0,3.09
VIL_0758,2024-07-10 18:00:00,23.73,0.87,100.0,3.2
VIL_0759,2024-07-10 18:00:00,23.73,0.88,100.0,3.15
VIL_0760,2024-07-10 18:00:00,24.15,0.56,97.68,4.46
VIL_0761,2024-07-10 18:00:00,24.09,0.58,97.97,4.3
VIL_0762,2024-07-10 18:00:00,24.18,0.56,97.46,4.66
VIL_0763,2024-07-10 18:00:00,23.68,0.89,100.0,2.92
VIL_0764,2024-07-10 18:00:00,23.69,0.86,100.0,3.16
VIL_0765,2024-07-10 18:00:00,23.67,0.91,100.0,3.21
VIL_0766,2024-07-10 18:00:00,23.67,0.92,100.0,3.3
VIL_0767,2024-07-10 18:00:00,23.69,0.96,100.0,3.31
VIL_0768,2024-07-10 18:00:00,23.69,1.01,100.0,3.21
VIL_0769,2024-07-10 18:00:00,23.71,0.9,100.0,3.61
VIL_0770,2024-07-10 18:00:00,23.7,0.78,100.0,3.79
VIL_0771,2024-07-10 18:00:00,23.7,0.7,100.0,4.0
VIL_0772,2024-07-10 18:00:00,23.7,0.76,100.0,3.81
VIL_0773,2024-07-10 18:00:00,23.7,0.84,100.0,3.39
VIL_0774,2024-07-10 18:00:00,23.71,0.85,100.0,3.3
VIL_0775,2024-07-10 18:00:00,23.72,0.87,100.0,3.42
VIL_0776,2024-07-10 18:00:00,23.71,0.83,100.0,3.57
VIL_0777,2024-07-10 18:00:00,23.71,0.82,100.0,3.67
VIL_0778,2024-07-10 18:00:00,23.7,0.72,100.0,3.94
VIL_0779,2024-07-10 18:00:00,23.7,0.81,100.0,3.87
VIL_0780,2024-07-10 18:00:00,23.7,0.81,100.0,3.87
VIL_0781,2024-07-10 18:00:00,23.73,1.27,100.0,3.39
VIL_0782,2024-07-10 18:00:00,23.73,1.39,100.0,3.26
VIL_0783,2024-07-10 18:00:00,23.73,1.49,100.0,3.2
VIL_0784,2024-07-10 18:00:00,23.7,1.15,100.0,3.47
VIL_0785,2024-07-10 18:00:00,23.69,1.32,100.0,3.28
VIL_0786,2024-07-10 18:00:00,23.67,1.27,100.0,3.28
VIL_0787,2024-07-10 18:00:00,24.15,0.87,97.66,4.63
VIL_0788,2024-07-10 18:00:00,23.73,0.92,100.0,3.24
VIL_0789,2024-07-10 18:00:00,23.73,0.93,100.0,3.35
VIL_0790,2024-07-10 18:00:00,23.73,0.92,100.0,3.45
VIL_0791,2024-07-10 18:00:00,23.67,1.1,100.0,3.6
VIL_0792,2024-07-10 18:00:00,23.7,1.05,100.0,3.64
VIL_0793,2024-07-10 18:00:00,23.78,1.26,99.75,3.52
VIL_0794,2024-07-10 18:00:00,23.77,1.16,99.66,3.65
VIL_0795,2024-07-10 18:00:00,23.78,1.07,99.53,3.75
VIL_0796,2024-07-10 18:00:00,23.79,1.2,99.47,3.66
VIL_0797,2024-07-10 18:00:00,23.81,1.17,99.3,3.71
VIL_0798,2024-07-10 18:00:00,23.82,1.13,99.22,3.75
VIL_0799,2024-07-10 18:00:00,24.39,0.7,96.69,4.9
VIL_0800,2024-07-10 18:00:00,24.14,0.81,97.95,4.44
VIL_0801,2024-07-10 18:00:00,24.39,0.66,96.61,5.13
VIL_0802,2024-07-10 18:00:00,24.56,0.58,95.7,5.59
VIL_0803,2024-07-10 18:00:00,24.58,0.56,95.66,5.33
VIL_0804,2024-07-10 18:00:00,24.46,0.72,95.71,5.27
VIL_0805,2024-07-10 18:00:00,24.48,0.67,95.63,5.26
VIL_0806,2024-07-10 18:00:00,24.47,0.61,95.73,5.09
VIL_0807,2024-07-10 18:00:00,24.33,0.77,96.37,4.83
VIL_0808,2024-07-10 18:00:00,23.92,1.04,98.49,3.88
VIL_0809,2024-07-10 18:00:00,23.86,1.12,98.89,3.79
VIL_0810,2024-07-10 18:00:00,23.84,1.18,98.9,3.78
VIL_0811,2024-07-10 18:00:00,23.78,1.36,99.27,3.64
VIL_0812,2024-07-10 18:00:00,23.79,1.51,99.6,3.4
VIL_0813,2024-07-10 18:00:00,23.72,1.56,99.57,3.52
VIL_0814,2024-07-10 18:00:00,23.58,1.68,99.73,3.66
VIL_0815,2024-07-10 18:00:00,23.62,1.66,99.74,3.59
VIL_0816,2024-07-10 18:00:00,23.65,1.55,99.61,3.66
VIL_0817,2024-07-10 18:00:00,23.69,1.63,99.74,3.46
VIL_0818,2024-07-10 18:00:00,23.88,1.78,99.97,2.86
VIL_0819,2024-07-10 18:00:00,23.86,1.72,99.93,2.98
VIL_0820,2024-07-10 18:00:00,23.73,1.6,100.0,3.16
VIL_0821,2024-07-10 18:00:00,23.88,1.76,99.96,2.89
VIL_0822,2024-07-10 18:00:00,23.79,1.5,100.0,3.18
VIL_0823,2024-07-10 18:00:00,23.81,1.55,99.75,3.25
VIL_0824,2024-07-10 18:00:00,24.47,0.63,96.18,5.29
VIL_0825,2024-07-10 18:00:00,24.71,0.29,95.0,5.37
VIL_0826,2024-07-10 18:00:00,24.69,0.28,95.09,5.32
VIL_0827,2024-07-10 18:00:00,24.68,0.27,95.11,5.29
VIL_0828,2024-07-10 18:00:00,24.73,0.26,94.87,5.45
VIL_0829,2024-07-10 18:00:00,24.68,0.31,95.2,5.25
VIL_0830,2024-07-10 18:00:00,24.44,0.34,96.43,4.9
VIL_0831,2024-07-10 18:00:00,24.64,0.29,95.39,5.15
VIL_0832,2024-07-10 18:00:00,24.43,0.36,96.5,4.91
VIL_0833,2024-07-10 18:00:00,24.44,0.38,96.49,4.92
VIL_0834,2024-07-10 18:00:00,24.43,0.38,96.54,4.92
VIL_0835,2024-07-10 18:00:00,24.43,0.4,96.56,4.93
VIL_0836,2024-07-10 18:00:00,24.42,0.39,96.59,4.93
VIL_0837,2024-07-10 18:00:00,24.46,0.31,96.31,4.95
VIL_0838,2024-07-10 18:00:00,24.46,0.34,96.37,4.94
VIL_0839,2024-07-10 18:00:00,24.46,0.38,96.38,4.93
VIL_0840,2024-07-10 18:00:00,24.45,0.37,96.45,4.92
VIL_0841,2024-07-10 18:00:00,24.46,0.4,96.43,4.91
VIL_0842,2024-07-10 18:00:00,24.47,0.44,96.43,4.87
VIL_0843,2024-07-10 18:00:00,24.45,0.41,96.49,4.9
VIL_0844,2024-07-10 18:00:00,24.47,0.45,96.44,4.86
VIL_0845,2024-07-10 18:00:00,24.49,0.49,96.38,4.79
VIL_0846,2024-07-10 18:00:00,24.43,0.42,96.58,4.92
VIL_0847,2024-07-10 18:00:00,24.44,0.44,96.55,4.9
VIL_0848,2024-07-10 18:00:00,24.45,0.45,96.51,4.87
VIL_0849,2024-07-10 18:00:00,24.48,0.49,96.46,4.81
VIL_0850,2024-07-10 18:00:00,24.45,0.47,96.57,4.88
VIL_0851,2024-07-10 18:00:00,24.43,0.46,96.63,4.91
VIL_0852,2024-07-10 18:00:00,24.45,0.49,96.57,4.86
VIL_0853,2024-07-10 18:00:00,24.44,0.47,96.39,5.43
VIL_0854,2024-07-10 18:00:00,24.44,0.44,96.32,5.63
VIL_0855,2024-07-10 18:00:00,24.43,0.43,96.25,5.87
VIL_0856,2024-07-10 18:00:00,24.43,0.43,96.22,5.98
VIL_0857,2024-07-10 18:00:00,24.42,0.45,96.33,5.78
VIL_0858,2024-07-10 18:00:00,24.43,0.46,96.39,5.54
VIL_0859,2024-07-10 18:00:00,24.41,0.45,96.39,5.82
VIL_0860,2024-07-10 18:00:00,24.51,0.47,96.28,4.8
VIL_0861,2024-07-10 18:00:00,24.55,0.56,96.18,4.63
VIL_0862,2024-07-10 18:00:00,24.56,0.56,96.14,4.61
VIL_0863,2024-07-10 18:00:00,24.5,0.48,96.3,4.79
VIL_0864,2024-07-10 18:00:00,24.53,0.54,96.25,4.68
VIL_0865,2024-07-10 18:00:00,24.6,0.6,96.02,4.51
VIL_0866,2024-07-10 18:00:00,24.41,0.52,96.83,4.94
VIL_0867,2024-07-10 18:00:00,24.33,0.51,97.15,5.09
VIL_0868,2024-07-10 18:00:00,24.44,0.53,96.61,4.99
VIL_0869,2024-07-10 18:00:00,24.51,0.53,96.35,4.72
VIL_0870,2024-07-10 18:00:00,24.5,0.54,96.35,4.88
VIL_0871,2024-07-10 18:00:00,24.36,0.48,96.85,5.44
VIL_0872,2024-07-10 18:00:00,24.44,0.5,96.49,5.26
VIL_0873,2024-07-10 18:00:00,24.39,0.48,96.67,5.51
VIL_0874,2024-07-10 18:00:00,24.29,0.43,96.96,6.06
VIL_0875,2024-07-10 18:00:00,24.41,0.42,95.93,7.31
VIL_0876,2024-07-10 18:00:00,24.17,0.41,97.5,6.3
VIL_0877,2024-07-10 18:00:00,24.37,0.4,96.04,7.53
VIL_0878,2024-07-10 18:00:00,24.52,0.36,94.95,8.38
VIL_0879,2024-07-10 18:00:00,24.51,0.35,94.92,8.55
VIL_0880,2024-07-10 18:00:00,24.34,0.49,96.94,5.07
VIL_0881,2024-07-10 18:00:00,24.12,0.49,98.01,5.5
VIL_0882,2024-07-10 18:00:00,23.86,0.44,99.23,6.04
VIL_0883,2024-07-10 18:00:00,24.03,0.48,98.32,5.64
VIL_0884,2024-07-10 18:00:00,23.84,0.46,99.24,6.03
VIL_0885,2024-07-10 18:00:00,23.7,0.4,99.99,6.4
VIL_0886,2024-07-10 18:00:00,23.78,0.41,99.62,6.3
VIL_0887,2024-07-10 18:00:00,24.16,0.45,97.77,5.78
VIL_0888,2024-07-10 18:00:00,23.93,0.42,98.88,6.15
VIL_0889,2024-07-10 18:00:00,23.9,0.41,98.96,6.27
VIL_0890,2024-07-10 18:00:00,24.08,0.4,97.95,6.38
VIL_0891,2024-07-10 18:00:00,24.12,0.38,97.62,6.63
VIL_0892,2024-07-10 18:00:00,23.85,0.48,99.16,5.97
VIL_0893,2024-07-10 18:00:00,24.08,0.39,97.94,6.35
VIL_0894,2024-07-10 18:00:00,24.47,0.32,96.3,4.99
VIL_0895,2024-07-10 18:00:00,24.31,0.47,97.0,5.15
VIL_0896,2024-07-10 18:00:00,24.48,0.37,96.31,4.95
VIL_0897,2024-07-10 18:00:00,24.38,0.44,96.51,5.98
VIL_0898,2024-07-10 18:00:00,24.48,0.43,95.6,7.28
VIL_0899,2024-07-10 18:00:00,24.54,0.41,95.15,7.64
VIL_0900,2024-07-10 18:00:00,24.66,0.35,94.11,8.82
VIL_0901,2024-07-10 18:00:00,24.59,0.4,94.79,7.97
VIL_0902,2024-07-10 18:00:00,24.56,0.42,95.12,7.51
VIL_0903,2024-07-10 18:00:00,24.58,0.42,94.97,7.66
VIL_0904,2024-07-10 18:00:00,24.62,0.4,94.65,8.08
VIL_0905,2024-07-10 18:00:00,24.67,0.37,94.16,8.65
VIL_0906,2024-07-10 18:00:00,24.67,0.37,94.14,8.68
VIL_0907,2024-07-10 18:00:00,24.65,0.37,94.32,8.52
VIL_0908,2024-07-10 18:00:00,24.68,0.36,94.01,8.84
VIL_0909,2024-07-10 18:00:00,24.58,0.37,94.67,8.39
VIL_0910,2024-07-10 18:00:00,24.55,0.36,94.76,8.43
VIL_0911,2024-07-10 18:00:00,24.69,0.32,93.71,9.32
VIL_0912,2024-07-10 18:00:00,24.64,0.36,94.26,8.72
VIL_0913,2024-07-10 18:00:00,24.8,0.3,92.95,9.97
VIL_0914,2024-07-10 18:00:00,24.76,0.32,93.33,9.58
VIL_0915,2024-07-10 18:00:00,24.81,0.31,93.0,9.89
VIL_0916,2024-07-10 18:00:00,24.74,0.34,93.63,9.22
VIL_0917,2024-07-10 18:00:00,24.82,0.32,93.0,9.88
VIL_0918,2024-07-10 18:00:00,24.87,0.3,92.58,10.3
VIL_0919,2024-07-10 18:00:00,24.76,0.33,93.43,9.45
VIL_0920,2024-07-10 18:00:00,24.73,0.35,93.67,9.18
VIL_0921,2024-07-10 18:00:00,24.9,0.29,92.34,10.53
VIL_0922,2024-07-10 18:00:00,24.93,0.27,92.05,10.8
VIL_0923,2024-07-10 18:00:00,24.96,0.28,91.97,10.88
VIL_0924,2024-07-10 18:00:00,24.99,0.29,91.89,10.95
VIL_0925,2024-07-10 18:00:00,24.69,0.3,93.47,9.65
VIL_0926,2024-07-10 18:00:00,24.72,0.28,93.17,9.91
VIL_0927,2024-07-10 18:00:00,24.79,0.26,92.57,10.38
VIL_0928,2024-07-10 18:00:00,24.84,0.24,92.21,10.67
VIL_0929,2024-07-10 18:00:00,24.86,0.23,91.95,10.87
VIL_0930,2024-07-10 18:00:00,24.83,0.22,92.05,10.78
VIL_0931,2024-07-10 18:00:00,24.83,0.23,92.17,10.68
VIL_0932,2024-07-10 18:00:00,24.78,0.26,92.62,10.33
VIL_0933,2024-07-10 18:00:00,24.76,0.29,93.05,9.93
VIL_0934,2024-07-10 18:00:00,24.81,0.28,92.73,10.19
VIL_0935,2024-07-10 18:00:00,24.82,0.26,92.47,10.43
VIL_0936,2024-07-10 18:00:00,24.87,0.26,92.19,10.67
VIL_0937,2024-07-10 18:00:00,24.88,0.24,91.94,10.89
VIL_0938,2024-07-10 18:00:00,24.82,0.23,92.22,10.64
VIL_0939,2024-07-10 18:00:00,24.82,0.21,92.03,10.78
VIL_0940,2024-07-10 18:00:00,24.8,0.2,92.0,10.8
VIL_0941,2024-07-10 18:00:00,24.9,0.23,91.79,11.02
VIL_0942,2024-07-10 18:00:00,24.85,0.22,91.93,10.88
VIL_0943,2024-07-10 18:00:00,24.84,0.26,92.44,10.49
VIL_0944,2024-07-10 18:00:00,24.85,0.27,92.4,10.52
VIL_0945,2024-07-10 18:00:00,24.86,0.27,92.38,10.54
VIL_0946,2024-07-10 18:00:00,24.89,0.27,92.19,10.7
VIL_0947,2024-07-10 18:00:00,24.88,0.28,92.36,10.55
VIL_0948,2024-07-10 18:00:00,24.91,0.27,92.14,10.75
VIL_0949,2024-07-10 18:00:00,24.93,0.26,91.97,10.89
VIL_0950,2024-07-10 18:00:00,24.9,0.25,92.0,10.85
VIL_0951,2024-07-10 18:00:00,24.95,0.25,91.74,11.08
VIL_0952,2024-07-10 18:00:00,25.02,0.27,91.57,11.25
VIL_0953,2024-07-10 18:00:00,24.95,0.27,91.89,10.96
VIL_0954,2024-07-10 18:00:00,24.99,0.27,91.7,11.13
VIL_0955,2024-07-10 18:00:00,25.01,0.27,91.69,11.14
VIL_0956,2024-07-10 18:00:00,25.04,0.28,91.6,11.24
VIL_0957,2024-07-10 18:00:00,25.01,0.28,91.73,11.11
VIL_0958,2024-07-10 18:00:00,24.98,0.28,91.91,10.95
VIL_0959,2024-07-10 18:00:00,24.98,0.28,91.84,11.02
VIL_0960,2024-07-10 18:00:00,24.95,0.28,92.01,10.86
VIL_0961,2024-07-10 18:00:00,24.96,0.28,91.96,10.91
VIL_0962,2024-07-10 18:00:00,24.96,0.28,92.03,10.84
VIL_0963,2024-07-10 18:00:00,24.94,0.28,92.09,10.79
VIL_0964,2024-07-10 18:00:00,24.93,0.28,92.16,10.72
VIL_0965,2024-07-10 18:00:00,24.95,0.28,92.08,10.8
VIL_0966,2024-07-10 18:00:00,24.92,0.29,92.23,10.67
VIL_0967,2024-07-10 18:00:00,24.91,0.29,92.29,10.61
VIL_0968,2024-07-10 18:00:00,24.9,0.28,92.32,10.59
VIL_0969,2024-07-10 18:00:00,24.92,0.28,92.19,10.7
VIL_0970,2024-07-10 18:00:00,24.91,0.28,92.2,10.69
VIL_0971,2024-07-10 18:00:00,24.9,0.28,92.26,10.64
VIL_0972,2024-07-10 18:00:00,24.92,0.27,92.13,10.75
VIL_0973,2024-07-10 18:00:00,24.67,0.32,94.76,5.52
VIL_0974,2024-07-10 18:00:00,24.59,0.32,95.24,5.13
VIL_0975,2024-07-10 18:00:00,24.55,0.34,95.4,5.03
VIL_0976,2024-07-10 18:00:00,24.51,0.51,95.6,5.04
VIL_0977,2024-07-10 18:00:00,24.43,0.46,96.06,4.6
VIL_0978,2024-07-10 18:00:00,24.47,0.29,95.99,4.43
VIL_0979,2024-07-10 18:00:00,24.36,0.4,96.47,4.2
VIL_0980,2024-07-10 18:00:00,24.29,0.64,96.61,4.46
VIL_0981,2024-07-10 18:00:00,24.2,0.86,96.95,4.53
VIL_0982,2024-07-10 18:00:00,24.04,0.88,97.64,4.13
VIL_0983,2024-07-10 18:00:00,23.75,1.34,99.03,3.81
VIL_0984,2024-07-10 18:00:00,23.83,1.17,98.59,3.94
VIL_0985,2024-07-10 18:00:00,23.99,0.92,97.72,4.17
VIL_0986,2024-07-10 18:00:00,23.62,1.4,98.86,4.15
VIL_0987,2024-07-10 18:00:00,23.56,1.55,99.41,3.91
VIL_0988,2024-07-10 18:00:00,23.34,1.71,99.57,4.23
VIL_0989,2024-07-10 18:00:00,24.21,0.59,96.94,4.23
VIL_0990,2024-07-10 18:00:00,23.89,1.01,97.92,4.27
VIL_0991,2024-07-10 18:00:00,23.36,1.64,99.39,4.32
VIL_0992,2024-07-10 18:00:00,23.33,1.66,99.44,4.36
VIL_0993,2024-07-10 18:00:00,23.2,1.79,99.76,4.37
VIL_0994,2024-07-10 18:00:00,23.15,1.86,99.91,4.37
VIL_0995,2024-07-10 18:00:00,23.17,1.84,99.87,4.35
VIL_0996,2024-07-10 18:00:00,23.3,1.74,99.65,4.26
VIL_0997,2024-07-10 18:00:00,23.44,1.68,99.53,4.07
VIL_0998,2024-07-10 18:00:00,23.58,1.35,99.22,4.58
VIL_0999,2024-07-10 18:00:00,23.58,1.51,99.14,4.11
VIL_1000,2024-07-10 18:00:00,23.36,1.65,99.42,4.34
VIL_1001,2024-07-10 18:00:00,23.47,1.51,99.09,4.38
VIL_1002,2024-07-10 18:00:00,23.68,1.28,98.56,4.42
VIL_1003,2024-07-10 18:00:00,23.72,1.11,99.18,4.79
VIL_1004,2024-07-10 18:00:00,23.91,0.62,98.58,5.55
VIL_1005,2024-07-10 18:00:00,23.81,0.93,98.4,5.08
VIL_1006,2024-07-10 18:00:00,24.07,0.52,97.98,5.46
VIL_1007,2024-07-10 18:00:00,24.16,0.67,97.0,4.8
VIL_1008,2024-07-10 18:00:00,23.96,0.8,97.87,5.06
VIL_1009,2024-07-10 18:00:00,24.27,0.52,96.69,4.88
VIL_1010,2024-07-10 18:00:00,24.17,0.64,96.97,4.78
VIL_1011,2024-07-10 18:00:00,23.93,0.93,97.65,4.66
VIL_1012,2024-07-10 18:00:00,23.58,1.36,98.75,4.38
VIL_1013,2024-07-10 18:00:00,23.88,1.0,97.9,4.45
VIL_1014,2024-07-10 18:00:00,24.17,0.63,96.96,4.71
VIL_1015,2024-07-10 18:00:00,24.3,0.48,96.59,4.58
VIL_1016,2024-07-10 18:00:00,24.21,0.58,96.84,4.57
VIL_1017,2024-07-10 18:00:00,23.94,0.93,97.74,4.35
VIL_1018,2024-07-10 18:00:00,23.77,1.14,98.22,4.32
VIL_1019,2024-07-10 18:00:00,24.26,0.53,96.78,4.28
VIL_1020,2024-07-10 18:00:00,24.37,0.39,96.39,4.81
VIL_1021,2024-07-10 18:00:00,24.37,0.4,96.4,4.91
VIL_1022,2024-07-10 18:00:00,24.44,0.29,96.18,5.07
VIL_1023,2024-07-10 18:00:00,24.33,0.4,96.67,5.16
VIL_1024,2024-07-10 18:00:00,24.5,0.2,96.01,5.19
VIL_1025,2024-07-10 18:00:00,24.46,0.3,96.14,5.04
VIL_1026,2024-07-10 18:00:00,24.48,0.28,96.18,5.09
VIL_1027,2024-07-10 18:00:00,24.49,0.23,96.07,5.17
VIL_1028,2024-07-10 18:00:00,24.47,0.25,96.18,5.16
VIL_1029,2024-07-10 18:00:00,24.33,0.4,96.76,5.18
VIL_1030,2024-07-10 18:00:00,17.12,0.09,98.36,7.41
VIL_1031,2024-07-10 18:00:00,23.77,1.21,96.96,3.52
VIL_0001,2024-07-11 00:00:00,23.87,0.21,96.08,4.17
VIL_0002,2024-07-11 00:00:00,23.87,0.21,96.07,4.18
VIL_0003,2024-07-11 00:00:00,23.88,0.23,96.06,4.2
VIL_0004,2024-07-11 00:00:00,23.88,0.23,96.06,4.19
VIL_0005,2024-07-11 00:00:00,23.88,0.24,96.05,4.21
VIL_0006,2024-07-11 00:00:00,23.89,0.25,96.04,4.22
VIL_0007,2024-07-11 00:00:00,23.89,0.27,96.02,4.22
VIL_0008,2024-07-11 00:00:00,23.87,0.21,96.07,4.21
VIL_0009,2024-07-11 00:00:00,23.9,0.29,96.01,4.21
VIL_0010,2024-07-11 00:00:00,23.9,0.29,96.0,4.21
VIL_0011,2024-07-11 00:00:00,23.89,0.25,96.04,4.23
VIL_0012,2024-07-11 00:00:00,23.88,0.21,96.07,4.25
VIL_0013,2024-07-11 00:00:00,23.86,0.18,96.1,4.21
VIL_0014,2024-07-11 00:00:00,23.89,0.25,96.03,4.25
VIL_0015,2024-07-11 00:00:00,23.87,0.18,96.1,4.26
VIL_0016,2024-07-11 00:00:00,23.9,0.3,96.0,4.2
VIL_0017,2024-07-11 00:00:00,23.9,0.27,96.02,4.25
VIL_0018,2024-07-11 00:00:00,23.88,0.2,96.07,4.31
VIL_0019,2024-07-11 00:00:00,23.87,0.13,96.09,4.46
VIL_0020,2024-07-11 00:00:00,23.84,0.14,96.15,4.18
VIL_0021,2024-07-11 00:00:00,23.84,0.11,96.18,4.23
VIL_0022,2024-07-11 00:00:00,23.84,0.09,96.21,4.32
VIL_0023,2024-07-11 00:00:00,23.8,0.08,96.29,3.92
VIL_0024,2024-07-11 00:00:00,23.86,0.05,96.15,4.6
VIL_0025,2024-07-11 00:00:00,23.79,0.06,96.38,4.01
VIL_0026,2024-07-11 00:00:00,23.82,0.04,96.29,4.41
VIL_0027,2024-07-11 00:00:00,23.7,0.04,96.74,3.39
VIL_0028,2024-07-11 00:00:00,23.75,0.05,96.57,3.79
VIL_0029,2024-07-11 00:00:00,23.89,0.22,96.03,4.36
VIL_0030,2024-07-11 00:00:00,23.89,0.12,96.05,4.61
VIL_0031,2024-07-11 00:00:00,23.89,0.01,96.02,5.02
VIL_0032,2024-07-11 00:00:00,23.88,0.06,96.07,4.75
VIL_0033,2024-07-11 00:00:00,23.9,0.0,96.01,5.08
VIL_0034,2024-07-11 00:00:00,23.89,0.01,96.05,4.96
VIL_0035,2024-07-11 00:00:00,23.88,0.01,96.09,4.9
VIL_0036,2024-07-11 00:00:00,23.78,0.03,96.52,4.16
VIL_0037,2024-07-11 00:00:00,23.83,0.02,96.28,4.57
VIL_0038,2024-07-11 00:00:00,23.77,0.03,96.54,4.18
VIL_0039,2024-07-11 00:00:00,23.72,0.03,96.8,3.8
VIL_0040,2024-07-11 00:00:00,23.76,0.03,96.59,4.11
VIL_0041,2024-07-11 00:00:00,23.67,0.03,97.04,3.53
VIL_0042,2024-07-11 00:00:00,23.49,0.02,97.88,2.56
VIL_0043,2024-07-11 00:00:00,23.55,0.02,97.64,2.87
VIL_0044,2024-07-11 00:00:00,23.69,0.03,96.91,3.69
VIL_0045,2024-07-11 00:00:00,23.62,0.02,97.28,3.24
VIL_0046,2024-07-11 00:00:00,23.58,0.02,97.39,2.96
VIL_0047,2024-07-11 00:00:00,23.65,0.03,96.91,3.08
VIL_0048,2024-07-11 00:00:00,23.51,0.02,97.76,2.66
VIL_0049,2024-07-11 00:00:00,23.39,0.01,98.48,2.12
VIL_0050,2024-07-11 00:00:00,23.41,0.01,98.35,2.23
VIL_0051,2024-07-11 00:00:00,23.48,0.01,98.0,2.52
VIL_0052,2024-07-11 00:00:00,23.42,0.0,98.31,2.25
VIL_0053,2024-07-11 00:00:00,23.34,0.0,98.74,1.95
VIL_0054,2024-07-11 00:00:00,23.67,0.02,96.55,2.81
VIL_0055,2024-07-11 00:00:00,23.59,0.02,97.15,2.64
VIL_0056,2024-07-11 00:00:00,23.41,0.0,98.26,2.13
VIL_0057,2024-07-11 00:00:00,23.3,0.0,98.98,1.81
VIL_0058,2024-07-11 00:00:00,23.32,0.0,98.89,1.86
VIL_0059,2024-07-11 00:00:00,23.32,0.0,98.89,1.86
VIL_0060,2024-07-11 00:00:00,23.36,0.0,98.62,2.01
VIL_0061,2024-07-11 00:00:00,23.4,0.0,98.39,2.14
VIL_0062,2024-07-11 00:00:00,23.33,0.0,98.8,1.88
VIL_0063,2024-07-11 00:00:00,23.47,0.0,97.82,2.18
VIL_0064,2024-07-11 00:00:00,23.64,0.0,96.66,2.55
VIL_0065,2024-07-11 00:00:00,23.8,0.0,95.42,2.7
VIL_0066,2024-07-11 00:00:00,23.72,0.0,94.75,2.89
VIL_0067,2024-07-11 00:00:00,23.73,0.0,95.94,2.57
VIL_0068,2024-07-11 00:00:00,23.7,0.0,95.21,2.77
VIL_0069,2024-07-11 00:00:00,23.65,0.0,96.49,2.46
VIL_0070,2024-07-11 00:00:00,23.58,0.0,97.05,2.38
VIL_0071,2024-07-11 00:00:00,23.47,0.0,97.85,2.18
VIL_0072,2024-07-11 00:00:00,23.44,0.0,98.1,2.14
VIL_0073,2024-07-11 00:00:00,23.34,0.0,98.75,1.91
VIL_0074,2024-07-11 00:00:00,23.35,0.0,98.7,1.95
VIL_0075,2024-07-11 00:00:00,23.37,0.0,98.54,2.01
VIL_0076,2024-07-11 00:00:00,23.45,0.0,98.05,2.27
VIL_0077,2024-07-11 00:00:00,23.44,0.0,98.12,2.2
VIL_0078,2024-07-11 00:00:00,23.39,0.0,98.43,2.06
VIL_0079,2024-07-11 00:00:00,23.46,0.0,97.98,2.26
VIL_0080,2024-07-11 00:00:00,23.45,0.0,98.01,2.19
VIL_0081,2024-07-11 00:00:00,23.59,0.0,97.02,2.47
VIL_0082,2024-07-11 00:00:00,23.49,0.0,96.43,2.79
VIL_0083,2024-07-11 00:00:00,23.44,0.0,96.73,2.9
VIL_0084,2024-07-11 00:00:00,23.41,0.0,97.01,2.74
VIL_0085,2024-07-11 00:00:00,23.4,0.0,97.06,2.85
VIL_0086,2024-07-11 00:00:00,23.39,0.0,97.16,2.94
VIL_0087,2024-07-11 00:00:00,23.57,0.0,97.34,2.56
VIL_0088,2024-07-11 00:00:00,23.9,0.0,93.75,2.96
VIL_0089,2024-07-11 00:00:00,23.98,0.0,93.52,2.91
VIL_0090,2024-07-11 00:00:00,24.02,0.0,93.26,2.93
VIL_0091,2024-07-11 00:00:00,24.06,0.0,93.15,2.91
VIL_0092,2024-07-11 00:00:00,23.99,0.0,93.42,2.95
VIL_0093,2024-07-11 00:00:00,23.95,0.0,93.47,2.99
VIL_0094,2024-07-11 00:00:00,23.59,0.0,94.42,3.24
VIL_0095,2024-07-11 00:00:00,23.04,0.0,95.17,3.52
VIL_0096,2024-07-11 00:00:00,23.74,0.0,94.07,3.11
VIL_0097,2024-07-11 00:00:00,23.51,0.0,94.52,3.31
VIL_0098,2024-07-11 00:00:00,20.66,0.0,98.72,5.06
VIL_0099,2024-07-11 00:00:00,22.29,0.0,96.46,4.03
VIL_0100,2024-07-11 00:00:00,23.57,0.0,96.05,2.69
VIL_0101,2024-07-11 00:00:00,23.61,0.0,95.58,2.84
VIL_0102,2024-07-11 00:00:00,23.76,0.0,94.64,2.93
VIL_0103,2024-07-11 00:00:00,23.77,0.0,94.33,3.04
VIL_0104,2024-07-11 00:00:00,23.25,0.0,95.64,3.5
VIL_0105,2024-07-11 00:00:00,23.33,0.0,96.99,3.44
VIL_0106,2024-07-11 00:00:00,23.38,0.0,96.77,3.36
VIL_0107,2024-07-11 00:00:00,23.45,0.0,96.14,3.25
VIL_0108,2024-07-11 00:00:00,23.58,0.0,95.13,3.17
VIL_0109,2024-07-11 00:00:00,23.5,0.0,95.94,3.14
VIL_0110,2024-07-11 00:00:00,23.57,0.0,95.56,3.04
VIL_0111,2024-07-11 00:00:00,23.49,0.0,96.24,2.95
VIL_0112,2024-07-11 00:00:00,23.43,0.0,96.74,3.06
VIL_0113,2024-07-11 00:00:00,23.46,0.0,96.42,3.13
VIL_0114,2024-07-11 00:00:00,23.42,0.0,96.72,3.28
VIL_0115,2024-07-11 00:00:00,23.42,0.0,96.94,3.23
VIL_0116,2024-07-11 00:00:00,23.42,0.0,97.0,3.17
VIL_0117,2024-07-11 00:00:00,23.4,0.0,97.11,3.09
VIL_0118,2024-07-11 00:00:00,23.42,0.0,97.28,3.25
VIL_0119,2024-07-11 00:00:00,23.42,0.0,97.17,3.32
VIL_0120,2024-07-11 00:00:00,23.45,0.0,97.47,3.37
VIL_0121,2024-07-11 00:00:00,23.43,0.0,97.42,3.39
VIL_0122,2024-07-11 00:00:00,23.46,0.0,97.55,3.35
VIL_0123,2024-07-11 00:00:00,20.87,0.0,98.91,4.9
VIL_0124,2024-07-11 00:00:00,20.33,0.0,99.36,5.45
VIL_0125,2024-07-11 00:00:00,20.16,0.0,99.68,5.74
VIL_0126,2024-07-11 00:00:00,20.1,0.0,99.98,6.25
VIL_0127,2024-07-11 00:00:00,20.1,0.0,99.94,6.14
VIL_0128,2024-07-11 00:00:00,20.0,0.0,99.88,5.28
VIL_0129,2024-07-11 00:00:00,19.92,0.0,99.86,5.03
VIL_0130,2024-07-11 00:00:00,19.93,0.0,99.75,4.17
VIL_0131,2024-07-11 00:00:00,19.88,0.0,99.69,3.44
VIL_0132,2024-07-11 00:00:00,19.71,0.0,99.76,2.83
VIL_0133,2024-07-11 00:00:00,19.73,0.0,99.83,3.69
VIL_0134,2024-07-11 00:00:00,19.51,0.0,99.91,2.61
VIL_0135,2024-07-11 00:00:00,19.59,0.0,99.75,3.27
VIL_0136,2024-07-11 00:00:00,19.47,0.0,99.42,3.21
VIL_0137,2024-07-11 00:00:00,19.74,0.0,99.63,4.2
VIL_0138,2024-07-11 00:00:00,19.86,0.0,99.37,4.23
VIL_0139,2024-07-11 00:00:00,19.23,0.0,99.09,2.62
VIL_0140,2024-07-11 00:00:00,19.4,0.0,99.44,2.77
VIL_0141,2024-07-11 00:00:00,19.39,0.0,99.32,2.64
VIL_0142,2024-07-11 00:00:00,19.22,0.0,99.08,2.57
VIL_0143,2024-07-11 00:00:00,19.37,0.0,99.15,2.69
VIL_0144,2024-07-11 00:00:00,19.66,0.0,99.77,2.64
VIL_0145,2024-07-11 00:00:00,19.4,0.0,100.0,2.31
VIL_0146,2024-07-11 00:00:00,19.94,0.0,99.57,2.47
VIL_0147,2024-07-11 00:00:00,19.46,0.0,99.81,2.59
VIL_0148,2024-07-11 00:00:00,19.73,0.0,99.52,2.7
VIL_0149,2024-07-11 00:00:00,22.47,0.0,98.27,3.25
VIL_0150,2024-07-11 00:00:00,23.51,0.0,97.79,3.4
VIL_0151,2024-07-11 00:00:00,23.55,0.0,97.91,3.43
VIL_0152,2024-07-11 00:00:00,23.59,0.0,97.91,3.37
VIL_0153,2024-07-11 00:00:00,23.59,0.0,97.99,3.41
VIL_0154,2024-07-11 00:00:00,23.48,0.0,97.74,3.43
VIL_0155,2024-07-11 00:00:00,23.42,0.0,97.57,3.45
VIL_0156,2024-07-11 00:00:00,23.3,0.0,97.59,3.58
VIL_0157,2024-07-11 00:00:00,23.29,0.0,97.15,3.5
VIL_0158,2024-07-11 00:00:00,22.85,0.0,97.21,3.6
VIL_0159,2024-07-11 00:00:00,22.56,0.0,97.23,3.73
VIL_0160,2024-07-11 00:00:00,22.52,0.0,97.48,3.75
VIL_0161,2024-07-11 00:00:00,21.5,0.0,98.39,4.14
VIL_0162,2024-07-11 00:00:00,21.69,0.0,98.91,3.91
VIL_0163,2024-07-11 00:00:00,22.45,0.0,97.86,3.74
VIL_0164,2024-07-11 00:00:00,23.05,0.0,97.68,3.75
VIL_0165,2024-07-11 00:00:00,22.81,0.0,97.76,3.62
VIL_0166,2024-07-11 00:00:00,23.4,0.0,97.77,3.52
VIL_0167,2024-07-11 00:00:00,23.19,0.0,97.77,3.64
VIL_0168,2024-07-11 00:00:00,23.44,0.0,97.86,3.49
VIL_0169,2024-07-11 00:00:00,23.47,0.0,97.9,3.47
VIL_0170,2024-07-11 00:00:00,23.5,0.0,97.93,3.45
VIL_0171,2024-07-11 00:00:00,23.56,0.0,97.96,3.42
VIL_0172,2024-07-11 00:00:00,23.6,0.0,98.0,3.4
VIL_0173,2024-07-11 00:00:00,23.47,0.0,97.92,3.36
VIL_0174,2024-07-11 00:00:00,23.11,0.0,98.19,3.48
VIL_0175,2024-07-11 00:00:00,22.91,0.0,98.26,3.5
VIL_0176,2024-07-11 00:00:00,23.04,0.0,98.23,3.49
VIL_0177,2024-07-11 00:00:00,22.74,0.0,98.32,3.52
VIL_0178,2024-07-11 00:00:00,22.87,0.0,98.31,3.54
VIL_0179,2024-07-11 00:00:00,22.76,0.0,98.33,3.53
VIL_0180,2024-07-11 00:00:00,22.52,0.0,98.41,3.54
VIL_0181,2024-07-11 00:00:00,22.33,0.0,98.5,3.58
VIL_0182,2024-07-11 00:00:00,22.31,0.0,98.55,3.62
VIL_0183,2024-07-11 00:00:00,22.14,0.0,98.65,3.7
VIL_0184,2024-07-11 00:00:00,22.02,0.0,98.68,3.67
VIL_0185,2024-07-11 00:00:00,21.37,0.0,99.01,3.77
VIL_0186,2024-07-11 00:00:00,21.25,0.0,98.99,3.53
VIL_0187,2024-07-11 00:00:00,21.89,0.0,98.66,3.58
VIL_0188,2024-07-11 00:00:00,21.95,0.0,98.48,3.46
VIL_0189,2024-07-11 00:00:00,22.02,0.0,98.53,3.53
VIL_0190,2024-07-11 00:00:00,22.26,0.0,98.47,3.54
VIL_0191,2024-07-11 00:00:00,22.16,0.0,98.39,3.49
VIL_0192,2024-07-11 00:00:00,22.23,0.0,98.42,3.51
VIL_0193,2024-07-11 00:00:00,22.25,0.0,98.35,3.48
VIL_0194,2024-07-11 00:00:00,22.3,0.0,98.36,3.5
VIL_0195,2024-07-11 00:00:00,22.36,0.0,98.38,3.51
VIL_0196,2024-07-11 00:00:00,22.58,0.0,98.35,3.52
VIL_0197,2024-07-11 00:00:00,22.46,0.0,98.23,3.27
VIL_0198,2024-07-11 00:00:00,22.41,0.0,98.22,3.28
VIL_0199,2024-07-11 00:00:00,22.43,0.0,98.16,3.31
VIL_0200,2024-07-11 00:00:00,22.45,0.0,98.16,3.31
VIL_0201,2024-07-11 00:00:00,22.46,0.0,98.19,3.29
VIL_0202,2024-07-11 00:00:00,22.47,0.0,98.1,3.34
VIL_0203,2024-07-11 00:00:00,22.47,0.0,98.07,3.36
VIL_0204,2024-07-11 00:00:00,22.48,0.0,98.08,3.36
VIL_0205,2024-07-11 00:00:00,22.45,0.0,98.16,3.32
VIL_0206,2024-07-11 00:00:00,22.44,0.0,98.23,3.28
VIL_0207,2024-07-11 00:00:00,22.46,0.0,98.18,3.31
VIL_0208,2024-07-11 00:00:00,22.47,0.0,98.11,3.34
VIL_0209,2024-07-11 00:00:00,22.37,0.0,98.15,3.31
VIL_0210,2024-07-11 00:00:00,22.46,0.0,98.35,3.21
VIL_0211,2024-07-11 00:00:00,22.52,0.0,98.38,3.19
VIL_0212,2024-07-11 00:00:00,22.46,0.0,98.26,3.25
VIL_0213,2024-07-11 00:00:00,22.47,0.0,98.34,3.23
VIL_0214,2024-07-11 00:00:00,22.47,0.0,98.36,3.22
VIL_0215,2024-07-11 00:00:00,22.91,0.0,98.17,3.33
VIL_0216,2024-07-11 00:00:00,22.32,0.0,98.24,3.26
VIL_0217,2024-07-11 00:00:00,21.75,0.0,98.64,3.33
VIL_0218,2024-07-11 00:00:00,21.22,0.0,98.89,2.87
VIL_0219,2024-07-11 00:00:00,21.38,0.0,98.84,2.9
VIL_0220,2024-07-11 00:00:00,21.86,0.0,98.69,2.98
VIL_0221,2024-07-11 00:00:00,22.09,0.0,98.71,2.96
VIL_0222,2024-07-11 00:00:00,22.44,0.0,98.06,3.36
VIL_0223,2024-07-11 00:00:00,22.49,0.0,98.01,3.39
VIL_0224,2024-07-11 00:00:00,22.48,0.0,98.03,3.38
VIL_0225,2024-07-11 00:00:00,22.46,0.0,98.07,3.36
VIL_0226,2024-07-11 00:00:00,22.38,0.0,98.15,3.32
VIL_0227,2024-07-11 00:00:00,20.88,0.0,99.2,2.62
VIL_0228,2024-07-11 00:00:00,22.95,0.0,99.01,2.79
VIL_0229,2024-07-11 00:00:00,23.4,0.0,98.96,2.83
VIL_0230,2024-07-11 00:00:00,23.55,0.0,98.97,2.84
VIL_0231,2024-07-11 00:00:00,23.59,0.0,99.0,2.8
VIL_0232,2024-07-11 00:00:00,24.12,0.0,96.68,3.02
VIL_0233,2024-07-11 00:00:00,22.95,0.0,99.05,2.91
VIL_0234,2024-07-11 00:00:00,23.36,0.0,98.07,5.01
VIL_0235,2024-07-11 00:00:00,24.27,0.0,96.03,8.16
VIL_0236,2024-07-11 00:00:00,22.49,0.0,99.04,2.75
VIL_0237,2024-07-11 00:00:00,22.13,0.0,99.21,2.72
VIL_0238,2024-07-11 00:00:00,23.01,0.0,99.01,2.9
VIL_0239,2024-07-11 00:00:00,22.9,0.0,99.0,2.79
VIL_0240,2024-07-11 00:00:00,23.11,0.0,99.01,3.53
VIL_0241,2024-07-11 00:00:00,22.97,0.0,99.02,3.69
VIL_0242,2024-07-11 00:00:00,23.48,0.0,98.95,2.88
VIL_0243,2024-07-11 00:00:00,23.43,0.0,98.89,2.93
VIL_0244,2024-07-11 00:00:00,23.28,0.0,98.82,3.06
VIL_0245,2024-07-11 00:00:00,22.92,0.0,98.98,3.7
VIL_0246,2024-07-11 00:00:00,22.8,0.0,98.91,3.79
VIL_0247,2024-07-11 00:00:00,22.58,0.0,99.06,3.98
VIL_0248,2024-07-11 00:00:00,22.93,0.0,98.75,2.98
VIL_0249,2024-07-11 00:00:00,23.17,0.0,98.8,2.95
VIL_0250,2024-07-11 00:00:00,23.23,0.0,98.7,3.12
VIL_0251,2024-07-11 00:00:00,23.13,0.0,98.62,3.26
VIL_0252,2024-07-11 00:00:00,23.12,0.0,98.45,3.34
VIL_0253,2024-07-11 00:00:00,23.13,0.0,98.55,3.26
VIL_0254,2024-07-11 00:00:00,23.06,0.0,98.42,3.36
VIL_0255,2024-07-11 00:00:00,23.05,0.0,98.52,3.26
VIL_0256,2024-07-11 00:00:00,23.07,0.0,98.56,3.21
VIL_0257,2024-07-11 00:00:00,22.91,0.0,98.63,3.07
VIL_0258,2024-07-11 00:00:00,22.71,0.0,98.54,3.12
VIL_0259,2024-07-11 00:00:00,22.62,0.0,98.49,3.14
VIL_0260,2024-07-11 00:00:00,22.5,0.0,98.3,3.24
VIL_0261,2024-07-11 00:00:00,22.58,0.0,98.41,3.19
VIL_0262,2024-07-11 00:00:00,22.69,0.0,98.48,3.16
VIL_0263,2024-07-11 00:00:00,22.63,0.0,98.44,3.18
VIL_0264,2024-07-11 00:00:00,22.54,0.0,98.37,3.22
VIL_0265,2024-07-11 00:00:00,22.47,0.0,98.28,3.25
VIL_0266,2024-07-11 00:00:00,22.5,0.0,98.34,3.23
VIL_0267,2024-07-11 00:00:00,22.5,0.0,98.37,3.22
VIL_0268,2024-07-11 00:00:00,22.59,0.0,98.41,3.21
VIL_0269,2024-07-11 00:00:00,22.68,0.0,98.45,3.19
VIL_0270,2024-07-11 00:00:00,23.0,0.0,98.49,3.26
VIL_0271,2024-07-11 00:00:00,22.54,0.0,98.41,3.21
VIL_0272,2024-07-11 00:00:00,22.57,0.0,98.41,3.21
VIL_0273,2024-07-11 00:00:00,22.64,0.0,98.42,3.21
VIL_0274,2024-07-11 00:00:00,23.04,0.0,98.21,3.62
VIL_0275,2024-07-11 00:00:00,23.05,0.0,98.21,3.66
VIL_0276,2024-07-11 00:00:00,23.12,0.0,98.21,3.69
VIL_0277,2024-07-11 00:00:00,23.08,0.0,98.23,3.62
VIL_0278,2024-07-11 00:00:00,22.96,0.0,98.46,3.3
VIL_0279,2024-07-11 00:00:00,23.01,0.0,98.46,3.32
VIL_0280,2024-07-11 00:00:00,23.19,0.0,98.21,3.68
VIL_0281,2024-07-11 00:00:00,23.17,0.0,98.21,3.69
VIL_0282,2024-07-11 00:00:00,23.13,0.0,98.23,3.65
VIL_0283,2024-07-11 00:00:00,23.18,0.0,98.2,3.75
VIL_0284,2024-07-11 00:00:00,23.15,0.0,98.21,3.74
VIL_0285,2024-07-11 00:00:00,23.13,0.0,98.21,3.73
VIL_0286,2024-07-11 00:00:00,23.13,0.0,98.2,3.8
VIL_0287,2024-07-11 00:00:00,23.16,0.0,98.19,3.82
VIL_0288,2024-07-11 00:00:00,23.18,0.0,98.19,3.8
VIL_0289,2024-07-11 00:00:00,23.18,0.0,98.19,3.84
VIL_0290,2024-07-11 00:00:00,23.17,0.0,98.19,3.87
VIL_0291,2024-07-11 00:00:00,23.18,0.0,98.18,3.94
VIL_0292,2024-07-11 00:00:00,23.2,0.0,98.17,3.98
VIL_0293,2024-07-11 00:00:00,23.2,0.0,98.17,3.93
VIL_0294,2024-07-11 00:00:00,23.22,0.0,98.16,3.95
VIL_0295,2024-07-11 00:00:00,23.21,0.0,98.16,3.9
VIL_0296,2024-07-11 00:00:00,23.21,0.0,98.17,3.76
VIL_0297,2024-07-11 00:00:00,23.22,0.0,98.17,3.72
VIL_0298,2024-07-11 00:00:00,23.17,0.0,98.36,3.82
VIL_0299,2024-07-11 00:00:00,23.16,0.0,98.3,3.86
VIL_0300,2024-07-11 00:00:00,23.17,0.0,98.3,4.02
VIL_0301,2024-07-11 00:00:00,23.17,0.0,98.33,3.97
VIL_0302,2024-07-11 00:00:00,23.18,0.0,98.36,4.11
VIL_0303,2024-07-11 00:00:00,23.17,0.0,98.38,3.96
VIL_0304,2024-07-11 00:00:00,23.24,0.0,98.14,4.07
VIL_0305,2024-07-11 00:00:00,23.24,0.0,98.15,4.17
VIL_0306,2024-07-11 00:00:00,23.22,0.0,98.16,4.05
VIL_0307,2024-07-11 00:00:00,23.21,0.0,98.17,4.04
VIL_0308,2024-07-11 00:00:00,23.24,0.0,98.15,4.17
VIL_0309,2024-07-11 00:00:00,23.25,0.0,98.14,4.26
VIL_0310,2024-07-11 00:00:00,23.2,0.0,98.37,4.27
VIL_0311,2024-07-11 00:00:00,23.21,0.0,98.37,4.36
VIL_0312,2024-07-11 00:00:00,23.22,0.0,98.34,4.49
VIL_0313,2024-07-11 00:00:00,23.22,0.0,98.35,4.51
VIL_0314,2024-07-11 00:00:00,23.17,0.0,98.25,4.61
VIL_0315,2024-07-11 00:00:00,23.22,0.0,98.38,4.46
VIL_0316,2024-07-11 00:00:00,23.17,0.0,98.25,4.62
VIL_0317,2024-07-11 00:00:00,23.2,0.0,98.23,4.76
VIL_0318,2024-07-11 00:00:00,23.22,0.0,98.21,4.83
VIL_0319,2024-07-11 00:00:00,23.23,0.0,98.21,4.84
VIL_0320,2024-07-11 00:00:00,23.07,0.0,98.39,3.39
VIL_0321,2024-07-11 00:00:00,23.17,0.0,98.27,3.66
VIL_0322,2024-07-11 00:00:00,23.1,0.0,98.36,3.41
VIL_0323,2024-07-11 00:00:00,23.17,0.0,98.26,3.63
VIL_0324,2024-07-11 00:00:00,23.17,0.0,98.19,3.6
VIL_0325,2024-07-11 00:00:00,23.14,0.0,98.29,3.56
VIL_0326,2024-07-11 00:00:00,23.09,0.0,98.42,3.53
VIL_0327,2024-07-11 00:00:00,22.77,0.0,98.73,3.81
VIL_0328,2024-07-11 00:00:00,23.11,0.0,98.22,3.59
VIL_0329,2024-07-11 00:00:00,23.01,0.0,98.41,3.6
VIL_0330,2024-07-11 00:00:00,23.11,0.0,98.21,3.64
VIL_0331,2024-07-11 00:00:00,23.16,0.0,98.12,3.66
VIL_0332,2024-07-11 00:00:00,23.19,0.0,98.02,3.6
VIL_0333,2024-07-11 00:00:00,23.19,0.0,98.04,3.61
VIL_0334,2024-07-11 00:00:00,23.17,0.0,98.18,3.65
VIL_0335,2024-07-11 00:00:00,23.17,0.0,98.12,3.67
VIL_0336,2024-07-11 00:00:00,23.16,0.0,98.2,3.73
VIL_0337,2024-07-11 00:00:00,23.22,0.0,98.21,4.85
VIL_0338,2024-07-11 00:00:00,23.25,0.0,98.19,4.95
VIL_0339,2024-07-11 00:00:00,23.23,0.0,98.2,4.87
VIL_0340,2024-07-11 00:00:00,23.27,0.0,98.17,5.01
VIL_0341,2024-07-11 00:00:00,23.25,0.0,98.18,4.93
VIL_0342,2024-07-11 00:00:00,23.33,0.0,98.11,4.74
VIL_0343,2024-07-11 00:00:00,23.34,0.0,98.1,4.83
VIL_0344,2024-07-11 00:00:00,23.36,0.0,98.08,4.95
VIL_0345,2024-07-11 00:00:00,23.39,0.0,98.06,5.17
VIL_0346,2024-07-11 00:00:00,23.36,0.0,98.08,5.01
VIL_0347,2024-07-11 00:00:00,23.34,0.0,98.09,4.88
VIL_0348,2024-07-11 00:00:00,23.31,0.0,98.12,4.64
VIL_0349,2024-07-11 00:00:00,23.3,0.0,98.13,4.52
VIL_0350,2024-07-11 00:00:00,23.27,0.0,98.15,4.34
VIL_0351,2024-07-11 00:00:00,23.24,0.0,98.17,4.17
VIL_0352,2024-07-11 00:00:00,23.22,0.0,98.19,3.98
VIL_0353,2024-07-11 00:00:00,23.26,0.0,98.18,5.0
VIL_0354,2024-07-11 00:00:00,23.3,0.0,98.15,5.17
VIL_0355,2024-07-11 00:00:00,23.37,0.0,98.1,5.46
VIL_0356,2024-07-11 00:00:00,23.3,0.0,98.15,5.15
VIL_0357,2024-07-11 00:00:00,23.33,0.0,98.12,5.31
VIL_0358,2024-07-11 00:00:00,23.29,0.0,98.15,5.13
VIL_0359,2024-07-11 00:00:00,23.32,0.0,98.13,5.25
VIL_0360,2024-07-11 00:00:00,23.36,0.0,98.11,5.39
VIL_0361,2024-07-11 00:00:00,23.42,0.0,98.06,5.69
VIL_0362,2024-07-11 00:00:00,23.44,0.0,98.05,5.78
VIL_0363,2024-07-11 00:00:00,23.37,0.0,98.11,5.72
VIL_0364,2024-07-11 00:00:00,23.41,0.0,98.08,5.86
VIL_0365,2024-07-11 00:00:00,23.32,0.0,98.17,5.82
VIL_0366,2024-07-11 00:00:00,23.28,0.0,98.19,5.95
VIL_0367,2024-07-11 00:00:00,23.17,0.0,98.3,5.97
VIL_0368,2024-07-11 00:00:00,23.05,0.0,98.4,6.26
VIL_0369,2024-07-11 00:00:00,23.25,0.0,98.21,6.06
VIL_0370,2024-07-11 00:00:00,23.47,0.0,98.02,5.89
VIL_0371,2024-07-11 00:00:00,23.46,0.0,98.03,5.96
VIL_0372,2024-07-11 00:00:00,23.46,0.0,98.03,5.85
VIL_0373,2024-07-11 00:00:00,23.5,0.0,98.0,5.99
VIL_0374,2024-07-11 00:00:00,23.39,0.0,98.06,5.18
VIL_0375,2024-07-11 00:00:00,23.38,0.0,98.08,5.47
VIL_0376,2024-07-11 00:00:00,23.43,0.0,98.05,5.69
VIL_0377,2024-07-11 00:00:00,23.44,0.0,98.05,5.73
VIL_0378,2024-07-11 00:00:00,23.43,0.0,98.0,5.8
VIL_0379,2024-07-11 00:00:00,23.33,0.0,98.07,5.56
VIL_0380,2024-07-11 00:00:00,23.26,0.0,98.1,4.93
VIL_0381,2024-07-11 00:00:00,23.43,0.0,98.04,5.48
VIL_0382,2024-07-11 00:00:00,23.39,0.0,98.06,5.2
VIL_0383,2024-07-11 00:00:00,23.32,0.0,98.08,5.29
VIL_0384,2024-07-11 00:00:00,23.3,0.0,98.12,4.56
VIL_0385,2024-07-11 00:00:00,23.32,0.0,98.1,4.71
VIL_0386,2024-07-11 00:00:00,23.28,0.0,98.13,4.44
VIL_0387,2024-07-11 00:00:00,23.24,0.0,98.16,4.16
VIL_0388,2024-07-11 00:00:00,23.24,0.0,98.14,4.21
VIL_0389,2024-07-11 00:00:00,23.27,0.0,98.12,4.39
VIL_0390,2024-07-11 00:00:00,23.27,0.0,98.11,4.43
VIL_0391,2024-07-11 00:00:00,23.23,0.0,98.13,4.15
VIL_0392,2024-07-11 00:00:00,23.22,0.0,98.12,4.08
VIL_0393,2024-07-11 00:00:00,23.16,0.0,98.12,4.22
VIL_0394,2024-07-11 00:00:00,23.12,0.0,98.22,3.66
VIL_0395,2024-07-11 00:00:00,21.43,0.0,98.37,4.49
VIL_0396,2024-07-11 00:00:00,23.1,0.0,98.24,3.54
VIL_0397,2024-07-11 00:00:00,23.1,0.0,98.15,3.48
VIL_0398,2024-07-11 00:00:00,23.1,0.0,98.05,3.48
VIL_0399,2024-07-11 00:00:00,23.1,0.0,98.1,3.45
VIL_0400,2024-07-11 00:00:00,23.11,0.0,98.07,3.53
VIL_0401,2024-07-11 00:00:00,23.1,0.0,98.07,3.5
VIL_0402,2024-07-11 00:00:00,23.1,0.0,98.0,3.5
VIL_0403,2024-07-11 00:00:00,23.1,0.0,98.1,3.45
VIL_0404,2024-07-11 00:00:00,23.09,0.0,98.23,3.36
VIL_0405,2024-07-11 00:00:00,23.09,0.0,98.54,3.09
VIL_0406,2024-07-11 00:00:00,23.1,0.0,98.18,3.42
VIL_0407,2024-07-11 00:00:00,23.09,0.0,98.42,3.25
VIL_0408,2024-07-11 00:00:00,23.1,0.0,98.42,3.33
VIL_0409,2024-07-11 00:00:00,23.09,0.0,98.53,3.31
VIL_0410,2024-07-11 00:00:00,23.1,0.0,98.47,3.39
VIL_0411,2024-07-11 00:00:00,23.11,0.0,98.42,3.46
VIL_0412,2024-07-11 00:00:00,23.12,0.0,98.39,3.55
VIL_0413,2024-07-11 00:00:00,23.12,0.0,98.37,3.62
VIL_0414,2024-07-11 00:00:00,23.14,0.0,98.35,3.72
VIL_0415,2024-07-11 00:00:00,23.16,0.0,98.32,3.86
VIL_0416,2024-07-11 00:00:00,23.16,0.0,98.28,3.87
VIL_0417,2024-07-11 00:00:00,23.11,0.0,98.29,3.48
VIL_0418,2024-07-11 00:00:00,23.1,0.0,98.29,3.4
VIL_0419,2024-07-11 00:00:00,23.11,0.0,98.18,3.52
VIL_0420,2024-07-11 00:00:00,23.12,0.0,98.15,3.59
VIL_0421,2024-07-11 00:00:00,23.14,0.0,98.22,3.71
VIL_0422,2024-07-11 00:00:00,23.14,0.0,98.17,3.73
VIL_0423,2024-07-11 00:00:00,23.14,0.0,98.17,3.76
VIL_0424,2024-07-11 00:00:00,23.21,0.0,98.11,4.38
VIL_0425,2024-07-11 00:00:00,23.18,0.0,98.1,4.23
VIL_0426,2024-07-11 00:00:00,23.21,0.0,98.1,4.46
VIL_0427,2024-07-11 00:00:00,23.15,0.0,98.26,3.83
VIL_0428,2024-07-11 00:00:00,23.12,0.0,98.28,3.56
VIL_0429,2024-07-11 00:00:00,20.13,0.0,99.04,10.47
VIL_0430,2024-07-11 00:00:00,19.7,0.0,99.0,11.49
VIL_0431,2024-07-11 00:00:00,21.97,0.0,99.2,6.42
VIL_0432,2024-07-11 00:00:00,21.84,0.0,99.53,5.22
VIL_0433,2024-07-11 00:00:00,21.87,0.0,99.72,4.43
VIL_0434,2024-07-11 00:00:00,21.95,0.0,99.85,3.76
VIL_0435,2024-07-11 00:00:00,22.0,0.0,99.94,3.36
VIL_0436,2024-07-11 00:00:00,22.0,0.0,100.0,3.21
VIL_0437,2024-07-11 00:00:00,22.09,0.0,99.71,3.57
VIL_0438,2024-07-11 00:00:00,22.51,0.0,99.04,3.83
VIL_0439,2024-07-11 00:00:00,22.58,0.0,99.05,3.93
VIL_0440,2024-07-11 00:00:00,22.0,0.0,99.84,3.72
VIL_0441,2024-07-11 00:00:00,22.73,0.0,98.29,9.51
VIL_0442,2024-07-11 00:00:00,22.68,0.0,98.25,9.83
VIL_0443,2024-07-11 00:00:00,22.44,0.0,98.36,9.71
VIL_0444,2024-07-11 00:00:00,22.72,0.0,98.24,9.82
VIL_0445,2024-07-11 00:00:00,22.83,0.0,98.18,9.89
VIL_0446,2024-07-11 00:00:00,22.91,0.0,98.14,9.96
VIL_0447,2024-07-11 00:00:00,22.98,0.0,98.09,10.15
VIL_0448,2024-07-11 00:00:00,22.99,0.0,98.08,10.14
VIL_0449,2024-07-11 00:00:00,23.1,0.0,98.0,10.4
VIL_0450,2024-07-11 00:00:00,23.04,0.0,98.04,10.3
VIL_0451,2024-07-11 00:00:00,23.0,0.0,98.09,10.13
VIL_0452,2024-07-11 00:00:00,22.99,0.0,98.08,10.18
VIL_0453,2024-07-11 00:00:00,22.48,0.0,98.59,8.41
VIL_0454,2024-07-11 00:00:00,23.18,0.0,98.15,6.48
VIL_0455,2024-07-11 00:00:00,21.94,0.0,97.66,8.13
VIL_0456,2024-07-11 00:00:00,23.02,0.0,98.23,8.26
VIL_0457,2024-07-11 00:00:00,23.02,0.0,98.24,7.95
VIL_0458,2024-07-11 00:00:00,23.03,0.0,98.25,7.54
VIL_0459,2024-07-11 00:00:00,23.05,0.0,98.25,6.87
VIL_0460,2024-07-11 00:00:00,23.03,0.0,98.21,8.54
VIL_0461,2024-07-11 00:00:00,22.73,0.0,98.29,9.4
VIL_0462,2024-07-11 00:00:00,22.71,0.0,98.28,9.51
VIL_0463,2024-07-11 00:00:00,22.56,0.0,98.36,9.37
VIL_0464,2024-07-11 00:00:00,22.82,0.0,98.22,9.67
VIL_0465,2024-07-11 00:00:00,22.83,0.0,98.22,9.61
VIL_0466,2024-07-11 00:00:00,22.81,0.0,98.21,9.76
VIL_0467,2024-07-11 00:00:00,22.66,0.0,98.28,9.65
VIL_0468,2024-07-11 00:00:00,22.48,0.0,98.38,9.42
VIL_0469,2024-07-11 00:00:00,22.39,0.0,98.43,9.37
VIL_0470,2024-07-11 00:00:00,22.31,0.0,98.44,9.48
VIL_0471,2024-07-11 00:00:00,23.22,0.0,98.12,5.91
VIL_0472,2024-07-11 00:00:00,23.06,0.0,98.25,6.54
VIL_0473,2024-07-11 00:00:00,23.03,0.0,98.26,7.53
VIL_0474,2024-07-11 00:00:00,23.09,0.0,98.27,6.51
VIL_0475,2024-07-11 00:00:00,23.13,0.0,98.26,6.31
VIL_0476,2024-07-11 00:00:00,23.11,0.0,98.29,6.47
VIL_0477,2024-07-11 00:00:00,23.03,0.0,98.32,7.26
VIL_0478,2024-07-11 00:00:00,23.03,0.0,98.28,7.63
VIL_0479,2024-07-11 00:00:00,23.02,0.0,98.24,8.27
VIL_0480,2024-07-11 00:00:00,22.84,0.0,98.23,9.54
VIL_0481,2024-07-11 00:00:00,22.84,0.0,98.23,9.51
VIL_0482,2024-07-11 00:00:00,23.0,0.0,98.31,8.11
VIL_0483,2024-07-11 00:00:00,23.02,0.0,98.34,7.46
VIL_0484,2024-07-11 00:00:00,22.96,0.0,98.4,7.57
VIL_0485,2024-07-11 00:00:00,22.73,0.0,98.37,9.01
VIL_0486,2024-07-11 00:00:00,22.87,0.0,98.22,9.62
VIL_0487,2024-07-11 00:00:00,22.88,0.0,98.59,6.22
VIL_0488,2024-07-11 00:00:00,22.97,0.0,98.53,5.52
VIL_0489,2024-07-11 00:00:00,23.11,0.0,98.37,5.4
VIL_0490,2024-07-11 00:00:00,23.21,0.0,98.25,5.35
VIL_0491,2024-07-11 00:00:00,23.04,0.0,98.41,4.85
VIL_0492,2024-07-11 00:00:00,22.98,0.0,98.51,5.06
VIL_0493,2024-07-11 00:00:00,22.76,0.0,98.79,5.39
VIL_0494,2024-07-11 00:00:00,22.13,0.0,99.34,5.22
VIL_0495,2024-07-11 00:00:00,22.07,0.0,99.67,3.98
VIL_0496,2024-07-11 00:00:00,22.64,0.0,98.98,4.24
VIL_0497,2024-07-11 00:00:00,22.4,0.0,99.35,4.18
VIL_0498,2024-07-11 00:00:00,22.66,0.0,98.95,4.61
VIL_0499,2024-07-11 00:00:00,22.84,0.0,98.68,4.66
VIL_0500,2024-07-11 00:00:00,22.95,0.0,98.48,4.25
VIL_0501,2024-07-11 00:00:00,23.03,0.0,98.36,4.33
VIL_0502,2024-07-11 00:00:00,22.7,0.0,98.39,9.09
VIL_0503,2024-07-11 00:00:00,22.85,0.0,98.57,7.18
VIL_0504,2024-07-11 00:00:00,22.74,0.0,98.77,6.38
VIL_0505,2024-07-11 00:00:00,22.8,0.0,98.69,6.41
VIL_0506,2024-07-11 00:00:00,22.24,0.0,99.01,6.67
VIL_0507,2024-07-11 00:00:00,23.19,0.0,98.24,5.02
VIL_0508,2024-07-11 00:00:00,23.12,0.0,98.27,4.65
VIL_0509,2024-07-11 00:00:00,23.14,0.0,98.25,3.86
VIL_0510,2024-07-11 00:00:00,23.16,0.0,98.22,3.86
VIL_0511,2024-07-11 00:00:00,23.16,0.0,98.25,3.98
VIL_0512,2024-07-11 00:00:00,23.19,0.0,98.22,4.97
VIL_0513,2024-07-11 00:00:00,23.17,0.0,98.27,4.04
VIL_0514,2024-07-11 00:00:00,23.21,0.0,98.28,4.44
VIL_0515,2024-07-11 00:00:00,23.2,0.0,98.29,4.32
VIL_0516,2024-07-11 00:00:00,23.26,0.0,98.25,4.78
VIL_0517,2024-07-11 00:00:00,23.32,0.0,98.14,5.26
VIL_0518,2024-07-11 00:00:00,23.3,0.0,98.16,5.14
VIL_0519,2024-07-11 00:00:00,23.26,0.0,98.18,4.97
VIL_0520,2024-07-11 00:00:00,23.25,0.0,98.3,4.66
VIL_0521,2024-07-11 00:00:00,23.24,0.0,98.28,4.64
VIL_0522,2024-07-11 00:00:00,23.21,0.0,98.32,4.38
VIL_0523,2024-07-11 00:00:00,16.79,0.0,96.55,8.49
VIL_0524,2024-07-11 00:00:00,19.05,0.0,97.7,6.66
VIL_0525,2024-07-11 00:00:00,22.93,0.0,98.87,3.22
VIL_0526,2024-07-11 00:00:00,21.98,0.0,99.05,4.2
VIL_0527,2024-07-11 00:00:00,22.04,0.0,99.25,4.09
VIL_0528,2024-07-11 00:00:00,22.68,0.0,99.5,3.55
VIL_0529,2024-07-11 00:00:00,22.69,0.0,99.49,3.52
VIL_0530,2024-07-11 00:00:00,22.8,0.0,99.25,3.34
VIL_0531,2024-07-11 00:00:00,22.91,0.0,99.06,3.1
VIL_0532,2024-07-11 00:00:00,22.85,0.0,99.17,3.21
VIL_0533,2024-07-11 00:00:00,22.94,0.0,98.88,3.14
VIL_0534,2024-07-11 00:00:00,23.02,0.0,98.86,2.87
VIL_0535,2024-07-11 00:00:00,23.01,0.0,98.73,3.07
VIL_0536,2024-07-11 00:00:00,23.03,0.0,98.64,3.07
VIL_0537,2024-07-11 00:00:00,23.04,0.0,98.48,3.2
VIL_0538,2024-07-11 00:00:00,23.08,0.0,98.36,3.3
VIL_0539,2024-07-11 00:00:00,23.06,0.0,98.69,2.88
VIL_0540,2024-07-11 00:00:00,23.05,0.0,98.79,2.81
VIL_0541,2024-07-11 00:00:00,23.07,0.0,98.88,2.64
VIL_0542,2024-07-11 00:00:00,23.07,0.0,98.97,2.54
VIL_0543,2024-07-11 00:00:00,23.09,0.0,98.97,2.48
VIL_0544,2024-07-11 00:00:00,22.97,0.0,98.98,2.93
VIL_0545,2024-07-11 00:00:00,22.91,0.0,99.14,3.03
VIL_0546,2024-07-11 00:00:00,22.76,0.0,99.44,3.35
VIL_0547,2024-07-11 00:00:00,22.72,0.0,99.52,3.45
VIL_0548,2024-07-11 00:00:00,22.65,0.0,99.65,3.59
VIL_0549,2024-07-11 00:00:00,22.64,0.0,99.62,3.59
VIL_0550,2024-07-11 00:00:00,22.62,0.0,99.7,3.63
VIL_0551,2024-07-11 00:00:00,22.61,0.0,99.47,3.64
VIL_0552,2024-07-11 00:00:00,22.59,0.0,99.46,3.67
VIL_0553,2024-07-11 00:00:00,22.15,0.0,99.04,4.09
VIL_0554,2024-07-11 00:00:00,22.53,0.0,99.25,3.79
VIL_0555,2024-07-11 00:00:00,22.59,0.0,99.58,3.69
VIL_0556,2024-07-11 00:00:00,22.51,0.0,99.2,3.82
VIL_0557,2024-07-11 00:00:00,22.6,0.0,99.73,3.69
VIL_0558,2024-07-11 00:00:00,22.6,0.0,100.0,3.7
VIL_0559,2024-07-11 00:00:00,22.61,0.0,99.94,3.68
VIL_0560,2024-07-11 00:00:00,22.62,0.0,99.91,3.66
VIL_0561,2024-07-11 00:00:00,22.7,0.0,99.62,3.47
VIL_0562,2024-07-11 00:00:00,22.96,0.0,99.13,2.83
VIL_0563,2024-07-11 00:00:00,22.9,0.0,99.2,3.0
VIL_0564,2024-07-11 00:00:00,23.0,0.0,99.05,2.73
VIL_0565,2024-07-11 00:00:00,23.03,0.0,98.96,2.73
VIL_0566,2024-07-11 00:00:00,23.09,0.0,99.0,2.44
VIL_0567,2024-07-11 00:00:00,23.1,0.0,99.0,2.4
VIL_0568,2024-07-11 00:00:00,23.06,0.0,98.82,2.73
VIL_0569,2024-07-11 00:00:00,23.07,0.0,98.92,2.6
VIL_0570,2024-07-11 00:00:00,23.09,0.0,98.62,3.07
VIL_0571,2024-07-11 00:00:00,23.08,0.0,98.64,3.06
VIL_0572,2024-07-11 00:00:00,23.08,0.0,98.75,2.95
VIL_0573,2024-07-11 00:00:00,23.08,0.0,98.67,3.07
VIL_0574,2024-07-11 00:00:00,23.08,0.0,98.67,3.14
VIL_0575,2024-07-11 00:00:00,23.05,0.0,98.86,2.75
VIL_0576,2024-07-11 00:00:00,23.02,0.0,98.83,2.89
VIL_0577,2024-07-11 00:00:00,23.02,0.0,98.87,2.86
VIL_0578,2024-07-11 00:00:00,23.01,0.0,98.91,2.83
VIL_0579,2024-07-11 00:00:00,23.03,0.0,98.86,2.81
VIL_0580,2024-07-11 00:00:00,23.07,0.0,98.94,2.59
VIL_0581,2024-07-11 00:00:00,23.09,0.0,98.99,2.45
VIL_0582,2024-07-11 00:00:00,23.01,0.0,98.93,2.83
VIL_0583,2024-07-11 00:00:00,22.97,0.0,98.98,2.89
VIL_0584,2024-07-11 00:00:00,23.0,0.0,98.98,2.8
VIL_0585,2024-07-11 00:00:00,23.03,0.0,98.97,2.7
VIL_0586,2024-07-11 00:00:00,23.05,0.0,98.98,2.63
VIL_0587,2024-07-11 00:00:00,23.05,0.0,98.95,2.66
VIL_0588,2024-07-11 00:00:00,23.08,0.0,98.63,3.12
VIL_0589,2024-07-11 00:00:00,23.06,0.0,98.98,2.56
VIL_0590,2024-07-11 00:00:00,23.09,0.0,99.0,2.44
VIL_0591,2024-07-11 00:00:00,23.04,0.0,99.01,2.62
VIL_0592,2024-07-11 00:00:00,23.01,0.0,99.04,2.73
VIL_0593,2024-07-11 00:00:00,23.07,0.0,99.01,2.5
VIL_0594,2024-07-11 00:00:00,22.9,0.0,99.21,2.98
VIL_0595,2024-07-11 00:00:00,22.9,0.0,99.2,2.99
VIL_0596,2024-07-11 00:00:00,22.9,0.0,99.13,3.01
VIL_0597,2024-07-11 00:00:00,22.92,0.0,99.12,2.96
VIL_0598,2024-07-11 00:00:00,22.89,0.0,99.17,3.0
VIL_0599,2024-07-11 00:00:00,22.89,0.0,99.12,3.0
VIL_0600,2024-07-11 00:00:00,22.89,0.0,99.13,3.0
VIL_0601,2024-07-11 00:00:00,22.85,0.0,99.21,3.11
VIL_0602,2024-07-11 00:00:00,22.85,0.0,99.25,3.08
VIL_0603,2024-07-11 00:00:00,22.82,0.0,99.26,3.18
VIL_0604,2024-07-11 00:00:00,22.81,0.0,99.21,3.21
VIL_0605,2024-07-11 00:00:00,22.8,0.0,99.25,3.25
VIL_0606,2024-07-11 00:00:00,22.73,0.0,99.38,3.42
VIL_0607,2024-07-11 00:00:00,22.75,0.0,99.41,3.34
VIL_0608,2024-07-11 00:00:00,22.83,0.0,99.32,3.13
VIL_0609,2024-07-11 00:00:00,22.75,0.0,99.49,3.32
VIL_0610,2024-07-11 00:00:00,22.78,0.0,99.44,3.29
VIL_0611,2024-07-11 00:00:00,22.68,0.0,99.61,3.5
VIL_0612,2024-07-11 00:00:00,22.68,0.0,99.56,3.52
VIL_0613,2024-07-11 00:00:00,22.66,0.0,99.53,3.57
VIL_0614,2024-07-11 00:00:00,22.68,0.0,99.27,3.52
VIL_0615,2024-07-11 00:00:00,22.62,0.0,99.34,3.63
VIL_0616,2024-07-11 00:00:00,22.61,0.0,99.72,3.67
VIL_0617,2024-07-11 00:00:00,22.61,0.0,99.9,3.67
VIL_0618,2024-07-11 00:00:00,22.75,0.0,99.17,3.4
VIL_0619,2024-07-11 00:00:00,16.41,0.0,96.4,8.83
VIL_0620,2024-07-11 00:00:00,16.32,0.0,96.36,8.92
VIL_0621,2024-07-11 00:00:00,16.2,0.0,96.32,9.03
VIL_0622,2024-07-11 00:00:00,15.72,0.0,96.09,9.43
VIL_0623,2024-07-11 00:00:00,15.94,0.0,96.04,9.11
VIL_0624,2024-07-11 00:00:00,16.78,0.0,96.54,8.49
VIL_0625,2024-07-11 00:00:00,18.86,0.0,97.58,6.82
VIL_0626,2024-07-11 00:00:00,16.0,0.0,96.14,9.11
VIL_0627,2024-07-11 00:00:00,16.17,0.0,96.26,9.03
VIL_0628,2024-07-11 00:00:00,15.56,0.0,96.05,9.61
VIL_0629,2024-07-11 00:00:00,15.71,0.0,96.1,9.47
VIL_0630,2024-07-11 00:00:00,16.07,0.0,96.21,9.14
VIL_0631,2024-07-11 00:00:00,15.86,0.0,96.14,9.34
VIL_0632,2024-07-11 00:00:00,16.02,0.0,96.18,9.18
VIL_0633,2024-07-11 00:00:00,16.45,0.0,96.32,8.79
VIL_0634,2024-07-11 00:00:00,16.11,0.0,96.22,9.1
VIL_0635,2024-07-11 00:00:00,16.5,0.0,96.23,8.83
VIL_0636,2024-07-11 00:00:00,17.12,0.0,96.33,8.32
VIL_0637,2024-07-11 00:00:00,17.24,0.0,96.6,8.11
VIL_0638,2024-07-11 00:00:00,18.73,0.0,97.2,6.87
VIL_0639,2024-07-11 00:00:00,21.76,0.0,98.73,4.39
VIL_0640,2024-07-11 00:00:00,21.93,0.0,98.75,4.26
VIL_0641,2024-07-11 00:00:00,22.18,0.0,98.93,4.09
VIL_0642,2024-07-11 00:00:00,18.96,0.0,97.24,6.65
VIL_0643,2024-07-11 00:00:00,21.64,0.0,98.54,4.44
VIL_0644,2024-07-11 00:00:00,18.27,0.0,96.97,7.23
VIL_0645,2024-07-11 00:00:00,17.96,0.0,96.85,7.49
VIL_0646,2024-07-11 00:00:00,17.9,0.0,96.49,7.71
VIL_0647,2024-07-11 00:00:00,17.83,0.0,96.44,7.77
VIL_0648,2024-07-11 00:00:00,17.85,0.0,96.43,7.75
VIL_0649,2024-07-11 00:00:00,19.08,0.0,96.37,6.64
VIL_0650,2024-07-11 00:00:00,19.78,0.0,96.42,6.08
VIL_0651,2024-07-11 00:00:00,21.7,0.0,97.05,4.55
VIL_0652,2024-07-11 00:00:00,18.67,0.0,96.55,7.11
VIL_0653,2024-07-11 00:00:00,19.47,0.0,96.42,6.31
VIL_0654,2024-07-11 00:00:00,21.94,0.0,97.16,4.33
VIL_0655,2024-07-11 00:00:00,23.32,0.0,97.34,3.98
VIL_0656,2024-07-11 00:00:00,22.09,0.0,96.94,4.41
VIL_0657,2024-07-11 00:00:00,23.39,0.0,96.96,3.53
VIL_0658,2024-07-11 00:00:00,23.39,0.0,96.82,3.4
VIL_0659,2024-07-11 00:00:00,23.23,0.0,97.19,3.5
VIL_0660,2024-07-11 00:00:00,23.24,0.0,97.25,3.4
VIL_0661,2024-07-11 00:00:00,22.18,0.0,97.75,3.99
VIL_0662,2024-07-11 00:00:00,22.73,0.0,98.63,3.6
VIL_0663,2024-07-11 00:00:00,22.8,0.0,98.52,3.49
VIL_0664,2024-07-11 00:00:00,22.61,0.0,98.79,3.71
VIL_0665,2024-07-11 00:00:00,22.49,0.0,98.94,3.88
VIL_0666,2024-07-11 00:00:00,22.54,0.0,98.96,3.8
VIL_0667,2024-07-11 00:00:00,22.49,0.0,99.1,3.85
VIL_0668,2024-07-11 00:00:00,22.44,0.0,98.98,3.95
VIL_0669,2024-07-11 00:00:00,22.37,0.0,99.01,3.99
VIL_0670,2024-07-11 00:00:00,22.41,0.0,99.0,3.99
VIL_0671,2024-07-11 00:00:00,22.83,0.0,99.11,3.2
VIL_0672,2024-07-11 00:00:00,22.87,0.0,99.13,3.05
VIL_0673,2024-07-11 00:00:00,22.86,0.0,99.14,3.09
VIL_0674,2024-07-11 00:00:00,22.85,0.0,99.15,3.12
VIL_0675,2024-07-11 00:00:00,22.86,0.0,99.11,3.12
VIL_0676,2024-07-11 00:00:00,22.87,0.0,99.11,3.08
VIL_0677,2024-07-11 00:00:00,22.87,0.0,99.09,3.09
VIL_0678,2024-07-11 00:00:00,22.86,0.0,99.07,3.13
VIL_0679,2024-07-11 00:00:00,23.28,0.02,98.86,3.17
VIL_0680,2024-07-11 00:00:00,23.32,0.02,98.82,3.2
VIL_0681,2024-07-11 00:00:00,23.34,0.02,98.77,3.22
VIL_0682,2024-07-11 00:00:00,23.4,0.03,98.72,3.26
VIL_0683,2024-07-11 00:00:00,23.4,0.03,98.74,3.27
VIL_0684,2024-07-11 00:00:00,23.49,0.03,98.66,3.34
VIL_0685,2024-07-11 00:00:00,23.61,0.04,98.55,3.44
VIL_0686,2024-07-11 00:00:00,23.51,0.03,98.61,3.35
VIL_0687,2024-07-11 00:00:00,23.45,0.04,98.56,3.64
VIL_0688,2024-07-11 00:00:00,23.88,0.04,98.13,3.67
VIL_0689,2024-07-11 00:00:00,23.89,0.05,98.14,3.68
VIL_0690,2024-07-11 00:00:00,23.92,0.05,98.14,3.73
VIL_0691,2024-07-11 00:00:00,24.23,0.06,97.68,3.88
VIL_0692,2024-07-11 00:00:00,24.19,0.06,97.63,3.81
VIL_0693,2024-07-11 00:00:00,24.28,0.07,97.72,3.96
VIL_0694,2024-07-11 00:00:00,24.32,0.07,97.76,4.02
VIL_0695,2024-07-11 00:00:00,24.41,0.09,97.95,4.22
VIL_0696,2024-07-11 00:00:00,24.46,0.09,97.97,4.26
VIL_0697,2024-07-11 00:00:00,24.49,0.1,97.99,4.29
VIL_0698,2024-07-11 00:00:00,24.49,0.1,97.99,4.29
VIL_0699,2024-07-11 00:00:00,24.45,0.09,97.93,4.24
VIL_0700,2024-07-11 00:00:00,24.34,0.08,97.77,4.05
VIL_0701,2024-07-11 00:00:00,24.24,0.07,97.84,4.06
VIL_0702,2024-07-11 00:00:00,24.22,0.06,97.57,3.84
VIL_0703,2024-07-11 00:00:00,24.16,0.05,97.47,3.75
VIL_0704,2024-07-11 00:00:00,24.4,0.09,97.94,4.21
VIL_0705,2024-07-11 00:00:00,24.35,0.08,97.79,4.17
VIL_0706,2024-07-11 00:00:00,24.23,0.06,97.61,4.05
VIL_0707,2024-07-11 00:00:00,24.15,0.05,97.51,3.99
VIL_0708,2024-07-11 00:00:00,24.15,0.05,97.47,3.96
VIL_0709,2024-07-11 00:00:00,24.4,0.08,97.86,4.18
VIL_0710,2024-07-11 00:00:00,24.27,0.06,97.64,4.0
VIL_0711,2024-07-11 00:00:00,24.18,0.04,97.47,3.87
VIL_0712,2024-07-11 00:00:00,24.22,0.04,97.51,3.9
VIL_0713,2024-07-11 00:00:00,24.29,0.06,97.66,4.01
VIL_0714,2024-07-11 00:00:00,24.34,0.07,97.76,4.09
VIL_0715,2024-07-11 00:00:00,24.29,0.06,97.68,4.01
VIL_0716,2024-07-11 00:00:00,24.27,0.06,97.65,3.98
VIL_0717,2024-07-11 00:00:00,24.21,0.04,97.52,3.89
VIL_0718,2024-07-11 00:00:00,24.16,0.03,97.4,3.79
VIL_0719,2024-07-11 00:00:00,24.23,0.05,97.58,3.92
VIL_0720,2024-07-11 00:00:00,24.31,0.04,97.25,3.52
VIL_0721,2024-07-11 00:00:00,24.19,0.04,97.49,3.84
VIL_0722,2024-07-11 00:00:00,24.15,0.03,97.44,3.77
VIL_0723,2024-07-11 00:00:00,24.28,0.03,97.14,3.39
VIL_0724,2024-07-11 00:00:00,24.15,0.03,97.39,3.76
VIL_0725,2024-07-11 00:00:00,24.12,0.03,97.36,3.7
VIL_0726,2024-07-11 00:00:00,24.26,0.02,97.06,3.3
VIL_0727,2024-07-11 00:00:00,24.26,0.02,97.05,3.26
VIL_0728,2024-07-11 00:00:00,24.25,0.02,97.01,3.21
VIL_0729,2024-07-11 00:00:00,24.14,0.02,97.22,3.7
VIL_0730,2024-07-11 00:00:00,24.15,0.01,97.1,3.63
VIL_0731,2024-07-11 00:00:00,24.16,0.0,97.06,3.62
VIL_0732,2024-07-11 00:00:00,24.17,0.0,97.05,3.62
VIL_0733,2024-07-11 00:00:00,24.2,0.0,97.0,3.6
VIL_0734,2024-07-11 00:00:00,24.13,0.0,97.07,3.6
VIL_0735,2024-07-11 00:00:00,24.17,0.0,97.03,3.6
VIL_0736,2024-07-11 00:00:00,24.18,0.0,97.03,3.61
VIL_0737,2024-07-11 00:00:00,24.15,0.0,97.07,3.6
VIL_0738,2024-07-11 00:00:00,24.08,0.0,97.04,3.47
VIL_0739,2024-07-11 00:00:00,24.13,0.02,97.25,3.69
VIL_0740,2024-07-11 00:00:00,24.11,0.02,97.28,3.66
VIL_0741,2024-07-11 00:00:00,24.11,0.01,97.21,3.63
VIL_0742,2024-07-11 00:00:00,24.1,0.01,97.15,3.57
VIL_0743,2024-07-11 00:00:00,24.09,0.01,97.21,3.58
VIL_0744,2024-07-11 00:00:00,24.24,0.01,96.99,3.21
VIL_0745,2024-07-11 00:00:00,24.05,0.0,96.92,3.05
VIL_0746,2024-07-11 00:00:00,24.06,0.0,96.95,3.07
VIL_0747,2024-07-11 00:00:00,24.08,0.0,96.98,3.02
VIL_0748,2024-07-11 00:00:00,24.05,0.0,97.0,3.18
VIL_0749,2024-07-11 00:00:00,24.05,0.0,96.99,3.23
VIL_0750,2024-07-11 00:00:00,22.82,0.0,99.11,3.25
VIL_0751,2024-07-11 00:00:00,22.81,0.0,99.07,3.27
VIL_0752,2024-07-11 00:00:00,22.91,0.0,98.63,3.29
VIL_0753,2024-07-11 00:00:00,22.84,0.0,99.07,3.19
VIL_0754,2024-07-11 00:00:00,22.86,0.0,99.01,3.17
VIL_0755,2024-07-11 00:00:00,22.87,0.0,98.99,3.15
VIL_0756,2024-07-11 00:00:00,22.85,0.0,99.0,3.19
VIL_0757,2024-07-11 00:00:00,22.95,0.0,98.54,3.26
VIL_0758,2024-07-11 00:00:00,23.03,0.0,98.35,3.16
VIL_0759,2024-07-11 00:00:00,23.02,0.0,98.35,3.2
VIL_0760,2024-07-11 00:00:00,23.23,0.02,98.69,3.51
VIL_0761,2024-07-11 00:00:00,23.19,0.02,98.7,3.47
VIL_0762,2024-07-11 00:00:00,23.3,0.03,98.57,3.47
VIL_0763,2024-07-11 00:00:00,22.8,0.0,98.73,3.42
VIL_0764,2024-07-11 00:00:00,22.94,0.0,98.51,3.21
VIL_0765,2024-07-11 00:00:00,22.96,0.0,98.42,3.16
VIL_0766,2024-07-11 00:00:00,23.01,0.0,98.3,3.08
VIL_0767,2024-07-11 00:00:00,23.07,0.0,98.14,3.06
VIL_0768,2024-07-11 00:00:00,23.07,0.0,98.08,3.13
VIL_0769,2024-07-11 00:00:00,23.24,0.0,97.89,2.8
VIL_0770,2024-07-11 00:00:00,23.24,0.0,98.02,2.67
VIL_0771,2024-07-11 00:00:00,23.3,0.0,98.0,2.5
VIL_0772,2024-07-11 00:00:00,23.23,0.0,98.06,2.66
VIL_0773,2024-07-11 00:00:00,23.06,0.0,98.29,3.01
VIL_0774,2024-07-11 00:00:00,23.04,0.0,98.33,3.08
VIL_0775,2024-07-11 00:00:00,23.13,0.0,98.13,2.97
VIL_0776,2024-07-11 00:00:00,23.17,0.0,98.11,2.85
VIL_0777,2024-07-11 00:00:00,23.22,0.0,98.01,2.76
VIL_0778,2024-07-11 00:00:00,23.29,0.0,97.99,2.55
VIL_0779,2024-07-11 00:00:00,23.29,0.0,97.9,2.63
VIL_0780,2024-07-11 00:00:00,23.29,0.0,97.9,2.62
VIL_0781,2024-07-11 00:00:00,23.36,0.0,97.25,3.05
VIL_0782,2024-07-11 00:00:00,23.36,0.0,97.12,3.18
VIL_0783,2024-07-11 00:00:00,23.36,0.0,97.01,3.28
VIL_0784,2024-07-11 00:00:00,23.28,0.0,97.54,3.0
VIL_0785,2024-07-11 00:00:00,23.25,0.0,97.41,3.2
VIL_0786,2024-07-11 00:00:00,23.19,0.0,97.57,3.2
VIL_0787,2024-07-11 00:00:00,23.51,0.02,97.77,3.32
VIL_0788,2024-07-11 00:00:00,23.09,0.0,98.17,3.12
VIL_0789,2024-07-11 00:00:00,23.14,0.0,98.05,3.02
VIL_0790,2024-07-11 00:00:00,23.19,0.0,97.97,2.94
VIL_0791,2024-07-11 00:00:00,23.24,0.0,97.68,2.98
VIL_0792,2024-07-11 00:00:00,23.3,0.0,97.61,2.88
VIL_0793,2024-07-11 00:00:00,23.48,0.0,97.06,3.09
VIL_0794,2024-07-11 00:00:00,23.45,0.0,97.23,3.06
VIL_0795,2024-07-11 00:00:00,23.44,0.0,97.35,3.05
VIL_0796,2024-07-11 00:00:00,23.48,0.0,97.15,3.19
VIL_0797,2024-07-11 00:00:00,23.49,0.0,97.17,3.25
VIL_0798,2024-07-11 00:00:00,23.5,0.0,97.21,3.25
VIL_0799,2024-07-11 00:00:00,23.89,0.02,97.28,3.38
VIL_0800,2024-07-11 00:00:00,23.71,0.01,97.36,3.12
VIL_0801,2024-07-11 00:00:00,23.86,0.03,97.44,3.33
VIL_0802,2024-07-11 00:00:00,23.96,0.04,97.48,3.48
VIL_0803,2024-07-11 00:00:00,24.03,0.03,97.3,3.56
VIL_0804,2024-07-11 00:00:00,23.95,0.03,97.27,3.86
VIL_0805,2024-07-11 00:00:00,23.97,0.03,97.28,3.85
VIL_0806,2024-07-11 00:00:00,23.99,0.02,97.25,3.82
VIL_0807,2024-07-11 00:00:00,23.89,0.02,97.2,3.81
VIL_0808,2024-07-11 00:00:00,23.6,0.0,97.15,3.5
VIL_0809,2024-07-11 00:00:00,23.54,0.0,97.15,3.39
VIL_0810,2024-07-11 00:00:00,23.53,0.0,97.11,3.46
VIL_0811,2024-07-11 00:00:00,23.48,0.0,96.99,3.48
VIL_0812,2024-07-11 00:00:00,23.51,0.0,96.74,3.4
VIL_0813,2024-07-11 00:00:00,23.43,0.0,96.86,3.55
VIL_0814,2024-07-11 00:00:00,23.28,0.0,97.04,3.72
VIL_0815,2024-07-11 00:00:00,23.32,0.0,96.97,3.66
VIL_0816,2024-07-11 00:00:00,23.34,0.0,97.05,3.6
VIL_0817,2024-07-11 00:00:00,23.41,0.0,96.81,3.54
VIL_0818,2024-07-11 00:00:00,23.67,0.0,96.08,3.31
VIL_0819,2024-07-11 00:00:00,23.63,0.0,96.23,3.32
VIL_0820,2024-07-11 00:00:00,23.41,0.0,96.8,3.35
VIL_0821,2024-07-11 00:00:00,23.67,0.0,96.12,3.31
VIL_0822,2024-07-11 00:00:00,23.49,0.0,96.75,3.18
VIL_0823,2024-07-11 00:00:00,23.56,0.0,96.59,3.32
VIL_0824,2024-07-11 00:00:00,23.92,0.03,97.42,3.41
VIL_0825,2024-07-11 00:00:00,24.25,0.02,96.91,3.03
VIL_0826,2024-07-11 00:00:00,24.25,0.02,96.91,3.03
VIL_0827,2024-07-11 00:00:00,24.24,0.01,96.95,3.09
VIL_0828,2024-07-11 00:00:00,24.26,0.02,96.99,3.15
VIL_0829,2024-07-11 00:00:00,24.24,0.01,96.84,2.92
VIL_0830,2024-07-11 00:00:00,24.15,0.0,96.81,3.06
VIL_0831,2024-07-11 00:00:00,24.23,0.01,96.86,2.94
VIL_0832,2024-07-11 00:00:00,24.14,0.0,96.78,3.07
VIL_0833,2024-07-11 00:00:00,24.14,0.0,96.73,2.98
VIL_0834,2024-07-11 00:00:00,24.13,0.0,96.75,3.05
VIL_0835,2024-07-11 00:00:00,24.13,0.0,96.72,3.03
VIL_0836,2024-07-11 00:00:00,24.13,0.0,96.75,3.07
VIL_0837,2024-07-11 00:00:00,24.16,0.0,96.85,3.0
VIL_0838,2024-07-11 00:00:00,24.15,0.0,96.79,2.97
VIL_0839,2024-07-11 00:00:00,24.15,0.0,96.69,2.84
VIL_0840,2024-07-11 00:00:00,24.14,0.0,96.75,2.98
VIL_0841,2024-07-11 00:00:00,24.15,0.0,96.66,2.86
VIL_0842,2024-07-11 00:00:00,24.15,0.0,96.57,2.75
VIL_0843,2024-07-11 00:00:00,24.14,0.0,96.65,2.88
VIL_0844,2024-07-11 00:00:00,24.14,0.0,96.54,2.72
VIL_0845,2024-07-11 00:00:00,24.15,0.0,96.43,2.56
VIL_0846,2024-07-11 00:00:00,24.13,0.0,96.67,2.96
VIL_0847,2024-07-11 00:00:00,24.13,0.0,96.62,2.88
VIL_0848,2024-07-11 00:00:00,24.14,0.0,96.56,2.79
VIL_0849,2024-07-11 00:00:00,24.14,0.0,96.44,2.62
VIL_0850,2024-07-11 00:00:00,24.13,0.0,96.55,2.81
VIL_0851,2024-07-11 00:00:00,24.12,0.0,96.58,2.88
VIL_0852,2024-07-11 00:00:00,24.13,0.0,96.48,2.73
VIL_0853,2024-07-11 00:00:00,24.11,0.0,96.51,3.02
VIL_0854,2024-07-11 00:00:00,24.11,0.0,96.56,3.16
VIL_0855,2024-07-11 00:00:00,24.1,0.0,96.58,3.32
VIL_0856,2024-07-11 00:00:00,24.1,0.0,96.59,3.39
VIL_0857,2024-07-11 00:00:00,24.1,0.0,96.57,3.29
VIL_0858,2024-07-11 00:00:00,24.11,0.0,96.53,3.12
VIL_0859,2024-07-11 00:00:00,24.09,0.0,96.59,3.35
VIL_0860,2024-07-11 00:00:00,24.17,0.0,96.43,2.48
VIL_0861,2024-07-11 00:00:00,24.18,0.0,96.17,2.17
VIL_0862,2024-07-11 00:00:00,24.18,0.0,96.15,2.13
VIL_0863,2024-07-11 00:00:00,24.16,0.0,96.42,2.5
VIL_0864,2024-07-11 00:00:00,24.17,0.0,96.24,2.29
VIL_0865,2024-07-11 00:00:00,24.2,0.0,96.01,1.92
VIL_0866,2024-07-11 00:00:00,24.1,0.0,96.5,2.88
VIL_0867,2024-07-11 00:00:00,24.06,0.0,96.66,3.23
VIL_0868,2024-07-11 00:00:00,24.11,0.0,96.41,2.75
VIL_0869,2024-07-11 00:00:00,24.16,0.0,96.29,2.4
VIL_0870,2024-07-11 00:00:00,24.15,0.0,96.28,2.48
VIL_0871,2024-07-11 00:00:00,24.07,0.0,96.64,3.31
VIL_0872,2024-07-11 00:00:00,24.11,0.0,96.47,2.92
VIL_0873,2024-07-11 00:00:00,24.08,0.0,96.6,3.26
VIL_0874,2024-07-11 00:00:00,24.02,0.0,96.84,3.93
VIL_0875,2024-07-11 00:00:00,24.04,0.0,96.68,4.88
VIL_0876,2024-07-11 00:00:00,23.95,0.0,97.09,4.5
VIL_0877,2024-07-11 00:00:00,24.02,0.0,96.77,5.14
VIL_0878,2024-07-11 00:00:00,24.08,0.0,96.57,5.39
VIL_0879,2024-07-11 00:00:00,24.07,0.0,96.6,5.49
VIL_0880,2024-07-11 00:00:00,24.05,0.0,96.75,3.1
VIL_0881,2024-07-11 00:00:00,23.92,0.0,97.15,4.13
VIL_0882,2024-07-11 00:00:00,23.78,0.0,97.67,5.39
VIL_0883,2024-07-11 00:00:00,23.86,0.0,97.35,4.47
VIL_0884,2024-07-11 00:00:00,23.76,0.0,97.7,5.39
VIL_0885,2024-07-11 00:00:00,23.7,0.0,98.0,6.19
VIL_0886,2024-07-11 00:00:00,23.74,0.0,97.85,5.87
VIL_0887,2024-07-11 00:00:00,23.95,0.0,97.06,4.22
VIL_0888,2024-07-11 00:00:00,23.83,0.0,97.55,5.25
VIL_0889,2024-07-11 00:00:00,23.81,0.0,97.61,5.41
VIL_0890,2024-07-11 00:00:00,23.9,0.0,97.28,4.86
VIL_0891,2024-07-11 00:00:00,23.92,0.0,97.23,4.86
VIL_0892,2024-07-11 00:00:00,23.76,0.0,97.67,5.28
VIL_0893,2024-07-11 00:00:00,23.91,0.0,97.31,4.83
VIL_0894,2024-07-11 00:00:00,24.16,0.0,96.8,2.89
VIL_0895,2024-07-11 00:00:00,24.03,0.0,96.87,3.22
VIL_0896,2024-07-11 00:00:00,24.16,0.0,96.68,2.75
VIL_0897,2024-07-11 00:00:00,24.07,0.0,96.66,3.57
VIL_0898,2024-07-11 00:00:00,24.08,0.0,96.54,4.69
VIL_0899,2024-07-11 00:00:00,24.1,0.0,96.47,4.87
VIL_0900,2024-07-11 00:00:00,24.14,0.0,96.37,5.57
VIL_0901,2024-07-11 00:00:00,24.12,0.0,96.41,5.07
VIL_0902,2024-07-11 00:00:00,24.11,0.0,96.42,4.75
VIL_0903,2024-07-11 00:00:00,24.12,0.0,96.41,4.86
VIL_0904,2024-07-11 00:00:00,24.13,0.0,96.39,5.15
VIL_0905,2024-07-11 00:00:00,24.14,0.0,96.35,5.54
VIL_0906,2024-07-11 00:00:00,24.14,0.0,96.35,5.55
VIL_0907,2024-07-11 00:00:00,24.13,0.0,96.37,5.43
VIL_0908,2024-07-11 00:00:00,24.14,0.0,96.34,5.63
VIL_0909,2024-07-11 00:00:00,24.1,0.0,96.47,5.33
VIL_0910,2024-07-11 00:00:00,24.09,0.0,96.51,5.37
VIL_0911,2024-07-11 00:00:00,24.14,0.0,96.33,5.72
VIL_0912,2024-07-11 00:00:00,24.13,0.0,96.4,5.5
VIL_0913,2024-07-11 00:00:00,24.18,0.0,96.21,6.14
VIL_0914,2024-07-11 00:00:00,24.17,0.0,96.26,6.04
VIL_0915,2024-07-11 00:00:00,24.19,0.0,96.22,6.3
VIL_0916,2024-07-11 00:00:00,24.16,0.0,96.29,5.91
VIL_0917,2024-07-11 00:00:00,24.19,0.0,96.22,6.37
VIL_0918,2024-07-11 00:00:00,24.21,0.0,96.16,6.65
VIL_0919,2024-07-11 00:00:00,24.17,0.0,96.27,6.03
VIL_0920,2024-07-11 00:00:00,24.16,0.0,96.29,5.9
VIL_0921,2024-07-11 00:00:00,24.21,0.0,96.13,6.74
VIL_0922,2024-07-11 00:00:00,24.22,0.0,96.08,6.75
VIL_0923,2024-07-11 00:00:00,24.23,0.0,96.08,7.13
VIL_0924,2024-07-11 00:00:00,24.24,0.0,96.08,7.4
VIL_0925,2024-07-11 00:00:00,24.14,0.0,96.31,5.66
VIL_0926,2024-07-11 00:00:00,24.16,0.0,96.26,5.68
VIL_0927,2024-07-11 00:00:00,24.18,0.0,96.14,5.68
VIL_0928,2024-07-11 00:00:00,24.2,0.0,96.08,5.79
VIL_0929,2024-07-11 00:00:00,24.21,0.0,96.03,5.69
VIL_0930,2024-07-11 00:00:00,24.21,0.0,96.03,5.4
VIL_0931,2024-07-11 00:00:00,24.2,0.0,96.06,5.46
VIL_0932,2024-07-11 00:00:00,24.18,0.0,96.15,5.61
VIL_0933,2024-07-11 00:00:00,24.17,0.0,96.23,5.84
VIL_0934,2024-07-11 00:00:00,24.19,0.0,96.18,6.01
VIL_0935,2024-07-11 00:00:00,24.19,0.0,96.12,5.79
VIL_0936,2024-07-11 00:00:00,24.21,0.0,96.09,6.18
VIL_0937,2024-07-11 00:00:00,24.22,0.0,96.03,5.91
VIL_0938,2024-07-11 00:00:00,24.2,0.0,96.07,5.48
VIL_0939,2024-07-11 00:00:00,24.2,0.0,96.02,5.16
VIL_0940,2024-07-11 00:00:00,24.2,0.0,96.0,4.86
VIL_0941,2024-07-11 00:00:00,24.22,0.0,96.01,5.98
VIL_0942,2024-07-11 00:00:00,24.21,0.0,96.01,5.4
VIL_0943,2024-07-11 00:00:00,24.2,0.0,96.13,6.08
VIL_0944,2024-07-11 00:00:00,24.2,0.0,96.13,6.23
VIL_0945,2024-07-11 00:00:00,24.2,0.0,96.13,6.33
VIL_0946,2024-07-11 00:00:00,24.21,0.0,96.1,6.45
VIL_0947,2024-07-11 00:00:00,24.21,0.0,96.14,6.51
VIL_0948,2024-07-11 00:00:00,24.22,0.0,96.1,6.6
VIL_0949,2024-07-11 00:00:00,24.23,0.0,96.07,6.62
VIL_0950,2024-07-11 00:00:00,24.22,0.0,96.06,6.26
VIL_0951,2024-07-11 00:00:00,24.24,0.0,96.03,6.68
VIL_0952,2024-07-11 00:00:00,24.25,0.0,96.03,7.43
VIL_0953,2024-07-11 00:00:00,24.23,0.0,96.07,6.89
VIL_0954,2024-07-11 00:00:00,24.24,0.0,96.04,7.15
VIL_0955,2024-07-11 00:00:00,24.25,0.0,96.05,7.42
VIL_0956,2024-07-11 00:00:00,24.26,0.0,96.05,7.72
VIL_0957,2024-07-11 00:00:00,24.25,0.0,96.06,7.55
VIL_0958,2024-07-11 00:00:00,24.24,0.0,96.08,7.29
VIL_0959,2024-07-11 00:00:00,24.24,0.0,96.07,7.24
VIL_0960,2024-07-11 00:00:00,24.23,0.0,96.09,6.99
VIL_0961,2024-07-11 00:00:00,24.23,0.0,96.09,7.13
VIL_0962,2024-07-11 00:00:00,24.23,0.0,96.1,7.15
VIL_0963,2024-07-11 00:00:00,24.23,0.0,96.1,7.05
VIL_0964,2024-07-11 00:00:00,24.22,0.0,96.12,7.01
VIL_0965,2024-07-11 00:00:00,24.23,0.0,96.11,7.12
VIL_0966,2024-07-11 00:00:00,24.22,0.0,96.13,6.93
VIL_0967,2024-07-11 00:00:00,24.21,0.0,96.13,6.85
VIL_0968,2024-07-11 00:00:00,24.21,0.0,96.14,6.76
VIL_0969,2024-07-11 00:00:00,24.22,0.0,96.12,6.9
VIL_0970,2024-07-11 00:00:00,24.22,0.0,96.12,6.8
VIL_0971,2024-07-11 00:00:00,24.21,0.0,96.12,6.66
VIL_0972,2024-07-11 00:00:00,24.22,0.0,96.1,6.78
VIL_0973,2024-07-11 00:00:00,24.15,0.03,97.35,3.78
VIL_0974,2024-07-11 00:00:00,24.14,0.02,97.26,3.73
VIL_0975,2024-07-11 00:00:00,24.11,0.02,97.25,3.72
VIL_0976,2024-07-11 00:00:00,24.04,0.02,97.23,3.8
VIL_0977,2024-07-11 00:00:00,24.05,0.01,97.14,3.72
VIL_0978,2024-07-11 00:00:00,24.13,0.0,97.1,3.64
VIL_0979,2024-07-11 00:00:00,24.06,0.0,97.05,3.62
VIL_0980,2024-07-11 00:00:00,23.92,0.01,97.15,3.75
VIL_0981,2024-07-11 00:00:00,23.8,0.01,97.16,3.79
VIL_0982,2024-07-11 00:00:00,23.72,0.0,97.13,3.69
VIL_0983,2024-07-11 00:00:00,23.43,0.0,97.14,3.64
VIL_0984,2024-07-11 00:00:00,23.51,0.0,97.2,3.67
VIL_0985,2024-07-11 00:00:00,23.67,0.0,97.2,3.73
VIL_0986,2024-07-11 00:00:00,23.28,0.0,97.4,3.9
VIL_0987,2024-07-11 00:00:00,23.23,0.0,97.31,3.82
VIL_0988,2024-07-11 00:00:00,22.97,0.0,97.67,4.09
VIL_0989,2024-07-11 00:00:00,23.9,0.0,97.13,3.66
VIL_0990,2024-07-11 00:00:00,23.55,0.0,97.34,3.8
VIL_0991,2024-07-11 00:00:00,22.98,0.0,97.74,4.11
VIL_0992,2024-07-11 00:00:00,22.95,0.0,97.78,4.12
VIL_0993,2024-07-11 00:00:00,22.82,0.0,97.89,4.21
VIL_0994,2024-07-11 00:00:00,22.75,0.0,97.94,4.26
VIL_0995,2024-07-11 00:00:00,22.78,0.0,97.9,4.23
VIL_0996,2024-07-11 00:00:00,22.93,0.0,97.71,4.11
VIL_0997,2024-07-11 00:00:00,23.1,0.0,97.44,3.95
VIL_0998,2024-07-11 00:00:00,23.28,0.0,97.5,4.11
VIL_0999,2024-07-11 00:00:00,23.25,0.0,97.33,3.83
VIL_1000,2024-07-11 00:00:00,22.98,0.0,97.72,4.07
VIL_1001,2024-07-11 00:00:00,23.1,0.0,97.66,3.99
VIL_1002,2024-07-11 00:00:00,23.33,0.0,97.46,3.77
VIL_1003,2024-07-11 00:00:00,23.49,0.0,97.38,4.32
VIL_1004,2024-07-11 00:00:00,23.73,0.0,97.47,4.56
VIL_1005,2024-07-11 00:00:00,23.53,0.0,97.46,4.01
VIL_1006,2024-07-11 00:00:00,23.86,0.0,97.28,4.12
VIL_1007,2024-07-11 00:00:00,23.83,0.0,97.14,3.17
VIL_1008,2024-07-11 00:00:00,23.66,0.0,97.33,3.69
VIL_1009,2024-07-11 00:00:00,23.94,0.0,97.09,3.09
VIL_1010,2024-07-11 00:00:00,23.84,0.0,97.16,3.23
VIL_1011,2024-07-11 00:00:00,23.58,0.0,97.33,3.47
VIL_1012,2024-07-11 00:00:00,23.23,0.0,97.57,3.92
VIL_1013,2024-07-11 00:00:00,23.55,0.0,97.35,3.67
VIL_1014,2024-07-11 00:00:00,23.84,0.0,97.17,3.3
VIL_1015,2024-07-11 00:00:00,23.98,0.0,97.09,3.34
VIL_1016,2024-07-11 00:00:00,23.89,0.0,97.15,3.4
VIL_1017,2024-07-11 00:00:00,23.61,0.0,97.32,3.72
VIL_1018,2024-07-11 00:00:00,23.43,0.0,97.43,3.83
VIL_1019,2024-07-11 00:00:00,23.94,0.0,97.12,3.62
VIL_1020,2024-07-11 00:00:00,24.05,0.0,97.02,3.09
VIL_1021,2024-07-11 00:00:00,24.05,0.0,97.04,3.03
VIL_1022,2024-07-11 00:00:00,24.13,0.0,97.0,2.88
VIL_1023,2024-07-11 00:00:00,24.04,0.0,97.05,3.12
VIL_1024,2024-07-11 00:00:00,24.2,0.0,97.0,2.8
VIL_1025,2024-07-11 00:00:00,24.15,0.0,96.95,2.83
VIL_1026,2024-07-11 00:00:00,24.18,0.0,96.87,2.83
VIL_1027,2024-07-11 00:00:00,24.19,0.0,96.96,2.83
VIL_1028,2024-07-11 00:00:00,24.18,0.0,96.95,2.88
VIL_1029,2024-07-11 00:00:00,24.05,0.0,96.99,3.16
VIL_1030,2024-07-11 00:00:00,16.42,0.0,96.38,8.81
VIL_1031,2024-07-11 00:00:00,23.22,0.0,98.37,4.5
VIL_0001,2024-07-11 06:00:00,27.94,0.02,79.26,10.19
VIL_0002,2024-07-11 06:00:00,27.94,0.02,79.32,10.24
VIL_0003,2024-07-11 06:00:00,27.93,0.01,79.47,10.37
VIL_0004,2024-07-11 06:00:00,27.93,0.01,79.44,10.34
VIL_0005,2024-07-11 06:00:00,27.92,0.01,79.56,10.45
VIL_0006,2024-07-11 06:00:00,27.91,0.01,79.67,10.55
VIL_0007,2024-07-11 06:00:00,27.91,0.0,79.8,10.69
VIL_0008,2024-07-11 06:00:00,27.93,0.01,79.35,10.25
VIL_0009,2024-07-11 06:00:00,27.9,0.0,79.95,10.85
VIL_0010,2024-07-11 06:00:00,27.9,0.0,79.96,10.86
VIL_0011,2024-07-11 06:00:00,27.91,0.01,79.67,10.54
VIL_0012,2024-07-11 06:00:00,27.92,0.01,79.42,10.28
VIL_0013,2024-07-11 06:00:00,27.94,0.02,79.16,10.04
VIL_0014,2024-07-11 06:00:00,27.9,0.0,79.74,10.6
VIL_0015,2024-07-11 06:00:00,27.93,0.02,79.19,10.04
VIL_0016,2024-07-11 06:00:00,27.9,0.0,80.0,10.89
VIL_0017,2024-07-11 06:00:00,27.9,0.0,79.85,10.72
VIL_0018,2024-07-11 06:00:00,27.91,0.01,79.42,10.24
VIL_0019,2024-07-11 06:00:00,27.89,0.01,79.18,9.9
VIL_0020,2024-07-11 06:00:00,27.96,0.03,78.79,9.68
VIL_0021,2024-07-11 06:00:00,27.95,0.03,78.72,9.56
VIL_0022,2024-07-11 06:00:00,27.93,0.03,78.68,9.43
VIL_0023,2024-07-11 06:00:00,28.04,0.05,78.06,9.07
VIL_0024,2024-07-11 06:00:00,27.88,0.02,78.83,9.43
VIL_0025,2024-07-11 06:00:00,28.0,0.05,78.21,9.04
VIL_0026,2024-07-11 06:00:00,27.91,0.03,78.6,9.21
VIL_0027,2024-07-11 06:00:00,28.1,0.09,77.49,8.44
VIL_0028,2024-07-11 06:00:00,28.02,0.07,77.99,8.8
VIL_0029,2024-07-11 06:00:00,27.89,0.0,79.64,10.44
VIL_0030,2024-07-11 06:00:00,27.86,0.01,79.28,9.93
VIL_0031,2024-07-11 06:00:00,27.81,0.0,79.0,9.44
VIL_0032,2024-07-11 06:00:00,27.85,0.01,79.05,9.61
VIL_0033,2024-07-11 06:00:00,27.8,0.0,78.99,9.4
VIL_0034,2024-07-11 06:00:00,27.82,0.01,78.95,9.4
VIL_0035,2024-07-11 06:00:00,27.83,0.01,78.9,9.36
VIL_0036,2024-07-11 06:00:00,27.93,0.05,78.43,8.99
VIL_0037,2024-07-11 06:00:00,27.87,0.03,78.71,9.21
VIL_0038,2024-07-11 06:00:00,27.92,0.05,78.47,8.99
VIL_0039,2024-07-11 06:00:00,27.96,0.07,78.25,8.77
VIL_0040,2024-07-11 06:00:00,27.93,0.05,78.43,8.95
VIL_0041,2024-07-11 06:00:00,27.99,0.09,78.11,8.59
VIL_0042,2024-07-11 06:00:00,28.06,0.15,77.66,7.97
VIL_0043,2024-07-11 06:00:00,28.03,0.13,77.86,8.18
VIL_0044,2024-07-11 06:00:00,27.97,0.08,78.2,8.69
VIL_0045,2024-07-11 06:00:00,28.01,0.11,77.96,8.4
VIL_0046,2024-07-11 06:00:00,28.06,0.12,77.65,8.19
VIL_0047,2024-07-11 06:00:00,28.16,0.11,77.12,8.15
VIL_0048,2024-07-11 06:00:00,28.06,0.14,77.65,8.01
VIL_0049,2024-07-11 06:00:00,28.04,0.18,77.77,7.73
VIL_0050,2024-07-11 06:00:00,28.04,0.17,77.77,7.79
VIL_0051,2024-07-11 06:00:00,28.04,0.15,77.77,7.96
VIL_0052,2024-07-11 06:00:00,28.1,0.17,77.45,7.79
VIL_0053,2024-07-11 06:00:00,28.04,0.19,77.76,7.65
VIL_0054,2024-07-11 06:00:00,28.34,0.12,75.96,7.69
VIL_0055,2024-07-11 06:00:00,28.23,0.14,76.62,7.75
VIL_0056,2024-07-11 06:00:00,28.14,0.18,77.21,7.64
VIL_0057,2024-07-11 06:00:00,28.0,0.2,77.98,7.6
VIL_0058,2024-07-11 06:00:00,28.02,0.2,77.89,7.61
VIL_0059,2024-07-11 06:00:00,28.02,0.2,77.88,7.62
VIL_0060,2024-07-11 06:00:00,28.07,0.19,77.62,7.68
VIL_0061,2024-07-11 06:00:00,28.12,0.18,77.34,7.73
VIL_0062,2024-07-11 06:00:00,28.04,0.19,77.77,7.61
VIL_0063,2024-07-11 06:00:00,28.26,0.17,76.5,7.52
VIL_0064,2024-07-11 06:00:00,28.49,0.14,75.11,7.42
VIL_0065,2024-07-11 06:00:00,28.79,0.13,73.32,7.04
VIL_0066,2024-07-11 06:00:00,28.85,0.12,71.58,6.94
VIL_0067,2024-07-11 06:00:00,28.68,0.14,73.95,7.13
VIL_0068,2024-07-11 06:00:00,28.79,0.13,72.27,7.03
VIL_0069,2024-07-11 06:00:00,28.57,0.15,74.65,7.27
VIL_0070,2024-07-11 06:00:00,28.47,0.15,75.35,7.46
VIL_0071,2024-07-11 06:00:00,28.27,0.17,76.48,7.55
VIL_0072,2024-07-11 06:00:00,28.22,0.18,76.79,7.62
VIL_0073,2024-07-11 06:00:00,28.06,0.19,77.69,7.62
VIL_0074,2024-07-11 06:00:00,28.06,0.19,77.66,7.65
VIL_0075,2024-07-11 06:00:00,28.1,0.19,77.44,7.66
VIL_0076,2024-07-11 06:00:00,28.24,0.17,76.77,7.78
VIL_0077,2024-07-11 06:00:00,28.22,0.17,76.84,7.73
VIL_0078,2024-07-11 06:00:00,28.13,0.18,77.28,7.67
VIL_0079,2024-07-11 06:00:00,28.26,0.17,76.62,7.75
VIL_0080,2024-07-11 06:00:00,28.25,0.17,76.66,7.66
VIL_0081,2024-07-11 06:00:00,28.51,0.15,75.18,7.61
VIL_0082,2024-07-11 06:00:00,28.59,0.14,73.28,7.78
VIL_0083,2024-07-11 06:00:00,28.6,0.13,73.26,8.17
VIL_0084,2024-07-11 06:00:00,28.51,0.14,73.89,8.05
VIL_0085,2024-07-11 06:00:00,28.55,0.14,73.67,8.28
VIL_0086,2024-07-11 06:00:00,28.59,0.13,73.51,8.54
VIL_0087,2024-07-11 06:00:00,28.5,0.15,75.44,7.95
VIL_0088,2024-07-11 06:00:00,29.08,0.11,70.52,6.53
VIL_0089,2024-07-11 06:00:00,29.17,0.11,70.43,6.38
VIL_0090,2024-07-11 06:00:00,29.22,0.1,70.15,6.27
VIL_0091,2024-07-11 06:00:00,29.26,0.1,70.1,6.19
VIL_0092,2024-07-11 06:00:00,29.18,0.1,70.25,6.38
VIL_0093,2024-07-11 06:00:00,29.15,0.1,70.2,6.43
VIL_0094,2024-07-11 06:00:00,28.8,0.11,70.41,7.2
VIL_0095,2024-07-11 06:00:00,28.41,0.09,69.61,7.84
VIL_0096,2024-07-11 06:00:00,28.93,0.11,70.44,6.85
VIL_0097,2024-07-11 06:00:00,28.71,0.11,70.35,7.29
VIL_0098,2024-07-11 06:00:00,26.2,0.08,67.85,11.02
VIL_0099,2024-07-11 06:00:00,27.72,0.09,69.18,8.93
VIL_0100,2024-07-11 06:00:00,28.63,0.14,73.19,7.38
VIL_0101,2024-07-11 06:00:00,28.74,0.13,72.4,7.37
VIL_0102,2024-07-11 06:00:00,28.92,0.11,71.36,7.0
VIL_0103,2024-07-11 06:00:00,28.98,0.11,70.83,6.99
VIL_0104,2024-07-11 06:00:00,28.5,0.11,70.86,8.2
VIL_0105,2024-07-11 06:00:00,28.76,0.11,72.1,9.33
VIL_0106,2024-07-11 06:00:00,28.77,0.11,72.12,9.07
VIL_0107,2024-07-11 06:00:00,28.75,0.11,71.86,8.42
VIL_0108,2024-07-11 06:00:00,28.82,0.11,71.21,7.62
VIL_0109,2024-07-11 06:00:00,28.76,0.12,71.97,8.11
VIL_0110,2024-07-11 06:00:00,28.78,0.12,71.88,7.7
VIL_0111,2024-07-11 06:00:00,28.67,0.13,72.71,7.96
VIL_0112,2024-07-11 06:00:00,28.68,0.12,72.85,8.51
VIL_0113,2024-07-11 06:00:00,28.73,0.12,72.41,8.41
VIL_0114,2024-07-11 06:00:00,28.78,0.11,72.29,8.9
VIL_0115,2024-07-11 06:00:00,28.79,0.12,72.6,9.0
VIL_0116,2024-07-11 06:00:00,28.75,0.12,72.8,8.92
VIL_0117,2024-07-11 06:00:00,28.69,0.12,73.1,8.82
VIL_0118,2024-07-11 06:00:00,28.84,0.12,72.82,9.33
VIL_0119,2024-07-11 06:00:00,28.86,0.11,72.55,9.37
VIL_0120,2024-07-11 06:00:00,28.97,0.11,72.68,9.76
VIL_0121,2024-07-11 06:00:00,28.95,0.11,72.58,9.74
VIL_0122,2024-07-11 06:00:00,28.98,0.11,72.78,9.8
VIL_0123,2024-07-11 06:00:00,26.45,0.08,68.3,10.91
VIL_0124,2024-07-11 06:00:00,25.82,0.09,67.74,11.66
VIL_0125,2024-07-11 06:00:00,25.59,0.09,67.75,12.1
VIL_0126,2024-07-11 06:00:00,25.32,0.1,67.97,12.65
VIL_0127,2024-07-11 06:00:00,25.37,0.1,67.91,12.54
VIL_0128,2024-07-11 06:00:00,25.75,0.07,67.27,11.74
VIL_0129,2024-07-11 06:00:00,25.79,0.07,67.07,11.56
VIL_0130,2024-07-11 06:00:00,26.29,0.04,66.48,10.62
VIL_0131,2024-07-11 06:00:00,26.63,0.03,65.97,9.84
VIL_0132,2024-07-11 06:00:00,26.73,0.01,65.48,9.1
VIL_0133,2024-07-11 06:00:00,26.29,0.03,66.07,10.1
VIL_0134,2024-07-11 06:00:00,26.58,0.01,65.25,8.78
VIL_0135,2024-07-11 06:00:00,26.38,0.02,65.73,9.9
VIL_0136,2024-07-11 06:00:00,26.35,0.02,65.64,10.74
VIL_0137,2024-07-11 06:00:00,26.08,0.04,66.42,11.21
VIL_0138,2024-07-11 06:00:00,26.07,0.05,66.62,11.1
VIL_0139,2024-07-11 06:00:00,26.44,0.01,65.26,11.02
VIL_0140,2024-07-11 06:00:00,26.47,0.01,65.49,10.16
VIL_0141,2024-07-11 06:00:00,26.54,0.01,65.48,10.23
VIL_0142,2024-07-11 06:00:00,26.46,0.01,65.22,10.99
VIL_0143,2024-07-11 06:00:00,26.52,0.01,65.52,10.72
VIL_0144,2024-07-11 06:00:00,26.78,0.01,65.34,8.89
VIL_0145,2024-07-11 06:00:00,26.6,0.0,65.0,8.31
VIL_0146,2024-07-11 06:00:00,27.14,0.02,65.92,8.49
VIL_0147,2024-07-11 06:00:00,26.56,0.01,65.22,9.05
VIL_0148,2024-07-11 06:00:00,26.79,0.03,66.06,9.18
VIL_0149,2024-07-11 06:00:00,29.72,0.03,68.21,8.97
VIL_0150,2024-07-11 06:00:00,29.13,0.1,72.85,10.18
VIL_0151,2024-07-11 06:00:00,29.25,0.1,72.77,10.42
VIL_0152,2024-07-11 06:00:00,29.29,0.1,72.93,10.37
VIL_0153,2024-07-11 06:00:00,29.29,0.1,72.96,10.49
VIL_0154,2024-07-11 06:00:00,29.09,0.1,72.74,10.16
VIL_0155,2024-07-11 06:00:00,28.97,0.11,72.56,9.96
VIL_0156,2024-07-11 06:00:00,29.01,0.09,71.87,10.12
VIL_0157,2024-07-11 06:00:00,28.74,0.11,72.11,9.52
VIL_0158,2024-07-11 06:00:00,28.48,0.09,70.82,9.53
VIL_0159,2024-07-11 06:00:00,28.19,0.09,70.26,9.48
VIL_0160,2024-07-11 06:00:00,28.17,0.09,70.36,9.67
VIL_0161,2024-07-11 06:00:00,27.27,0.08,69.01,10.16
VIL_0162,2024-07-11 06:00:00,27.88,0.06,69.14,10.48
VIL_0163,2024-07-11 06:00:00,28.17,0.09,70.51,9.94
VIL_0164,2024-07-11 06:00:00,28.83,0.09,71.28,10.2
VIL_0165,2024-07-11 06:00:00,28.51,0.09,71.16,9.98
VIL_0166,2024-07-11 06:00:00,29.13,0.1,72.27,10.28
VIL_0167,2024-07-11 06:00:00,28.99,0.09,71.65,10.26
VIL_0168,2024-07-11 06:00:00,29.18,0.1,72.43,10.36
VIL_0169,2024-07-11 06:00:00,29.21,0.1,72.54,10.4
VIL_0170,2024-07-11 06:00:00,29.24,0.1,72.63,10.42
VIL_0171,2024-07-11 06:00:00,29.27,0.1,72.86,10.46
VIL_0172,2024-07-11 06:00:00,29.3,0.1,72.99,10.5
VIL_0173,2024-07-11 06:00:00,29.27,0.09,72.48,10.31
VIL_0174,2024-07-11 06:00:00,29.07,0.08,71.73,10.41
VIL_0175,2024-07-11 06:00:00,29.01,0.08,71.11,10.34
VIL_0176,2024-07-11 06:00:00,29.02,0.08,71.56,10.4
VIL_0177,2024-07-11 06:00:00,28.94,0.07,70.63,10.3
VIL_0178,2024-07-11 06:00:00,28.88,0.08,71.25,10.4
VIL_0179,2024-07-11 06:00:00,28.9,0.07,70.84,10.34
VIL_0180,2024-07-11 06:00:00,28.84,0.06,70.08,10.25
VIL_0181,2024-07-11 06:00:00,28.7,0.06,69.69,10.23
VIL_0182,2024-07-11 06:00:00,28.57,0.06,69.91,10.3
VIL_0183,2024-07-11 06:00:00,28.35,0.07,69.76,10.36
VIL_0184,2024-07-11 06:00:00,28.36,0.06,69.32,10.27
VIL_0185,2024-07-11 06:00:00,27.82,0.05,68.21,10.22
VIL_0186,2024-07-11 06:00:00,28.04,0.03,67.4,9.86
VIL_0187,2024-07-11 06:00:00,28.53,0.04,68.51,10.07
VIL_0188,2024-07-11 06:00:00,29.07,0.02,67.48,9.82
VIL_0189,2024-07-11 06:00:00,28.84,0.03,68.24,9.98
VIL_0190,2024-07-11 06:00:00,28.85,0.05,69.12,10.12
VIL_0191,2024-07-11 06:00:00,29.16,0.03,68.0,9.91
VIL_0192,2024-07-11 06:00:00,29.03,0.04,68.58,10.01
VIL_0193,2024-07-11 06:00:00,29.23,0.03,68.16,9.93
VIL_0194,2024-07-11 06:00:00,29.14,0.04,68.58,10.0
VIL_0195,2024-07-11 06:00:00,29.04,0.04,69.02,10.07
VIL_0196,2024-07-11 06:00:00,28.96,0.06,70.0,10.21
VIL_0197,2024-07-11 06:00:00,29.7,0.03,68.11,9.24
VIL_0198,2024-07-11 06:00:00,29.74,0.02,67.8,9.3
VIL_0199,2024-07-11 06:00:00,29.84,0.02,67.59,9.37
VIL_0200,2024-07-11 06:00:00,29.84,0.02,67.64,9.34
VIL_0201,2024-07-11 06:00:00,29.8,0.02,67.83,9.25
VIL_0202,2024-07-11 06:00:00,29.96,0.01,67.37,9.43
VIL_0203,2024-07-11 06:00:00,30.0,0.01,67.22,9.53
VIL_0204,2024-07-11 06:00:00,30.01,0.01,67.26,9.47
VIL_0205,2024-07-11 06:00:00,29.93,0.02,67.57,9.24
VIL_0206,2024-07-11 06:00:00,29.85,0.02,67.9,9.03
VIL_0207,2024-07-11 06:00:00,29.92,0.02,67.7,9.12
VIL_0208,2024-07-11 06:00:00,29.98,0.01,67.38,9.35
VIL_0209,2024-07-11 06:00:00,29.9,0.01,67.26,9.28
VIL_0210,2024-07-11 06:00:00,29.8,0.04,68.36,8.38
VIL_0211,2024-07-11 06:00:00,29.8,0.05,68.72,8.16
VIL_0212,2024-07-11 06:00:00,29.79,0.03,68.06,8.87
VIL_0213,2024-07-11 06:00:00,29.74,0.04,68.63,8.69
VIL_0214,2024-07-11 06:00:00,29.71,0.05,68.74,8.66
VIL_0215,2024-07-11 06:00:00,29.95,0.06,69.75,8.87
VIL_0216,2024-07-11 06:00:00,29.72,0.02,67.5,9.28
VIL_0217,2024-07-11 06:00:00,29.02,0.02,67.15,9.09
VIL_0218,2024-07-11 06:00:00,28.56,0.02,66.81,8.63
VIL_0219,2024-07-11 06:00:00,28.71,0.03,67.11,8.46
VIL_0220,2024-07-11 06:00:00,29.16,0.04,67.98,7.96
VIL_0221,2024-07-11 06:00:00,29.32,0.06,68.75,7.28
VIL_0222,2024-07-11 06:00:00,30.01,0.0,67.07,9.57
VIL_0223,2024-07-11 06:00:00,30.08,0.0,67.03,9.67
VIL_0224,2024-07-11 06:00:00,30.06,0.0,67.08,9.63
VIL_0225,2024-07-11 06:00:00,29.99,0.01,67.21,9.54
VIL_0226,2024-07-11 06:00:00,29.89,0.01,67.26,9.39
VIL_0227,2024-07-11 06:00:00,28.01,0.06,67.85,7.59
VIL_0228,2024-07-11 06:00:00,29.79,0.16,72.35,3.84
VIL_0229,2024-07-11 06:00:00,30.14,0.18,73.36,3.16
VIL_0230,2024-07-11 06:00:00,30.27,0.19,73.73,2.91
VIL_0231,2024-07-11 06:00:00,30.3,0.2,73.97,2.46
VIL_0232,2024-07-11 06:00:00,29.62,0.33,72.18,12.62
VIL_0233,2024-07-11 06:00:00,29.87,0.05,72.63,8.13
VIL_0234,2024-07-11 06:00:00,29.88,0.07,71.81,9.31
VIL_0235,2024-07-11 06:00:00,29.29,0.07,71.55,17.16
VIL_0236,2024-07-11 06:00:00,29.39,0.14,71.37,4.7
VIL_0237,2024-07-11 06:00:00,29.06,0.12,70.57,5.68
VIL_0238,2024-07-11 06:00:00,29.81,0.15,72.26,5.28
VIL_0239,2024-07-11 06:00:00,29.66,0.16,72.55,4.17
VIL_0240,2024-07-11 06:00:00,29.88,0.16,72.83,5.6
VIL_0241,2024-07-11 06:00:00,29.76,0.15,72.41,6.6
VIL_0242,2024-07-11 06:00:00,30.21,0.18,73.42,3.62
VIL_0243,2024-07-11 06:00:00,30.17,0.17,73.16,4.23
VIL_0244,2024-07-11 06:00:00,30.03,0.15,72.56,6.02
VIL_0245,2024-07-11 06:00:00,29.71,0.13,72.1,7.49
VIL_0246,2024-07-11 06:00:00,29.58,0.11,71.61,9.08
VIL_0247,2024-07-11 06:00:00,29.47,0.1,70.84,10.01
VIL_0248,2024-07-11 06:00:00,29.86,0.12,71.39,5.56
VIL_0249,2024-07-11 06:00:00,29.97,0.15,72.46,4.85
VIL_0250,2024-07-11 06:00:00,29.99,0.13,72.22,6.67
VIL_0251,2024-07-11 06:00:00,29.81,0.12,72.04,8.58
VIL_0252,2024-07-11 06:00:00,29.76,0.11,72.01,9.3
VIL_0253,2024-07-11 06:00:00,29.85,0.11,71.93,8.37
VIL_0254,2024-07-11 06:00:00,29.75,0.1,71.66,9.6
VIL_0255,2024-07-11 06:00:00,29.89,0.1,71.29,8.46
VIL_0256,2024-07-11 06:00:00,29.96,0.1,71.23,7.75
VIL_0257,2024-07-11 06:00:00,29.81,0.11,71.31,6.49
VIL_0258,2024-07-11 06:00:00,29.77,0.09,70.16,7.25
VIL_0259,2024-07-11 06:00:00,29.78,0.07,69.56,7.55
VIL_0260,2024-07-11 06:00:00,29.83,0.04,68.4,8.64
VIL_0261,2024-07-11 06:00:00,29.78,0.06,69.18,8.08
VIL_0262,2024-07-11 06:00:00,29.73,0.08,70.09,7.75
VIL_0263,2024-07-11 06:00:00,29.74,0.07,69.68,7.97
VIL_0264,2024-07-11 06:00:00,29.75,0.05,69.01,8.41
VIL_0265,2024-07-11 06:00:00,29.8,0.04,68.3,8.81
VIL_0266,2024-07-11 06:00:00,29.75,0.05,68.73,8.61
VIL_0267,2024-07-11 06:00:00,29.71,0.05,68.96,8.58
VIL_0268,2024-07-11 06:00:00,29.69,0.06,69.6,8.35
VIL_0269,2024-07-11 06:00:00,29.69,0.08,70.12,8.09
VIL_0270,2024-07-11 06:00:00,29.93,0.09,70.83,8.4
VIL_0271,2024-07-11 06:00:00,29.64,0.06,69.48,8.52
VIL_0272,2024-07-11 06:00:00,29.66,0.06,69.52,8.47
VIL_0273,2024-07-11 06:00:00,29.65,0.07,69.99,8.39
VIL_0274,2024-07-11 06:00:00,29.95,0.08,70.71,8.64
VIL_0275,2024-07-11 06:00:00,29.94,0.08,70.76,8.7
VIL_0276,2024-07-11 06:00:00,29.89,0.09,71.27,8.78
VIL_0277,2024-07-11 06:00:00,29.92,0.09,71.02,8.63
VIL_0278,2024-07-11 06:00:00,29.89,0.08,70.67,8.89
VIL_0279,2024-07-11 06:00:00,29.83,0.09,71.1,9.14
VIL_0280,2024-07-11 06:00:00,29.81,0.1,72.03,9.13
VIL_0281,2024-07-11 06:00:00,29.84,0.1,71.81,8.98
VIL_0282,2024-07-11 06:00:00,29.89,0.09,71.42,8.74
VIL_0283,2024-07-11 06:00:00,29.82,0.1,71.83,9.1
VIL_0284,2024-07-11 06:00:00,29.86,0.1,71.57,8.94
VIL_0285,2024-07-11 06:00:00,29.88,0.09,71.32,8.85
VIL_0286,2024-07-11 06:00:00,29.88,0.09,71.32,8.9
VIL_0287,2024-07-11 06:00:00,29.85,0.1,71.56,9.01
VIL_0288,2024-07-11 06:00:00,29.83,0.1,71.79,9.12
VIL_0289,2024-07-11 06:00:00,29.83,0.1,71.76,9.14
VIL_0290,2024-07-11 06:00:00,29.85,0.1,71.6,9.05
VIL_0291,2024-07-11 06:00:00,29.84,0.1,71.63,9.09
VIL_0292,2024-07-11 06:00:00,29.82,0.1,71.78,9.2
VIL_0293,2024-07-11 06:00:00,29.81,0.1,71.87,9.26
VIL_0294,2024-07-11 06:00:00,29.79,0.1,71.99,9.37
VIL_0295,2024-07-11 06:00:00,29.78,0.1,72.04,9.41
VIL_0296,2024-07-11 06:00:00,29.77,0.1,72.18,9.46
VIL_0297,2024-07-11 06:00:00,29.74,0.1,72.34,9.61
VIL_0298,2024-07-11 06:00:00,29.66,0.1,72.18,10.25
VIL_0299,2024-07-11 06:00:00,29.62,0.1,72.23,10.61
VIL_0300,2024-07-11 06:00:00,29.63,0.1,72.11,10.58
VIL_0301,2024-07-11 06:00:00,29.65,0.1,72.1,10.42
VIL_0302,2024-07-11 06:00:00,29.67,0.1,71.99,10.25
VIL_0303,2024-07-11 06:00:00,29.67,0.1,72.05,10.17
VIL_0304,2024-07-11 06:00:00,29.77,0.1,72.09,9.52
VIL_0305,2024-07-11 06:00:00,29.79,0.1,71.97,9.38
VIL_0306,2024-07-11 06:00:00,29.8,0.1,71.92,9.33
VIL_0307,2024-07-11 06:00:00,29.82,0.1,71.77,9.2
VIL_0308,2024-07-11 06:00:00,29.81,0.1,71.88,9.3
VIL_0309,2024-07-11 06:00:00,29.8,0.1,71.91,9.33
VIL_0310,2024-07-11 06:00:00,29.7,0.1,71.88,10.08
VIL_0311,2024-07-11 06:00:00,29.7,0.1,71.85,10.04
VIL_0312,2024-07-11 06:00:00,29.7,0.1,71.83,10.09
VIL_0313,2024-07-11 06:00:00,29.71,0.1,71.81,10.02
VIL_0314,2024-07-11 06:00:00,29.72,0.08,71.35,10.57
VIL_0315,2024-07-11 06:00:00,29.72,0.1,71.79,9.94
VIL_0316,2024-07-11 06:00:00,29.73,0.08,71.33,10.54
VIL_0317,2024-07-11 06:00:00,29.75,0.08,71.33,10.37
VIL_0318,2024-07-11 06:00:00,29.74,0.08,71.42,10.39
VIL_0319,2024-07-11 06:00:00,29.73,0.08,71.47,10.42
VIL_0320,2024-07-11 06:00:00,29.71,0.1,71.76,9.92
VIL_0321,2024-07-11 06:00:00,29.6,0.1,72.46,10.66
VIL_0322,2024-07-11 06:00:00,29.68,0.1,72.03,10.08
VIL_0323,2024-07-11 06:00:00,29.6,0.1,72.51,10.68
VIL_0324,2024-07-11 06:00:00,29.57,0.1,72.63,10.98
VIL_0325,2024-07-11 06:00:00,29.59,0.1,72.41,10.75
VIL_0326,2024-07-11 06:00:00,29.61,0.1,72.07,10.64
VIL_0327,2024-07-11 06:00:00,29.48,0.09,71.34,10.75
VIL_0328,2024-07-11 06:00:00,29.54,0.09,72.37,11.36
VIL_0329,2024-07-11 06:00:00,29.55,0.09,71.73,11.46
VIL_0330,2024-07-11 06:00:00,29.54,0.09,72.33,11.44
VIL_0331,2024-07-11 06:00:00,29.53,0.1,72.63,11.42
VIL_0332,2024-07-11 06:00:00,29.5,0.1,72.94,11.57
VIL_0333,2024-07-11 06:00:00,29.51,0.1,72.91,11.51
VIL_0334,2024-07-11 06:00:00,29.56,0.1,72.6,11.05
VIL_0335,2024-07-11 06:00:00,29.54,0.1,72.68,11.34
VIL_0336,2024-07-11 06:00:00,29.57,0.1,72.47,11.03
VIL_0337,2024-07-11 06:00:00,29.77,0.08,71.34,10.27
VIL_0338,2024-07-11 06:00:00,29.78,0.08,71.37,10.16
VIL_0339,2024-07-11 06:00:00,29.79,0.08,71.3,10.17
VIL_0340,2024-07-11 06:00:00,29.81,0.08,71.34,10.02
VIL_0341,2024-07-11 06:00:00,29.81,0.07,71.28,10.03
VIL_0342,2024-07-11 06:00:00,29.83,0.07,72.03,9.45
VIL_0343,2024-07-11 06:00:00,29.83,0.07,72.04,9.49
VIL_0344,2024-07-11 06:00:00,29.83,0.07,72.01,9.48
VIL_0345,2024-07-11 06:00:00,29.82,0.08,72.0,9.53
VIL_0346,2024-07-11 06:00:00,29.84,0.07,71.97,9.45
VIL_0347,2024-07-11 06:00:00,29.85,0.07,71.93,9.38
VIL_0348,2024-07-11 06:00:00,29.86,0.06,71.95,9.32
VIL_0349,2024-07-11 06:00:00,29.88,0.06,71.91,9.24
VIL_0350,2024-07-11 06:00:00,29.9,0.05,71.84,9.11
VIL_0351,2024-07-11 06:00:00,29.93,0.04,71.76,8.99
VIL_0352,2024-07-11 06:00:00,29.96,0.03,71.69,8.86
VIL_0353,2024-07-11 06:00:00,29.76,0.08,71.46,10.22
VIL_0354,2024-07-11 06:00:00,29.76,0.08,71.57,10.15
VIL_0355,2024-07-11 06:00:00,29.78,0.09,71.69,9.93
VIL_0356,2024-07-11 06:00:00,29.77,0.08,71.52,10.11
VIL_0357,2024-07-11 06:00:00,29.79,0.08,71.57,9.96
VIL_0358,2024-07-11 06:00:00,29.79,0.08,71.47,10.06
VIL_0359,2024-07-11 06:00:00,29.81,0.08,71.49,9.9
VIL_0360,2024-07-11 06:00:00,29.8,0.09,71.6,9.88
VIL_0361,2024-07-11 06:00:00,29.8,0.09,71.8,9.77
VIL_0362,2024-07-11 06:00:00,29.79,0.1,71.87,9.76
VIL_0363,2024-07-11 06:00:00,29.71,0.09,71.79,10.26
VIL_0364,2024-07-11 06:00:00,29.74,0.1,71.83,10.06
VIL_0365,2024-07-11 06:00:00,29.66,0.09,71.6,10.58
VIL_0366,2024-07-11 06:00:00,29.62,0.09,71.52,10.86
VIL_0367,2024-07-11 06:00:00,29.52,0.08,71.22,11.55
VIL_0368,2024-07-11 06:00:00,29.38,0.08,70.94,12.42
VIL_0369,2024-07-11 06:00:00,29.66,0.08,71.18,10.78
VIL_0370,2024-07-11 06:00:00,29.8,0.1,71.91,9.65
VIL_0371,2024-07-11 06:00:00,29.77,0.1,71.92,9.81
VIL_0372,2024-07-11 06:00:00,29.79,0.1,71.91,9.7
VIL_0373,2024-07-11 06:00:00,29.8,0.1,72.0,9.6
VIL_0374,2024-07-11 06:00:00,29.83,0.08,71.97,9.49
VIL_0375,2024-07-11 06:00:00,29.82,0.09,71.62,9.76
VIL_0376,2024-07-11 06:00:00,29.81,0.09,71.77,9.71
VIL_0377,2024-07-11 06:00:00,29.81,0.09,71.79,9.68
VIL_0378,2024-07-11 06:00:00,29.79,0.09,71.83,9.82
VIL_0379,2024-07-11 06:00:00,29.78,0.07,71.73,9.83
VIL_0380,2024-07-11 06:00:00,29.89,0.05,71.45,9.4
VIL_0381,2024-07-11 06:00:00,29.82,0.09,71.96,9.52
VIL_0382,2024-07-11 06:00:00,29.84,0.08,71.94,9.45
VIL_0383,2024-07-11 06:00:00,29.84,0.06,71.65,9.56
VIL_0384,2024-07-11 06:00:00,29.89,0.06,71.84,9.2
VIL_0385,2024-07-11 06:00:00,29.89,0.06,71.81,9.23
VIL_0386,2024-07-11 06:00:00,29.91,0.05,71.79,9.12
VIL_0387,2024-07-11 06:00:00,29.95,0.04,71.67,8.95
VIL_0388,2024-07-11 06:00:00,29.96,0.04,71.59,8.94
VIL_0389,2024-07-11 06:00:00,29.95,0.05,71.61,9.02
VIL_0390,2024-07-11 06:00:00,29.96,0.05,71.55,9.01
VIL_0391,2024-07-11 06:00:00,30.0,0.04,71.43,8.85
VIL_0392,2024-07-11 06:00:00,30.02,0.03,71.31,8.79
VIL_0393,2024-07-11 06:00:00,30.01,0.02,71.04,8.98
VIL_0394,2024-07-11 06:00:00,30.17,0.02,70.76,8.31
VIL_0395,2024-07-11 06:00:00,28.42,0.03,71.06,8.91
VIL_0396,2024-07-11 06:00:00,30.18,0.01,70.73,8.25
VIL_0397,2024-07-11 06:00:00,30.22,0.01,70.48,8.22
VIL_0398,2024-07-11 06:00:00,30.27,0.0,70.18,8.21
VIL_0399,2024-07-11 06:00:00,30.24,0.0,70.36,8.21
VIL_0400,2024-07-11 06:00:00,30.25,0.0,70.27,8.23
VIL_0401,2024-07-11 06:00:00,30.26,0.0,70.26,8.22
VIL_0402,2024-07-11 06:00:00,30.3,0.0,70.01,8.2
VIL_0403,2024-07-11 06:00:00,30.24,0.0,70.37,8.21
VIL_0404,2024-07-11 06:00:00,30.16,0.0,70.91,8.23
VIL_0405,2024-07-11 06:00:00,29.94,0.01,72.26,8.27
VIL_0406,2024-07-11 06:00:00,30.19,0.0,70.67,8.23
VIL_0407,2024-07-11 06:00:00,30.03,0.01,71.66,8.26
VIL_0408,2024-07-11 06:00:00,30.05,0.01,71.57,8.27
VIL_0409,2024-07-11 06:00:00,29.99,0.02,71.94,8.29
VIL_0410,2024-07-11 06:00:00,30.02,0.02,71.72,8.3
VIL_0411,2024-07-11 06:00:00,30.04,0.02,71.55,8.31
VIL_0412,2024-07-11 06:00:00,30.05,0.02,71.46,8.34
VIL_0413,2024-07-11 06:00:00,30.06,0.02,71.39,8.36
VIL_0414,2024-07-11 06:00:00,30.06,0.02,71.37,8.4
VIL_0415,2024-07-11 06:00:00,30.06,0.03,71.33,8.47
VIL_0416,2024-07-11 06:00:00,30.07,0.03,71.22,8.46
VIL_0417,2024-07-11 06:00:00,30.12,0.01,71.07,8.28
VIL_0418,2024-07-11 06:00:00,30.12,0.01,71.09,8.26
VIL_0419,2024-07-11 06:00:00,30.19,0.01,70.66,8.26
VIL_0420,2024-07-11 06:00:00,30.19,0.01,70.6,8.29
VIL_0421,2024-07-11 06:00:00,30.14,0.02,70.9,8.37
VIL_0422,2024-07-11 06:00:00,30.16,0.02,70.74,8.36
VIL_0423,2024-07-11 06:00:00,30.16,0.02,70.73,8.37
VIL_0424,2024-07-11 06:00:00,29.99,0.03,71.19,8.99
VIL_0425,2024-07-11 06:00:00,30.03,0.03,71.02,8.89
VIL_0426,2024-07-11 06:00:00,29.98,0.03,71.18,9.06
VIL_0427,2024-07-11 06:00:00,30.1,0.02,71.1,8.44
VIL_0428,2024-07-11 06:00:00,30.12,0.01,71.05,8.31
VIL_0429,2024-07-11 06:00:00,27.11,0.09,71.43,15.67
VIL_0430,2024-07-11 06:00:00,26.7,0.1,72.0,16.0
VIL_0431,2024-07-11 06:00:00,28.81,0.05,68.96,14.5
VIL_0432,2024-07-11 06:00:00,28.99,0.03,67.89,14.08
VIL_0433,2024-07-11 06:00:00,29.17,0.02,67.18,13.82
VIL_0434,2024-07-11 06:00:00,29.35,0.01,66.61,13.62
VIL_0435,2024-07-11 06:00:00,29.46,0.0,66.25,13.52
VIL_0436,2024-07-11 06:00:00,29.5,0.0,66.01,13.5
VIL_0437,2024-07-11 06:00:00,29.41,0.02,67.26,13.02
VIL_0438,2024-07-11 06:00:00,29.41,0.07,70.01,11.71
VIL_0439,2024-07-11 06:00:00,29.47,0.05,69.21,12.73
VIL_0440,2024-07-11 06:00:00,29.38,0.01,66.59,13.62
VIL_0441,2024-07-11 06:00:00,28.58,0.09,71.38,15.84
VIL_0442,2024-07-11 06:00:00,28.5,0.09,71.58,15.96
VIL_0443,2024-07-11 06:00:00,28.42,0.09,71.41,15.71
VIL_0444,2024-07-11 06:00:00,28.53,0.09,71.57,15.82
VIL_0445,2024-07-11 06:00:00,28.57,0.09,71.64,15.88
VIL_0446,2024-07-11 06:00:00,28.6,0.1,71.71,15.94
VIL_0447,2024-07-11 06:00:00,28.59,0.1,71.83,16.1
VIL_0448,2024-07-11 06:00:00,28.6,0.1,71.83,16.09
VIL_0449,2024-07-11 06:00:00,28.6,0.1,72.0,16.3
VIL_0450,2024-07-11 06:00:00,28.59,0.1,71.92,16.22
VIL_0451,2024-07-11 06:00:00,28.61,0.1,71.81,16.1
VIL_0452,2024-07-11 06:00:00,28.59,0.1,71.83,16.15
VIL_0453,2024-07-11 06:00:00,28.66,0.08,70.62,15.33
VIL_0454,2024-07-11 06:00:00,29.43,0.06,71.9,11.64
VIL_0455,2024-07-11 06:00:00,27.98,0.06,71.43,13.12
VIL_0456,2024-07-11 06:00:00,29.04,0.08,71.07,14.27
VIL_0457,2024-07-11 06:00:00,29.11,0.07,71.0,13.9
VIL_0458,2024-07-11 06:00:00,29.21,0.07,70.9,13.39
VIL_0459,2024-07-11 06:00:00,29.38,0.06,70.76,12.54
VIL_0460,2024-07-11 06:00:00,28.98,0.08,71.19,14.55
VIL_0461,2024-07-11 06:00:00,28.63,0.09,71.41,15.41
VIL_0462,2024-07-11 06:00:00,28.6,0.09,71.44,15.53
VIL_0463,2024-07-11 06:00:00,28.55,0.09,71.32,15.39
VIL_0464,2024-07-11 06:00:00,28.62,0.09,71.55,15.67
VIL_0465,2024-07-11 06:00:00,28.63,0.09,71.53,15.61
VIL_0466,2024-07-11 06:00:00,28.59,0.09,71.58,15.76
VIL_0467,2024-07-11 06:00:00,28.54,0.09,71.47,15.66
VIL_0468,2024-07-11 06:00:00,28.5,0.09,71.31,15.44
VIL_0469,2024-07-11 06:00:00,28.46,0.09,71.25,15.4
VIL_0470,2024-07-11 06:00:00,28.4,0.09,71.27,15.49
VIL_0471,2024-07-11 06:00:00,29.61,0.06,71.73,10.77
VIL_0472,2024-07-11 06:00:00,29.47,0.06,70.72,12.09
VIL_0473,2024-07-11 06:00:00,29.22,0.07,70.91,13.36
VIL_0474,2024-07-11 06:00:00,29.48,0.07,70.8,11.95
VIL_0475,2024-07-11 06:00:00,29.54,0.07,70.85,11.58
VIL_0476,2024-07-11 06:00:00,29.49,0.07,70.84,11.85
VIL_0477,2024-07-11 06:00:00,29.27,0.07,70.81,13.1
VIL_0478,2024-07-11 06:00:00,29.18,0.07,70.92,13.52
VIL_0479,2024-07-11 06:00:00,29.04,0.08,71.09,14.26
VIL_0480,2024-07-11 06:00:00,28.65,0.09,71.5,15.56
VIL_0481,2024-07-11 06:00:00,28.66,0.09,71.47,15.55
VIL_0482,2024-07-11 06:00:00,28.99,0.08,71.16,14.5
VIL_0483,2024-07-11 06:00:00,29.13,0.08,71.09,13.75
VIL_0484,2024-07-11 06:00:00,29.07,0.08,70.91,14.15
VIL_0485,2024-07-11 06:00:00,28.71,0.09,71.11,15.25
VIL_0486,2024-07-11 06:00:00,28.65,0.09,71.5,15.71
VIL_0487,2024-07-11 06:00:00,29.28,0.07,70.37,13.21
VIL_0488,2024-07-11 06:00:00,29.45,0.07,70.62,12.2
VIL_0489,2024-07-11 06:00:00,29.55,0.08,71.11,11.49
VIL_0490,2024-07-11 06:00:00,29.61,0.09,71.48,11.04
VIL_0491,2024-07-11 06:00:00,29.52,0.08,71.16,11.73
VIL_0492,2024-07-11 06:00:00,29.5,0.07,70.76,11.95
VIL_0493,2024-07-11 06:00:00,29.36,0.06,69.81,12.97
VIL_0494,2024-07-11 06:00:00,29.1,0.04,68.34,14.0
VIL_0495,2024-07-11 06:00:00,29.33,0.02,67.2,13.59
VIL_0496,2024-07-11 06:00:00,29.46,0.05,69.37,12.71
VIL_0497,2024-07-11 06:00:00,29.43,0.03,68.1,13.2
VIL_0498,2024-07-11 06:00:00,29.43,0.05,69.41,12.78
VIL_0499,2024-07-11 06:00:00,29.47,0.07,70.3,12.33
VIL_0500,2024-07-11 06:00:00,29.49,0.08,71.12,12.06
VIL_0501,2024-07-11 06:00:00,29.5,0.08,71.51,11.86
VIL_0502,2024-07-11 06:00:00,28.67,0.08,71.05,15.46
VIL_0503,2024-07-11 06:00:00,29.08,0.07,70.4,14.26
VIL_0504,2024-07-11 06:00:00,29.18,0.06,69.82,13.94
VIL_0505,2024-07-11 06:00:00,29.2,0.07,70.07,13.74
VIL_0506,2024-07-11 06:00:00,28.87,0.06,69.4,14.58
VIL_0507,2024-07-11 06:00:00,29.58,0.09,71.66,11.19
VIL_0508,2024-07-11 06:00:00,29.54,0.09,71.69,11.52
VIL_0509,2024-07-11 06:00:00,29.58,0.09,72.18,11.12
VIL_0510,2024-07-11 06:00:00,29.58,0.1,72.31,11.04
VIL_0511,2024-07-11 06:00:00,29.6,0.09,72.15,10.93
VIL_0512,2024-07-11 06:00:00,29.58,0.09,71.74,11.18
VIL_0513,2024-07-11 06:00:00,29.62,0.1,72.12,10.73
VIL_0514,2024-07-11 06:00:00,29.66,0.1,71.91,10.48
VIL_0515,2024-07-11 06:00:00,29.66,0.1,71.96,10.47
VIL_0516,2024-07-11 06:00:00,29.7,0.1,71.84,10.24
VIL_0517,2024-07-11 06:00:00,29.75,0.09,71.67,10.17
VIL_0518,2024-07-11 06:00:00,29.74,0.09,71.64,10.25
VIL_0519,2024-07-11 06:00:00,29.73,0.08,71.56,10.36
VIL_0520,2024-07-11 06:00:00,29.71,0.1,71.82,10.11
VIL_0521,2024-07-11 06:00:00,29.7,0.1,71.85,10.21
VIL_0522,2024-07-11 06:00:00,29.68,0.1,71.9,10.26
VIL_0523,2024-07-11 06:00:00,23.63,0.04,67.41,11.41
VIL_0524,2024-07-11 06:00:00,26.39,0.13,67.38,9.96
VIL_0525,2024-07-11 06:00:00,30.1,0.06,71.2,8.03
VIL_0526,2024-07-11 06:00:00,29.76,0.21,68.08,8.36
VIL_0527,2024-07-11 06:00:00,29.68,0.17,69.28,8.11
VIL_0528,2024-07-11 06:00:00,30.38,0.13,69.58,7.57
VIL_0529,2024-07-11 06:00:00,30.36,0.12,69.75,7.56
VIL_0530,2024-07-11 06:00:00,30.21,0.1,70.58,7.79
VIL_0531,2024-07-11 06:00:00,30.02,0.06,71.75,8.0
VIL_0532,2024-07-11 06:00:00,30.12,0.08,71.2,7.88
VIL_0533,2024-07-11 06:00:00,30.05,0.05,71.56,8.06
VIL_0534,2024-07-11 06:00:00,29.85,0.03,72.83,8.21
VIL_0535,2024-07-11 06:00:00,29.99,0.03,71.92,8.16
VIL_0536,2024-07-11 06:00:00,29.99,0.02,71.94,8.19
VIL_0537,2024-07-11 06:00:00,30.09,0.02,71.31,8.18
VIL_0538,2024-07-11 06:00:00,30.1,0.01,71.26,8.22
VIL_0539,2024-07-11 06:00:00,29.85,0.01,72.78,8.27
VIL_0540,2024-07-11 06:00:00,29.8,0.02,73.13,8.27
VIL_0541,2024-07-11 06:00:00,29.68,0.01,73.89,8.32
VIL_0542,2024-07-11 06:00:00,29.61,0.01,74.34,8.33
VIL_0543,2024-07-11 06:00:00,29.56,0.0,74.63,8.37
VIL_0544,2024-07-11 06:00:00,29.89,0.04,72.55,8.12
VIL_0545,2024-07-11 06:00:00,29.98,0.06,72.05,7.98
VIL_0546,2024-07-11 06:00:00,30.25,0.09,70.56,7.62
VIL_0547,2024-07-11 06:00:00,30.33,0.11,70.09,7.52
VIL_0548,2024-07-11 06:00:00,30.43,0.12,69.45,7.38
VIL_0549,2024-07-11 06:00:00,30.48,0.15,68.95,7.47
VIL_0550,2024-07-11 06:00:00,30.52,0.14,68.86,7.35
VIL_0551,2024-07-11 06:00:00,30.47,0.19,68.53,7.71
VIL_0552,2024-07-11 06:00:00,30.48,0.2,68.39,7.74
VIL_0553,2024-07-11 06:00:00,29.99,0.26,67.75,8.42
VIL_0554,2024-07-11 06:00:00,30.46,0.28,67.76,8.15
VIL_0555,2024-07-11 06:00:00,30.51,0.18,68.47,7.57
VIL_0556,2024-07-11 06:00:00,30.45,0.3,67.61,8.25
VIL_0557,2024-07-11 06:00:00,30.55,0.15,68.67,7.33
VIL_0558,2024-07-11 06:00:00,30.6,0.1,69.0,6.9
VIL_0559,2024-07-11 06:00:00,30.58,0.11,69.02,6.99
VIL_0560,2024-07-11 06:00:00,30.57,0.11,69.04,7.03
VIL_0561,2024-07-11 06:00:00,30.36,0.1,70.03,7.41
VIL_0562,2024-07-11 06:00:00,29.83,0.04,73.01,8.1
VIL_0563,2024-07-11 06:00:00,29.96,0.06,72.21,7.96
VIL_0564,2024-07-11 06:00:00,29.75,0.03,73.46,8.19
VIL_0565,2024-07-11 06:00:00,29.74,0.02,73.48,8.24
VIL_0566,2024-07-11 06:00:00,29.53,0.0,74.83,8.38
VIL_0567,2024-07-11 06:00:00,29.5,0.0,74.99,8.4
VIL_0568,2024-07-11 06:00:00,29.74,0.01,73.48,8.3
VIL_0569,2024-07-11 06:00:00,29.64,0.01,74.09,8.33
VIL_0570,2024-07-11 06:00:00,29.9,0.01,72.5,8.28
VIL_0571,2024-07-11 06:00:00,29.89,0.01,72.57,8.28
VIL_0572,2024-07-11 06:00:00,29.82,0.01,73.02,8.28
VIL_0573,2024-07-11 06:00:00,29.88,0.01,72.63,8.27
VIL_0574,2024-07-11 06:00:00,29.9,0.02,72.49,8.27
VIL_0575,2024-07-11 06:00:00,29.76,0.02,73.36,8.27
VIL_0576,2024-07-11 06:00:00,29.86,0.03,72.75,8.22
VIL_0577,2024-07-11 06:00:00,29.84,0.03,72.84,8.22
VIL_0578,2024-07-11 06:00:00,29.82,0.03,72.99,8.22
VIL_0579,2024-07-11 06:00:00,29.8,0.02,73.12,8.25
VIL_0580,2024-07-11 06:00:00,29.64,0.01,74.11,8.32
VIL_0581,2024-07-11 06:00:00,29.54,0.0,74.76,8.38
VIL_0582,2024-07-11 06:00:00,29.81,0.03,73.01,8.22
VIL_0583,2024-07-11 06:00:00,29.86,0.04,72.69,8.17
VIL_0584,2024-07-11 06:00:00,29.8,0.04,73.11,8.21
VIL_0585,2024-07-11 06:00:00,29.72,0.02,73.6,8.26
VIL_0586,2024-07-11 06:00:00,29.67,0.02,73.94,8.29
VIL_0587,2024-07-11 06:00:00,29.69,0.02,73.77,8.29
VIL_0588,2024-07-11 06:00:00,29.91,0.01,72.44,8.27
VIL_0589,2024-07-11 06:00:00,29.62,0.01,74.23,8.32
VIL_0590,2024-07-11 06:00:00,29.53,0.0,74.82,8.38
VIL_0591,2024-07-11 06:00:00,29.66,0.02,73.98,8.28
VIL_0592,2024-07-11 06:00:00,29.74,0.03,73.46,8.21
VIL_0593,2024-07-11 06:00:00,29.58,0.01,74.52,8.34
VIL_0594,2024-07-11 06:00:00,29.94,0.06,72.3,7.97
VIL_0595,2024-07-11 06:00:00,29.95,0.06,72.22,7.99
VIL_0596,2024-07-11 06:00:00,29.95,0.07,72.13,8.04
VIL_0597,2024-07-11 06:00:00,29.92,0.06,72.38,8.06
VIL_0598,2024-07-11 06:00:00,30.09,0.08,71.12,8.05
VIL_0599,2024-07-11 06:00:00,30.12,0.09,70.86,8.09
VIL_0600,2024-07-11 06:00:00,30.11,0.09,70.95,8.08
VIL_0601,2024-07-11 06:00:00,30.2,0.1,70.44,7.97
VIL_0602,2024-07-11 06:00:00,30.14,0.09,70.88,7.94
VIL_0603,2024-07-11 06:00:00,30.25,0.1,70.14,7.9
VIL_0604,2024-07-11 06:00:00,30.32,0.11,69.63,7.93
VIL_0605,2024-07-11 06:00:00,30.34,0.12,69.51,7.88
VIL_0606,2024-07-11 06:00:00,30.45,0.13,68.94,7.71
VIL_0607,2024-07-11 06:00:00,30.36,0.12,69.61,7.7
VIL_0608,2024-07-11 06:00:00,30.17,0.09,70.78,7.86
VIL_0609,2024-07-11 06:00:00,30.31,0.1,70.09,7.61
VIL_0610,2024-07-11 06:00:00,30.2,0.09,70.83,7.65
VIL_0611,2024-07-11 06:00:00,30.46,0.12,69.22,7.44
VIL_0612,2024-07-11 06:00:00,30.49,0.13,68.93,7.5
VIL_0613,2024-07-11 06:00:00,30.51,0.15,68.64,7.55
VIL_0614,2024-07-11 06:00:00,30.51,0.18,68.18,7.88
VIL_0615,2024-07-11 06:00:00,30.5,0.2,68.13,7.86
VIL_0616,2024-07-11 06:00:00,30.55,0.14,68.7,7.32
VIL_0617,2024-07-11 06:00:00,30.57,0.11,68.97,7.05
VIL_0618,2024-07-11 06:00:00,30.5,0.15,68.21,7.95
VIL_0619,2024-07-11 06:00:00,23.36,0.03,66.41,11.35
VIL_0620,2024-07-11 06:00:00,23.3,0.03,66.14,11.33
VIL_0621,2024-07-11 06:00:00,23.23,0.02,65.72,11.28
VIL_0622,2024-07-11 06:00:00,22.75,0.01,65.21,11.43
VIL_0623,2024-07-11 06:00:00,22.23,0.0,69.35,12.54
VIL_0624,2024-07-11 06:00:00,23.59,0.04,67.59,11.48
VIL_0625,2024-07-11 06:00:00,26.17,0.14,67.3,10.13
VIL_0626,2024-07-11 06:00:00,22.63,0.01,67.66,12.0
VIL_0627,2024-07-11 06:00:00,23.04,0.02,66.53,11.56
VIL_0628,2024-07-11 06:00:00,22.83,0.01,63.64,11.1
VIL_0629,2024-07-11 06:00:00,22.93,0.01,64.01,11.13
VIL_0630,2024-07-11 06:00:00,23.23,0.02,64.7,11.17
VIL_0631,2024-07-11 06:00:00,23.05,0.01,64.32,11.16
VIL_0632,2024-07-11 06:00:00,23.1,0.02,65.04,11.29
VIL_0633,2024-07-11 06:00:00,23.49,0.03,65.65,11.27
VIL_0634,2024-07-11 06:00:00,23.26,0.02,64.78,11.17
VIL_0635,2024-07-11 06:00:00,23.61,0.04,65.09,11.24
VIL_0636,2024-07-11 06:00:00,24.24,0.06,65.39,11.17
VIL_0637,2024-07-11 06:00:00,24.37,0.06,65.84,10.97
VIL_0638,2024-07-11 06:00:00,25.98,0.13,66.58,10.47
VIL_0639,2024-07-11 06:00:00,29.46,0.25,67.78,8.87
VIL_0640,2024-07-11 06:00:00,29.69,0.28,67.55,8.85
VIL_0641,2024-07-11 06:00:00,30.05,0.31,67.42,8.64
VIL_0642,2024-07-11 06:00:00,26.26,0.12,66.32,10.32
VIL_0643,2024-07-11 06:00:00,29.28,0.24,67.69,9.07
VIL_0644,2024-07-11 06:00:00,25.49,0.09,66.16,10.59
VIL_0645,2024-07-11 06:00:00,25.16,0.07,65.96,10.69
VIL_0646,2024-07-11 06:00:00,25.04,0.1,65.68,11.04
VIL_0647,2024-07-11 06:00:00,24.97,0.09,65.57,11.07
VIL_0648,2024-07-11 06:00:00,24.99,0.09,65.56,11.07
VIL_0649,2024-07-11 06:00:00,26.18,0.05,65.5,10.91
VIL_0650,2024-07-11 06:00:00,26.9,0.06,65.51,10.8
VIL_0651,2024-07-11 06:00:00,29.22,0.15,64.84,9.88
VIL_0652,2024-07-11 06:00:00,25.85,0.12,65.71,10.93
VIL_0653,2024-07-11 06:00:00,26.58,0.06,65.55,10.83
VIL_0654,2024-07-11 06:00:00,29.47,0.16,65.04,9.79
VIL_0655,2024-07-11 06:00:00,30.22,0.1,67.88,11.22
VIL_0656,2024-07-11 06:00:00,29.32,0.08,66.53,10.36
VIL_0657,2024-07-11 06:00:00,30.38,0.1,67.98,10.51
VIL_0658,2024-07-11 06:00:00,30.62,0.15,66.45,10.41
VIL_0659,2024-07-11 06:00:00,30.46,0.13,67.22,10.23
VIL_0660,2024-07-11 06:00:00,30.56,0.15,66.75,10.04
VIL_0661,2024-07-11 06:00:00,29.64,0.19,66.77,9.64
VIL_0662,2024-07-11 06:00:00,30.55,0.27,66.83,8.7
VIL_0663,2024-07-11 06:00:00,30.58,0.24,66.71,8.75
VIL_0664,2024-07-11 06:00:00,30.5,0.31,66.89,8.66
VIL_0665,2024-07-11 06:00:00,30.44,0.36,67.0,8.65
VIL_0666,2024-07-11 06:00:00,30.48,0.32,67.12,8.52
VIL_0667,2024-07-11 06:00:00,30.44,0.33,67.38,8.42
VIL_0668,2024-07-11 06:00:00,30.42,0.38,67.01,8.67
VIL_0669,2024-07-11 06:00:00,30.33,0.36,67.17,8.61
VIL_0670,2024-07-11 06:00:00,30.4,0.4,67.01,8.69
VIL_0671,2024-07-11 06:00:00,30.37,0.12,69.19,8.01
VIL_0672,2024-07-11 06:00:00,30.18,0.09,70.52,8.06
VIL_0673,2024-07-11 06:00:00,30.22,0.1,70.21,8.04
VIL_0674,2024-07-11 06:00:00,30.24,0.1,70.08,8.01
VIL_0675,2024-07-11 06:00:00,30.27,0.1,69.87,8.04
VIL_0676,2024-07-11 06:00:00,30.23,0.1,70.13,8.06
VIL_0677,2024-07-11 06:00:00,30.25,0.1,69.94,8.08
VIL_0678,2024-07-11 06:00:00,30.31,0.11,69.5,8.07
VIL_0679,2024-07-11 06:00:00,29.92,0.03,72.48,8.66
VIL_0680,2024-07-11 06:00:00,29.91,0.03,72.57,8.74
VIL_0681,2024-07-11 06:00:00,29.96,0.03,72.24,8.78
VIL_0682,2024-07-11 06:00:00,29.88,0.03,72.71,8.93
VIL_0683,2024-07-11 06:00:00,29.84,0.02,72.97,8.94
VIL_0684,2024-07-11 06:00:00,29.77,0.02,73.4,9.14
VIL_0685,2024-07-11 06:00:00,29.66,0.02,74.12,9.43
VIL_0686,2024-07-11 06:00:00,29.79,0.02,73.27,9.19
VIL_0687,2024-07-11 06:00:00,29.9,0.09,72.18,9.36
VIL_0688,2024-07-11 06:00:00,29.65,0.03,74.31,9.97
VIL_0689,2024-07-11 06:00:00,29.64,0.03,74.43,9.98
VIL_0690,2024-07-11 06:00:00,29.57,0.03,74.85,10.06
VIL_0691,2024-07-11 06:00:00,29.28,0.03,76.52,10.94
VIL_0692,2024-07-11 06:00:00,29.39,0.04,75.79,10.84
VIL_0693,2024-07-11 06:00:00,29.17,0.03,77.28,11.04
VIL_0694,2024-07-11 06:00:00,29.08,0.02,77.91,11.12
VIL_0695,2024-07-11 06:00:00,28.74,0.01,80.03,11.36
VIL_0696,2024-07-11 06:00:00,28.68,0.0,80.49,11.43
VIL_0697,2024-07-11 06:00:00,28.62,0.0,80.86,11.48
VIL_0698,2024-07-11 06:00:00,28.61,0.0,80.93,11.49
VIL_0699,2024-07-11 06:00:00,28.7,0.01,80.34,11.45
VIL_0700,2024-07-11 06:00:00,29.03,0.02,78.23,11.16
VIL_0701,2024-07-11 06:00:00,29.05,0.02,78.02,11.07
VIL_0702,2024-07-11 06:00:00,29.39,0.04,75.91,10.88
VIL_0703,2024-07-11 06:00:00,29.56,0.05,74.87,10.76
VIL_0704,2024-07-11 06:00:00,28.77,0.01,79.88,11.34
VIL_0705,2024-07-11 06:00:00,28.91,0.02,78.96,11.3
VIL_0706,2024-07-11 06:00:00,29.19,0.04,77.16,11.11
VIL_0707,2024-07-11 06:00:00,29.33,0.05,76.16,11.03
VIL_0708,2024-07-11 06:00:00,29.39,0.05,75.89,10.96
VIL_0709,2024-07-11 06:00:00,28.82,0.03,79.56,11.38
VIL_0710,2024-07-11 06:00:00,29.15,0.07,77.51,11.18
VIL_0711,2024-07-11 06:00:00,29.4,0.09,75.97,11.0
VIL_0712,2024-07-11 06:00:00,29.32,0.09,76.43,11.08
VIL_0713,2024-07-11 06:00:00,29.11,0.07,77.73,11.22
VIL_0714,2024-07-11 06:00:00,28.97,0.05,78.61,11.31
VIL_0715,2024-07-11 06:00:00,29.08,0.07,77.89,11.28
VIL_0716,2024-07-11 06:00:00,29.13,0.08,77.56,11.23
VIL_0717,2024-07-11 06:00:00,29.31,0.1,76.47,11.12
VIL_0718,2024-07-11 06:00:00,29.49,0.12,75.41,11.01
VIL_0719,2024-07-11 06:00:00,29.23,0.1,76.89,11.2
VIL_0720,2024-07-11 06:00:00,29.39,0.18,75.85,11.38
VIL_0721,2024-07-11 06:00:00,29.36,0.12,76.12,11.14
VIL_0722,2024-07-11 06:00:00,29.43,0.14,75.61,11.15
VIL_0723,2024-07-11 06:00:00,29.49,0.21,75.18,11.41
VIL_0724,2024-07-11 06:00:00,29.49,0.13,75.3,11.06
VIL_0725,2024-07-11 06:00:00,29.53,0.16,74.96,11.11
VIL_0726,2024-07-11 06:00:00,29.58,0.24,74.57,11.42
VIL_0727,2024-07-11 06:00:00,29.54,0.25,74.71,11.51
VIL_0728,2024-07-11 06:00:00,29.6,0.26,74.31,11.51
VIL_0729,2024-07-11 06:00:00,29.73,0.12,74.13,10.74
VIL_0730,2024-07-11 06:00:00,29.89,0.11,73.38,10.57
VIL_0731,2024-07-11 06:00:00,29.94,0.11,73.16,10.48
VIL_0732,2024-07-11 06:00:00,29.95,0.11,73.15,10.47
VIL_0733,2024-07-11 06:00:00,30.0,0.1,73.0,10.4
VIL_0734,2024-07-11 06:00:00,29.93,0.12,73.09,10.56
VIL_0735,2024-07-11 06:00:00,29.97,0.11,73.07,10.47
VIL_0736,2024-07-11 06:00:00,29.97,0.11,73.09,10.46
VIL_0737,2024-07-11 06:00:00,29.92,0.12,73.2,10.56
VIL_0738,2024-07-11 06:00:00,29.9,0.18,72.92,10.81
VIL_0739,2024-07-11 06:00:00,29.69,0.13,74.29,10.83
VIL_0740,2024-07-11 06:00:00,29.65,0.16,74.36,10.98
VIL_0741,2024-07-11 06:00:00,29.74,0.15,73.91,10.86
VIL_0742,2024-07-11 06:00:00,29.81,0.17,73.48,10.85
VIL_0743,2024-07-11 06:00:00,29.73,0.19,73.82,11.01
VIL_0744,2024-07-11 06:00:00,29.67,0.27,73.96,11.43
VIL_0745,2024-07-11 06:00:00,29.74,0.33,72.9,11.61
VIL_0746,2024-07-11 06:00:00,29.75,0.34,72.9,11.62
VIL_0747,2024-07-11 06:00:00,29.74,0.4,72.92,11.83
VIL_0748,2024-07-11 06:00:00,29.78,0.31,72.9,11.47
VIL_0749,2024-07-11 06:00:00,29.8,0.28,72.9,11.33
VIL_0750,2024-07-11 06:00:00,30.43,0.12,68.79,8.0
VIL_0751,2024-07-11 06:00:00,30.47,0.13,68.41,8.03
VIL_0752,2024-07-11 06:00:00,30.65,0.15,67.0,8.4
VIL_0753,2024-07-11 06:00:00,30.39,0.12,69.0,8.05
VIL_0754,2024-07-11 06:00:00,30.41,0.12,68.81,8.1
VIL_0755,2024-07-11 06:00:00,30.41,0.11,68.81,8.12
VIL_0756,2024-07-11 06:00:00,30.45,0.12,68.54,8.1
VIL_0757,2024-07-11 06:00:00,30.67,0.14,66.93,8.47
VIL_0758,2024-07-11 06:00:00,30.69,0.13,66.68,8.63
VIL_0759,2024-07-11 06:00:00,30.69,0.14,66.73,8.63
VIL_0760,2024-07-11 06:00:00,30.16,0.1,70.41,8.91
VIL_0761,2024-07-11 06:00:00,30.22,0.11,70.0,8.82
VIL_0762,2024-07-11 06:00:00,30.13,0.09,70.58,9.06
VIL_0763,2024-07-11 06:00:00,30.6,0.19,67.01,8.43
VIL_0764,2024-07-11 06:00:00,30.65,0.15,66.76,8.53
VIL_0765,2024-07-11 06:00:00,30.65,0.15,66.58,8.64
VIL_0766,2024-07-11 06:00:00,30.67,0.14,66.43,8.72
VIL_0767,2024-07-11 06:00:00,30.7,0.13,66.32,8.85
VIL_0768,2024-07-11 06:00:00,30.69,0.15,66.32,8.94
VIL_0769,2024-07-11 06:00:00,30.77,0.07,66.07,8.94
VIL_0770,2024-07-11 06:00:00,30.77,0.04,66.09,8.76
VIL_0771,2024-07-11 06:00:00,30.8,0.0,66.0,8.7
VIL_0772,2024-07-11 06:00:00,30.77,0.04,66.11,8.72
VIL_0773,2024-07-11 06:00:00,30.7,0.11,66.49,8.65
VIL_0774,2024-07-11 06:00:00,30.7,0.12,66.6,8.63
VIL_0775,2024-07-11 06:00:00,30.73,0.1,66.37,8.77
VIL_0776,2024-07-11 06:00:00,30.74,0.07,66.27,8.75
VIL_0777,2024-07-11 06:00:00,30.76,0.06,66.15,8.8
VIL_0778,2024-07-11 06:00:00,30.79,0.01,66.02,8.73
VIL_0779,2024-07-11 06:00:00,30.77,0.03,66.07,8.88
VIL_0780,2024-07-11 06:00:00,30.78,0.03,66.05,8.87
VIL_0781,2024-07-11 06:00:00,30.74,0.11,66.01,9.72
VIL_0782,2024-07-11 06:00:00,30.71,0.14,66.07,9.93
VIL_0783,2024-07-11 06:00:00,30.68,0.15,66.18,10.12
VIL_0784,2024-07-11 06:00:00,30.71,0.1,66.15,9.44
VIL_0785,2024-07-11 06:00:00,30.66,0.14,66.3,9.7
VIL_0786,2024-07-11 06:00:00,30.65,0.15,66.37,9.56
VIL_0787,2024-07-11 06:00:00,30.24,0.1,69.48,9.78
VIL_0788,2024-07-11 06:00:00,30.71,0.12,66.51,8.78
VIL_0789,2024-07-11 06:00:00,30.73,0.11,66.35,8.86
VIL_0790,2024-07-11 06:00:00,30.75,0.09,66.23,8.91
VIL_0791,2024-07-11 06:00:00,30.67,0.08,66.41,9.34
VIL_0792,2024-07-11 06:00:00,30.72,0.07,66.18,9.31
VIL_0793,2024-07-11 06:00:00,30.68,0.09,66.54,9.96
VIL_0794,2024-07-11 06:00:00,30.63,0.08,66.89,9.81
VIL_0795,2024-07-11 06:00:00,30.58,0.06,67.24,9.71
VIL_0796,2024-07-11 06:00:00,30.54,0.08,67.45,10.0
VIL_0797,2024-07-11 06:00:00,30.48,0.08,67.88,10.05
VIL_0798,2024-07-11 06:00:00,30.46,0.08,68.07,10.02
VIL_0799,2024-07-11 06:00:00,30.12,0.07,70.98,10.29
VIL_0800,2024-07-11 06:00:00,30.39,0.06,68.99,9.9
VIL_0801,2024-07-11 06:00:00,30.09,0.06,71.07,10.17
VIL_0802,2024-07-11 06:00:00,29.88,0.05,72.47,10.38
VIL_0803,2024-07-11 06:00:00,29.89,0.07,72.65,10.52
VIL_0804,2024-07-11 06:00:00,29.69,0.07,73.67,10.83
VIL_0805,2024-07-11 06:00:00,29.68,0.07,73.79,10.81
VIL_0806,2024-07-11 06:00:00,29.73,0.08,73.69,10.74
VIL_0807,2024-07-11 06:00:00,29.81,0.08,72.88,10.73
VIL_0808,2024-07-11 06:00:00,30.24,0.09,69.72,10.31
VIL_0809,2024-07-11 06:00:00,30.35,0.08,68.86,10.2
VIL_0810,2024-07-11 06:00:00,30.31,0.09,68.99,10.31
VIL_0811,2024-07-11 06:00:00,30.38,0.1,68.34,10.41
VIL_0812,2024-07-11 06:00:00,30.54,0.13,67.22,10.51
VIL_0813,2024-07-11 06:00:00,30.39,0.11,67.96,10.59
VIL_0814,2024-07-11 06:00:00,30.22,0.1,68.65,10.67
VIL_0815,2024-07-11 06:00:00,30.29,0.1,68.3,10.65
VIL_0816,2024-07-11 06:00:00,30.29,0.09,68.43,10.52
VIL_0817,2024-07-11 06:00:00,30.43,0.12,67.64,10.63
VIL_0818,2024-07-11 06:00:00,30.86,0.19,65.23,10.86
VIL_0819,2024-07-11 06:00:00,30.8,0.18,65.58,10.77
VIL_0820,2024-07-11 06:00:00,30.67,0.16,66.21,10.35
VIL_0821,2024-07-11 06:00:00,30.85,0.19,65.32,10.83
VIL_0822,2024-07-11 06:00:00,30.77,0.14,65.75,10.23
VIL_0823,2024-07-11 06:00:00,30.66,0.14,66.48,10.53
VIL_0824,2024-07-11 06:00:00,30.0,0.06,71.73,10.3
VIL_0825,2024-07-11 06:00:00,29.54,0.29,74.33,11.73
VIL_0826,2024-07-11 06:00:00,29.57,0.3,74.22,11.72
VIL_0827,2024-07-11 06:00:00,29.59,0.29,74.19,11.65
VIL_0828,2024-07-11 06:00:00,29.55,0.27,74.51,11.62
VIL_0829,2024-07-11 06:00:00,29.56,0.31,74.07,11.82
VIL_0830,2024-07-11 06:00:00,29.69,0.36,72.47,12.29
VIL_0831,2024-07-11 06:00:00,29.62,0.34,73.81,11.82
VIL_0832,2024-07-11 06:00:00,29.68,0.35,72.37,12.37
VIL_0833,2024-07-11 06:00:00,29.65,0.36,72.39,12.44
VIL_0834,2024-07-11 06:00:00,29.66,0.34,72.32,12.44
VIL_0835,2024-07-11 06:00:00,29.65,0.34,72.29,12.49
VIL_0836,2024-07-11 06:00:00,29.65,0.34,72.26,12.49
VIL_0837,2024-07-11 06:00:00,29.7,0.41,72.61,12.29
VIL_0838,2024-07-11 06:00:00,29.68,0.39,72.54,12.36
VIL_0839,2024-07-11 06:00:00,29.64,0.39,72.53,12.46
VIL_0840,2024-07-11 06:00:00,29.66,0.37,72.44,12.4
VIL_0841,2024-07-11 06:00:00,29.63,0.37,72.46,12.48
VIL_0842,2024-07-11 06:00:00,29.61,0.35,72.47,12.52
VIL_0843,2024-07-11 06:00:00,29.63,0.35,72.39,12.51
VIL_0844,2024-07-11 06:00:00,29.6,0.35,72.45,12.53
VIL_0845,2024-07-11 06:00:00,29.57,0.33,72.52,12.53
VIL_0846,2024-07-11 06:00:00,29.63,0.34,72.28,12.56
VIL_0847,2024-07-11 06:00:00,29.61,0.34,72.31,12.57
VIL_0848,2024-07-11 06:00:00,29.6,0.34,72.36,12.58
VIL_0849,2024-07-11 06:00:00,29.57,0.33,72.43,12.58
VIL_0850,2024-07-11 06:00:00,29.59,0.33,72.29,12.63
VIL_0851,2024-07-11 06:00:00,29.59,0.33,72.21,12.67
VIL_0852,2024-07-11 06:00:00,29.57,0.32,72.29,12.66
VIL_0853,2024-07-11 06:00:00,29.59,0.33,71.89,13.05
VIL_0854,2024-07-11 06:00:00,29.61,0.34,71.77,13.15
VIL_0855,2024-07-11 06:00:00,29.62,0.33,71.58,13.28
VIL_0856,2024-07-11 06:00:00,29.63,0.33,71.5,13.34
VIL_0857,2024-07-11 06:00:00,29.61,0.33,71.6,13.26
VIL_0858,2024-07-11 06:00:00,29.6,0.33,71.78,13.13
VIL_0859,2024-07-11 06:00:00,29.61,0.32,71.5,13.31
VIL_0860,2024-07-11 06:00:00,29.57,0.36,72.65,12.51
VIL_0861,2024-07-11 06:00:00,29.52,0.31,72.78,12.43
VIL_0862,2024-07-11 06:00:00,29.52,0.31,72.82,12.4
VIL_0863,2024-07-11 06:00:00,29.58,0.35,72.62,12.49
VIL_0864,2024-07-11 06:00:00,29.54,0.32,72.69,12.46
VIL_0865,2024-07-11 06:00:00,29.5,0.3,72.98,12.31
VIL_0866,2024-07-11 06:00:00,29.54,0.3,71.97,12.91
VIL_0867,2024-07-11 06:00:00,29.55,0.29,71.56,13.15
VIL_0868,2024-07-11 06:00:00,29.54,0.3,72.09,12.87
VIL_0869,2024-07-11 06:00:00,29.54,0.31,72.57,12.53
VIL_0870,2024-07-11 06:00:00,29.53,0.31,72.4,12.69
VIL_0871,2024-07-11 06:00:00,29.58,0.3,71.48,13.27
VIL_0872,2024-07-11 06:00:00,29.57,0.32,71.96,12.99
VIL_0873,2024-07-11 06:00:00,29.58,0.31,71.56,13.24
VIL_0874,2024-07-11 06:00:00,29.62,0.3,70.79,13.73
VIL_0875,2024-07-11 06:00:00,29.58,0.23,70.6,14.54
VIL_0876,2024-07-11 06:00:00,29.63,0.28,70.13,14.13
VIL_0877,2024-07-11 06:00:00,29.59,0.22,70.3,14.73
VIL_0878,2024-07-11 06:00:00,29.61,0.22,70.45,14.98
VIL_0879,2024-07-11 06:00:00,29.63,0.22,70.29,15.06
VIL_0880,2024-07-11 06:00:00,29.58,0.35,71.97,12.9
VIL_0881,2024-07-11 06:00:00,29.58,0.29,70.61,13.7
VIL_0882,2024-07-11 06:00:00,29.59,0.23,69.01,14.67
VIL_0883,2024-07-11 06:00:00,29.59,0.29,70.3,13.85
VIL_0884,2024-07-11 06:00:00,29.59,0.24,69.09,14.59
VIL_0885,2024-07-11 06:00:00,29.6,0.2,68.01,15.29
VIL_0886,2024-07-11 06:00:00,29.6,0.21,68.41,15.06
VIL_0887,2024-07-11 06:00:00,29.59,0.28,70.41,13.9
VIL_0888,2024-07-11 06:00:00,29.6,0.24,69.17,14.63
VIL_0889,2024-07-11 06:00:00,29.61,0.24,68.99,14.75
VIL_0890,2024-07-11 06:00:00,29.63,0.27,69.69,14.38
VIL_0891,2024-07-11 06:00:00,29.66,0.28,69.72,14.4
VIL_0892,2024-07-11 06:00:00,29.59,0.24,69.24,14.47
VIL_0893,2024-07-11 06:00:00,29.64,0.28,69.77,14.34
VIL_0894,2024-07-11 06:00:00,29.67,0.44,72.63,12.43
VIL_0895,2024-07-11 06:00:00,29.6,0.38,71.93,12.92
VIL_0896,2024-07-11 06:00:00,29.63,0.42,72.62,12.5
VIL_0897,2024-07-11 06:00:00,29.62,0.31,71.24,13.48
VIL_0898,2024-07-11 06:00:00,29.56,0.23,70.93,14.41
VIL_0899,2024-07-11 06:00:00,29.56,0.22,71.0,14.57
VIL_0900,2024-07-11 06:00:00,29.57,0.2,70.86,15.15
VIL_0901,2024-07-11 06:00:00,29.55,0.21,71.06,14.73
VIL_0902,2024-07-11 06:00:00,29.54,0.22,71.17,14.48
VIL_0903,2024-07-11 06:00:00,29.54,0.22,71.17,14.57
VIL_0904,2024-07-11 06:00:00,29.54,0.21,71.09,14.8
VIL_0905,2024-07-11 06:00:00,29.54,0.2,71.03,15.11
VIL_0906,2024-07-11 06:00:00,29.54,0.2,71.0,15.12
VIL_0907,2024-07-11 06:00:00,29.55,0.2,70.97,15.03
VIL_0908,2024-07-11 06:00:00,29.55,0.2,70.96,15.2
VIL_0909,2024-07-11 06:00:00,29.59,0.21,70.71,14.95
VIL_0910,2024-07-11 06:00:00,29.6,0.21,70.59,14.97
VIL_0911,2024-07-11 06:00:00,29.62,0.21,70.67,15.29
VIL_0912,2024-07-11 06:00:00,29.58,0.21,70.8,15.09
VIL_0913,2024-07-11 06:00:00,29.59,0.19,70.82,15.64
VIL_0914,2024-07-11 06:00:00,29.56,0.18,70.9,15.54
VIL_0915,2024-07-11 06:00:00,29.54,0.17,70.97,15.75
VIL_0916,2024-07-11 06:00:00,29.53,0.18,71.0,15.42
VIL_0917,2024-07-11 06:00:00,29.52,0.17,71.02,15.79
VIL_0918,2024-07-11 06:00:00,29.51,0.15,71.04,16.02
VIL_0919,2024-07-11 06:00:00,29.54,0.18,70.97,15.52
VIL_0920,2024-07-11 06:00:00,29.53,0.18,71.01,15.41
VIL_0921,2024-07-11 06:00:00,29.52,0.15,71.02,16.1
VIL_0922,2024-07-11 06:00:00,29.55,0.16,70.96,16.14
VIL_0923,2024-07-11 06:00:00,29.47,0.13,71.14,16.4
VIL_0924,2024-07-11 06:00:00,29.42,0.11,71.26,16.59
VIL_0925,2024-07-11 06:00:00,29.69,0.22,70.44,15.28
VIL_0926,2024-07-11 06:00:00,29.71,0.22,70.41,15.32
VIL_0927,2024-07-11 06:00:00,29.76,0.23,70.43,15.36
VIL_0928,2024-07-11 06:00:00,29.76,0.23,70.47,15.46
VIL_0929,2024-07-11 06:00:00,29.8,0.24,70.42,15.42
VIL_0930,2024-07-11 06:00:00,29.86,0.26,70.29,15.21
VIL_0931,2024-07-11 06:00:00,29.84,0.25,70.32,15.24
VIL_0932,2024-07-11 06:00:00,29.77,0.23,70.4,15.31
VIL_0933,2024-07-11 06:00:00,29.66,0.21,70.61,15.43
VIL_0934,2024-07-11 06:00:00,29.65,0.2,70.68,15.57
VIL_0935,2024-07-11 06:00:00,29.73,0.22,70.51,15.44
VIL_0936,2024-07-11 06:00:00,29.67,0.2,70.69,15.73
VIL_0937,2024-07-11 06:00:00,29.75,0.22,70.53,15.57
VIL_0938,2024-07-11 06:00:00,29.83,0.25,70.34,15.25
VIL_0939,2024-07-11 06:00:00,29.92,0.27,70.17,15.04
VIL_0940,2024-07-11 06:00:00,29.99,0.3,70.03,14.84
VIL_0941,2024-07-11 06:00:00,29.75,0.22,70.54,15.62
VIL_0942,2024-07-11 06:00:00,29.87,0.26,70.28,15.22
VIL_0943,2024-07-11 06:00:00,29.68,0.2,70.62,15.64
VIL_0944,2024-07-11 06:00:00,29.64,0.19,70.7,15.75
VIL_0945,2024-07-11 06:00:00,29.62,0.19,70.75,15.82
VIL_0946,2024-07-11 06:00:00,29.61,0.18,70.8,15.92
VIL_0947,2024-07-11 06:00:00,29.58,0.17,70.84,15.95
VIL_0948,2024-07-11 06:00:00,29.58,0.17,70.87,16.03
VIL_0949,2024-07-11 06:00:00,29.59,0.17,70.86,16.05
VIL_0950,2024-07-11 06:00:00,29.67,0.2,70.69,15.81
VIL_0951,2024-07-11 06:00:00,29.6,0.17,70.87,16.11
VIL_0952,2024-07-11 06:00:00,29.45,0.12,71.21,16.64
VIL_0953,2024-07-11 06:00:00,29.54,0.15,70.99,16.25
VIL_0954,2024-07-11 06:00:00,29.5,0.14,71.09,16.44
VIL_0955,2024-07-11 06:00:00,29.44,0.12,71.22,16.62
VIL_0956,2024-07-11 06:00:00,29.38,0.1,71.36,16.84
VIL_0957,2024-07-11 06:00:00,29.4,0.11,71.29,16.71
VIL_0958,2024-07-11 06:00:00,29.44,0.12,71.19,16.52
VIL_0959,2024-07-11 06:00:00,29.46,0.13,71.15,16.49
VIL_0960,2024-07-11 06:00:00,29.5,0.14,71.05,16.3
VIL_0961,2024-07-11 06:00:00,29.48,0.13,71.11,16.41
VIL_0962,2024-07-11 06:00:00,29.46,0.13,71.14,16.41
VIL_0963,2024-07-11 06:00:00,29.48,0.14,71.09,16.33
VIL_0964,2024-07-11 06:00:00,29.48,0.14,71.08,16.3
VIL_0965,2024-07-11 06:00:00,29.47,0.13,71.13,16.39
VIL_0966,2024-07-11 06:00:00,29.49,0.14,71.05,16.25
VIL_0967,2024-07-11 06:00:00,29.51,0.15,71.02,16.19
VIL_0968,2024-07-11 06:00:00,29.53,0.15,70.97,16.12
VIL_0969,2024-07-11 06:00:00,29.51,0.15,71.03,16.23
VIL_0970,2024-07-11 06:00:00,29.53,0.15,70.97,16.15
VIL_0971,2024-07-11 06:00:00,29.56,0.16,70.91,16.06
VIL_0972,2024-07-11 06:00:00,29.54,0.16,70.96,16.15
VIL_0973,2024-07-11 06:00:00,29.57,0.1,75.02,10.87
VIL_0974,2024-07-11 06:00:00,29.69,0.11,74.36,10.76
VIL_0975,2024-07-11 06:00:00,29.71,0.11,74.19,10.74
VIL_0976,2024-07-11 06:00:00,29.74,0.08,73.82,10.69
VIL_0977,2024-07-11 06:00:00,29.87,0.09,73.2,10.57
VIL_0978,2024-07-11 06:00:00,29.91,0.11,73.26,10.53
VIL_0979,2024-07-11 06:00:00,29.98,0.11,72.63,10.52
VIL_0980,2024-07-11 06:00:00,29.89,0.08,72.67,10.58
VIL_0981,2024-07-11 06:00:00,29.89,0.08,72.25,10.68
VIL_0982,2024-07-11 06:00:00,29.97,0.12,71.63,10.7
VIL_0983,2024-07-11 06:00:00,30.19,0.09,69.46,10.48
VIL_0984,2024-07-11 06:00:00,30.1,0.08,70.26,10.46
VIL_0985,2024-07-11 06:00:00,29.93,0.12,71.75,10.7
VIL_0986,2024-07-11 06:00:00,29.84,0.09,71.18,10.77
VIL_0987,2024-07-11 06:00:00,30.03,0.07,69.88,10.59
VIL_0988,2024-07-11 06:00:00,29.7,0.05,71.33,10.76
VIL_0989,2024-07-11 06:00:00,29.94,0.12,72.41,10.61
VIL_0990,2024-07-11 06:00:00,29.84,0.11,72.02,10.74
VIL_0991,2024-07-11 06:00:00,29.64,0.05,71.77,10.75
VIL_0992,2024-07-11 06:00:00,29.61,0.05,71.86,10.78
VIL_0993,2024-07-11 06:00:00,29.56,0.02,71.88,10.74
VIL_0994,2024-07-11 06:00:00,29.54,0.01,71.89,10.71
VIL_0995,2024-07-11 06:00:00,29.56,0.02,71.78,10.72
VIL_0996,2024-07-11 06:00:00,29.67,0.05,71.38,10.78
VIL_0997,2024-07-11 06:00:00,29.86,0.08,70.56,10.82
VIL_0998,2024-07-11 06:00:00,29.77,0.17,70.59,11.7
VIL_0999,2024-07-11 06:00:00,29.89,0.12,70.62,10.92
VIL_1000,2024-07-11 06:00:00,29.65,0.07,71.67,10.83
VIL_1001,2024-07-11 06:00:00,29.66,0.1,71.82,10.9
VIL_1002,2024-07-11 06:00:00,29.73,0.17,71.74,11.1
VIL_1003,2024-07-11 06:00:00,29.86,0.22,69.63,12.39
VIL_1004,2024-07-11 06:00:00,29.59,0.26,70.37,13.58
VIL_1005,2024-07-11 06:00:00,29.57,0.24,71.48,12.46
VIL_1006,2024-07-11 06:00:00,29.6,0.32,70.89,13.42
VIL_1007,2024-07-11 06:00:00,29.67,0.35,72.75,11.76
VIL_1008,2024-07-11 06:00:00,29.6,0.31,71.87,12.39
VIL_1009,2024-07-11 06:00:00,29.69,0.41,72.83,11.9
VIL_1010,2024-07-11 06:00:00,29.69,0.35,72.76,11.7
VIL_1011,2024-07-11 06:00:00,29.65,0.25,72.59,11.41
VIL_1012,2024-07-11 06:00:00,29.7,0.11,71.91,10.9
VIL_1013,2024-07-11 06:00:00,29.77,0.19,72.1,11.08
VIL_1014,2024-07-11 06:00:00,29.71,0.31,72.76,11.53
VIL_1015,2024-07-11 06:00:00,29.8,0.26,72.85,11.25
VIL_1016,2024-07-11 06:00:00,29.77,0.24,72.79,11.22
VIL_1017,2024-07-11 06:00:00,29.82,0.15,72.15,10.88
VIL_1018,2024-07-11 06:00:00,29.78,0.11,72.0,10.82
VIL_1019,2024-07-11 06:00:00,29.93,0.14,72.54,10.67
VIL_1020,2024-07-11 06:00:00,29.74,0.39,72.9,11.77
VIL_1021,2024-07-11 06:00:00,29.72,0.44,72.9,11.96
VIL_1022,2024-07-11 06:00:00,29.7,0.53,72.95,12.28
VIL_1023,2024-07-11 06:00:00,29.65,0.48,72.48,12.58
VIL_1024,2024-07-11 06:00:00,29.7,0.6,73.0,12.49
VIL_1025,2024-07-11 06:00:00,29.7,0.52,72.96,12.27
VIL_1026,2024-07-11 06:00:00,29.67,0.51,72.77,12.5
VIL_1027,2024-07-11 06:00:00,29.69,0.57,72.91,12.51
VIL_1028,2024-07-11 06:00:00,29.68,0.54,72.78,12.55
VIL_1029,2024-07-11 06:00:00,29.64,0.45,72.27,12.74
VIL_1030,2024-07-11 06:00:00,23.28,0.03,66.88,11.49
VIL_1031,2024-07-11 06:00:00,29.72,0.1,71.78,9.96
VIL_0001,2024-07-11 12:00:00,26.82,1.6,82.82,16.56
VIL_0002,2024-07-11 12:00:00,26.8,1.63,82.9,16.63
VIL_0003,2024-07-11 12:00:00,26.76,1.7,83.13,16.8
VIL_0004,2024-07-11 12:00:00,26.77,1.68,83.08,16.76
VIL_0005,2024-07-11 12:00:00,26.74,1.74,83.27,16.9
VIL_0006,2024-07-11 12:00:00,26.7,1.79,83.44,17.03
VIL_0007,2024-07-11 12:00:00,26.66,1.87,83.66,17.18
VIL_0008,2024-07-11 12:00:00,26.8,1.62,82.93,16.67
VIL_0009,2024-07-11 12:00:00,26.62,1.97,83.92,17.35
VIL_0010,2024-07-11 12:00:00,26.61,1.97,83.94,17.36
VIL_0011,2024-07-11 12:00:00,26.71,1.78,83.43,17.03
VIL_0012,2024-07-11 12:00:00,26.79,1.63,83.01,16.75
VIL_0013,2024-07-11 12:00:00,26.86,1.5,82.59,16.44
VIL_0014,2024-07-11 12:00:00,26.69,1.81,83.54,17.12
VIL_0015,2024-07-11 12:00:00,26.86,1.48,82.61,16.49
VIL_0016,2024-07-11 12:00:00,26.6,2.0,83.99,17.4
VIL_0017,2024-07-11 12:00:00,26.65,1.88,83.73,17.25
VIL_0018,2024-07-11 12:00:00,26.8,1.57,82.97,16.77
VIL_0019,2024-07-11 12:00:00,26.89,1.32,82.48,16.54
VIL_0020,2024-07-11 12:00:00,26.98,1.3,81.98,16.0
VIL_0021,2024-07-11 12:00:00,27.01,1.21,81.8,15.93
VIL_0022,2024-07-11 12:00:00,27.04,1.1,81.64,15.89
VIL_0023,2024-07-11 12:00:00,27.18,1.04,80.84,15.07
VIL_0024,2024-07-11 12:00:00,27.03,0.99,81.77,16.16
VIL_0025,2024-07-11 12:00:00,27.18,0.98,80.83,15.18
VIL_0026,2024-07-11 12:00:00,27.11,0.93,81.31,15.77
VIL_0027,2024-07-11 12:00:00,27.41,0.84,79.49,13.96
VIL_0028,2024-07-11 12:00:00,27.27,0.91,80.29,14.73
VIL_0029,2024-07-11 12:00:00,26.73,1.67,83.32,17.04
VIL_0030,2024-07-11 12:00:00,26.87,1.28,82.61,16.72
VIL_0031,2024-07-11 12:00:00,26.99,0.85,82.02,16.57
VIL_0032,2024-07-11 12:00:00,26.96,1.05,82.16,16.5
VIL_0033,2024-07-11 12:00:00,27.0,0.81,81.99,16.58
VIL_0034,2024-07-11 12:00:00,27.01,0.84,81.92,16.47
VIL_0035,2024-07-11 12:00:00,27.03,0.84,81.82,16.37
VIL_0036,2024-07-11 12:00:00,27.19,0.87,80.79,15.34
VIL_0037,2024-07-11 12:00:00,27.1,0.86,81.38,15.93
VIL_0038,2024-07-11 12:00:00,27.19,0.86,80.8,15.37
VIL_0039,2024-07-11 12:00:00,27.29,0.85,80.22,14.83
VIL_0040,2024-07-11 12:00:00,27.21,0.86,80.7,15.28
VIL_0041,2024-07-11 12:00:00,27.36,0.83,79.75,14.42
VIL_0042,2024-07-11 12:00:00,27.62,0.75,78.14,13.03
VIL_0043,2024-07-11 12:00:00,27.54,0.78,78.67,13.51
VIL_0044,2024-07-11 12:00:00,27.32,0.84,80.01,14.66
VIL_0045,2024-07-11 12:00:00,27.44,0.81,79.26,14.0
VIL_0046,2024-07-11 12:00:00,27.52,0.78,78.78,13.51
VIL_0047,2024-07-11 12:00:00,27.52,0.78,78.84,13.36
VIL_0048,2024-07-11 12:00:00,27.6,0.75,78.27,13.13
VIL_0049,2024-07-11 12:00:00,27.73,0.71,77.45,12.56
VIL_0050,2024-07-11 12:00:00,27.7,0.72,77.62,12.69
VIL_0051,2024-07-11 12:00:00,27.63,0.75,78.09,13.04
VIL_0052,2024-07-11 12:00:00,27.74,0.66,77.55,12.58
VIL_0053,2024-07-11 12:00:00,27.79,0.68,77.17,12.37
VIL_0054,2024-07-11 12:00:00,27.67,0.67,78.01,12.36
VIL_0055,2024-07-11 12:00:00,27.67,0.69,77.94,12.53
VIL_0056,2024-07-11 12:00:00,27.79,0.64,77.28,12.28
VIL_0057,2024-07-11 12:00:00,27.8,0.7,77.01,12.3
VIL_0058,2024-07-11 12:00:00,27.8,0.69,77.06,12.31
VIL_0059,2024-07-11 12:00:00,27.8,0.69,77.05,12.31
VIL_0060,2024-07-11 12:00:00,27.78,0.67,77.23,12.37
VIL_0061,2024-07-11 12:00:00,27.78,0.65,77.37,12.4
VIL_0062,2024-07-11 12:00:00,27.8,0.68,77.06,12.27
VIL_0063,2024-07-11 12:00:00,27.82,0.59,77.14,11.95
VIL_0064,2024-07-11 12:00:00,27.84,0.5,77.27,11.61
VIL_0065,2024-07-11 12:00:00,27.93,0.39,76.92,10.75
VIL_0066,2024-07-11 12:00:00,27.78,0.28,76.85,9.91
VIL_0067,2024-07-11 12:00:00,27.92,0.43,76.93,10.96
VIL_0068,2024-07-11 12:00:00,27.82,0.32,76.87,10.21
VIL_0069,2024-07-11 12:00:00,27.89,0.47,77.01,11.25
VIL_0070,2024-07-11 12:00:00,27.87,0.51,77.15,11.6
VIL_0071,2024-07-11 12:00:00,27.83,0.59,77.16,11.96
VIL_0072,2024-07-11 12:00:00,27.82,0.61,77.21,12.1
VIL_0073,2024-07-11 12:00:00,27.8,0.68,77.09,12.28
VIL_0074,2024-07-11 12:00:00,27.79,0.67,77.15,12.32
VIL_0075,2024-07-11 12:00:00,27.8,0.65,77.19,12.28
VIL_0076,2024-07-11 12:00:00,27.8,0.6,77.45,12.31
VIL_0077,2024-07-11 12:00:00,27.8,0.6,77.36,12.25
VIL_0078,2024-07-11 12:00:00,27.8,0.64,77.22,12.27
VIL_0079,2024-07-11 12:00:00,27.81,0.58,77.4,12.22
VIL_0080,2024-07-11 12:00:00,27.82,0.59,77.27,12.12
VIL_0081,2024-07-11 12:00:00,27.87,0.48,77.32,11.72
VIL_0082,2024-07-11 12:00:00,27.68,0.34,77.57,11.09
VIL_0083,2024-07-11 12:00:00,27.63,0.3,77.97,11.42
VIL_0084,2024-07-11 12:00:00,27.65,0.36,77.8,11.49
VIL_0085,2024-07-11 12:00:00,27.63,0.32,78.05,11.63
VIL_0086,2024-07-11 12:00:00,27.62,0.28,78.31,11.82
VIL_0087,2024-07-11 12:00:00,27.85,0.47,77.69,12.14
VIL_0088,2024-07-11 12:00:00,27.91,0.22,76.47,9.33
VIL_0089,2024-07-11 12:00:00,28.0,0.22,76.28,9.21
VIL_0090,2024-07-11 12:00:00,28.02,0.2,76.19,9.05
VIL_0091,2024-07-11 12:00:00,28.06,0.2,76.1,8.99
VIL_0092,2024-07-11 12:00:00,27.99,0.2,76.3,9.16
VIL_0093,2024-07-11 12:00:00,27.94,0.2,76.38,9.17
VIL_0094,2024-07-11 12:00:00,27.54,0.19,77.31,9.69
VIL_0095,2024-07-11 12:00:00,26.96,0.13,78.19,9.78
VIL_0096,2024-07-11 12:00:00,27.71,0.21,76.88,9.47
VIL_0097,2024-07-11 12:00:00,27.43,0.19,77.46,9.69
VIL_0098,2024-07-11 12:00:00,24.21,0.04,82.25,10.61
VIL_0099,2024-07-11 12:00:00,26.1,0.1,79.66,10.17
VIL_0100,2024-07-11 12:00:00,27.75,0.36,77.17,10.74
VIL_0101,2024-07-11 12:00:00,27.74,0.3,77.22,10.51
VIL_0102,2024-07-11 12:00:00,27.82,0.25,76.9,9.93
VIL_0103,2024-07-11 12:00:00,27.8,0.21,76.94,9.76
VIL_0104,2024-07-11 12:00:00,27.19,0.17,78.4,10.52
VIL_0105,2024-07-11 12:00:00,27.48,0.11,79.23,12.07
VIL_0106,2024-07-11 12:00:00,27.53,0.13,78.95,11.86
VIL_0107,2024-07-11 12:00:00,27.55,0.18,78.35,11.21
VIL_0108,2024-07-11 12:00:00,27.62,0.2,77.6,10.34
VIL_0109,2024-07-11 12:00:00,27.61,0.21,78.02,10.99
VIL_0110,2024-07-11 12:00:00,27.67,0.24,77.61,10.63
VIL_0111,2024-07-11 12:00:00,27.65,0.28,77.8,11.08
VIL_0112,2024-07-11 12:00:00,27.62,0.24,78.32,11.6
VIL_0113,2024-07-11 12:00:00,27.61,0.21,78.27,11.39
VIL_0114,2024-07-11 12:00:00,27.59,0.16,78.76,11.79
VIL_0115,2024-07-11 12:00:00,27.62,0.17,78.81,11.98
VIL_0116,2024-07-11 12:00:00,27.62,0.19,78.72,11.97
VIL_0117,2024-07-11 12:00:00,27.62,0.22,78.6,11.96
VIL_0118,2024-07-11 12:00:00,27.66,0.15,79.08,12.37
VIL_0119,2024-07-11 12:00:00,27.64,0.12,79.15,12.33
VIL_0120,2024-07-11 12:00:00,27.72,0.08,79.47,12.77
VIL_0121,2024-07-11 12:00:00,27.69,0.08,79.47,12.7
VIL_0122,2024-07-11 12:00:00,27.74,0.08,79.49,12.85
VIL_0123,2024-07-11 12:00:00,24.49,0.02,82.34,10.86
VIL_0124,2024-07-11 12:00:00,23.73,0.02,83.23,10.87
VIL_0125,2024-07-11 12:00:00,23.45,0.01,83.85,11.07
VIL_0126,2024-07-11 12:00:00,23.13,0.0,84.91,11.37
VIL_0127,2024-07-11 12:00:00,23.18,0.0,84.7,11.3
VIL_0128,2024-07-11 12:00:00,23.59,0.01,83.17,10.81
VIL_0129,2024-07-11 12:00:00,23.65,0.01,82.72,10.67
VIL_0130,2024-07-11 12:00:00,24.16,0.03,81.2,10.13
VIL_0131,2024-07-11 12:00:00,24.51,0.03,80.02,9.65
VIL_0132,2024-07-11 12:00:00,24.63,0.02,79.26,9.13
VIL_0133,2024-07-11 12:00:00,24.18,0.02,80.63,9.73
VIL_0134,2024-07-11 12:00:00,24.48,0.01,79.24,8.84
VIL_0135,2024-07-11 12:00:00,24.31,0.03,79.71,9.58
VIL_0136,2024-07-11 12:00:00,24.38,0.06,78.55,10.11
VIL_0137,2024-07-11 12:00:00,24.02,0.04,80.74,10.44
VIL_0138,2024-07-11 12:00:00,24.06,0.04,80.73,10.41
VIL_0139,2024-07-11 12:00:00,24.61,0.09,76.57,10.23
VIL_0140,2024-07-11 12:00:00,24.53,0.05,77.96,9.7
VIL_0141,2024-07-11 12:00:00,24.65,0.06,77.43,9.75
VIL_0142,2024-07-11 12:00:00,24.63,0.09,76.45,10.21
VIL_0143,2024-07-11 12:00:00,24.68,0.08,76.95,10.05
VIL_0144,2024-07-11 12:00:00,24.68,0.02,79.0,8.98
VIL_0145,2024-07-11 12:00:00,24.5,0.0,79.0,8.51
VIL_0146,2024-07-11 12:00:00,25.12,0.03,78.43,8.76
VIL_0147,2024-07-11 12:00:00,24.49,0.02,78.86,9.01
VIL_0148,2024-07-11 12:00:00,24.83,0.04,78.46,9.11
VIL_0149,2024-07-11 12:00:00,27.61,0.14,77.91,10.33
VIL_0150,2024-07-11 12:00:00,27.85,0.04,79.79,13.27
VIL_0151,2024-07-11 12:00:00,27.93,0.01,79.94,13.51
VIL_0152,2024-07-11 12:00:00,28.0,0.01,79.85,13.55
VIL_0153,2024-07-11 12:00:00,27.99,0.0,79.99,13.67
VIL_0154,2024-07-11 12:00:00,27.79,0.04,79.8,13.19
VIL_0155,2024-07-11 12:00:00,27.68,0.06,79.68,12.89
VIL_0156,2024-07-11 12:00:00,27.59,0.04,79.77,12.77
VIL_0157,2024-07-11 12:00:00,27.44,0.1,79.43,12.23
VIL_0158,2024-07-11 12:00:00,27.0,0.05,79.64,11.71
VIL_0159,2024-07-11 12:00:00,26.64,0.06,79.79,11.32
VIL_0160,2024-07-11 12:00:00,26.62,0.05,79.97,11.52
VIL_0161,2024-07-11 12:00:00,25.48,0.03,80.99,11.02
VIL_0162,2024-07-11 12:00:00,26.03,0.03,80.57,11.58
VIL_0163,2024-07-11 12:00:00,26.61,0.03,80.2,11.81
VIL_0164,2024-07-11 12:00:00,27.3,0.05,79.9,12.48
VIL_0165,2024-07-11 12:00:00,27.03,0.03,80.02,12.24
VIL_0166,2024-07-11 12:00:00,27.74,0.02,79.86,13.12
VIL_0167,2024-07-11 12:00:00,27.51,0.04,79.85,12.76
VIL_0168,2024-07-11 12:00:00,27.81,0.02,79.9,13.28
VIL_0169,2024-07-11 12:00:00,27.85,0.01,79.91,13.37
VIL_0170,2024-07-11 12:00:00,27.89,0.01,79.92,13.45
VIL_0171,2024-07-11 12:00:00,27.95,0.0,79.97,13.59
VIL_0172,2024-07-11 12:00:00,28.0,0.0,80.0,13.69
VIL_0173,2024-07-11 12:00:00,27.91,0.01,79.75,13.33
VIL_0174,2024-07-11 12:00:00,27.58,0.02,79.86,13.02
VIL_0175,2024-07-11 12:00:00,27.42,0.03,79.72,12.68
VIL_0176,2024-07-11 12:00:00,27.51,0.02,79.86,12.92
VIL_0177,2024-07-11 12:00:00,27.29,0.04,79.63,12.43
VIL_0178,2024-07-11 12:00:00,27.32,0.02,79.94,12.75
VIL_0179,2024-07-11 12:00:00,27.28,0.04,79.77,12.53
VIL_0180,2024-07-11 12:00:00,27.11,0.05,79.56,12.12
VIL_0181,2024-07-11 12:00:00,26.91,0.05,79.61,11.91
VIL_0182,2024-07-11 12:00:00,26.82,0.04,79.86,12.01
VIL_0183,2024-07-11 12:00:00,26.58,0.04,80.11,11.92
VIL_0184,2024-07-11 12:00:00,26.53,0.05,79.91,11.68
VIL_0185,2024-07-11 12:00:00,25.85,0.05,80.17,11.02
VIL_0186,2024-07-11 12:00:00,25.97,0.07,79.43,10.54
VIL_0187,2024-07-11 12:00:00,26.58,0.08,79.36,11.25
VIL_0188,2024-07-11 12:00:00,26.93,0.13,78.32,10.77
VIL_0189,2024-07-11 12:00:00,26.83,0.1,78.88,11.15
VIL_0190,2024-07-11 12:00:00,26.96,0.08,79.21,11.62
VIL_0191,2024-07-11 12:00:00,27.09,0.12,78.42,11.07
VIL_0192,2024-07-11 12:00:00,27.05,0.1,78.8,11.36
VIL_0193,2024-07-11 12:00:00,27.17,0.12,78.41,11.17
VIL_0194,2024-07-11 12:00:00,27.15,0.11,78.67,11.38
VIL_0195,2024-07-11 12:00:00,27.13,0.09,78.94,11.6
VIL_0196,2024-07-11 12:00:00,27.21,0.06,79.39,12.1
VIL_0197,2024-07-11 12:00:00,27.6,0.14,77.84,10.6
VIL_0198,2024-07-11 12:00:00,27.59,0.15,77.68,10.55
VIL_0199,2024-07-11 12:00:00,27.64,0.17,77.5,10.55
VIL_0200,2024-07-11 12:00:00,27.66,0.16,77.52,10.54
VIL_0201,2024-07-11 12:00:00,27.64,0.16,77.65,10.5
VIL_0202,2024-07-11 12:00:00,27.72,0.18,77.31,10.54
VIL_0203,2024-07-11 12:00:00,27.74,0.19,77.19,10.6
VIL_0204,2024-07-11 12:00:00,27.75,0.19,77.22,10.55
VIL_0205,2024-07-11 12:00:00,27.71,0.17,77.35,10.35
VIL_0206,2024-07-11 12:00:00,27.68,0.16,77.51,10.21
VIL_0207,2024-07-11 12:00:00,27.72,0.17,77.42,10.26
VIL_0208,2024-07-11 12:00:00,27.74,0.18,77.25,10.43
VIL_0209,2024-07-11 12:00:00,27.65,0.18,77.28,10.31
VIL_0210,2024-07-11 12:00:00,27.67,0.14,77.88,9.68
VIL_0211,2024-07-11 12:00:00,27.72,0.13,78.02,9.54
VIL_0212,2024-07-11 12:00:00,27.65,0.15,77.82,10.17
VIL_0213,2024-07-11 12:00:00,27.67,0.13,77.8,10.0
VIL_0214,2024-07-11 12:00:00,27.66,0.12,77.83,9.99
VIL_0215,2024-07-11 12:00:00,28.02,0.11,78.0,10.55
VIL_0216,2024-07-11 12:00:00,27.53,0.16,77.57,10.42
VIL_0217,2024-07-11 12:00:00,26.82,0.13,78.29,9.89
VIL_0218,2024-07-11 12:00:00,26.44,0.1,78.01,9.36
VIL_0219,2024-07-11 12:00:00,26.6,0.1,78.05,9.28
VIL_0220,2024-07-11 12:00:00,27.07,0.11,78.18,9.05
VIL_0221,2024-07-11 12:00:00,27.28,0.1,78.51,8.58
VIL_0222,2024-07-11 12:00:00,27.73,0.19,77.1,10.57
VIL_0223,2024-07-11 12:00:00,27.79,0.2,77.03,10.68
VIL_0224,2024-07-11 12:00:00,27.77,0.19,77.08,10.65
VIL_0225,2024-07-11 12:00:00,27.73,0.19,77.2,10.6
VIL_0226,2024-07-11 12:00:00,27.64,0.18,77.32,10.46
VIL_0227,2024-07-11 12:00:00,26.09,0.05,78.5,8.32
VIL_0228,2024-07-11 12:00:00,28.01,0.02,80.29,6.11
VIL_0229,2024-07-11 12:00:00,28.41,0.01,80.65,5.77
VIL_0230,2024-07-11 12:00:00,28.56,0.01,80.79,5.58
VIL_0231,2024-07-11 12:00:00,28.59,0.0,80.97,5.25
VIL_0232,2024-07-11 12:00:00,28.42,0.0,76.94,13.64
VIL_0233,2024-07-11 12:00:00,28.19,0.02,78.96,10.7
VIL_0234,2024-07-11 12:00:00,28.08,0.0,78.15,13.01
VIL_0235,2024-07-11 12:00:00,27.59,0.0,81.59,16.51
VIL_0236,2024-07-11 12:00:00,27.59,0.03,79.86,6.62
VIL_0237,2024-07-11 12:00:00,27.27,0.03,79.6,7.0
VIL_0238,2024-07-11 12:00:00,28.11,0.02,79.86,7.05
VIL_0239,2024-07-11 12:00:00,27.95,0.01,80.18,6.42
VIL_0240,2024-07-11 12:00:00,28.12,0.01,80.43,7.64
VIL_0241,2024-07-11 12:00:00,28.0,0.02,80.19,8.36
VIL_0242,2024-07-11 12:00:00,28.51,0.01,80.52,6.09
VIL_0243,2024-07-11 12:00:00,28.47,0.01,80.25,6.58
VIL_0244,2024-07-11 12:00:00,28.35,0.02,79.56,7.94
VIL_0245,2024-07-11 12:00:00,27.97,0.02,79.8,9.01
VIL_0246,2024-07-11 12:00:00,27.88,0.02,79.18,10.22
VIL_0247,2024-07-11 12:00:00,27.69,0.03,79.15,10.64
VIL_0248,2024-07-11 12:00:00,28.01,0.05,79.47,7.6
VIL_0249,2024-07-11 12:00:00,28.22,0.03,79.86,7.15
VIL_0250,2024-07-11 12:00:00,28.3,0.03,79.2,8.53
VIL_0251,2024-07-11 12:00:00,28.22,0.03,78.52,10.08
VIL_0252,2024-07-11 12:00:00,28.19,0.03,78.11,10.86
VIL_0253,2024-07-11 12:00:00,28.22,0.03,78.49,9.99
VIL_0254,2024-07-11 12:00:00,28.16,0.04,77.95,11.06
VIL_0255,2024-07-11 12:00:00,28.17,0.05,78.36,9.97
VIL_0256,2024-07-11 12:00:00,28.19,0.06,78.62,9.35
VIL_0257,2024-07-11 12:00:00,28.0,0.05,79.05,8.45
VIL_0258,2024-07-11 12:00:00,27.85,0.08,78.6,8.94
VIL_0259,2024-07-11 12:00:00,27.78,0.1,78.4,9.12
VIL_0260,2024-07-11 12:00:00,27.72,0.14,77.75,9.92
VIL_0261,2024-07-11 12:00:00,27.75,0.11,78.11,9.54
VIL_0262,2024-07-11 12:00:00,27.83,0.08,78.38,9.39
VIL_0263,2024-07-11 12:00:00,27.79,0.1,78.23,9.52
VIL_0264,2024-07-11 12:00:00,27.73,0.12,77.95,9.82
VIL_0265,2024-07-11 12:00:00,27.69,0.14,77.68,10.06
VIL_0266,2024-07-11 12:00:00,27.69,0.12,77.83,9.95
VIL_0267,2024-07-11 12:00:00,27.68,0.11,77.89,9.96
VIL_0268,2024-07-11 12:00:00,27.75,0.1,78.07,9.86
VIL_0269,2024-07-11 12:00:00,27.81,0.08,78.24,9.71
VIL_0270,2024-07-11 12:00:00,28.13,0.07,78.31,9.86
VIL_0271,2024-07-11 12:00:00,27.7,0.1,78.0,9.99
VIL_0272,2024-07-11 12:00:00,27.72,0.1,78.02,9.95
VIL_0273,2024-07-11 12:00:00,27.77,0.08,78.11,9.96
VIL_0274,2024-07-11 12:00:00,28.1,0.08,77.97,10.62
VIL_0275,2024-07-11 12:00:00,28.1,0.08,77.96,10.71
VIL_0276,2024-07-11 12:00:00,28.14,0.06,77.99,10.9
VIL_0277,2024-07-11 12:00:00,28.13,0.07,78.02,10.67
VIL_0278,2024-07-11 12:00:00,28.1,0.07,78.11,10.24
VIL_0279,2024-07-11 12:00:00,28.13,0.06,78.08,10.53
VIL_0280,2024-07-11 12:00:00,28.19,0.04,77.94,11.31
VIL_0281,2024-07-11 12:00:00,28.17,0.04,77.98,11.16
VIL_0282,2024-07-11 12:00:00,28.15,0.06,78.03,10.86
VIL_0283,2024-07-11 12:00:00,28.17,0.04,77.94,11.32
VIL_0284,2024-07-11 12:00:00,28.15,0.05,77.97,11.12
VIL_0285,2024-07-11 12:00:00,28.14,0.06,77.98,11.0
VIL_0286,2024-07-11 12:00:00,28.13,0.06,77.96,11.1
VIL_0287,2024-07-11 12:00:00,28.14,0.05,77.95,11.25
VIL_0288,2024-07-11 12:00:00,28.16,0.04,77.93,11.37
VIL_0289,2024-07-11 12:00:00,28.16,0.04,77.92,11.42
VIL_0290,2024-07-11 12:00:00,28.14,0.05,77.94,11.34
VIL_0291,2024-07-11 12:00:00,28.14,0.04,77.94,11.43
VIL_0292,2024-07-11 12:00:00,28.15,0.04,77.91,11.59
VIL_0293,2024-07-11 12:00:00,28.15,0.04,77.89,11.61
VIL_0294,2024-07-11 12:00:00,28.16,0.03,77.86,11.74
VIL_0295,2024-07-11 12:00:00,28.17,0.03,77.85,11.74
VIL_0296,2024-07-11 12:00:00,28.19,0.03,77.83,11.69
VIL_0297,2024-07-11 12:00:00,28.2,0.02,77.78,11.81
VIL_0298,2024-07-11 12:00:00,28.14,0.01,77.81,12.08
VIL_0299,2024-07-11 12:00:00,28.14,0.01,77.63,12.46
VIL_0300,2024-07-11 12:00:00,28.11,0.01,77.67,12.53
VIL_0301,2024-07-11 12:00:00,28.12,0.01,77.75,12.33
VIL_0302,2024-07-11 12:00:00,28.11,0.01,77.85,12.26
VIL_0303,2024-07-11 12:00:00,28.12,0.01,77.88,12.07
VIL_0304,2024-07-11 12:00:00,28.15,0.03,77.83,11.99
VIL_0305,2024-07-11 12:00:00,28.14,0.03,77.88,11.94
VIL_0306,2024-07-11 12:00:00,28.15,0.03,77.89,11.78
VIL_0307,2024-07-11 12:00:00,28.14,0.04,77.92,11.63
VIL_0308,2024-07-11 12:00:00,28.14,0.03,77.91,11.85
VIL_0309,2024-07-11 12:00:00,28.13,0.03,77.91,11.96
VIL_0310,2024-07-11 12:00:00,28.09,0.01,77.94,12.21
VIL_0311,2024-07-11 12:00:00,28.08,0.01,77.96,12.27
VIL_0312,2024-07-11 12:00:00,28.07,0.01,77.93,12.43
VIL_0313,2024-07-11 12:00:00,28.07,0.01,77.97,12.38
VIL_0314,2024-07-11 12:00:00,28.03,0.01,77.68,13.01
VIL_0315,2024-07-11 12:00:00,28.07,0.01,78.01,12.24
VIL_0316,2024-07-11 12:00:00,28.03,0.01,77.69,13.0
VIL_0317,2024-07-11 12:00:00,28.03,0.01,77.75,13.02
VIL_0318,2024-07-11 12:00:00,28.03,0.01,77.74,13.09
VIL_0319,2024-07-11 12:00:00,28.03,0.01,77.73,13.13
VIL_0320,2024-07-11 12:00:00,28.15,0.03,77.83,11.38
VIL_0321,2024-07-11 12:00:00,28.17,0.01,77.57,12.42
VIL_0322,2024-07-11 12:00:00,28.17,0.03,77.77,11.61
VIL_0323,2024-07-11 12:00:00,28.18,0.01,77.55,12.43
VIL_0324,2024-07-11 12:00:00,28.18,0.01,77.38,12.73
VIL_0325,2024-07-11 12:00:00,28.17,0.01,77.55,12.36
VIL_0326,2024-07-11 12:00:00,28.14,0.01,77.69,12.04
VIL_0327,2024-07-11 12:00:00,27.86,0.03,78.33,11.64
VIL_0328,2024-07-11 12:00:00,28.15,0.01,77.28,12.91
VIL_0329,2024-07-11 12:00:00,28.08,0.02,77.4,12.63
VIL_0330,2024-07-11 12:00:00,28.14,0.01,77.25,13.01
VIL_0331,2024-07-11 12:00:00,28.17,0.01,77.18,13.18
VIL_0332,2024-07-11 12:00:00,28.19,0.0,77.03,13.44
VIL_0333,2024-07-11 12:00:00,28.19,0.0,77.06,13.37
VIL_0334,2024-07-11 12:00:00,28.17,0.01,77.35,12.84
VIL_0335,2024-07-11 12:00:00,28.17,0.0,77.2,13.15
VIL_0336,2024-07-11 12:00:00,28.16,0.01,77.39,12.83
VIL_0337,2024-07-11 12:00:00,28.03,0.01,77.78,13.05
VIL_0338,2024-07-11 12:00:00,28.03,0.01,77.81,13.08
VIL_0339,2024-07-11 12:00:00,28.03,0.01,77.8,13.02
VIL_0340,2024-07-11 12:00:00,28.04,0.01,77.85,13.07
VIL_0341,2024-07-11 12:00:00,28.04,0.01,77.84,13.01
VIL_0342,2024-07-11 12:00:00,28.08,0.0,78.18,12.95
VIL_0343,2024-07-11 12:00:00,28.08,0.0,78.15,13.02
VIL_0344,2024-07-11 12:00:00,28.07,0.0,78.13,13.08
VIL_0345,2024-07-11 12:00:00,28.06,0.0,78.09,13.22
VIL_0346,2024-07-11 12:00:00,28.07,0.0,78.13,13.1
VIL_0347,2024-07-11 12:00:00,28.08,0.0,78.18,12.98
VIL_0348,2024-07-11 12:00:00,28.09,0.0,78.24,12.83
VIL_0349,2024-07-11 12:00:00,28.1,0.0,78.29,12.72
VIL_0350,2024-07-11 12:00:00,28.11,0.0,78.36,12.55
VIL_0351,2024-07-11 12:00:00,28.12,0.0,78.42,12.4
VIL_0352,2024-07-11 12:00:00,28.14,0.0,78.49,12.22
VIL_0353,2024-07-11 12:00:00,28.03,0.01,77.8,13.15
VIL_0354,2024-07-11 12:00:00,28.02,0.01,77.82,13.26
VIL_0355,2024-07-11 12:00:00,28.01,0.01,77.89,13.4
VIL_0356,2024-07-11 12:00:00,28.02,0.01,77.83,13.22
VIL_0357,2024-07-11 12:00:00,28.02,0.01,77.88,13.28
VIL_0358,2024-07-11 12:00:00,28.03,0.01,77.84,13.19
VIL_0359,2024-07-11 12:00:00,28.03,0.01,77.89,13.21
VIL_0360,2024-07-11 12:00:00,28.02,0.01,77.9,13.32
VIL_0361,2024-07-11 12:00:00,28.01,0.0,77.95,13.51
VIL_0362,2024-07-11 12:00:00,28.0,0.0,77.95,13.58
VIL_0363,2024-07-11 12:00:00,27.98,0.01,77.99,13.62
VIL_0364,2024-07-11 12:00:00,27.98,0.01,78.02,13.66
VIL_0365,2024-07-11 12:00:00,27.94,0.02,78.1,13.64
VIL_0366,2024-07-11 12:00:00,27.92,0.03,78.21,13.72
VIL_0367,2024-07-11 12:00:00,27.87,0.05,78.36,13.74
VIL_0368,2024-07-11 12:00:00,27.8,0.07,78.65,13.92
VIL_0369,2024-07-11 12:00:00,27.91,0.04,78.41,13.61
VIL_0370,2024-07-11 12:00:00,28.0,0.0,77.98,13.62
VIL_0371,2024-07-11 12:00:00,27.99,0.0,78.02,13.69
VIL_0372,2024-07-11 12:00:00,28.0,0.0,77.97,13.62
VIL_0373,2024-07-11 12:00:00,28.0,0.0,78.0,13.7
VIL_0374,2024-07-11 12:00:00,28.06,0.0,78.1,13.2
VIL_0375,2024-07-11 12:00:00,28.02,0.0,77.93,13.34
VIL_0376,2024-07-11 12:00:00,28.01,0.0,77.96,13.49
VIL_0377,2024-07-11 12:00:00,28.01,0.0,77.97,13.51
VIL_0378,2024-07-11 12:00:00,28.02,0.01,78.08,13.59
VIL_0379,2024-07-11 12:00:00,28.02,0.02,78.52,13.32
VIL_0380,2024-07-11 12:00:00,28.08,0.02,78.52,12.8
VIL_0381,2024-07-11 12:00:00,28.04,0.0,78.06,13.38
VIL_0382,2024-07-11 12:00:00,28.06,0.0,78.11,13.2
VIL_0383,2024-07-11 12:00:00,28.05,0.01,78.44,13.1
VIL_0384,2024-07-11 12:00:00,28.1,0.0,78.28,12.72
VIL_0385,2024-07-11 12:00:00,28.09,0.0,78.23,12.81
VIL_0386,2024-07-11 12:00:00,28.11,0.0,78.31,12.61
VIL_0387,2024-07-11 12:00:00,28.13,0.0,78.4,12.36
VIL_0388,2024-07-11 12:00:00,28.13,0.0,78.36,12.37
VIL_0389,2024-07-11 12:00:00,28.12,0.0,78.29,12.51
VIL_0390,2024-07-11 12:00:00,28.13,0.0,78.26,12.53
VIL_0391,2024-07-11 12:00:00,28.15,0.0,78.32,12.29
VIL_0392,2024-07-11 12:00:00,28.16,0.0,78.31,12.21
VIL_0393,2024-07-11 12:00:00,28.15,0.01,78.55,12.2
VIL_0394,2024-07-11 12:00:00,28.25,0.01,78.2,11.59
VIL_0395,2024-07-11 12:00:00,26.47,0.07,80.62,10.51
VIL_0396,2024-07-11 12:00:00,28.26,0.01,78.23,11.49
VIL_0397,2024-07-11 12:00:00,28.27,0.0,78.18,11.47
VIL_0398,2024-07-11 12:00:00,28.29,0.0,78.08,11.49
VIL_0399,2024-07-11 12:00:00,28.28,0.0,78.17,11.48
VIL_0400,2024-07-11 12:00:00,28.28,0.0,78.09,11.53
VIL_0401,2024-07-11 12:00:00,28.28,0.0,78.1,11.51
VIL_0402,2024-07-11 12:00:00,28.3,0.0,78.0,11.5
VIL_0403,2024-07-11 12:00:00,28.28,0.0,78.18,11.48
VIL_0404,2024-07-11 12:00:00,28.24,0.0,78.46,11.45
VIL_0405,2024-07-11 12:00:00,28.14,0.0,79.21,11.39
VIL_0406,2024-07-11 12:00:00,28.26,0.0,78.32,11.48
VIL_0407,2024-07-11 12:00:00,28.19,0.0,78.83,11.42
VIL_0408,2024-07-11 12:00:00,28.2,0.01,78.73,11.45
VIL_0409,2024-07-11 12:00:00,28.17,0.01,78.88,11.43
VIL_0410,2024-07-11 12:00:00,28.19,0.01,78.74,11.47
VIL_0411,2024-07-11 12:00:00,28.2,0.01,78.64,11.51
VIL_0412,2024-07-11 12:00:00,28.2,0.01,78.56,11.56
VIL_0413,2024-07-11 12:00:00,28.2,0.01,78.49,11.61
VIL_0414,2024-07-11 12:00:00,28.2,0.01,78.44,11.68
VIL_0415,2024-07-11 12:00:00,28.2,0.01,78.37,11.8
VIL_0416,2024-07-11 12:00:00,28.2,0.01,78.33,11.8
VIL_0417,2024-07-11 12:00:00,28.23,0.0,78.44,11.52
VIL_0418,2024-07-11 12:00:00,28.23,0.0,78.5,11.48
VIL_0419,2024-07-11 12:00:00,28.25,0.0,78.26,11.53
VIL_0420,2024-07-11 12:00:00,28.26,0.0,78.2,11.58
VIL_0421,2024-07-11 12:00:00,28.23,0.0,78.27,11.68
VIL_0422,2024-07-11 12:00:00,28.24,0.0,78.2,11.69
VIL_0423,2024-07-11 12:00:00,28.24,0.0,78.18,11.71
VIL_0424,2024-07-11 12:00:00,28.14,0.01,78.48,12.34
VIL_0425,2024-07-11 12:00:00,28.16,0.01,78.45,12.21
VIL_0426,2024-07-11 12:00:00,28.13,0.01,78.48,12.4
VIL_0427,2024-07-11 12:00:00,28.21,0.01,78.3,11.78
VIL_0428,2024-07-11 12:00:00,28.23,0.0,78.39,11.57
VIL_0429,2024-07-11 12:00:00,24.65,0.02,83.15,17.81
VIL_0430,2024-07-11 12:00:00,24.1,0.0,83.99,18.79
VIL_0431,2024-07-11 12:00:00,26.98,0.1,79.69,13.76
VIL_0432,2024-07-11 12:00:00,27.04,0.09,79.16,12.65
VIL_0433,2024-07-11 12:00:00,27.18,0.09,78.73,11.87
VIL_0434,2024-07-11 12:00:00,27.36,0.09,78.32,11.21
VIL_0435,2024-07-11 12:00:00,27.47,0.1,78.08,10.8
VIL_0436,2024-07-11 12:00:00,27.5,0.1,78.01,10.61
VIL_0437,2024-07-11 12:00:00,27.47,0.08,78.25,11.05
VIL_0438,2024-07-11 12:00:00,27.68,0.04,78.3,11.68
VIL_0439,2024-07-11 12:00:00,27.78,0.06,77.81,12.19
VIL_0440,2024-07-11 12:00:00,27.41,0.1,78.27,11.16
VIL_0441,2024-07-11 12:00:00,27.27,0.17,80.78,16.34
VIL_0442,2024-07-11 12:00:00,27.18,0.17,80.99,16.63
VIL_0443,2024-07-11 12:00:00,26.95,0.15,81.09,16.55
VIL_0444,2024-07-11 12:00:00,27.2,0.17,80.95,16.59
VIL_0445,2024-07-11 12:00:00,27.3,0.17,80.91,16.62
VIL_0446,2024-07-11 12:00:00,27.37,0.18,80.89,16.66
VIL_0447,2024-07-11 12:00:00,27.41,0.19,80.95,16.81
VIL_0448,2024-07-11 12:00:00,27.43,0.19,80.93,16.8
VIL_0449,2024-07-11 12:00:00,27.5,0.2,81.0,17.0
VIL_0450,2024-07-11 12:00:00,27.46,0.19,80.98,16.92
VIL_0451,2024-07-11 12:00:00,27.44,0.19,80.92,16.78
VIL_0452,2024-07-11 12:00:00,27.42,0.19,80.96,16.83
VIL_0453,2024-07-11 12:00:00,27.18,0.14,80.37,15.46
VIL_0454,2024-07-11 12:00:00,27.87,0.08,79.62,14.03
VIL_0455,2024-07-11 12:00:00,26.34,0.13,81.67,14.32
VIL_0456,2024-07-11 12:00:00,27.65,0.14,79.96,15.24
VIL_0457,2024-07-11 12:00:00,27.68,0.13,79.8,15.0
VIL_0458,2024-07-11 12:00:00,27.72,0.12,79.58,14.67
VIL_0459,2024-07-11 12:00:00,27.8,0.1,79.24,14.15
VIL_0460,2024-07-11 12:00:00,27.63,0.15,80.08,15.47
VIL_0461,2024-07-11 12:00:00,27.24,0.15,80.71,16.24
VIL_0462,2024-07-11 12:00:00,27.22,0.16,80.78,16.33
VIL_0463,2024-07-11 12:00:00,27.09,0.15,80.81,16.24
VIL_0464,2024-07-11 12:00:00,27.31,0.17,80.79,16.44
VIL_0465,2024-07-11 12:00:00,27.32,0.17,80.75,16.39
VIL_0466,2024-07-11 12:00:00,27.29,0.17,80.86,16.52
VIL_0467,2024-07-11 12:00:00,27.16,0.16,80.9,16.45
VIL_0468,2024-07-11 12:00:00,27.02,0.14,80.89,16.3
VIL_0469,2024-07-11 12:00:00,26.93,0.14,80.94,16.28
VIL_0470,2024-07-11 12:00:00,26.85,0.14,81.05,16.38
VIL_0471,2024-07-11 12:00:00,27.95,0.05,79.17,13.58
VIL_0472,2024-07-11 12:00:00,27.84,0.08,79.07,13.89
VIL_0473,2024-07-11 12:00:00,27.72,0.12,79.55,14.66
VIL_0474,2024-07-11 12:00:00,27.84,0.08,78.94,13.88
VIL_0475,2024-07-11 12:00:00,27.86,0.06,78.78,13.74
VIL_0476,2024-07-11 12:00:00,27.83,0.07,78.84,13.86
VIL_0477,2024-07-11 12:00:00,27.73,0.11,79.36,14.45
VIL_0478,2024-07-11 12:00:00,27.7,0.12,79.59,14.74
VIL_0479,2024-07-11 12:00:00,27.64,0.14,79.93,15.25
VIL_0480,2024-07-11 12:00:00,27.34,0.17,80.71,16.33
VIL_0481,2024-07-11 12:00:00,27.35,0.17,80.69,16.3
VIL_0482,2024-07-11 12:00:00,27.63,0.14,79.78,15.25
VIL_0483,2024-07-11 12:00:00,27.69,0.12,79.38,14.79
VIL_0484,2024-07-11 12:00:00,27.65,0.13,79.51,14.83
VIL_0485,2024-07-11 12:00:00,27.31,0.15,80.49,15.88
VIL_0486,2024-07-11 12:00:00,27.36,0.17,80.74,16.38
VIL_0487,2024-07-11 12:00:00,27.72,0.09,78.81,13.81
VIL_0488,2024-07-11 12:00:00,27.82,0.06,78.31,13.4
VIL_0489,2024-07-11 12:00:00,27.9,0.04,78.09,13.43
VIL_0490,2024-07-11 12:00:00,27.95,0.03,77.95,13.48
VIL_0491,2024-07-11 12:00:00,27.93,0.04,77.86,13.26
VIL_0492,2024-07-11 12:00:00,27.88,0.05,78.04,13.22
VIL_0493,2024-07-11 12:00:00,27.73,0.08,78.46,13.15
VIL_0494,2024-07-11 12:00:00,27.28,0.1,78.93,12.75
VIL_0495,2024-07-11 12:00:00,27.42,0.09,78.33,11.55
VIL_0496,2024-07-11 12:00:00,27.78,0.07,77.94,12.4
VIL_0497,2024-07-11 12:00:00,27.64,0.09,78.14,11.9
VIL_0498,2024-07-11 12:00:00,27.75,0.07,78.12,12.59
VIL_0499,2024-07-11 12:00:00,27.85,0.05,77.96,12.91
VIL_0500,2024-07-11 12:00:00,27.96,0.04,77.62,13.05
VIL_0501,2024-07-11 12:00:00,28.0,0.03,77.58,13.21
VIL_0502,2024-07-11 12:00:00,27.28,0.16,80.57,15.93
VIL_0503,2024-07-11 12:00:00,27.63,0.13,79.41,14.46
VIL_0504,2024-07-11 12:00:00,27.64,0.12,79.06,13.78
VIL_0505,2024-07-11 12:00:00,27.66,0.11,79.01,13.87
VIL_0506,2024-07-11 12:00:00,27.19,0.11,79.62,14.01
VIL_0507,2024-07-11 12:00:00,27.99,0.02,77.8,13.44
VIL_0508,2024-07-11 12:00:00,28.01,0.02,77.66,13.36
VIL_0509,2024-07-11 12:00:00,28.12,0.01,77.41,12.88
VIL_0510,2024-07-11 12:00:00,28.13,0.01,77.42,12.87
VIL_0511,2024-07-11 12:00:00,28.11,0.01,77.5,12.82
VIL_0512,2024-07-11 12:00:00,28.0,0.02,77.76,13.45
VIL_0513,2024-07-11 12:00:00,28.11,0.01,77.6,12.69
VIL_0514,2024-07-11 12:00:00,28.07,0.01,77.74,12.77
VIL_0515,2024-07-11 12:00:00,28.08,0.01,77.74,12.66
VIL_0516,2024-07-11 12:00:00,28.05,0.01,77.84,12.87
VIL_0517,2024-07-11 12:00:00,28.01,0.01,77.82,13.35
VIL_0518,2024-07-11 12:00:00,28.02,0.01,77.79,13.3
VIL_0519,2024-07-11 12:00:00,28.02,0.01,77.75,13.21
VIL_0520,2024-07-11 12:00:00,28.06,0.01,77.91,12.63
VIL_0521,2024-07-11 12:00:00,28.06,0.01,77.86,12.71
VIL_0522,2024-07-11 12:00:00,28.08,0.01,77.85,12.5
VIL_0523,2024-07-11 12:00:00,21.04,0.14,86.19,9.91
VIL_0524,2024-07-11 12:00:00,24.13,0.1,81.34,9.35
VIL_0525,2024-07-11 12:00:00,28.32,0.02,78.0,10.59
VIL_0526,2024-07-11 12:00:00,27.87,0.06,76.19,8.98
VIL_0527,2024-07-11 12:00:00,27.89,0.07,76.76,9.13
VIL_0528,2024-07-11 12:00:00,28.65,0.06,75.93,9.33
VIL_0529,2024-07-11 12:00:00,28.63,0.06,76.09,9.4
VIL_0530,2024-07-11 12:00:00,28.48,0.04,77.05,9.92
VIL_0531,2024-07-11 12:00:00,28.3,0.03,78.24,10.49
VIL_0532,2024-07-11 12:00:00,28.39,0.03,77.66,10.21
VIL_0533,2024-07-11 12:00:00,28.28,0.02,78.28,10.67
VIL_0534,2024-07-11 12:00:00,28.13,0.01,79.36,11.03
VIL_0535,2024-07-11 12:00:00,28.21,0.01,78.75,10.98
VIL_0536,2024-07-11 12:00:00,28.19,0.01,78.87,11.11
VIL_0537,2024-07-11 12:00:00,28.24,0.01,78.54,11.17
VIL_0538,2024-07-11 12:00:00,28.22,0.01,78.59,11.39
VIL_0539,2024-07-11 12:00:00,28.1,0.0,79.52,11.26
VIL_0540,2024-07-11 12:00:00,28.08,0.01,79.69,11.2
VIL_0541,2024-07-11 12:00:00,28.01,0.0,80.21,11.27
VIL_0542,2024-07-11 12:00:00,27.97,0.0,80.48,11.26
VIL_0543,2024-07-11 12:00:00,27.94,0.0,80.73,11.34
VIL_0544,2024-07-11 12:00:00,28.19,0.02,78.98,10.8
VIL_0545,2024-07-11 12:00:00,28.29,0.03,78.39,10.46
VIL_0546,2024-07-11 12:00:00,28.54,0.05,76.84,9.72
VIL_0547,2024-07-11 12:00:00,28.61,0.06,76.36,9.5
VIL_0548,2024-07-11 12:00:00,28.72,0.07,75.69,9.18
VIL_0549,2024-07-11 12:00:00,28.73,0.07,75.41,9.05
VIL_0550,2024-07-11 12:00:00,28.78,0.07,75.23,8.96
VIL_0551,2024-07-11 12:00:00,28.7,0.05,75.19,8.98
VIL_0552,2024-07-11 12:00:00,28.71,0.05,75.05,8.91
VIL_0553,2024-07-11 12:00:00,28.13,0.04,75.53,8.85
VIL_0554,2024-07-11 12:00:00,28.66,0.03,74.65,8.74
VIL_0555,2024-07-11 12:00:00,28.75,0.06,74.99,8.87
VIL_0556,2024-07-11 12:00:00,28.65,0.02,74.53,8.69
VIL_0557,2024-07-11 12:00:00,28.81,0.08,75.02,8.86
VIL_0558,2024-07-11 12:00:00,28.9,0.1,75.0,8.8
VIL_0559,2024-07-11 12:00:00,28.87,0.09,75.09,8.85
VIL_0560,2024-07-11 12:00:00,28.85,0.09,75.15,8.89
VIL_0561,2024-07-11 12:00:00,28.65,0.07,76.21,9.4
VIL_0562,2024-07-11 12:00:00,28.17,0.02,79.2,10.72
VIL_0563,2024-07-11 12:00:00,28.28,0.03,78.47,10.44
VIL_0564,2024-07-11 12:00:00,28.1,0.01,79.67,10.94
VIL_0565,2024-07-11 12:00:00,28.07,0.01,79.78,11.07
VIL_0566,2024-07-11 12:00:00,27.92,0.0,80.86,11.36
VIL_0567,2024-07-11 12:00:00,27.9,0.0,80.99,11.4
VIL_0568,2024-07-11 12:00:00,28.04,0.0,79.94,11.25
VIL_0569,2024-07-11 12:00:00,27.99,0.0,80.34,11.27
VIL_0570,2024-07-11 12:00:00,28.13,0.01,79.31,11.37
VIL_0571,2024-07-11 12:00:00,28.12,0.01,79.33,11.37
VIL_0572,2024-07-11 12:00:00,28.09,0.01,79.59,11.33
VIL_0573,2024-07-11 12:00:00,28.12,0.01,79.33,11.35
VIL_0574,2024-07-11 12:00:00,28.14,0.01,79.21,11.35
VIL_0575,2024-07-11 12:00:00,28.07,0.01,79.8,11.16
VIL_0576,2024-07-11 12:00:00,28.13,0.01,79.32,11.04
VIL_0577,2024-07-11 12:00:00,28.13,0.01,79.36,11.01
VIL_0578,2024-07-11 12:00:00,28.12,0.01,79.43,10.99
VIL_0579,2024-07-11 12:00:00,28.09,0.01,79.59,11.1
VIL_0580,2024-07-11 12:00:00,27.99,0.0,80.33,11.25
VIL_0581,2024-07-11 12:00:00,27.93,0.0,80.81,11.35
VIL_0582,2024-07-11 12:00:00,28.12,0.01,79.42,10.97
VIL_0583,2024-07-11 12:00:00,28.17,0.01,79.09,10.81
VIL_0584,2024-07-11 12:00:00,28.12,0.01,79.44,10.92
VIL_0585,2024-07-11 12:00:00,28.06,0.01,79.87,11.07
VIL_0586,2024-07-11 12:00:00,28.02,0.01,80.15,11.16
VIL_0587,2024-07-11 12:00:00,28.03,0.01,80.04,11.15
VIL_0588,2024-07-11 12:00:00,28.14,0.01,79.21,11.37
VIL_0589,2024-07-11 12:00:00,27.99,0.0,80.39,11.23
VIL_0590,2024-07-11 12:00:00,27.92,0.0,80.85,11.36
VIL_0591,2024-07-11 12:00:00,28.02,0.01,80.14,11.12
VIL_0592,2024-07-11 12:00:00,28.09,0.01,79.68,10.95
VIL_0593,2024-07-11 12:00:00,27.96,0.0,80.59,11.27
VIL_0594,2024-07-11 12:00:00,28.27,0.03,78.53,10.44
VIL_0595,2024-07-11 12:00:00,28.27,0.03,78.47,10.42
VIL_0596,2024-07-11 12:00:00,28.26,0.02,78.46,10.46
VIL_0597,2024-07-11 12:00:00,28.23,0.02,78.68,10.54
VIL_0598,2024-07-11 12:00:00,28.34,0.03,77.86,10.2
VIL_0599,2024-07-11 12:00:00,28.35,0.03,77.76,10.2
VIL_0600,2024-07-11 12:00:00,28.34,0.03,77.79,10.2
VIL_0601,2024-07-11 12:00:00,28.42,0.03,77.28,9.98
VIL_0602,2024-07-11 12:00:00,28.4,0.04,77.54,10.04
VIL_0603,2024-07-11 12:00:00,28.47,0.04,76.98,9.84
VIL_0604,2024-07-11 12:00:00,28.5,0.04,76.7,9.78
VIL_0605,2024-07-11 12:00:00,28.53,0.04,76.54,9.7
VIL_0606,2024-07-11 12:00:00,28.64,0.05,75.86,9.37
VIL_0607,2024-07-11 12:00:00,28.59,0.05,76.32,9.53
VIL_0608,2024-07-11 12:00:00,28.44,0.04,77.35,9.94
VIL_0609,2024-07-11 12:00:00,28.58,0.06,76.55,9.57
VIL_0610,2024-07-11 12:00:00,28.5,0.05,77.06,9.79
VIL_0611,2024-07-11 12:00:00,28.71,0.07,75.71,9.21
VIL_0612,2024-07-11 12:00:00,28.71,0.07,75.56,9.17
VIL_0613,2024-07-11 12:00:00,28.73,0.06,75.34,9.09
VIL_0614,2024-07-11 12:00:00,28.66,0.04,75.36,9.2
VIL_0615,2024-07-11 12:00:00,28.69,0.05,75.09,9.0
VIL_0616,2024-07-11 12:00:00,28.8,0.08,75.08,8.89
VIL_0617,2024-07-11 12:00:00,28.86,0.09,75.11,8.87
VIL_0618,2024-07-11 12:00:00,28.62,0.04,75.66,9.41
VIL_0619,2024-07-11 12:00:00,20.68,0.14,86.13,9.86
VIL_0620,2024-07-11 12:00:00,20.6,0.14,86.09,9.84
VIL_0621,2024-07-11 12:00:00,20.51,0.14,85.98,9.81
VIL_0622,2024-07-11 12:00:00,19.94,0.14,86.55,9.86
VIL_0623,2024-07-11 12:00:00,19.58,0.18,89.7,10.38
VIL_0624,2024-07-11 12:00:00,21.01,0.15,86.36,9.93
VIL_0625,2024-07-11 12:00:00,23.88,0.1,81.67,9.38
VIL_0626,2024-07-11 12:00:00,19.94,0.16,88.09,10.13
VIL_0627,2024-07-11 12:00:00,20.33,0.15,86.76,9.93
VIL_0628,2024-07-11 12:00:00,19.95,0.12,85.59,9.7
VIL_0629,2024-07-11 12:00:00,20.08,0.12,85.63,9.74
VIL_0630,2024-07-11 12:00:00,20.43,0.12,85.57,9.8
VIL_0631,2024-07-11 12:00:00,20.22,0.12,85.63,9.77
VIL_0632,2024-07-11 12:00:00,20.32,0.13,85.94,9.84
VIL_0633,2024-07-11 12:00:00,20.77,0.13,85.68,9.87
VIL_0634,2024-07-11 12:00:00,20.47,0.12,85.56,9.8
VIL_0635,2024-07-11 12:00:00,20.91,0.12,85.06,9.84
VIL_0636,2024-07-11 12:00:00,21.63,0.11,84.2,9.88
VIL_0637,2024-07-11 12:00:00,21.73,0.11,84.43,9.84
VIL_0638,2024-07-11 12:00:00,23.56,0.09,82.09,9.64
VIL_0639,2024-07-11 12:00:00,27.52,0.04,76.57,9.01
VIL_0640,2024-07-11 12:00:00,27.76,0.03,76.06,8.95
VIL_0641,2024-07-11 12:00:00,28.18,0.02,75.19,8.75
VIL_0642,2024-07-11 12:00:00,23.82,0.08,81.69,9.7
VIL_0643,2024-07-11 12:00:00,27.28,0.04,77.07,9.19
VIL_0644,2024-07-11 12:00:00,22.97,0.09,82.85,9.78
VIL_0645,2024-07-11 12:00:00,22.59,0.1,83.31,9.82
VIL_0646,2024-07-11 12:00:00,22.54,0.1,83.04,9.89
VIL_0647,2024-07-11 12:00:00,22.46,0.1,83.12,9.92
VIL_0648,2024-07-11 12:00:00,22.48,0.1,83.09,9.93
VIL_0649,2024-07-11 12:00:00,23.7,0.08,81.93,10.49
VIL_0650,2024-07-11 12:00:00,24.5,0.07,80.89,10.6
VIL_0651,2024-07-11 12:00:00,27.05,0.02,76.65,10.3
VIL_0652,2024-07-11 12:00:00,23.45,0.09,81.78,9.97
VIL_0653,2024-07-11 12:00:00,24.13,0.07,81.41,10.55
VIL_0654,2024-07-11 12:00:00,27.32,0.02,76.4,10.29
VIL_0655,2024-07-11 12:00:00,28.55,0.0,75.52,11.79
VIL_0656,2024-07-11 12:00:00,27.36,0.01,76.61,11.02
VIL_0657,2024-07-11 12:00:00,28.66,0.0,75.54,11.49
VIL_0658,2024-07-11 12:00:00,28.82,0.0,74.76,11.1
VIL_0659,2024-07-11 12:00:00,28.69,0.0,75.04,10.99
VIL_0660,2024-07-11 12:00:00,28.71,0.0,75.02,10.84
VIL_0661,2024-07-11 12:00:00,27.56,0.02,76.9,10.02
VIL_0662,2024-07-11 12:00:00,28.64,0.01,74.73,9.24
VIL_0663,2024-07-11 12:00:00,28.62,0.01,74.93,9.45
VIL_0664,2024-07-11 12:00:00,28.61,0.01,74.56,8.96
VIL_0665,2024-07-11 12:00:00,28.61,0.0,74.24,8.63
VIL_0666,2024-07-11 12:00:00,28.63,0.01,74.43,8.77
VIL_0667,2024-07-11 12:00:00,28.62,0.02,74.43,8.65
VIL_0668,2024-07-11 12:00:00,28.61,0.0,74.11,8.5
VIL_0669,2024-07-11 12:00:00,28.51,0.01,74.38,8.54
VIL_0670,2024-07-11 12:00:00,28.6,0.0,74.02,8.42
VIL_0671,2024-07-11 12:00:00,28.51,0.03,76.56,9.79
VIL_0672,2024-07-11 12:00:00,28.39,0.03,77.48,10.1
VIL_0673,2024-07-11 12:00:00,28.42,0.03,77.25,10.01
VIL_0674,2024-07-11 12:00:00,28.44,0.03,77.12,9.96
VIL_0675,2024-07-11 12:00:00,28.44,0.03,77.05,9.96
VIL_0676,2024-07-11 12:00:00,28.41,0.03,77.25,10.03
VIL_0677,2024-07-11 12:00:00,28.42,0.03,77.16,10.02
VIL_0678,2024-07-11 12:00:00,28.46,0.03,76.88,9.94
VIL_0679,2024-07-11 12:00:00,28.28,0.03,78.4,11.29
VIL_0680,2024-07-11 12:00:00,28.27,0.03,78.42,11.38
VIL_0681,2024-07-11 12:00:00,28.29,0.03,78.24,11.4
VIL_0682,2024-07-11 12:00:00,28.26,0.03,78.42,11.6
VIL_0683,2024-07-11 12:00:00,28.24,0.02,78.54,11.64
VIL_0684,2024-07-11 12:00:00,28.22,0.02,78.67,11.88
VIL_0685,2024-07-11 12:00:00,28.17,0.02,78.89,12.25
VIL_0686,2024-07-11 12:00:00,28.22,0.02,78.61,11.93
VIL_0687,2024-07-11 12:00:00,28.31,0.02,77.56,11.58
VIL_0688,2024-07-11 12:00:00,28.19,0.01,78.99,12.83
VIL_0689,2024-07-11 12:00:00,28.19,0.02,79.01,12.85
VIL_0690,2024-07-11 12:00:00,28.17,0.01,79.13,12.97
VIL_0691,2024-07-11 12:00:00,28.06,0.0,79.71,13.9
VIL_0692,2024-07-11 12:00:00,28.11,0.0,79.49,13.72
VIL_0693,2024-07-11 12:00:00,28.02,0.0,79.94,14.09
VIL_0694,2024-07-11 12:00:00,27.99,0.0,80.13,14.25
VIL_0695,2024-07-11 12:00:00,27.85,0.0,80.74,14.73
VIL_0696,2024-07-11 12:00:00,27.83,0.0,80.86,14.86
VIL_0697,2024-07-11 12:00:00,27.81,0.0,80.96,14.96
VIL_0698,2024-07-11 12:00:00,27.8,0.0,80.98,14.98
VIL_0699,2024-07-11 12:00:00,27.84,0.0,80.82,14.85
VIL_0700,2024-07-11 12:00:00,27.97,0.0,80.24,14.33
VIL_0701,2024-07-11 12:00:00,27.95,0.0,80.22,14.19
VIL_0702,2024-07-11 12:00:00,28.11,0.0,79.62,13.78
VIL_0703,2024-07-11 12:00:00,28.18,0.0,79.34,13.53
VIL_0704,2024-07-11 12:00:00,27.86,0.0,80.71,14.7
VIL_0705,2024-07-11 12:00:00,27.93,0.0,80.38,14.47
VIL_0706,2024-07-11 12:00:00,28.05,0.0,79.89,14.01
VIL_0707,2024-07-11 12:00:00,28.11,0.0,79.53,13.75
VIL_0708,2024-07-11 12:00:00,28.13,0.0,79.6,13.7
VIL_0709,2024-07-11 12:00:00,27.89,0.0,80.63,14.67
VIL_0710,2024-07-11 12:00:00,28.01,0.0,80.17,14.19
VIL_0711,2024-07-11 12:00:00,28.11,0.0,79.89,13.83
VIL_0712,2024-07-11 12:00:00,28.08,0.0,79.97,13.96
VIL_0713,2024-07-11 12:00:00,28.0,0.0,80.22,14.26
VIL_0714,2024-07-11 12:00:00,27.95,0.0,80.4,14.46
VIL_0715,2024-07-11 12:00:00,27.99,0.0,80.19,14.31
VIL_0716,2024-07-11 12:00:00,28.01,0.0,80.14,14.23
VIL_0717,2024-07-11 12:00:00,28.08,0.0,79.93,13.99
VIL_0718,2024-07-11 12:00:00,28.15,0.0,79.74,13.76
VIL_0719,2024-07-11 12:00:00,28.06,0.0,79.96,14.1
VIL_0720,2024-07-11 12:00:00,28.16,0.0,79.56,14.08
VIL_0721,2024-07-11 12:00:00,28.1,0.0,79.79,13.94
VIL_0722,2024-07-11 12:00:00,28.14,0.0,79.61,13.86
VIL_0723,2024-07-11 12:00:00,28.21,0.0,79.31,13.98
VIL_0724,2024-07-11 12:00:00,28.16,0.0,79.64,13.76
VIL_0725,2024-07-11 12:00:00,28.18,0.0,79.47,13.73
VIL_0726,2024-07-11 12:00:00,28.25,0.0,79.13,13.89
VIL_0727,2024-07-11 12:00:00,28.25,0.0,79.02,13.93
VIL_0728,2024-07-11 12:00:00,28.28,0.0,78.93,13.88
VIL_0729,2024-07-11 12:00:00,28.23,0.0,79.71,13.45
VIL_0730,2024-07-11 12:00:00,28.27,0.0,79.78,13.28
VIL_0731,2024-07-11 12:00:00,28.29,0.0,79.85,13.22
VIL_0732,2024-07-11 12:00:00,28.29,0.0,79.88,13.22
VIL_0733,2024-07-11 12:00:00,28.3,0.0,79.99,13.2
VIL_0734,2024-07-11 12:00:00,28.29,0.0,79.7,13.22
VIL_0735,2024-07-11 12:00:00,28.29,0.0,79.88,13.22
VIL_0736,2024-07-11 12:00:00,28.29,0.0,79.9,13.22
VIL_0737,2024-07-11 12:00:00,28.29,0.0,79.75,13.26
VIL_0738,2024-07-11 12:00:00,28.32,0.0,79.23,13.26
VIL_0739,2024-07-11 12:00:00,28.22,0.0,79.64,13.51
VIL_0740,2024-07-11 12:00:00,28.22,0.0,79.47,13.58
VIL_0741,2024-07-11 12:00:00,28.24,0.0,79.51,13.46
VIL_0742,2024-07-11 12:00:00,28.27,0.0,79.41,13.41
VIL_0743,2024-07-11 12:00:00,28.25,0.0,79.3,13.52
VIL_0744,2024-07-11 12:00:00,28.3,0.0,78.98,13.82
VIL_0745,2024-07-11 12:00:00,28.37,0.0,78.08,13.55
VIL_0746,2024-07-11 12:00:00,28.36,0.0,78.15,13.6
VIL_0747,2024-07-11 12:00:00,28.37,0.0,78.12,13.82
VIL_0748,2024-07-11 12:00:00,28.35,0.0,78.42,13.57
VIL_0749,2024-07-11 12:00:00,28.34,0.0,78.51,13.46
VIL_0750,2024-07-11 12:00:00,28.54,0.04,76.27,9.7
VIL_0751,2024-07-11 12:00:00,28.56,0.04,76.07,9.65
VIL_0752,2024-07-11 12:00:00,28.66,0.03,75.4,9.75
VIL_0753,2024-07-11 12:00:00,28.51,0.03,76.52,9.81
VIL_0754,2024-07-11 12:00:00,28.5,0.03,76.5,9.85
VIL_0755,2024-07-11 12:00:00,28.49,0.03,76.55,9.88
VIL_0756,2024-07-11 12:00:00,28.52,0.03,76.33,9.8
VIL_0757,2024-07-11 12:00:00,28.66,0.03,75.42,9.84
VIL_0758,2024-07-11 12:00:00,28.64,0.02,75.57,10.06
VIL_0759,2024-07-11 12:00:00,28.66,0.02,75.47,10.01
VIL_0760,2024-07-11 12:00:00,28.42,0.02,76.85,10.88
VIL_0761,2024-07-11 12:00:00,28.44,0.02,76.7,10.73
VIL_0762,2024-07-11 12:00:00,28.38,0.02,77.08,11.11
VIL_0763,2024-07-11 12:00:00,28.63,0.02,75.17,9.48
VIL_0764,2024-07-11 12:00:00,28.6,0.02,75.55,9.87
VIL_0765,2024-07-11 12:00:00,28.56,0.01,75.64,9.94
VIL_0766,2024-07-11 12:00:00,28.54,0.01,75.77,10.09
VIL_0767,2024-07-11 12:00:00,28.57,0.01,75.74,10.23
VIL_0768,2024-07-11 12:00:00,28.61,0.01,75.53,10.18
VIL_0769,2024-07-11 12:00:00,28.53,0.0,76.21,10.7
VIL_0770,2024-07-11 12:00:00,28.46,0.0,76.6,10.78
VIL_0771,2024-07-11 12:00:00,28.4,0.0,77.0,11.0
VIL_0772,2024-07-11 12:00:00,28.45,0.0,76.65,10.78
VIL_0773,2024-07-11 12:00:00,28.56,0.01,75.92,10.23
VIL_0774,2024-07-11 12:00:00,28.59,0.02,75.76,10.14
VIL_0775,2024-07-11 12:00:00,28.58,0.01,75.93,10.39
VIL_0776,2024-07-11 12:00:00,28.52,0.01,76.21,10.53
VIL_0777,2024-07-11 12:00:00,28.5,0.01,76.38,10.69
VIL_0778,2024-07-11 12:00:00,28.42,0.0,76.89,10.95
VIL_0779,2024-07-11 12:00:00,28.45,0.0,76.69,10.95
VIL_0780,2024-07-11 12:00:00,28.45,0.0,76.7,10.95
VIL_0781,2024-07-11 12:00:00,28.69,0.0,75.48,10.95
VIL_0782,2024-07-11 12:00:00,28.75,0.0,75.15,10.92
VIL_0783,2024-07-11 12:00:00,28.78,0.0,74.94,10.95
VIL_0784,2024-07-11 12:00:00,28.61,0.0,75.75,10.82
VIL_0785,2024-07-11 12:00:00,28.68,0.0,75.28,10.73
VIL_0786,2024-07-11 12:00:00,28.65,0.0,75.36,10.6
VIL_0787,2024-07-11 12:00:00,28.43,0.0,76.88,11.58
VIL_0788,2024-07-11 12:00:00,28.64,0.02,75.59,10.21
VIL_0789,2024-07-11 12:00:00,28.62,0.01,75.75,10.38
VIL_0790,2024-07-11 12:00:00,28.59,0.01,75.92,10.52
VIL_0791,2024-07-11 12:00:00,28.55,0.0,75.98,10.85
VIL_0792,2024-07-11 12:00:00,28.56,0.0,76.08,10.94
VIL_0793,2024-07-11 12:00:00,28.68,0.0,75.77,11.31
VIL_0794,2024-07-11 12:00:00,28.61,0.0,76.12,11.35
VIL_0795,2024-07-11 12:00:00,28.55,0.0,76.44,11.39
VIL_0796,2024-07-11 12:00:00,28.61,0.0,76.18,11.47
VIL_0797,2024-07-11 12:00:00,28.58,0.0,76.37,11.57
VIL_0798,2024-07-11 12:00:00,28.56,0.0,76.53,11.6
VIL_0799,2024-07-11 12:00:00,28.4,0.0,77.96,12.54
VIL_0800,2024-07-11 12:00:00,28.47,0.0,77.3,11.99
VIL_0801,2024-07-11 12:00:00,28.35,0.0,78.02,12.52
VIL_0802,2024-07-11 12:00:00,28.29,0.0,78.47,12.88
VIL_0803,2024-07-11 12:00:00,28.32,0.0,78.64,12.99
VIL_0804,2024-07-11 12:00:00,28.28,0.0,78.61,13.09
VIL_0805,2024-07-11 12:00:00,28.27,0.0,78.77,13.13
VIL_0806,2024-07-11 12:00:00,28.27,0.0,78.96,13.13
VIL_0807,2024-07-11 12:00:00,28.33,0.0,78.42,12.88
VIL_0808,2024-07-11 12:00:00,28.49,0.0,77.19,12.01
VIL_0809,2024-07-11 12:00:00,28.53,0.0,76.78,11.8
VIL_0810,2024-07-11 12:00:00,28.54,0.0,76.66,11.81
VIL_0811,2024-07-11 12:00:00,28.62,0.0,76.06,11.65
VIL_0812,2024-07-11 12:00:00,28.76,0.0,75.38,11.49
VIL_0813,2024-07-11 12:00:00,28.69,0.0,75.49,11.54
VIL_0814,2024-07-11 12:00:00,28.62,0.0,75.43,11.5
VIL_0815,2024-07-11 12:00:00,28.65,0.0,75.36,11.48
VIL_0816,2024-07-11 12:00:00,28.61,0.0,75.66,11.52
VIL_0817,2024-07-11 12:00:00,28.73,0.0,75.22,11.46
VIL_0818,2024-07-11 12:00:00,29.06,0.0,74.13,11.31
VIL_0819,2024-07-11 12:00:00,29.0,0.0,74.38,11.33
VIL_0820,2024-07-11 12:00:00,28.83,0.0,74.75,11.06
VIL_0821,2024-07-11 12:00:00,29.05,0.0,74.2,11.32
VIL_0822,2024-07-11 12:00:00,28.85,0.0,74.89,11.12
VIL_0823,2024-07-11 12:00:00,28.84,0.0,75.05,11.4
VIL_0824,2024-07-11 12:00:00,28.33,0.0,78.23,12.7
VIL_0825,2024-07-11 12:00:00,28.3,0.0,78.52,13.91
VIL_0826,2024-07-11 12:00:00,28.3,0.0,78.53,13.91
VIL_0827,2024-07-11 12:00:00,28.3,0.0,78.67,13.9
VIL_0828,2024-07-11 12:00:00,28.28,0.0,78.78,13.93
VIL_0829,2024-07-11 12:00:00,28.33,0.0,78.27,13.88
VIL_0830,2024-07-11 12:00:00,28.4,0.0,77.62,13.78
VIL_0831,2024-07-11 12:00:00,28.34,0.0,78.33,13.91
VIL_0832,2024-07-11 12:00:00,28.4,0.0,77.45,13.73
VIL_0833,2024-07-11 12:00:00,28.41,0.0,77.27,13.72
VIL_0834,2024-07-11 12:00:00,28.41,0.0,77.3,13.71
VIL_0835,2024-07-11 12:00:00,28.41,0.0,77.19,13.69
VIL_0836,2024-07-11 12:00:00,28.41,0.0,77.23,13.69
VIL_0837,2024-07-11 12:00:00,28.4,0.0,77.75,13.93
VIL_0838,2024-07-11 12:00:00,28.4,0.0,77.54,13.85
VIL_0839,2024-07-11 12:00:00,28.42,0.0,77.22,13.79
VIL_0840,2024-07-11 12:00:00,28.41,0.0,77.37,13.76
VIL_0841,2024-07-11 12:00:00,28.42,0.0,77.12,13.72
VIL_0842,2024-07-11 12:00:00,28.43,0.0,76.88,13.64
VIL_0843,2024-07-11 12:00:00,28.42,0.0,77.04,13.68
VIL_0844,2024-07-11 12:00:00,28.44,0.0,76.79,13.6
VIL_0845,2024-07-11 12:00:00,28.45,0.0,76.57,13.51
VIL_0846,2024-07-11 12:00:00,28.42,0.0,77.0,13.65
VIL_0847,2024-07-11 12:00:00,28.43,0.0,76.88,13.63
VIL_0848,2024-07-11 12:00:00,28.44,0.0,76.76,13.59
VIL_0849,2024-07-11 12:00:00,28.45,0.0,76.53,13.5
VIL_0850,2024-07-11 12:00:00,28.44,0.0,76.67,13.56
VIL_0851,2024-07-11 12:00:00,28.43,0.0,76.68,13.57
VIL_0852,2024-07-11 12:00:00,28.45,0.0,76.49,13.5
VIL_0853,2024-07-11 12:00:00,28.46,0.0,76.39,13.66
VIL_0854,2024-07-11 12:00:00,28.45,0.0,76.49,13.76
VIL_0855,2024-07-11 12:00:00,28.46,0.0,76.5,13.8
VIL_0856,2024-07-11 12:00:00,28.46,0.0,76.49,13.81
VIL_0857,2024-07-11 12:00:00,28.46,0.0,76.44,13.75
VIL_0858,2024-07-11 12:00:00,28.46,0.0,76.4,13.69
VIL_0859,2024-07-11 12:00:00,28.45,0.0,76.41,13.75
VIL_0860,2024-07-11 12:00:00,28.45,0.0,76.63,13.59
VIL_0861,2024-07-11 12:00:00,28.48,0.0,76.17,13.32
VIL_0862,2024-07-11 12:00:00,28.48,0.0,76.17,13.31
VIL_0863,2024-07-11 12:00:00,28.45,0.0,76.63,13.56
VIL_0864,2024-07-11 12:00:00,28.47,0.0,76.29,13.37
VIL_0865,2024-07-11 12:00:00,28.5,0.0,76.01,13.21
VIL_0866,2024-07-11 12:00:00,28.45,0.0,76.2,13.46
VIL_0867,2024-07-11 12:00:00,28.43,0.0,76.21,13.52
VIL_0868,2024-07-11 12:00:00,28.46,0.0,76.15,13.45
VIL_0869,2024-07-11 12:00:00,28.47,0.0,76.29,13.39
VIL_0870,2024-07-11 12:00:00,28.47,0.0,76.16,13.41
VIL_0871,2024-07-11 12:00:00,28.44,0.0,76.26,13.63
VIL_0872,2024-07-11 12:00:00,28.46,0.0,76.28,13.57
VIL_0873,2024-07-11 12:00:00,28.45,0.0,76.3,13.65
VIL_0874,2024-07-11 12:00:00,28.43,0.0,76.34,13.82
VIL_0875,2024-07-11 12:00:00,28.29,0.0,77.12,14.28
VIL_0876,2024-07-11 12:00:00,28.4,0.0,76.31,13.91
VIL_0877,2024-07-11 12:00:00,28.28,0.0,77.14,14.34
VIL_0878,2024-07-11 12:00:00,28.25,0.0,77.61,14.62
VIL_0879,2024-07-11 12:00:00,28.26,0.0,77.6,14.66
VIL_0880,2024-07-11 12:00:00,28.42,0.0,76.56,13.67
VIL_0881,2024-07-11 12:00:00,28.38,0.0,76.29,13.71
VIL_0882,2024-07-11 12:00:00,28.33,0.0,76.1,13.88
VIL_0883,2024-07-11 12:00:00,28.36,0.0,76.39,13.79
VIL_0884,2024-07-11 12:00:00,28.33,0.0,76.17,13.87
VIL_0885,2024-07-11 12:00:00,28.3,0.0,76.0,14.0
VIL_0886,2024-07-11 12:00:00,28.32,0.0,76.05,13.97
VIL_0887,2024-07-11 12:00:00,28.4,0.0,76.21,13.77
VIL_0888,2024-07-11 12:00:00,28.35,0.0,76.13,13.91
VIL_0889,2024-07-11 12:00:00,28.34,0.0,76.14,13.95
VIL_0890,2024-07-11 12:00:00,28.38,0.0,76.28,13.95
VIL_0891,2024-07-11 12:00:00,28.39,0.0,76.36,14.02
VIL_0892,2024-07-11 12:00:00,28.33,0.0,76.17,13.82
VIL_0893,2024-07-11 12:00:00,28.38,0.0,76.37,14.0
VIL_0894,2024-07-11 12:00:00,28.41,0.0,77.53,13.97
VIL_0895,2024-07-11 12:00:00,28.41,0.0,76.74,13.78
VIL_0896,2024-07-11 12:00:00,28.43,0.0,77.18,13.86
VIL_0897,2024-07-11 12:00:00,28.45,0.0,76.39,13.79
VIL_0898,2024-07-11 12:00:00,28.29,0.0,77.22,14.28
VIL_0899,2024-07-11 12:00:00,28.25,0.0,77.5,14.43
VIL_0900,2024-07-11 12:00:00,28.17,0.0,78.19,14.87
VIL_0901,2024-07-11 12:00:00,28.22,0.0,77.78,14.57
VIL_0902,2024-07-11 12:00:00,28.25,0.0,77.52,14.4
VIL_0903,2024-07-11 12:00:00,28.23,0.0,77.64,14.47
VIL_0904,2024-07-11 12:00:00,28.2,0.0,77.91,14.64
VIL_0905,2024-07-11 12:00:00,28.15,0.0,78.29,14.87
VIL_0906,2024-07-11 12:00:00,28.15,0.0,78.28,14.87
VIL_0907,2024-07-11 12:00:00,28.18,0.0,78.12,14.79
VIL_0908,2024-07-11 12:00:00,28.14,0.0,78.35,14.93
VIL_0909,2024-07-11 12:00:00,28.23,0.0,77.79,14.67
VIL_0910,2024-07-11 12:00:00,28.24,0.0,77.72,14.66
VIL_0911,2024-07-11 12:00:00,28.2,0.0,78.24,14.97
VIL_0912,2024-07-11 12:00:00,28.19,0.0,78.06,14.81
VIL_0913,2024-07-11 12:00:00,28.11,0.0,78.86,15.29
VIL_0914,2024-07-11 12:00:00,28.1,0.0,78.78,15.2
VIL_0915,2024-07-11 12:00:00,28.04,0.0,79.13,15.37
VIL_0916,2024-07-11 12:00:00,28.09,0.0,78.7,15.11
VIL_0917,2024-07-11 12:00:00,28.02,0.0,79.23,15.41
VIL_0918,2024-07-11 12:00:00,27.97,0.0,79.58,15.6
VIL_0919,2024-07-11 12:00:00,28.08,0.0,78.81,15.19
VIL_0920,2024-07-11 12:00:00,28.09,0.0,78.69,15.1
VIL_0921,2024-07-11 12:00:00,27.97,0.0,79.66,15.67
VIL_0922,2024-07-11 12:00:00,27.99,0.0,79.67,15.71
VIL_0923,2024-07-11 12:00:00,27.87,0.0,80.19,15.91
VIL_0924,2024-07-11 12:00:00,27.8,0.0,80.55,16.06
VIL_0925,2024-07-11 12:00:00,28.26,0.0,78.03,14.95
VIL_0926,2024-07-11 12:00:00,28.28,0.0,78.07,15.0
VIL_0927,2024-07-11 12:00:00,28.3,0.0,78.14,15.08
VIL_0928,2024-07-11 12:00:00,28.28,0.0,78.32,15.18
VIL_0929,2024-07-11 12:00:00,28.33,0.0,78.21,15.17
VIL_0930,2024-07-11 12:00:00,28.41,0.0,77.81,15.01
VIL_0931,2024-07-11 12:00:00,28.39,0.0,77.89,15.02
VIL_0932,2024-07-11 12:00:00,28.32,0.0,78.04,15.04
VIL_0933,2024-07-11 12:00:00,28.21,0.0,78.39,15.11
VIL_0934,2024-07-11 12:00:00,28.17,0.0,78.64,15.24
VIL_0935,2024-07-11 12:00:00,28.27,0.0,78.32,15.15
VIL_0936,2024-07-11 12:00:00,28.16,0.0,78.88,15.39
VIL_0937,2024-07-11 12:00:00,28.26,0.0,78.51,15.28
VIL_0938,2024-07-11 12:00:00,28.38,0.0,77.91,15.02
VIL_0939,2024-07-11 12:00:00,28.49,0.0,77.48,14.88
VIL_0940,2024-07-11 12:00:00,28.58,0.0,77.08,14.73
VIL_0941,2024-07-11 12:00:00,28.25,0.0,78.6,15.33
VIL_0942,2024-07-11 12:00:00,28.42,0.0,77.81,15.02
VIL_0943,2024-07-11 12:00:00,28.18,0.0,78.69,15.3
VIL_0944,2024-07-11 12:00:00,28.14,0.0,78.91,15.39
VIL_0945,2024-07-11 12:00:00,28.11,0.0,79.05,15.44
VIL_0946,2024-07-11 12:00:00,28.08,0.0,79.23,15.53
VIL_0947,2024-07-11 12:00:00,28.05,0.0,79.3,15.54
VIL_0948,2024-07-11 12:00:00,28.03,0.0,79.43,15.61
VIL_0949,2024-07-11 12:00:00,28.04,0.0,79.46,15.64
VIL_0950,2024-07-11 12:00:00,28.15,0.0,78.98,15.46
VIL_0951,2024-07-11 12:00:00,28.03,0.0,79.56,15.71
VIL_0952,2024-07-11 12:00:00,27.81,0.0,80.58,16.11
VIL_0953,2024-07-11 12:00:00,27.96,0.0,79.84,15.8
VIL_0954,2024-07-11 12:00:00,27.89,0.0,80.2,15.95
VIL_0955,2024-07-11 12:00:00,27.81,0.0,80.57,16.09
VIL_0956,2024-07-11 12:00:00,27.72,0.0,80.98,16.26
VIL_0957,2024-07-11 12:00:00,27.76,0.0,80.74,16.16
VIL_0958,2024-07-11 12:00:00,27.83,0.0,80.39,16.0
VIL_0959,2024-07-11 12:00:00,27.85,0.0,80.31,15.98
VIL_0960,2024-07-11 12:00:00,27.92,0.0,79.97,15.83
VIL_0961,2024-07-11 12:00:00,27.88,0.0,80.17,15.91
VIL_0962,2024-07-11 12:00:00,27.87,0.0,80.2,15.91
VIL_0963,2024-07-11 12:00:00,27.9,0.0,80.05,15.85
VIL_0964,2024-07-11 12:00:00,27.9,0.0,80.0,15.82
VIL_0965,2024-07-11 12:00:00,27.87,0.0,80.15,15.89
VIL_0966,2024-07-11 12:00:00,27.92,0.0,79.9,15.78
VIL_0967,2024-07-11 12:00:00,27.94,0.0,79.78,15.73
VIL_0968,2024-07-11 12:00:00,27.97,0.0,79.65,15.68
VIL_0969,2024-07-11 12:00:00,27.94,0.0,79.84,15.76
VIL_0970,2024-07-11 12:00:00,27.97,0.0,79.7,15.71
VIL_0971,2024-07-11 12:00:00,28.01,0.0,79.51,15.63
VIL_0972,2024-07-11 12:00:00,27.98,0.0,79.68,15.71
VIL_0973,2024-07-11 12:00:00,28.17,0.0,79.78,13.63
VIL_0974,2024-07-11 12:00:00,28.21,0.0,79.73,13.48
VIL_0975,2024-07-11 12:00:00,28.22,0.0,79.67,13.42
VIL_0976,2024-07-11 12:00:00,28.25,0.0,79.24,13.2
VIL_0977,2024-07-11 12:00:00,28.29,0.0,79.33,13.09
VIL_0978,2024-07-11 12:00:00,28.28,0.0,79.75,13.22
VIL_0979,2024-07-11 12:00:00,28.32,0.0,79.38,13.04
VIL_0980,2024-07-11 12:00:00,28.32,0.0,78.81,12.86
VIL_0981,2024-07-11 12:00:00,28.36,0.0,78.12,12.68
VIL_0982,2024-07-11 12:00:00,28.39,0.0,77.94,12.57
VIL_0983,2024-07-11 12:00:00,28.52,0.0,76.45,11.8
VIL_0984,2024-07-11 12:00:00,28.45,0.0,77.05,12.01
VIL_0985,2024-07-11 12:00:00,28.37,0.0,77.9,12.54
VIL_0986,2024-07-11 12:00:00,28.38,0.0,76.7,12.03
VIL_0987,2024-07-11 12:00:00,28.47,0.0,76.11,11.66
VIL_0988,2024-07-11 12:00:00,28.31,0.0,76.15,11.7
VIL_0989,2024-07-11 12:00:00,28.33,0.0,78.84,12.87
VIL_0990,2024-07-11 12:00:00,28.33,0.0,77.77,12.48
VIL_0991,2024-07-11 12:00:00,28.27,0.0,76.41,11.8
VIL_0992,2024-07-11 12:00:00,28.26,0.0,76.37,11.8
VIL_0993,2024-07-11 12:00:00,28.23,0.0,76.14,11.63
VIL_0994,2024-07-11 12:00:00,28.22,0.0,76.04,11.55
VIL_0995,2024-07-11 12:00:00,28.24,0.0,76.03,11.56
VIL_0996,2024-07-11 12:00:00,28.3,0.0,76.07,11.68
VIL_0997,2024-07-11 12:00:00,28.42,0.0,75.92,11.72
VIL_0998,2024-07-11 12:00:00,28.39,0.0,76.09,12.39
VIL_0999,2024-07-11 12:00:00,28.44,0.0,76.18,11.97
VIL_1000,2024-07-11 12:00:00,28.28,0.0,76.29,11.83
VIL_1001,2024-07-11 12:00:00,28.29,0.0,76.55,12.03
VIL_1002,2024-07-11 12:00:00,28.34,0.0,76.8,12.4
VIL_1003,2024-07-11 12:00:00,28.46,0.0,75.99,12.77
VIL_1004,2024-07-11 12:00:00,28.34,0.0,76.36,13.58
VIL_1005,2024-07-11 12:00:00,28.32,0.0,76.51,13.09
VIL_1006,2024-07-11 12:00:00,28.36,0.0,76.59,13.75
VIL_1007,2024-07-11 12:00:00,28.35,0.0,77.53,13.44
VIL_1008,2024-07-11 12:00:00,28.34,0.0,76.79,13.33
VIL_1009,2024-07-11 12:00:00,28.36,0.0,77.76,13.71
VIL_1010,2024-07-11 12:00:00,28.34,0.0,77.69,13.46
VIL_1011,2024-07-11 12:00:00,28.31,0.0,77.32,12.95
VIL_1012,2024-07-11 12:00:00,28.3,0.0,76.87,12.19
VIL_1013,2024-07-11 12:00:00,28.33,0.0,77.47,12.71
VIL_1014,2024-07-11 12:00:00,28.33,0.0,77.89,13.37
VIL_1015,2024-07-11 12:00:00,28.33,0.0,78.51,13.38
VIL_1016,2024-07-11 12:00:00,28.32,0.0,78.32,13.24
VIL_1017,2024-07-11 12:00:00,28.33,0.0,77.82,12.66
VIL_1018,2024-07-11 12:00:00,28.31,0.0,77.42,12.39
VIL_1019,2024-07-11 12:00:00,28.32,0.0,78.95,12.99
VIL_1020,2024-07-11 12:00:00,28.36,0.0,78.18,13.78
VIL_1021,2024-07-11 12:00:00,28.37,0.0,78.0,13.9
VIL_1022,2024-07-11 12:00:00,28.39,0.0,77.95,14.23
VIL_1023,2024-07-11 12:00:00,28.39,0.0,77.44,14.07
VIL_1024,2024-07-11 12:00:00,28.4,0.0,77.99,14.49
VIL_1025,2024-07-11 12:00:00,28.39,0.0,77.89,14.19
VIL_1026,2024-07-11 12:00:00,28.41,0.0,77.64,14.19
VIL_1027,2024-07-11 12:00:00,28.4,0.0,77.89,14.4
VIL_1028,2024-07-11 12:00:00,28.4,0.0,77.77,14.32
VIL_1029,2024-07-11 12:00:00,28.4,0.0,77.22,14.01
VIL_1030,2024-07-11 12:00:00,20.62,0.15,86.52,9.92
VIL_1031,2024-07-11 12:00:00,28.07,0.01,78.0,12.29
VIL_0001,2024-07-11 18:00:00,25.12,0.52,94.79,6.89
VIL_0002,2024-07-11 18:00:00,25.12,0.51,94.8,6.91
VIL_0003,2024-07-11 18:00:00,25.14,0.49,94.83,6.96
VIL_0004,2024-07-11 18:00:00,25.14,0.49,94.82,6.95
VIL_0005,2024-07-11 18:00:00,25.15,0.47,94.85,7.0
VIL_0006,2024-07-11 18:00:00,25.16,0.45,94.88,7.05
VIL_0007,2024-07-11 18:00:00,25.18,0.43,94.92,7.14
VIL_0008,2024-07-11 18:00:00,25.13,0.51,94.79,6.87
VIL_0009,2024-07-11 18:00:00,25.2,0.41,94.98,7.25
VIL_0010,2024-07-11 18:00:00,25.2,0.41,94.98,7.27
VIL_0011,2024-07-11 18:00:00,25.17,0.45,94.87,7.02
VIL_0012,2024-07-11 18:00:00,25.14,0.49,94.78,6.83
VIL_0013,2024-07-11 18:00:00,25.11,0.54,94.72,6.73
VIL_0014,2024-07-11 18:00:00,25.18,0.44,94.88,7.03
VIL_0015,2024-07-11 18:00:00,25.11,0.53,94.69,6.65
VIL_0016,2024-07-11 18:00:00,25.2,0.4,95.0,7.3
VIL_0017,2024-07-11 18:00:00,25.19,0.42,94.92,7.11
VIL_0018,2024-07-11 18:00:00,25.14,0.48,94.73,6.69
VIL_0019,2024-07-11 18:00:00,25.13,0.5,94.53,6.22
VIL_0020,2024-07-11 18:00:00,25.06,0.61,94.62,6.56
VIL_0021,2024-07-11 18:00:00,25.05,0.62,94.56,6.41
VIL_0022,2024-07-11 18:00:00,25.05,0.63,94.48,6.19
VIL_0023,2024-07-11 18:00:00,24.94,0.78,94.58,6.61
VIL_0024,2024-07-11 18:00:00,25.1,0.55,94.31,5.7
VIL_0025,2024-07-11 18:00:00,24.93,0.8,94.55,6.51
VIL_0026,2024-07-11 18:00:00,25.02,0.66,94.38,5.94
VIL_0027,2024-07-11 18:00:00,24.71,1.12,94.77,7.3
VIL_0028,2024-07-11 18:00:00,24.84,0.94,94.64,6.81
VIL_0029,2024-07-11 18:00:00,25.18,0.44,94.76,6.74
VIL_0030,2024-07-11 18:00:00,25.16,0.45,94.46,5.99
VIL_0031,2024-07-11 18:00:00,25.19,0.42,94.06,4.96
VIL_0032,2024-07-11 18:00:00,25.15,0.47,94.28,5.55
VIL_0033,2024-07-11 18:00:00,25.2,0.41,94.01,4.84
VIL_0034,2024-07-11 18:00:00,25.17,0.45,94.08,5.05
VIL_0035,2024-07-11 18:00:00,25.15,0.48,94.12,5.15
VIL_0036,2024-07-11 18:00:00,24.92,0.82,94.5,6.33
VIL_0037,2024-07-11 18:00:00,25.04,0.63,94.29,5.69
VIL_0038,2024-07-11 18:00:00,24.91,0.82,94.5,6.31
VIL_0039,2024-07-11 18:00:00,24.78,1.01,94.69,6.92
VIL_0040,2024-07-11 18:00:00,24.89,0.85,94.53,6.42
VIL_0041,2024-07-11 18:00:00,24.67,1.17,94.85,7.39
VIL_0042,2024-07-11 18:00:00,24.29,1.73,95.38,9.01
VIL_0043,2024-07-11 18:00:00,24.41,1.56,95.23,8.52
VIL_0044,2024-07-11 18:00:00,24.73,1.08,94.76,7.11
VIL_0045,2024-07-11 18:00:00,24.56,1.34,95.0,7.87
VIL_0046,2024-07-11 18:00:00,24.48,1.46,95.11,8.22
VIL_0047,2024-07-11 18:00:00,24.6,1.28,94.88,7.7
VIL_0048,2024-07-11 18:00:00,24.34,1.66,95.32,8.82
VIL_0049,2024-07-11 18:00:00,24.07,2.05,95.72,9.94
VIL_0050,2024-07-11 18:00:00,24.13,1.97,95.64,9.73
VIL_0051,2024-07-11 18:00:00,24.26,1.78,95.44,9.16
VIL_0052,2024-07-11 18:00:00,24.16,1.98,95.59,9.72
VIL_0053,2024-07-11 18:00:00,23.99,2.19,95.85,10.35
VIL_0054,2024-07-11 18:00:00,24.61,1.28,94.74,7.54
VIL_0055,2024-07-11 18:00:00,24.45,1.5,95.04,8.25
VIL_0056,2024-07-11 18:00:00,24.14,2.0,95.59,9.75
VIL_0057,2024-07-11 18:00:00,23.91,2.29,95.99,10.68
VIL_0058,2024-07-11 18:00:00,23.94,2.25,95.94,10.55
VIL_0059,2024-07-11 18:00:00,23.94,2.25,95.94,10.56
VIL_0060,2024-07-11 18:00:00,24.04,2.14,95.78,10.2
VIL_0061,2024-07-11 18:00:00,24.13,2.04,95.64,9.91
VIL_0062,2024-07-11 18:00:00,23.96,2.22,95.89,10.46
VIL_0063,2024-07-11 18:00:00,24.24,1.87,95.37,9.31
VIL_0064,2024-07-11 18:00:00,24.57,1.44,94.76,7.91
VIL_0065,2024-07-11 18:00:00,24.84,1.06,94.15,6.59
VIL_0066,2024-07-11 18:00:00,24.8,0.76,93.98,5.7
VIL_0067,2024-07-11 18:00:00,24.71,1.24,94.42,7.19
VIL_0068,2024-07-11 18:00:00,24.74,0.94,94.17,6.29
VIL_0069,2024-07-11 18:00:00,24.58,1.43,94.69,7.84
VIL_0070,2024-07-11 18:00:00,24.47,1.61,94.97,8.5
VIL_0071,2024-07-11 18:00:00,24.24,1.89,95.39,9.38
VIL_0072,2024-07-11 18:00:00,24.19,1.97,95.5,9.66
VIL_0073,2024-07-11 18:00:00,23.98,2.2,95.86,10.39
VIL_0074,2024-07-11 18:00:00,24.01,2.18,95.83,10.32
VIL_0075,2024-07-11 18:00:00,24.06,2.12,95.74,10.15
VIL_0076,2024-07-11 18:00:00,24.25,1.93,95.45,9.58
VIL_0077,2024-07-11 18:00:00,24.22,1.96,95.5,9.67
VIL_0078,2024-07-11 18:00:00,24.1,2.08,95.68,10.02
VIL_0079,2024-07-11 18:00:00,24.27,1.91,95.42,9.53
VIL_0080,2024-07-11 18:00:00,24.23,1.93,95.45,9.57
VIL_0081,2024-07-11 18:00:00,24.53,1.6,94.93,8.52
VIL_0082,2024-07-11 18:00:00,24.52,1.3,94.78,7.74
VIL_0083,2024-07-11 18:00:00,24.53,1.38,94.91,8.17
VIL_0084,2024-07-11 18:00:00,24.43,1.49,95.05,8.45
VIL_0085,2024-07-11 18:00:00,24.48,1.49,95.06,8.57
VIL_0086,2024-07-11 18:00:00,24.52,1.52,95.08,8.77
VIL_0087,2024-07-11 18:00:00,24.55,1.69,95.04,8.93
VIL_0088,2024-07-11 18:00:00,25.06,0.47,93.44,4.62
VIL_0089,2024-07-11 18:00:00,25.15,0.43,93.29,4.43
VIL_0090,2024-07-11 18:00:00,25.21,0.35,93.16,4.14
VIL_0091,2024-07-11 18:00:00,25.26,0.33,93.08,4.04
VIL_0092,2024-07-11 18:00:00,25.17,0.39,93.25,4.32
VIL_0093,2024-07-11 18:00:00,25.14,0.38,93.29,4.31
VIL_0094,2024-07-11 18:00:00,24.74,0.5,93.94,5.07
VIL_0095,2024-07-11 18:00:00,24.23,0.41,94.58,5.03
VIL_0096,2024-07-11 18:00:00,24.89,0.47,93.7,4.79
VIL_0097,2024-07-11 18:00:00,24.64,0.48,94.06,5.05
VIL_0098,2024-07-11 18:00:00,21.61,0.12,97.85,5.71
VIL_0099,2024-07-11 18:00:00,23.42,0.37,95.65,5.46
VIL_0100,2024-07-11 18:00:00,24.56,1.2,94.59,7.26
VIL_0101,2024-07-11 18:00:00,24.68,1.03,94.36,6.73
VIL_0102,2024-07-11 18:00:00,24.89,0.73,93.89,5.65
VIL_0103,2024-07-11 18:00:00,24.94,0.61,93.76,5.28
VIL_0104,2024-07-11 18:00:00,24.41,0.75,94.66,6.3
VIL_0105,2024-07-11 18:00:00,24.7,1.37,94.99,8.7
VIL_0106,2024-07-11 18:00:00,24.72,1.33,94.88,8.43
VIL_0107,2024-07-11 18:00:00,24.69,1.12,94.64,7.49
VIL_0108,2024-07-11 18:00:00,24.77,0.8,94.19,6.15
VIL_0109,2024-07-11 18:00:00,24.7,1.08,94.54,7.24
VIL_0110,2024-07-11 18:00:00,24.73,0.98,94.36,6.73
VIL_0111,2024-07-11 18:00:00,24.61,1.21,94.68,7.57
VIL_0112,2024-07-11 18:00:00,24.62,1.37,94.88,8.29
VIL_0113,2024-07-11 18:00:00,24.67,1.25,94.74,7.89
VIL_0114,2024-07-11 18:00:00,24.73,1.34,94.84,8.38
VIL_0115,2024-07-11 18:00:00,24.73,1.44,94.92,8.73
VIL_0116,2024-07-11 18:00:00,24.69,1.46,94.96,8.77
VIL_0117,2024-07-11 18:00:00,24.63,1.5,95.02,8.84
VIL_0118,2024-07-11 18:00:00,24.79,1.58,95.02,9.3
VIL_0119,2024-07-11 18:00:00,24.82,1.53,94.97,9.17
VIL_0120,2024-07-11 18:00:00,24.93,1.67,95.02,9.78
VIL_0121,2024-07-11 18:00:00,24.91,1.63,95.02,9.66
VIL_0122,2024-07-11 18:00:00,24.95,1.71,95.04,9.91
VIL_0123,2024-07-11 18:00:00,21.9,0.32,97.65,6.22
VIL_0124,2024-07-11 18:00:00,21.21,0.1,98.4,6.01
VIL_0125,2024-07-11 18:00:00,20.99,0.1,98.7,6.26
VIL_0126,2024-07-11 18:00:00,20.81,0.1,98.98,6.66
VIL_0127,2024-07-11 18:00:00,20.83,0.1,98.94,6.57
VIL_0128,2024-07-11 18:00:00,20.97,0.08,98.63,5.85
VIL_0129,2024-07-11 18:00:00,20.94,0.07,98.64,5.67
VIL_0130,2024-07-11 18:00:00,21.2,0.05,98.13,4.89
VIL_0131,2024-07-11 18:00:00,21.35,0.04,97.82,4.24
VIL_0132,2024-07-11 18:00:00,21.32,0.02,97.77,3.63
VIL_0133,2024-07-11 18:00:00,21.1,0.04,98.23,4.44
VIL_0134,2024-07-11 18:00:00,21.14,0.01,98.0,3.36
VIL_0135,2024-07-11 18:00:00,21.06,0.03,98.26,4.18
VIL_0136,2024-07-11 18:00:00,20.94,0.02,98.56,4.59
VIL_0137,2024-07-11 18:00:00,20.97,0.05,98.56,5.19
VIL_0138,2024-07-11 18:00:00,21.05,0.06,98.51,5.22
VIL_0139,2024-07-11 18:00:00,20.81,0.0,98.85,4.55
VIL_0140,2024-07-11 18:00:00,20.96,0.01,98.53,4.19
VIL_0141,2024-07-11 18:00:00,20.98,0.0,98.55,4.21
VIL_0142,2024-07-11 18:00:00,20.81,0.0,98.85,4.51
VIL_0143,2024-07-11 18:00:00,20.94,0.01,98.7,4.48
VIL_0144,2024-07-11 18:00:00,21.31,0.01,97.75,3.46
VIL_0145,2024-07-11 18:00:00,21.1,0.0,98.0,3.01
VIL_0146,2024-07-11 18:00:00,21.65,0.01,97.47,3.42
VIL_0147,2024-07-11 18:00:00,21.09,0.01,98.12,3.5
VIL_0148,2024-07-11 18:00:00,21.34,0.01,98.07,3.85
VIL_0149,2024-07-11 18:00:00,24.38,0.31,93.77,5.0
VIL_0150,2024-07-11 18:00:00,25.11,1.85,95.04,10.5
VIL_0151,2024-07-11 18:00:00,25.22,1.91,94.98,10.78
VIL_0152,2024-07-11 18:00:00,25.27,1.95,94.95,10.87
VIL_0153,2024-07-11 18:00:00,25.29,1.98,95.0,11.04
VIL_0154,2024-07-11 18:00:00,25.06,1.8,95.05,10.36
VIL_0155,2024-07-11 18:00:00,24.94,1.68,95.07,9.92
VIL_0156,2024-07-11 18:00:00,24.88,1.53,94.98,9.5
VIL_0157,2024-07-11 18:00:00,24.68,1.41,95.07,8.91
VIL_0158,2024-07-11 18:00:00,24.28,1.12,95.34,7.94
VIL_0159,2024-07-11 18:00:00,23.92,0.92,95.59,7.3
VIL_0160,2024-07-11 18:00:00,23.9,0.99,95.7,7.6
VIL_0161,2024-07-11 18:00:00,22.76,0.62,96.79,6.66
VIL_0162,2024-07-11 18:00:00,23.19,0.81,96.28,7.27
VIL_0163,2024-07-11 18:00:00,23.88,1.1,95.85,8.04
VIL_0164,2024-07-11 18:00:00,24.58,1.32,95.1,8.9
VIL_0165,2024-07-11 18:00:00,24.3,1.32,95.54,8.75
VIL_0166,2024-07-11 18:00:00,25.03,1.7,94.98,10.09
VIL_0167,2024-07-11 18:00:00,24.78,1.48,95.02,9.39
VIL_0168,2024-07-11 18:00:00,25.09,1.77,94.99,10.35
VIL_0169,2024-07-11 18:00:00,25.14,1.82,94.98,10.51
VIL_0170,2024-07-11 18:00:00,25.18,1.86,94.97,10.63
VIL_0171,2024-07-11 18:00:00,25.25,1.94,94.99,10.91
VIL_0172,2024-07-11 18:00:00,25.3,2.0,95.0,11.09
VIL_0173,2024-07-11 18:00:00,25.17,1.83,94.93,10.45
VIL_0174,2024-07-11 18:00:00,24.8,1.61,95.12,9.79
VIL_0175,2024-07-11 18:00:00,24.6,1.42,95.11,9.13
VIL_0176,2024-07-11 18:00:00,24.72,1.56,95.16,9.61
VIL_0177,2024-07-11 18:00:00,24.43,1.27,95.12,8.64
VIL_0178,2024-07-11 18:00:00,24.53,1.46,95.29,9.31
VIL_0179,2024-07-11 18:00:00,24.44,1.34,95.22,8.87
VIL_0180,2024-07-11 18:00:00,24.21,1.1,95.17,8.06
VIL_0181,2024-07-11 18:00:00,23.99,0.99,95.32,7.68
VIL_0182,2024-07-11 18:00:00,23.94,1.06,95.51,7.94
VIL_0183,2024-07-11 18:00:00,23.73,1.01,95.77,7.83
VIL_0184,2024-07-11 18:00:00,23.63,0.88,95.71,7.35
VIL_0185,2024-07-11 18:00:00,22.91,0.55,96.27,6.28
VIL_0186,2024-07-11 18:00:00,22.89,0.35,95.93,5.35
VIL_0187,2024-07-11 18:00:00,23.57,0.64,95.38,6.45
VIL_0188,2024-07-11 18:00:00,23.76,0.31,94.51,5.23
VIL_0189,2024-07-11 18:00:00,23.76,0.55,94.92,6.09
VIL_0190,2024-07-11 18:00:00,23.98,0.81,95.03,7.04
VIL_0191,2024-07-11 18:00:00,23.97,0.46,94.44,5.76
VIL_0192,2024-07-11 18:00:00,24.0,0.64,94.71,6.41
VIL_0193,2024-07-11 18:00:00,24.06,0.5,94.37,5.92
VIL_0194,2024-07-11 18:00:00,24.09,0.63,94.55,6.39
VIL_0195,2024-07-11 18:00:00,24.12,0.77,94.75,6.89
VIL_0196,2024-07-11 18:00:00,24.29,1.08,95.01,7.96
VIL_0197,2024-07-11 18:00:00,24.38,0.35,93.77,5.21
VIL_0198,2024-07-11 18:00:00,24.34,0.28,93.67,4.98
VIL_0199,2024-07-11 18:00:00,24.38,0.22,93.49,4.81
VIL_0200,2024-07-11 18:00:00,24.4,0.23,93.49,4.82
VIL_0201,2024-07-11 18:00:00,24.4,0.26,93.58,4.91
VIL_0202,2024-07-11 18:00:00,24.44,0.16,93.28,4.61
VIL_0203,2024-07-11 18:00:00,24.45,0.14,93.18,4.57
VIL_0204,2024-07-11 18:00:00,24.46,0.13,93.19,4.54
VIL_0205,2024-07-11 18:00:00,24.43,0.09,93.22,4.41
VIL_0206,2024-07-11 18:00:00,24.42,0.08,93.3,4.39
VIL_0207,2024-07-11 18:00:00,24.44,0.08,93.25,4.39
VIL_0208,2024-07-11 18:00:00,24.45,0.09,93.17,4.42
VIL_0209,2024-07-11 18:00:00,24.34,0.09,93.37,4.36
VIL_0210,2024-07-11 18:00:00,24.41,0.07,93.51,4.2
VIL_0211,2024-07-11 18:00:00,24.46,0.06,93.5,4.19
VIL_0212,2024-07-11 18:00:00,24.39,0.23,93.65,4.72
VIL_0213,2024-07-11 18:00:00,24.44,0.06,93.36,4.4
VIL_0214,2024-07-11 18:00:00,24.43,0.06,93.37,4.41
VIL_0215,2024-07-11 18:00:00,24.88,0.28,93.08,5.32
VIL_0216,2024-07-11 18:00:00,24.26,0.2,93.66,4.69
VIL_0217,2024-07-11 18:00:00,23.58,0.07,94.57,4.22
VIL_0218,2024-07-11 18:00:00,23.06,0.05,95.39,3.82
VIL_0219,2024-07-11 18:00:00,23.22,0.05,95.22,3.84
VIL_0220,2024-07-11 18:00:00,23.73,0.05,94.68,3.87
VIL_0221,2024-07-11 18:00:00,23.95,0.04,94.58,3.76
VIL_0222,2024-07-11 18:00:00,24.42,0.1,93.15,4.45
VIL_0223,2024-07-11 18:00:00,24.49,0.1,93.03,4.5
VIL_0224,2024-07-11 18:00:00,24.47,0.11,93.08,4.51
VIL_0225,2024-07-11 18:00:00,24.44,0.14,93.2,4.57
VIL_0226,2024-07-11 18:00:00,24.35,0.13,93.37,4.51
VIL_0227,2024-07-11 18:00:00,22.61,0.01,96.57,3.6
VIL_0228,2024-07-11 18:00:00,24.75,0.01,94.52,3.11
VIL_0229,2024-07-11 18:00:00,25.21,0.0,94.01,3.08
VIL_0230,2024-07-11 18:00:00,25.37,0.0,93.92,3.05
VIL_0231,2024-07-11 18:00:00,25.4,0.0,93.99,2.92
VIL_0232,2024-07-11 18:00:00,25.01,0.0,93.93,4.67
VIL_0233,2024-07-11 18:00:00,25.17,0.25,93.79,3.43
VIL_0234,2024-07-11 18:00:00,25.15,0.12,92.31,3.25
VIL_0235,2024-07-11 18:00:00,25.3,0.0,91.51,8.83
VIL_0236,2024-07-11 18:00:00,24.27,0.01,94.99,3.24
VIL_0237,2024-07-11 18:00:00,23.92,0.0,95.49,3.39
VIL_0238,2024-07-11 18:00:00,24.89,0.0,94.23,3.66
VIL_0239,2024-07-11 18:00:00,24.71,0.0,94.49,3.31
VIL_0240,2024-07-11 18:00:00,24.99,0.0,94.14,4.28
VIL_0241,2024-07-11 18:00:00,24.88,0.0,94.14,4.66
VIL_0242,2024-07-11 18:00:00,25.33,0.0,93.83,3.27
VIL_0243,2024-07-11 18:00:00,25.3,0.01,93.69,3.48
VIL_0244,2024-07-11 18:00:00,25.24,0.01,93.37,4.08
VIL_0245,2024-07-11 18:00:00,24.87,0.0,93.93,4.92
VIL_0246,2024-07-11 18:00:00,24.83,0.0,93.61,5.46
VIL_0247,2024-07-11 18:00:00,24.63,0.0,93.97,5.71
VIL_0248,2024-07-11 18:00:00,24.8,0.02,93.83,3.66
VIL_0249,2024-07-11 18:00:00,25.04,0.01,93.71,3.61
VIL_0250,2024-07-11 18:00:00,25.2,0.01,93.17,4.31
VIL_0251,2024-07-11 18:00:00,25.2,0.01,92.7,5.08
VIL_0252,2024-07-11 18:00:00,25.21,0.01,92.34,5.43
VIL_0253,2024-07-11 18:00:00,25.18,0.01,92.69,4.99
VIL_0254,2024-07-11 18:00:00,25.16,0.01,92.33,5.48
VIL_0255,2024-07-11 18:00:00,25.09,0.02,92.79,4.88
VIL_0256,2024-07-11 18:00:00,25.07,0.03,93.01,4.56
VIL_0257,2024-07-11 18:00:00,24.83,0.03,93.48,4.06
VIL_0258,2024-07-11 18:00:00,24.64,0.04,93.52,4.12
VIL_0259,2024-07-11 18:00:00,24.56,0.05,93.55,4.11
VIL_0260,2024-07-11 18:00:00,24.46,0.07,93.36,4.33
VIL_0261,2024-07-11 18:00:00,24.53,0.06,93.43,4.26
VIL_0262,2024-07-11 18:00:00,24.64,0.04,93.36,4.33
VIL_0263,2024-07-11 18:00:00,24.59,0.05,93.37,4.33
VIL_0264,2024-07-11 18:00:00,24.5,0.06,93.35,4.37
VIL_0265,2024-07-11 18:00:00,24.44,0.07,93.34,4.38
VIL_0266,2024-07-11 18:00:00,24.46,0.06,93.35,4.39
VIL_0267,2024-07-11 18:00:00,24.47,0.06,93.35,4.43
VIL_0268,2024-07-11 18:00:00,24.56,0.05,93.28,4.48
VIL_0269,2024-07-11 18:00:00,24.65,0.04,93.24,4.49
VIL_0270,2024-07-11 18:00:00,25.02,0.03,92.89,4.75
VIL_0271,2024-07-11 18:00:00,24.51,0.05,93.29,4.52
VIL_0272,2024-07-11 18:00:00,24.54,0.05,93.28,4.51
VIL_0273,2024-07-11 18:00:00,24.62,0.04,93.18,4.59
VIL_0274,2024-07-11 18:00:00,25.0,0.05,92.56,4.65
VIL_0275,2024-07-11 18:00:00,25.0,0.05,92.52,4.66
VIL_0276,2024-07-11 18:00:00,25.07,0.04,92.38,4.8
VIL_0277,2024-07-11 18:00:00,25.04,0.05,92.49,4.72
VIL_0278,2024-07-11 18:00:00,25.01,0.03,92.79,4.92
VIL_0279,2024-07-11 18:00:00,25.07,0.02,92.62,5.13
VIL_0280,2024-07-11 18:00:00,25.19,0.03,92.09,5.17
VIL_0281,2024-07-11 18:00:00,25.16,0.03,92.19,5.04
VIL_0282,2024-07-11 18:00:00,25.1,0.04,92.36,4.85
VIL_0283,2024-07-11 18:00:00,25.16,0.04,92.15,5.05
VIL_0284,2024-07-11 18:00:00,25.12,0.04,92.26,4.91
VIL_0285,2024-07-11 18:00:00,25.08,0.04,92.35,4.8
VIL_0286,2024-07-11 18:00:00,25.07,0.05,92.33,4.77
VIL_0287,2024-07-11 18:00:00,25.11,0.04,92.24,4.87
VIL_0288,2024-07-11 18:00:00,25.15,0.04,92.15,5.01
VIL_0289,2024-07-11 18:00:00,25.14,0.04,92.15,4.97
VIL_0290,2024-07-11 18:00:00,25.11,0.04,92.22,4.85
VIL_0291,2024-07-11 18:00:00,25.11,0.04,92.2,4.82
VIL_0292,2024-07-11 18:00:00,25.13,0.04,92.13,4.89
VIL_0293,2024-07-11 18:00:00,25.15,0.04,92.09,4.98
VIL_0294,2024-07-11 18:00:00,25.17,0.04,92.02,5.05
VIL_0295,2024-07-11 18:00:00,25.18,0.03,91.99,5.13
VIL_0296,2024-07-11 18:00:00,25.22,0.03,91.94,5.31
VIL_0297,2024-07-11 18:00:00,25.25,0.02,91.85,5.48
VIL_0298,2024-07-11 18:00:00,25.21,0.02,92.02,5.52
VIL_0299,2024-07-11 18:00:00,25.23,0.02,91.84,5.7
VIL_0300,2024-07-11 18:00:00,25.19,0.02,91.91,5.5
VIL_0301,2024-07-11 18:00:00,25.19,0.02,91.98,5.45
VIL_0302,2024-07-11 18:00:00,25.16,0.03,92.1,5.19
VIL_0303,2024-07-11 18:00:00,25.18,0.02,92.11,5.3
VIL_0304,2024-07-11 18:00:00,25.18,0.04,91.95,5.04
VIL_0305,2024-07-11 18:00:00,25.15,0.04,92.03,4.85
VIL_0306,2024-07-11 18:00:00,25.15,0.04,92.06,4.91
VIL_0307,2024-07-11 18:00:00,25.13,0.04,92.14,4.82
VIL_0308,2024-07-11 18:00:00,25.13,0.05,92.08,4.78
VIL_0309,2024-07-11 18:00:00,25.13,0.05,92.06,4.73
VIL_0310,2024-07-11 18:00:00,25.12,0.03,92.21,4.92
VIL_0311,2024-07-11 18:00:00,25.11,0.04,92.23,4.81
VIL_0312,2024-07-11 18:00:00,25.1,0.04,92.2,4.73
VIL_0313,2024-07-11 18:00:00,25.09,0.04,92.23,4.65
VIL_0314,2024-07-11 18:00:00,25.08,0.07,92.17,4.52
VIL_0315,2024-07-11 18:00:00,25.09,0.04,92.29,4.65
VIL_0316,2024-07-11 18:00:00,25.08,0.07,92.18,4.48
VIL_0317,2024-07-11 18:00:00,25.07,0.08,92.21,4.26
VIL_0318,2024-07-11 18:00:00,25.07,0.07,92.16,4.28
VIL_0319,2024-07-11 18:00:00,25.07,0.07,92.13,4.33
VIL_0320,2024-07-11 18:00:00,25.18,0.01,92.19,5.64
VIL_0321,2024-07-11 18:00:00,25.28,0.01,91.71,5.99
VIL_0322,2024-07-11 18:00:00,25.23,0.01,92.04,5.79
VIL_0323,2024-07-11 18:00:00,25.29,0.01,91.67,6.06
VIL_0324,2024-07-11 18:00:00,25.32,0.0,91.48,6.3
VIL_0325,2024-07-11 18:00:00,25.28,0.0,91.73,6.11
VIL_0326,2024-07-11 18:00:00,25.22,0.0,92.0,5.91
VIL_0327,2024-07-11 18:00:00,24.89,0.0,92.98,6.05
VIL_0328,2024-07-11 18:00:00,25.29,0.0,91.51,6.39
VIL_0329,2024-07-11 18:00:00,25.18,0.0,91.9,6.15
VIL_0330,2024-07-11 18:00:00,25.28,0.0,91.5,6.37
VIL_0331,2024-07-11 18:00:00,25.33,0.0,91.31,6.48
VIL_0332,2024-07-11 18:00:00,25.39,0.0,91.05,6.75
VIL_0333,2024-07-11 18:00:00,25.38,0.0,91.1,6.7
VIL_0334,2024-07-11 18:00:00,25.32,0.0,91.46,6.29
VIL_0335,2024-07-11 18:00:00,25.33,0.0,91.3,6.46
VIL_0336,2024-07-11 18:00:00,25.29,0.01,91.54,6.14
VIL_0337,2024-07-11 18:00:00,25.07,0.08,92.22,4.13
VIL_0338,2024-07-11 18:00:00,25.06,0.08,92.22,4.0
VIL_0339,2024-07-11 18:00:00,25.07,0.09,92.25,4.01
VIL_0340,2024-07-11 18:00:00,25.07,0.09,92.25,3.82
VIL_0341,2024-07-11 18:00:00,25.07,0.09,92.28,3.85
VIL_0342,2024-07-11 18:00:00,25.18,0.12,92.29,3.52
VIL_0343,2024-07-11 18:00:00,25.17,0.11,92.25,3.55
VIL_0344,2024-07-11 18:00:00,25.15,0.11,92.23,3.5
VIL_0345,2024-07-11 18:00:00,25.12,0.11,92.17,3.48
VIL_0346,2024-07-11 18:00:00,25.15,0.12,92.24,3.44
VIL_0347,2024-07-11 18:00:00,25.16,0.12,92.31,3.38
VIL_0348,2024-07-11 18:00:00,25.2,0.13,92.38,3.38
VIL_0349,2024-07-11 18:00:00,25.22,0.13,92.46,3.31
VIL_0350,2024-07-11 18:00:00,25.24,0.14,92.57,3.2
VIL_0351,2024-07-11 18:00:00,25.26,0.15,92.66,3.09
VIL_0352,2024-07-11 18:00:00,25.29,0.16,92.78,2.98
VIL_0353,2024-07-11 18:00:00,25.06,0.08,92.17,4.07
VIL_0354,2024-07-11 18:00:00,25.05,0.08,92.13,3.98
VIL_0355,2024-07-11 18:00:00,25.03,0.09,92.1,3.7
VIL_0356,2024-07-11 18:00:00,25.05,0.08,92.16,3.92
VIL_0357,2024-07-11 18:00:00,25.04,0.09,92.15,3.75
VIL_0358,2024-07-11 18:00:00,25.05,0.09,92.19,3.87
VIL_0359,2024-07-11 18:00:00,25.05,0.09,92.2,3.68
VIL_0360,2024-07-11 18:00:00,25.04,0.09,92.15,3.64
VIL_0361,2024-07-11 18:00:00,25.02,0.1,92.07,3.5
VIL_0362,2024-07-11 18:00:00,25.01,0.09,92.04,3.48
VIL_0363,2024-07-11 18:00:00,24.99,0.08,92.15,4.04
VIL_0364,2024-07-11 18:00:00,24.98,0.09,92.13,3.79
VIL_0365,2024-07-11 18:00:00,24.94,0.08,92.35,4.3
VIL_0366,2024-07-11 18:00:00,24.91,0.08,92.5,4.57
VIL_0367,2024-07-11 18:00:00,24.85,0.07,92.81,5.25
VIL_0368,2024-07-11 18:00:00,24.76,0.07,93.25,6.1
VIL_0369,2024-07-11 18:00:00,24.89,0.1,92.82,4.4
VIL_0370,2024-07-11 18:00:00,25.0,0.1,92.04,3.36
VIL_0371,2024-07-11 18:00:00,24.99,0.1,92.07,3.52
VIL_0372,2024-07-11 18:00:00,25.01,0.1,92.03,3.41
VIL_0373,2024-07-11 18:00:00,25.0,0.1,92.0,3.3
VIL_0374,2024-07-11 18:00:00,25.12,0.11,92.19,3.42
VIL_0375,2024-07-11 18:00:00,25.04,0.1,92.16,3.51
VIL_0376,2024-07-11 18:00:00,25.02,0.1,92.09,3.44
VIL_0377,2024-07-11 18:00:00,25.02,0.1,92.09,3.4
VIL_0378,2024-07-11 18:00:00,25.04,0.11,92.18,3.66
VIL_0379,2024-07-11 18:00:00,25.07,0.13,92.69,3.76
VIL_0380,2024-07-11 18:00:00,25.16,0.15,92.84,3.4
VIL_0381,2024-07-11 18:00:00,25.08,0.11,92.12,3.36
VIL_0382,2024-07-11 18:00:00,25.12,0.11,92.21,3.37
VIL_0383,2024-07-11 18:00:00,25.11,0.14,92.66,3.48
VIL_0384,2024-07-11 18:00:00,25.21,0.13,92.46,3.25
VIL_0385,2024-07-11 18:00:00,25.19,0.13,92.41,3.24
VIL_0386,2024-07-11 18:00:00,25.23,0.14,92.53,3.19
VIL_0387,2024-07-11 18:00:00,25.27,0.15,92.68,3.04
VIL_0388,2024-07-11 18:00:00,25.26,0.15,92.66,3.02
VIL_0389,2024-07-11 18:00:00,25.24,0.15,92.58,3.07
VIL_0390,2024-07-11 18:00:00,25.23,0.15,92.57,3.05
VIL_0391,2024-07-11 18:00:00,25.28,0.16,92.7,2.93
VIL_0392,2024-07-11 18:00:00,25.29,0.16,92.73,2.87
VIL_0393,2024-07-11 18:00:00,25.27,0.18,93.09,3.07
VIL_0394,2024-07-11 18:00:00,25.31,0.2,93.06,2.61
VIL_0395,2024-07-11 18:00:00,23.4,0.24,93.51,4.45
VIL_0396,2024-07-11 18:00:00,25.32,0.21,93.11,2.58
VIL_0397,2024-07-11 18:00:00,25.36,0.21,93.09,2.45
VIL_0398,2024-07-11 18:00:00,25.39,0.2,93.03,2.35
VIL_0399,2024-07-11 18:00:00,25.38,0.2,93.07,2.39
VIL_0400,2024-07-11 18:00:00,25.38,0.2,93.03,2.39
VIL_0401,2024-07-11 18:00:00,25.38,0.2,93.04,2.38
VIL_0402,2024-07-11 18:00:00,25.4,0.2,93.0,2.3
VIL_0403,2024-07-11 18:00:00,25.38,0.2,93.07,2.38
VIL_0404,2024-07-11 18:00:00,25.37,0.21,93.19,2.48
VIL_0405,2024-07-11 18:00:00,25.35,0.21,93.47,2.68
VIL_0406,2024-07-11 18:00:00,25.37,0.2,93.13,2.45
VIL_0407,2024-07-11 18:00:00,25.34,0.21,93.33,2.63
VIL_0408,2024-07-11 18:00:00,25.32,0.21,93.3,2.67
VIL_0409,2024-07-11 18:00:00,25.3,0.22,93.37,2.78
VIL_0410,2024-07-11 18:00:00,25.3,0.21,93.3,2.76
VIL_0411,2024-07-11 18:00:00,25.3,0.21,93.25,2.74
VIL_0412,2024-07-11 18:00:00,25.29,0.21,93.2,2.74
VIL_0413,2024-07-11 18:00:00,25.28,0.21,93.16,2.75
VIL_0414,2024-07-11 18:00:00,25.27,0.2,93.11,2.77
VIL_0415,2024-07-11 18:00:00,25.25,0.2,93.03,2.79
VIL_0416,2024-07-11 18:00:00,25.26,0.2,93.01,2.75
VIL_0417,2024-07-11 18:00:00,25.33,0.21,93.17,2.6
VIL_0418,2024-07-11 18:00:00,25.34,0.21,93.2,2.56
VIL_0419,2024-07-11 18:00:00,25.35,0.2,93.09,2.49
VIL_0420,2024-07-11 18:00:00,25.34,0.2,93.05,2.5
VIL_0421,2024-07-11 18:00:00,25.31,0.2,93.03,2.62
VIL_0422,2024-07-11 18:00:00,25.31,0.2,93.0,2.58
VIL_0423,2024-07-11 18:00:00,25.31,0.2,92.99,2.59
VIL_0424,2024-07-11 18:00:00,25.24,0.17,92.94,3.04
VIL_0425,2024-07-11 18:00:00,25.27,0.17,92.99,2.96
VIL_0426,2024-07-11 18:00:00,25.23,0.17,92.94,3.1
VIL_0427,2024-07-11 18:00:00,25.28,0.2,93.01,2.71
VIL_0428,2024-07-11 18:00:00,25.32,0.2,93.13,2.62
VIL_0429,2024-07-11 18:00:00,21.71,0.0,98.29,12.42
VIL_0430,2024-07-11 18:00:00,21.2,0.0,98.99,13.49
VIL_0431,2024-07-11 18:00:00,23.88,0.03,95.41,7.99
VIL_0432,2024-07-11 18:00:00,23.91,0.01,95.38,6.97
VIL_0433,2024-07-11 18:00:00,24.03,0.01,95.25,6.23
VIL_0434,2024-07-11 18:00:00,24.19,0.0,95.07,5.58
VIL_0435,2024-07-11 18:00:00,24.28,0.0,94.97,5.18
VIL_0436,2024-07-11 18:00:00,24.3,0.0,95.0,5.01
VIL_0437,2024-07-11 18:00:00,24.33,0.0,94.71,5.47
VIL_0438,2024-07-11 18:00:00,24.66,0.0,93.55,6.02
VIL_0439,2024-07-11 18:00:00,24.74,0.01,93.39,5.85
VIL_0440,2024-07-11 18:00:00,24.23,0.0,95.02,5.52
VIL_0441,2024-07-11 18:00:00,24.18,0.08,95.18,10.26
VIL_0442,2024-07-11 18:00:00,24.09,0.08,95.31,10.55
VIL_0443,2024-07-11 18:00:00,23.88,0.07,95.55,10.39
VIL_0444,2024-07-11 18:00:00,24.12,0.08,95.26,10.36
VIL_0445,2024-07-11 18:00:00,24.21,0.09,95.15,10.37
VIL_0446,2024-07-11 18:00:00,24.27,0.09,95.08,10.4
VIL_0447,2024-07-11 18:00:00,24.32,0.09,95.06,10.59
VIL_0448,2024-07-11 18:00:00,24.33,0.09,95.04,10.57
VIL_0449,2024-07-11 18:00:00,24.4,0.1,95.0,10.8
VIL_0450,2024-07-11 18:00:00,24.36,0.1,95.04,10.72
VIL_0451,2024-07-11 18:00:00,24.34,0.09,95.04,10.56
VIL_0452,2024-07-11 18:00:00,24.32,0.09,95.07,10.63
VIL_0453,2024-07-11 18:00:00,24.09,0.06,95.2,9.47
VIL_0454,2024-07-11 18:00:00,24.94,0.14,93.74,5.86
VIL_0455,2024-07-11 18:00:00,23.47,0.1,93.81,7.54
VIL_0456,2024-07-11 18:00:00,24.57,0.1,94.42,8.28
VIL_0457,2024-07-11 18:00:00,24.61,0.1,94.3,7.86
VIL_0458,2024-07-11 18:00:00,24.66,0.1,94.13,7.29
VIL_0459,2024-07-11 18:00:00,24.76,0.11,93.86,6.39
VIL_0460,2024-07-11 18:00:00,24.54,0.1,94.49,8.6
VIL_0461,2024-07-11 18:00:00,24.16,0.08,95.09,9.81
VIL_0462,2024-07-11 18:00:00,24.14,0.08,95.15,9.97
VIL_0463,2024-07-11 18:00:00,24.01,0.08,95.29,9.89
VIL_0464,2024-07-11 18:00:00,24.22,0.09,95.08,10.09
VIL_0465,2024-07-11 18:00:00,24.23,0.09,95.05,10.01
VIL_0466,2024-07-11 18:00:00,24.2,0.09,95.13,10.22
VIL_0467,2024-07-11 18:00:00,24.08,0.08,95.27,10.18
VIL_0468,2024-07-11 18:00:00,23.94,0.07,95.39,10.0
VIL_0469,2024-07-11 18:00:00,23.86,0.07,95.49,10.0
VIL_0470,2024-07-11 18:00:00,23.78,0.07,95.62,10.18
VIL_0471,2024-07-11 18:00:00,25.02,0.14,93.36,4.9
VIL_0472,2024-07-11 18:00:00,24.81,0.11,93.71,5.91
VIL_0473,2024-07-11 18:00:00,24.66,0.1,94.1,7.25
VIL_0474,2024-07-11 18:00:00,24.8,0.11,93.55,5.69
VIL_0475,2024-07-11 18:00:00,24.83,0.11,93.36,5.28
VIL_0476,2024-07-11 18:00:00,24.79,0.1,93.42,5.51
VIL_0477,2024-07-11 18:00:00,24.66,0.1,93.96,6.86
VIL_0478,2024-07-11 18:00:00,24.63,0.1,94.13,7.38
VIL_0479,2024-07-11 18:00:00,24.56,0.1,94.39,8.25
VIL_0480,2024-07-11 18:00:00,24.25,0.09,95.02,9.92
VIL_0481,2024-07-11 18:00:00,24.26,0.09,95.01,9.9
VIL_0482,2024-07-11 18:00:00,24.55,0.08,94.24,8.48
VIL_0483,2024-07-11 18:00:00,24.63,0.07,93.88,7.63
VIL_0484,2024-07-11 18:00:00,24.58,0.07,94.1,7.99
VIL_0485,2024-07-11 18:00:00,24.21,0.08,95.01,9.44
VIL_0486,2024-07-11 18:00:00,24.27,0.09,95.04,10.06
VIL_0487,2024-07-11 18:00:00,24.66,0.06,93.7,6.73
VIL_0488,2024-07-11 18:00:00,24.79,0.05,93.1,5.77
VIL_0489,2024-07-11 18:00:00,24.9,0.06,92.65,5.21
VIL_0490,2024-07-11 18:00:00,24.97,0.06,92.34,4.88
VIL_0491,2024-07-11 18:00:00,24.96,0.04,92.47,5.63
VIL_0492,2024-07-11 18:00:00,24.87,0.04,92.81,5.63
VIL_0493,2024-07-11 18:00:00,24.67,0.04,93.65,6.26
VIL_0494,2024-07-11 18:00:00,24.17,0.02,94.9,6.95
VIL_0495,2024-07-11 18:00:00,24.27,0.01,94.81,5.84
VIL_0496,2024-07-11 18:00:00,24.73,0.02,93.41,5.87
VIL_0497,2024-07-11 18:00:00,24.53,0.02,94.17,5.72
VIL_0498,2024-07-11 18:00:00,24.7,0.03,93.54,5.92
VIL_0499,2024-07-11 18:00:00,24.84,0.03,92.98,5.89
VIL_0500,2024-07-11 18:00:00,25.02,0.02,92.34,6.12
VIL_0501,2024-07-11 18:00:00,25.08,0.02,92.12,6.09
VIL_0502,2024-07-11 18:00:00,24.18,0.08,95.12,9.65
VIL_0503,2024-07-11 18:00:00,24.54,0.06,94.26,7.88
VIL_0504,2024-07-11 18:00:00,24.54,0.05,94.21,7.28
VIL_0505,2024-07-11 18:00:00,24.58,0.05,94.04,7.18
VIL_0506,2024-07-11 18:00:00,24.09,0.03,95.08,8.13
VIL_0507,2024-07-11 18:00:00,25.03,0.05,92.16,5.23
VIL_0508,2024-07-11 18:00:00,25.07,0.04,92.07,5.72
VIL_0509,2024-07-11 18:00:00,25.23,0.01,91.68,5.95
VIL_0510,2024-07-11 18:00:00,25.25,0.01,91.63,5.97
VIL_0511,2024-07-11 18:00:00,25.21,0.02,91.75,5.74
VIL_0512,2024-07-11 18:00:00,25.05,0.05,92.09,5.28
VIL_0513,2024-07-11 18:00:00,25.2,0.02,91.84,5.57
VIL_0514,2024-07-11 18:00:00,25.13,0.04,92.0,5.01
VIL_0515,2024-07-11 18:00:00,25.14,0.03,92.0,5.12
VIL_0516,2024-07-11 18:00:00,25.08,0.05,92.08,4.57
VIL_0517,2024-07-11 18:00:00,25.04,0.08,92.07,4.01
VIL_0518,2024-07-11 18:00:00,25.05,0.08,92.08,4.12
VIL_0519,2024-07-11 18:00:00,25.06,0.07,92.1,4.26
VIL_0520,2024-07-11 18:00:00,25.08,0.05,92.16,4.59
VIL_0521,2024-07-11 18:00:00,25.09,0.05,92.11,4.67
VIL_0522,2024-07-11 18:00:00,25.12,0.04,92.11,4.94
VIL_0523,2024-07-11 18:00:00,18.3,0.04,91.83,8.28
VIL_0524,2024-07-11 18:00:00,20.79,0.14,92.39,7.31
VIL_0525,2024-07-11 18:00:00,25.13,0.26,93.56,3.44
VIL_0526,2024-07-11 18:00:00,23.9,0.24,93.4,6.0
VIL_0527,2024-07-11 18:00:00,24.02,0.31,93.62,5.43
VIL_0528,2024-07-11 18:00:00,24.73,0.35,93.73,4.72
VIL_0529,2024-07-11 18:00:00,24.75,0.36,93.75,4.63
VIL_0530,2024-07-11 18:00:00,24.92,0.31,93.69,4.13
VIL_0531,2024-07-11 18:00:00,25.1,0.27,93.71,3.57
VIL_0532,2024-07-11 18:00:00,25.01,0.29,93.72,3.85
VIL_0533,2024-07-11 18:00:00,25.15,0.25,93.6,3.37
VIL_0534,2024-07-11 18:00:00,25.27,0.23,93.72,3.05
VIL_0535,2024-07-11 18:00:00,25.25,0.23,93.56,3.04
VIL_0536,2024-07-11 18:00:00,25.29,0.22,93.52,2.9
VIL_0537,2024-07-11 18:00:00,25.31,0.22,93.37,2.78
VIL_0538,2024-07-11 18:00:00,25.34,0.21,93.28,2.6
VIL_0539,2024-07-11 18:00:00,25.34,0.21,93.62,2.79
VIL_0540,2024-07-11 18:00:00,25.33,0.22,93.71,2.88
VIL_0541,2024-07-11 18:00:00,25.35,0.21,93.83,2.86
VIL_0542,2024-07-11 18:00:00,25.35,0.21,93.92,2.9
VIL_0543,2024-07-11 18:00:00,25.38,0.2,93.95,2.84
VIL_0544,2024-07-11 18:00:00,25.2,0.25,93.75,3.29
VIL_0545,2024-07-11 18:00:00,25.09,0.28,93.79,3.62
VIL_0546,2024-07-11 18:00:00,24.84,0.35,93.81,4.29
VIL_0547,2024-07-11 18:00:00,24.77,0.37,93.81,4.49
VIL_0548,2024-07-11 18:00:00,24.66,0.4,93.81,4.81
VIL_0549,2024-07-11 18:00:00,24.6,0.37,93.75,5.17
VIL_0550,2024-07-11 18:00:00,24.57,0.4,93.79,5.17
VIL_0551,2024-07-11 18:00:00,24.6,0.31,93.6,5.41
VIL_0552,2024-07-11 18:00:00,24.59,0.31,93.57,5.49
VIL_0553,2024-07-11 18:00:00,24.14,0.21,93.3,6.09
VIL_0554,2024-07-11 18:00:00,24.59,0.22,93.33,5.88
VIL_0555,2024-07-11 18:00:00,24.56,0.35,93.66,5.41
VIL_0556,2024-07-11 18:00:00,24.59,0.2,93.27,5.98
VIL_0557,2024-07-11 18:00:00,24.54,0.4,93.78,5.26
VIL_0558,2024-07-11 18:00:00,24.5,0.5,94.0,5.0
VIL_0559,2024-07-11 18:00:00,24.52,0.48,93.96,5.01
VIL_0560,2024-07-11 18:00:00,24.53,0.47,93.95,5.01
VIL_0561,2024-07-11 18:00:00,24.73,0.39,93.86,4.56
VIL_0562,2024-07-11 18:00:00,25.18,0.26,93.87,3.4
VIL_0563,2024-07-11 18:00:00,25.08,0.28,93.84,3.65
VIL_0564,2024-07-11 18:00:00,25.25,0.24,93.88,3.2
VIL_0565,2024-07-11 18:00:00,25.29,0.23,93.83,3.06
VIL_0566,2024-07-11 18:00:00,25.39,0.2,93.98,2.83
VIL_0567,2024-07-11 18:00:00,25.4,0.2,94.0,2.8
VIL_0568,2024-07-11 18:00:00,25.35,0.21,93.76,2.85
VIL_0569,2024-07-11 18:00:00,25.36,0.21,93.87,2.88
VIL_0570,2024-07-11 18:00:00,25.33,0.21,93.52,2.75
VIL_0571,2024-07-11 18:00:00,25.32,0.22,93.53,2.78
VIL_0572,2024-07-11 18:00:00,25.32,0.22,93.64,2.84
VIL_0573,2024-07-11 18:00:00,25.31,0.22,93.55,2.82
VIL_0574,2024-07-11 18:00:00,25.3,0.22,93.52,2.85
VIL_0575,2024-07-11 18:00:00,25.32,0.22,93.77,2.95
VIL_0576,2024-07-11 18:00:00,25.28,0.22,93.69,3.05
VIL_0577,2024-07-11 18:00:00,25.27,0.22,93.72,3.08
VIL_0578,2024-07-11 18:00:00,25.26,0.23,93.75,3.12
VIL_0579,2024-07-11 18:00:00,25.3,0.22,93.74,3.01
VIL_0580,2024-07-11 18:00:00,25.35,0.21,93.88,2.9
VIL_0581,2024-07-11 18:00:00,25.38,0.2,93.97,2.84
VIL_0582,2024-07-11 18:00:00,25.26,0.23,93.77,3.15
VIL_0583,2024-07-11 18:00:00,25.21,0.24,93.76,3.31
VIL_0584,2024-07-11 18:00:00,25.24,0.23,93.8,3.21
VIL_0585,2024-07-11 18:00:00,25.29,0.22,93.84,3.07
VIL_0586,2024-07-11 18:00:00,25.32,0.22,93.88,3.0
VIL_0587,2024-07-11 18:00:00,25.32,0.22,93.85,3.0
VIL_0588,2024-07-11 18:00:00,25.31,0.22,93.5,2.8
VIL_0589,2024-07-11 18:00:00,25.34,0.21,93.91,2.94
VIL_0590,2024-07-11 18:00:00,25.39,0.2,93.98,2.83
VIL_0591,2024-07-11 18:00:00,25.31,0.22,93.91,3.04
VIL_0592,2024-07-11 18:00:00,25.25,0.23,93.87,3.2
VIL_0593,2024-07-11 18:00:00,25.36,0.21,93.96,2.91
VIL_0594,2024-07-11 18:00:00,25.08,0.28,93.85,3.66
VIL_0595,2024-07-11 18:00:00,25.08,0.28,93.83,3.68
VIL_0596,2024-07-11 18:00:00,25.1,0.26,93.78,3.66
VIL_0597,2024-07-11 18:00:00,25.12,0.26,93.8,3.58
VIL_0598,2024-07-11 18:00:00,24.94,0.25,93.75,4.35
VIL_0599,2024-07-11 18:00:00,24.92,0.24,93.7,4.46
VIL_0600,2024-07-11 18:00:00,24.93,0.24,93.71,4.43
VIL_0601,2024-07-11 18:00:00,24.85,0.26,93.71,4.62
VIL_0602,2024-07-11 18:00:00,24.89,0.27,93.76,4.43
VIL_0603,2024-07-11 18:00:00,24.81,0.27,93.7,4.73
VIL_0604,2024-07-11 18:00:00,24.77,0.26,93.64,4.95
VIL_0605,2024-07-11 18:00:00,24.74,0.27,93.65,4.99
VIL_0606,2024-07-11 18:00:00,24.65,0.31,93.65,5.2
VIL_0607,2024-07-11 18:00:00,24.72,0.32,93.73,4.91
VIL_0608,2024-07-11 18:00:00,24.87,0.29,93.79,4.46
VIL_0609,2024-07-11 18:00:00,24.75,0.34,93.81,4.7
VIL_0610,2024-07-11 18:00:00,24.86,0.34,93.84,4.24
VIL_0611,2024-07-11 18:00:00,24.62,0.38,93.8,5.03
VIL_0612,2024-07-11 18:00:00,24.61,0.36,93.74,5.16
VIL_0613,2024-07-11 18:00:00,24.58,0.35,93.69,5.31
VIL_0614,2024-07-11 18:00:00,24.6,0.27,93.5,5.57
VIL_0615,2024-07-11 18:00:00,24.59,0.28,93.5,5.61
VIL_0616,2024-07-11 18:00:00,24.55,0.4,93.79,5.24
VIL_0617,2024-07-11 18:00:00,24.53,0.47,93.93,5.05
VIL_0618,2024-07-11 18:00:00,24.62,0.25,93.48,5.55
VIL_0619,2024-07-11 18:00:00,17.92,0.03,91.36,8.56
VIL_0620,2024-07-11 18:00:00,17.83,0.03,91.23,8.63
VIL_0621,2024-07-11 18:00:00,17.72,0.03,91.04,8.73
VIL_0622,2024-07-11 18:00:00,17.22,0.01,90.73,8.99
VIL_0623,2024-07-11 18:00:00,17.3,0.0,92.36,8.42
VIL_0624,2024-07-11 18:00:00,18.29,0.04,91.9,8.26
VIL_0625,2024-07-11 18:00:00,20.6,0.12,92.3,7.44
VIL_0626,2024-07-11 18:00:00,17.43,0.01,91.73,8.59
VIL_0627,2024-07-11 18:00:00,17.65,0.02,91.34,8.65
VIL_0628,2024-07-11 18:00:00,17.08,0.0,90.09,9.25
VIL_0629,2024-07-11 18:00:00,17.23,0.0,90.27,9.16
VIL_0630,2024-07-11 18:00:00,17.59,0.0,90.62,8.95
VIL_0631,2024-07-11 18:00:00,17.38,0.0,90.43,9.07
VIL_0632,2024-07-11 18:00:00,17.53,0.0,90.74,8.92
VIL_0633,2024-07-11 18:00:00,17.96,0.01,91.08,8.7
VIL_0634,2024-07-11 18:00:00,17.63,0.01,90.66,8.92
VIL_0635,2024-07-11 18:00:00,18.02,0.01,90.89,8.62
VIL_0636,2024-07-11 18:00:00,18.65,0.01,91.18,8.27
VIL_0637,2024-07-11 18:00:00,18.79,0.01,91.35,8.4
VIL_0638,2024-07-11 18:00:00,20.39,0.03,91.99,7.79
VIL_0639,2024-07-11 18:00:00,23.69,0.16,93.2,6.34
VIL_0640,2024-07-11 18:00:00,23.9,0.14,93.14,6.37
VIL_0641,2024-07-11 18:00:00,24.23,0.15,93.15,6.28
VIL_0642,2024-07-11 18:00:00,20.6,0.03,91.95,7.75
VIL_0643,2024-07-11 18:00:00,23.53,0.12,93.14,6.47
VIL_0644,2024-07-11 18:00:00,19.87,0.02,91.72,8.01
VIL_0645,2024-07-11 18:00:00,19.53,0.02,91.57,8.14
VIL_0646,2024-07-11 18:00:00,19.44,0.02,91.49,7.86
VIL_0647,2024-07-11 18:00:00,19.36,0.01,91.44,7.88
VIL_0648,2024-07-11 18:00:00,19.38,0.01,91.44,7.86
VIL_0649,2024-07-11 18:00:00,20.45,0.0,91.79,7.27
VIL_0650,2024-07-11 18:00:00,21.12,0.0,91.99,6.9
VIL_0651,2024-07-11 18:00:00,23.19,0.02,92.22,6.18
VIL_0652,2024-07-11 18:00:00,20.21,0.02,91.72,7.42
VIL_0653,2024-07-11 18:00:00,20.82,0.0,91.91,7.09
VIL_0654,2024-07-11 18:00:00,23.44,0.02,92.35,6.1
VIL_0655,2024-07-11 18:00:00,24.56,0.0,93.97,4.97
VIL_0656,2024-07-11 18:00:00,23.45,0.0,92.96,5.37
VIL_0657,2024-07-11 18:00:00,24.66,0.0,93.7,4.4
VIL_0658,2024-07-11 18:00:00,24.72,0.01,93.34,4.58
VIL_0659,2024-07-11 18:00:00,24.63,0.01,93.52,4.74
VIL_0660,2024-07-11 18:00:00,24.66,0.01,93.35,4.96
VIL_0661,2024-07-11 18:00:00,23.8,0.04,93.0,6.15
VIL_0662,2024-07-11 18:00:00,24.62,0.11,93.11,6.04
VIL_0663,2024-07-11 18:00:00,24.62,0.1,93.09,6.04
VIL_0664,2024-07-11 18:00:00,24.6,0.11,93.07,6.22
VIL_0665,2024-07-11 18:00:00,24.6,0.11,93.05,6.3
VIL_0666,2024-07-11 18:00:00,24.59,0.14,93.13,6.17
VIL_0667,2024-07-11 18:00:00,24.6,0.16,93.17,6.13
VIL_0668,2024-07-11 18:00:00,24.6,0.11,93.03,6.34
VIL_0669,2024-07-11 18:00:00,24.5,0.13,93.08,6.31
VIL_0670,2024-07-11 18:00:00,24.6,0.1,93.01,6.39
VIL_0671,2024-07-11 18:00:00,24.74,0.24,93.56,5.13
VIL_0672,2024-07-11 18:00:00,24.88,0.24,93.68,4.6
VIL_0673,2024-07-11 18:00:00,24.85,0.24,93.66,4.72
VIL_0674,2024-07-11 18:00:00,24.83,0.25,93.65,4.77
VIL_0675,2024-07-11 18:00:00,24.81,0.24,93.62,4.86
VIL_0676,2024-07-11 18:00:00,24.84,0.23,93.64,4.76
VIL_0677,2024-07-11 18:00:00,24.83,0.23,93.61,4.84
VIL_0678,2024-07-11 18:00:00,24.78,0.22,93.57,5.02
VIL_0679,2024-07-11 18:00:00,25.2,0.2,92.18,4.89
VIL_0680,2024-07-11 18:00:00,25.23,0.19,92.0,4.97
VIL_0681,2024-07-11 18:00:00,25.21,0.18,91.89,5.16
VIL_0682,2024-07-11 18:00:00,25.28,0.17,91.6,5.19
VIL_0683,2024-07-11 18:00:00,25.31,0.17,91.58,5.11
VIL_0684,2024-07-11 18:00:00,25.39,0.15,91.16,5.25
VIL_0685,2024-07-11 18:00:00,25.52,0.13,90.55,5.4
VIL_0686,2024-07-11 18:00:00,25.39,0.14,91.05,5.36
VIL_0687,2024-07-11 18:00:00,25.3,0.11,90.66,6.02
VIL_0688,2024-07-11 18:00:00,25.54,0.07,90.19,5.67
VIL_0689,2024-07-11 18:00:00,25.56,0.08,90.13,5.67
VIL_0690,2024-07-11 18:00:00,25.62,0.07,89.91,5.68
VIL_0691,2024-07-11 18:00:00,25.97,0.0,88.64,5.67
VIL_0692,2024-07-11 18:00:00,25.87,0.0,89.04,5.62
VIL_0693,2024-07-11 18:00:00,26.07,0.0,88.24,5.72
VIL_0694,2024-07-11 18:00:00,26.15,0.0,87.89,5.77
VIL_0695,2024-07-11 18:00:00,26.42,0.0,86.78,5.96
VIL_0696,2024-07-11 18:00:00,26.5,0.0,86.42,6.02
VIL_0697,2024-07-11 18:00:00,26.57,0.0,86.11,6.08
VIL_0698,2024-07-11 18:00:00,26.59,0.0,86.06,6.09
VIL_0699,2024-07-11 18:00:00,26.46,0.0,86.65,5.97
VIL_0700,2024-07-11 18:00:00,26.19,0.0,87.76,5.78
VIL_0701,2024-07-11 18:00:00,26.03,0.0,88.41,5.66
VIL_0702,2024-07-11 18:00:00,25.84,0.0,89.29,5.48
VIL_0703,2024-07-11 18:00:00,25.69,0.0,89.98,5.34
VIL_0704,2024-07-11 18:00:00,26.39,0.0,86.92,5.93
VIL_0705,2024-07-11 18:00:00,26.22,0.0,87.69,5.68
VIL_0706,2024-07-11 18:00:00,25.88,0.0,89.25,5.29
VIL_0707,2024-07-11 18:00:00,25.71,0.0,90.0,5.1
VIL_0708,2024-07-11 18:00:00,25.64,0.0,90.42,5.0
VIL_0709,2024-07-11 18:00:00,26.3,0.0,87.41,5.8
VIL_0710,2024-07-11 18:00:00,25.87,0.0,89.43,5.35
VIL_0711,2024-07-11 18:00:00,25.56,0.0,90.95,4.99
VIL_0712,2024-07-11 18:00:00,25.66,0.0,90.49,5.11
VIL_0713,2024-07-11 18:00:00,25.92,0.0,89.2,5.41
VIL_0714,2024-07-11 18:00:00,26.1,0.0,88.34,5.61
VIL_0715,2024-07-11 18:00:00,25.96,0.0,89.03,5.48
VIL_0716,2024-07-11 18:00:00,25.89,0.0,89.36,5.4
VIL_0717,2024-07-11 18:00:00,25.67,0.0,90.44,5.15
VIL_0718,2024-07-11 18:00:00,25.45,0.0,91.48,4.92
VIL_0719,2024-07-11 18:00:00,25.75,0.0,90.0,5.28
VIL_0720,2024-07-11 18:00:00,25.62,0.0,90.97,5.07
VIL_0721,2024-07-11 18:00:00,25.6,0.0,90.75,5.12
VIL_0722,2024-07-11 18:00:00,25.5,0.0,91.22,5.06
VIL_0723,2024-07-11 18:00:00,25.49,0.0,91.6,4.96
VIL_0724,2024-07-11 18:00:00,25.43,0.0,91.56,4.94
VIL_0725,2024-07-11 18:00:00,25.37,0.0,91.85,4.94
VIL_0726,2024-07-11 18:00:00,25.38,0.0,92.17,4.86
VIL_0727,2024-07-11 18:00:00,25.41,0.0,92.03,4.9
VIL_0728,2024-07-11 18:00:00,25.34,0.0,92.39,4.86
VIL_0729,2024-07-11 18:00:00,25.2,0.0,92.79,4.53
VIL_0730,2024-07-11 18:00:00,25.06,0.0,93.57,4.29
VIL_0731,2024-07-11 18:00:00,25.02,0.0,93.82,4.18
VIL_0732,2024-07-11 18:00:00,25.02,0.0,93.83,4.18
VIL_0733,2024-07-11 18:00:00,25.0,0.0,93.99,4.1
VIL_0734,2024-07-11 18:00:00,25.0,0.0,93.85,4.23
VIL_0735,2024-07-11 18:00:00,25.01,0.0,93.9,4.16
VIL_0736,2024-07-11 18:00:00,25.01,0.0,93.89,4.16
VIL_0737,2024-07-11 18:00:00,25.03,0.0,93.75,4.25
VIL_0738,2024-07-11 18:00:00,24.97,0.0,93.93,4.34
VIL_0739,2024-07-11 18:00:00,25.23,0.0,92.61,4.62
VIL_0740,2024-07-11 18:00:00,25.25,0.0,92.47,4.75
VIL_0741,2024-07-11 18:00:00,25.16,0.0,92.95,4.59
VIL_0742,2024-07-11 18:00:00,25.08,0.0,93.35,4.52
VIL_0743,2024-07-11 18:00:00,25.15,0.0,92.96,4.69
VIL_0744,2024-07-11 18:00:00,25.27,0.0,92.73,4.8
VIL_0745,2024-07-11 18:00:00,25.02,0.0,93.7,4.69
VIL_0746,2024-07-11 18:00:00,25.02,0.0,93.66,4.76
VIL_0747,2024-07-11 18:00:00,25.06,0.0,93.5,5.04
VIL_0748,2024-07-11 18:00:00,25.01,0.0,93.69,4.75
VIL_0749,2024-07-11 18:00:00,25.0,0.0,93.77,4.61
VIL_0750,2024-07-11 18:00:00,24.7,0.24,93.53,5.3
VIL_0751,2024-07-11 18:00:00,24.66,0.23,93.48,5.46
VIL_0752,2024-07-11 18:00:00,24.6,0.17,93.28,5.79
VIL_0753,2024-07-11 18:00:00,24.73,0.23,93.53,5.22
VIL_0754,2024-07-11 18:00:00,24.72,0.21,93.49,5.3
VIL_0755,2024-07-11 18:00:00,24.72,0.2,93.48,5.3
VIL_0756,2024-07-11 18:00:00,24.69,0.21,93.46,5.41
VIL_0757,2024-07-11 18:00:00,24.61,0.16,93.27,5.75
VIL_0758,2024-07-11 18:00:00,24.62,0.12,93.2,5.81
VIL_0759,2024-07-11 18:00:00,24.62,0.13,93.22,5.74
VIL_0760,2024-07-11 18:00:00,25.04,0.14,91.62,5.99
VIL_0761,2024-07-11 18:00:00,24.98,0.15,91.83,5.99
VIL_0762,2024-07-11 18:00:00,25.09,0.12,91.42,6.05
VIL_0763,2024-07-11 18:00:00,24.59,0.15,93.22,5.96
VIL_0764,2024-07-11 18:00:00,24.6,0.12,93.18,5.99
VIL_0765,2024-07-11 18:00:00,24.61,0.08,93.1,6.12
VIL_0766,2024-07-11 18:00:00,24.61,0.06,93.06,6.16
VIL_0767,2024-07-11 18:00:00,24.63,0.06,93.06,6.03
VIL_0768,2024-07-11 18:00:00,24.64,0.06,93.07,5.91
VIL_0769,2024-07-11 18:00:00,24.64,0.03,93.03,6.04
VIL_0770,2024-07-11 18:00:00,24.61,0.02,93.02,6.26
VIL_0771,2024-07-11 18:00:00,24.6,0.0,93.0,6.4
VIL_0772,2024-07-11 18:00:00,24.61,0.02,93.03,6.29
VIL_0773,2024-07-11 18:00:00,24.61,0.08,93.12,6.04
VIL_0774,2024-07-11 18:00:00,24.61,0.1,93.16,5.94
VIL_0775,2024-07-11 18:00:00,24.63,0.07,93.12,5.94
VIL_0776,2024-07-11 18:00:00,24.62,0.05,93.08,6.09
VIL_0777,2024-07-11 18:00:00,24.62,0.03,93.05,6.12
VIL_0778,2024-07-11 18:00:00,24.6,0.01,93.01,6.35
VIL_0779,2024-07-11 18:00:00,24.61,0.0,93.04,6.21
VIL_0780,2024-07-11 18:00:00,24.61,0.0,93.03,6.22
VIL_0781,2024-07-11 18:00:00,24.7,0.01,93.11,5.32
VIL_0782,2024-07-11 18:00:00,24.72,0.01,93.15,5.09
VIL_0783,2024-07-11 18:00:00,24.72,0.01,93.21,4.9
VIL_0784,2024-07-11 18:00:00,24.66,0.01,93.11,5.62
VIL_0785,2024-07-11 18:00:00,24.68,0.02,93.17,5.33
VIL_0786,2024-07-11 18:00:00,24.66,0.02,93.16,5.49
VIL_0787,2024-07-11 18:00:00,25.13,0.02,91.36,5.89
VIL_0788,2024-07-11 18:00:00,24.64,0.1,93.17,5.76
VIL_0789,2024-07-11 18:00:00,24.64,0.08,93.13,5.82
VIL_0790,2024-07-11 18:00:00,24.64,0.06,93.09,5.88
VIL_0791,2024-07-11 18:00:00,24.63,0.01,93.17,5.72
VIL_0792,2024-07-11 18:00:00,24.64,0.01,93.12,5.75
VIL_0793,2024-07-11 18:00:00,24.72,0.0,93.24,5.03
VIL_0794,2024-07-11 18:00:00,24.7,0.0,93.3,5.17
VIL_0795,2024-07-11 18:00:00,24.68,0.0,93.35,5.25
VIL_0796,2024-07-11 18:00:00,24.7,0.0,93.42,4.94
VIL_0797,2024-07-11 18:00:00,24.7,0.0,93.51,4.86
VIL_0798,2024-07-11 18:00:00,24.7,0.0,93.53,4.88
VIL_0799,2024-07-11 18:00:00,25.23,0.0,91.62,5.22
VIL_0800,2024-07-11 18:00:00,25.02,0.0,92.15,5.44
VIL_0801,2024-07-11 18:00:00,25.27,0.0,91.28,5.48
VIL_0802,2024-07-11 18:00:00,25.44,0.0,90.68,5.48
VIL_0803,2024-07-11 18:00:00,25.39,0.0,91.21,5.13
VIL_0804,2024-07-11 18:00:00,25.28,0.0,91.84,4.64
VIL_0805,2024-07-11 18:00:00,25.28,0.0,91.92,4.62
VIL_0806,2024-07-11 18:00:00,25.22,0.0,92.29,4.54
VIL_0807,2024-07-11 18:00:00,25.11,0.0,92.62,4.45
VIL_0808,2024-07-11 18:00:00,24.73,0.0,93.82,4.48
VIL_0809,2024-07-11 18:00:00,24.72,0.0,93.68,4.65
VIL_0810,2024-07-11 18:00:00,24.71,0.0,93.73,4.53
VIL_0811,2024-07-11 18:00:00,24.7,0.0,93.67,4.46
VIL_0812,2024-07-11 18:00:00,24.74,0.0,93.47,4.42
VIL_0813,2024-07-11 18:00:00,24.68,0.0,93.68,4.31
VIL_0814,2024-07-11 18:00:00,24.59,0.0,93.94,4.22
VIL_0815,2024-07-11 18:00:00,24.61,0.0,93.84,4.25
VIL_0816,2024-07-11 18:00:00,24.62,0.0,93.82,4.37
VIL_0817,2024-07-11 18:00:00,24.68,0.0,93.65,4.29
VIL_0818,2024-07-11 18:00:00,24.88,0.0,93.05,4.13
VIL_0819,2024-07-11 18:00:00,24.85,0.0,93.13,4.22
VIL_0820,2024-07-11 18:00:00,24.74,0.01,93.26,4.64
VIL_0821,2024-07-11 18:00:00,24.87,0.0,93.07,4.16
VIL_0822,2024-07-11 18:00:00,24.77,0.0,93.12,4.79
VIL_0823,2024-07-11 18:00:00,24.78,0.0,93.3,4.43
VIL_0824,2024-07-11 18:00:00,25.34,0.0,91.08,5.42
VIL_0825,2024-07-11 18:00:00,25.35,0.0,92.35,4.84
VIL_0826,2024-07-11 18:00:00,25.33,0.0,92.45,4.85
VIL_0827,2024-07-11 18:00:00,25.33,0.0,92.47,4.86
VIL_0828,2024-07-11 18:00:00,25.38,0.0,92.19,4.88
VIL_0829,2024-07-11 18:00:00,25.31,0.0,92.59,4.79
VIL_0830,2024-07-11 18:00:00,25.05,0.0,93.73,4.86
VIL_0831,2024-07-11 18:00:00,25.27,0.0,92.79,4.87
VIL_0832,2024-07-11 18:00:00,25.04,0.0,93.8,4.8
VIL_0833,2024-07-11 18:00:00,25.04,0.0,93.8,4.76
VIL_0834,2024-07-11 18:00:00,25.03,0.0,93.83,4.77
VIL_0835,2024-07-11 18:00:00,25.03,0.0,93.85,4.74
VIL_0836,2024-07-11 18:00:00,25.02,0.0,93.86,4.76
VIL_0837,2024-07-11 18:00:00,25.09,0.0,93.57,5.05
VIL_0838,2024-07-11 18:00:00,25.07,0.0,93.65,4.93
VIL_0839,2024-07-11 18:00:00,25.07,0.0,93.7,4.81
VIL_0840,2024-07-11 18:00:00,25.05,0.0,93.75,4.81
VIL_0841,2024-07-11 18:00:00,25.06,0.0,93.78,4.71
VIL_0842,2024-07-11 18:00:00,25.06,0.0,93.83,4.56
VIL_0843,2024-07-11 18:00:00,25.04,0.0,93.83,4.66
VIL_0844,2024-07-11 18:00:00,25.05,0.0,93.87,4.5
VIL_0845,2024-07-11 18:00:00,25.06,0.0,93.91,4.31
VIL_0846,2024-07-11 18:00:00,25.03,0.0,93.89,4.67
VIL_0847,2024-07-11 18:00:00,25.03,0.0,93.89,4.59
VIL_0848,2024-07-11 18:00:00,25.04,0.0,93.91,4.51
VIL_0849,2024-07-11 18:00:00,25.04,0.0,93.95,4.32
VIL_0850,2024-07-11 18:00:00,25.03,0.0,93.95,4.48
VIL_0851,2024-07-11 18:00:00,25.02,0.0,93.97,4.53
VIL_0852,2024-07-11 18:00:00,25.02,0.0,94.0,4.37
VIL_0853,2024-07-11 18:00:00,25.0,0.0,93.94,4.78
VIL_0854,2024-07-11 18:00:00,25.0,0.0,93.88,4.99
VIL_0855,2024-07-11 18:00:00,24.98,0.0,93.88,5.15
VIL_0856,2024-07-11 18:00:00,24.98,0.0,93.89,5.21
VIL_0857,2024-07-11 18:00:00,24.98,0.0,93.93,5.06
VIL_0858,2024-07-11 18:00:00,24.99,0.0,93.95,4.87
VIL_0859,2024-07-11 18:00:00,24.97,0.0,93.96,5.08
VIL_0860,2024-07-11 18:00:00,25.08,0.0,93.81,4.39
VIL_0861,2024-07-11 18:00:00,25.08,0.0,93.98,3.89
VIL_0862,2024-07-11 18:00:00,25.08,0.0,93.97,3.85
VIL_0863,2024-07-11 18:00:00,25.07,0.0,93.84,4.36
VIL_0864,2024-07-11 18:00:00,25.07,0.0,93.97,4.01
VIL_0865,2024-07-11 18:00:00,25.1,0.0,94.0,3.62
VIL_0866,2024-07-11 18:00:00,24.98,0.0,94.14,4.38
VIL_0867,2024-07-11 18:00:00,24.93,0.0,94.22,4.63
VIL_0868,2024-07-11 18:00:00,25.0,0.0,94.09,4.33
VIL_0869,2024-07-11 18:00:00,25.05,0.0,93.99,4.08
VIL_0870,2024-07-11 18:00:00,25.04,0.0,94.02,4.16
VIL_0871,2024-07-11 18:00:00,24.94,0.0,94.11,4.85
VIL_0872,2024-07-11 18:00:00,25.0,0.0,94.01,4.6
VIL_0873,2024-07-11 18:00:00,24.96,0.0,94.06,4.88
VIL_0874,2024-07-11 18:00:00,24.88,0.0,94.13,5.44
VIL_0875,2024-07-11 18:00:00,24.92,0.0,93.75,6.13
VIL_0876,2024-07-11 18:00:00,24.8,0.0,94.28,5.81
VIL_0877,2024-07-11 18:00:00,24.89,0.0,93.78,6.36
VIL_0878,2024-07-11 18:00:00,24.95,0.0,93.41,6.77
VIL_0879,2024-07-11 18:00:00,24.94,0.0,93.42,6.9
VIL_0880,2024-07-11 18:00:00,24.98,0.0,93.95,4.84
VIL_0881,2024-07-11 18:00:00,24.8,0.0,94.36,5.35
VIL_0882,2024-07-11 18:00:00,24.62,0.0,94.76,6.1
VIL_0883,2024-07-11 18:00:00,24.76,0.0,94.39,5.64
VIL_0884,2024-07-11 18:00:00,24.61,0.0,94.73,6.13
VIL_0885,2024-07-11 18:00:00,24.5,0.0,95.0,6.59
VIL_0886,2024-07-11 18:00:00,24.55,0.0,94.88,6.42
VIL_0887,2024-07-11 18:00:00,24.81,0.0,94.36,5.44
VIL_0888,2024-07-11 18:00:00,24.65,0.0,94.67,6.08
VIL_0889,2024-07-11 18:00:00,24.63,0.0,94.69,6.21
VIL_0890,2024-07-11 18:00:00,24.74,0.0,94.4,6.01
VIL_0891,2024-07-11 18:00:00,24.76,0.0,94.3,6.14
VIL_0892,2024-07-11 18:00:00,24.62,0.0,94.71,6.04
VIL_0893,2024-07-11 18:00:00,24.75,0.0,94.35,6.06
VIL_0894,2024-07-11 18:00:00,25.1,0.0,93.53,5.08
VIL_0895,2024-07-11 18:00:00,24.97,0.0,93.88,5.06
VIL_0896,2024-07-11 18:00:00,25.09,0.0,93.62,4.87
VIL_0897,2024-07-11 18:00:00,24.94,0.0,94.0,5.24
VIL_0898,2024-07-11 18:00:00,24.96,0.0,93.64,6.01
VIL_0899,2024-07-11 18:00:00,24.99,0.0,93.47,6.21
VIL_0900,2024-07-11 18:00:00,25.04,0.0,93.06,6.96
VIL_0901,2024-07-11 18:00:00,25.02,0.0,93.31,6.4
VIL_0902,2024-07-11 18:00:00,25.01,0.0,93.45,6.09
VIL_0903,2024-07-11 18:00:00,25.02,0.0,93.38,6.19
VIL_0904,2024-07-11 18:00:00,25.03,0.0,93.24,6.48
VIL_0905,2024-07-11 18:00:00,25.06,0.0,93.04,6.85
VIL_0906,2024-07-11 18:00:00,25.05,0.0,93.04,6.87
VIL_0907,2024-07-11 18:00:00,25.04,0.0,93.12,6.77
VIL_0908,2024-07-11 18:00:00,25.06,0.0,92.99,6.97
VIL_0909,2024-07-11 18:00:00,24.99,0.0,93.29,6.72
VIL_0910,2024-07-11 18:00:00,24.98,0.0,93.34,6.76
VIL_0911,2024-07-11 18:00:00,25.04,0.0,92.97,7.24
VIL_0912,2024-07-11 18:00:00,25.02,0.0,93.13,6.9
VIL_0913,2024-07-11 18:00:00,25.1,0.0,92.63,7.63
VIL_0914,2024-07-11 18:00:00,25.09,0.0,92.73,7.42
VIL_0915,2024-07-11 18:00:00,25.12,0.0,92.56,7.63
VIL_0916,2024-07-11 18:00:00,25.08,0.0,92.81,7.22
VIL_0917,2024-07-11 18:00:00,25.12,0.0,92.53,7.65
VIL_0918,2024-07-11 18:00:00,25.15,0.0,92.34,7.91
VIL_0919,2024-07-11 18:00:00,25.09,0.0,92.74,7.36
VIL_0920,2024-07-11 18:00:00,25.08,0.0,92.82,7.2
VIL_0921,2024-07-11 18:00:00,25.16,0.0,92.27,8.04
VIL_0922,2024-07-11 18:00:00,25.17,0.0,92.21,8.17
VIL_0923,2024-07-11 18:00:00,25.2,0.0,92.04,8.31
VIL_0924,2024-07-11 18:00:00,25.23,0.0,91.91,8.41
VIL_0925,2024-07-11 18:00:00,25.02,0.0,92.99,7.38
VIL_0926,2024-07-11 18:00:00,25.03,0.0,92.92,7.5
VIL_0927,2024-07-11 18:00:00,25.05,0.0,92.77,7.69
VIL_0928,2024-07-11 18:00:00,25.08,0.0,92.65,7.83
VIL_0929,2024-07-11 18:00:00,25.08,0.0,92.63,7.89
VIL_0930,2024-07-11 18:00:00,25.05,0.0,92.77,7.77
VIL_0931,2024-07-11 18:00:00,25.05,0.0,92.77,7.75
VIL_0932,2024-07-11 18:00:00,25.05,0.0,92.81,7.64
VIL_0933,2024-07-11 18:00:00,25.06,0.0,92.8,7.54
VIL_0934,2024-07-11 18:00:00,25.09,0.0,92.65,7.69
VIL_0935,2024-07-11 18:00:00,25.07,0.0,92.7,7.73
VIL_0936,2024-07-11 18:00:00,25.11,0.0,92.47,7.95
VIL_0937,2024-07-11 18:00:00,25.1,0.0,92.53,7.96
VIL_0938,2024-07-11 18:00:00,25.05,0.0,92.77,7.73
VIL_0939,2024-07-11 18:00:00,25.03,0.0,92.86,7.7
VIL_0940,2024-07-11 18:00:00,25.0,0.0,92.98,7.62
VIL_0941,2024-07-11 18:00:00,25.11,0.0,92.48,8.03
VIL_0942,2024-07-11 18:00:00,25.05,0.0,92.74,7.81
VIL_0943,2024-07-11 18:00:00,25.09,0.0,92.58,7.84
VIL_0944,2024-07-11 18:00:00,25.11,0.0,92.51,7.9
VIL_0945,2024-07-11 18:00:00,25.12,0.0,92.46,7.94
VIL_0946,2024-07-11 18:00:00,25.13,0.0,92.37,8.04
VIL_0947,2024-07-11 18:00:00,25.13,0.0,92.38,8.0
VIL_0948,2024-07-11 18:00:00,25.15,0.0,92.3,8.1
VIL_0949,2024-07-11 18:00:00,25.15,0.0,92.26,8.17
VIL_0950,2024-07-11 18:00:00,25.12,0.0,92.41,8.05
VIL_0951,2024-07-11 18:00:00,25.17,0.0,92.18,8.27
VIL_0952,2024-07-11 18:00:00,25.23,0.0,91.84,8.56
VIL_0953,2024-07-11 18:00:00,25.18,0.0,92.13,8.28
VIL_0954,2024-07-11 18:00:00,25.21,0.0,91.98,8.42
VIL_0955,2024-07-11 18:00:00,25.23,0.0,91.87,8.51
VIL_0956,2024-07-11 18:00:00,25.26,0.0,91.73,8.63
VIL_0957,2024-07-11 18:00:00,25.24,0.0,91.82,8.53
VIL_0958,2024-07-11 18:00:00,25.21,0.0,91.96,8.39
VIL_0959,2024-07-11 18:00:00,25.21,0.0,91.97,8.4
VIL_0960,2024-07-11 18:00:00,25.19,0.0,92.11,8.26
VIL_0961,2024-07-11 18:00:00,25.2,0.0,92.04,8.32
VIL_0962,2024-07-11 18:00:00,25.2,0.0,92.05,8.3
VIL_0963,2024-07-11 18:00:00,25.19,0.0,92.1,8.25
VIL_0964,2024-07-11 18:00:00,25.18,0.0,92.13,8.21
VIL_0965,2024-07-11 18:00:00,25.2,0.0,92.07,8.27
VIL_0966,2024-07-11 18:00:00,25.18,0.0,92.18,8.16
VIL_0967,2024-07-11 18:00:00,25.17,0.0,92.22,8.12
VIL_0968,2024-07-11 18:00:00,25.16,0.0,92.27,8.08
VIL_0969,2024-07-11 18:00:00,25.17,0.0,92.19,8.17
VIL_0970,2024-07-11 18:00:00,25.16,0.0,92.23,8.14
VIL_0971,2024-07-11 18:00:00,25.15,0.0,92.3,8.07
VIL_0972,2024-07-11 18:00:00,25.16,0.0,92.22,8.16
VIL_0973,2024-07-11 18:00:00,25.37,0.0,91.91,4.75
VIL_0974,2024-07-11 18:00:00,25.24,0.0,92.58,4.57
VIL_0975,2024-07-11 18:00:00,25.2,0.0,92.75,4.53
VIL_0976,2024-07-11 18:00:00,25.22,0.0,92.45,4.5
VIL_0977,2024-07-11 18:00:00,25.07,0.0,93.26,4.3
VIL_0978,2024-07-11 18:00:00,25.03,0.0,93.7,4.24
VIL_0979,2024-07-11 18:00:00,24.94,0.0,94.01,4.16
VIL_0980,2024-07-11 18:00:00,24.98,0.0,93.46,4.25
VIL_0981,2024-07-11 18:00:00,24.98,0.0,93.14,4.33
VIL_0982,2024-07-11 18:00:00,24.78,0.0,94.06,4.22
VIL_0983,2024-07-11 18:00:00,24.65,0.0,93.93,4.34
VIL_0984,2024-07-11 18:00:00,24.67,0.0,94.02,4.3
VIL_0985,2024-07-11 18:00:00,24.75,0.0,94.13,4.22
VIL_0986,2024-07-11 18:00:00,24.55,0.0,94.34,4.2
VIL_0987,2024-07-11 18:00:00,24.53,0.0,94.19,4.24
VIL_0988,2024-07-11 18:00:00,24.37,0.0,94.64,4.15
VIL_0989,2024-07-11 18:00:00,24.86,0.0,94.07,4.2
VIL_0990,2024-07-11 18:00:00,24.68,0.0,94.25,4.24
VIL_0991,2024-07-11 18:00:00,24.37,0.0,94.7,4.17
VIL_0992,2024-07-11 18:00:00,24.35,0.0,94.73,4.19
VIL_0993,2024-07-11 18:00:00,24.27,0.0,94.86,4.15
VIL_0994,2024-07-11 18:00:00,24.23,0.0,94.93,4.11
VIL_0995,2024-07-11 18:00:00,24.25,0.0,94.88,4.12
VIL_0996,2024-07-11 18:00:00,24.35,0.0,94.67,4.17
VIL_0997,2024-07-11 18:00:00,24.46,0.0,94.39,4.19
VIL_0998,2024-07-11 18:00:00,24.54,0.0,94.3,4.77
VIL_0999,2024-07-11 18:00:00,24.55,0.0,94.22,4.29
VIL_1000,2024-07-11 18:00:00,24.38,0.0,94.64,4.23
VIL_1001,2024-07-11 18:00:00,24.45,0.0,94.53,4.31
VIL_1002,2024-07-11 18:00:00,24.6,0.0,94.23,4.5
VIL_1003,2024-07-11 18:00:00,24.63,0.0,94.17,5.15
VIL_1004,2024-07-11 18:00:00,24.69,0.0,94.46,5.56
VIL_1005,2024-07-11 18:00:00,24.66,0.0,94.34,5.04
VIL_1006,2024-07-11 18:00:00,24.81,0.0,94.2,5.51
VIL_1007,2024-07-11 18:00:00,24.91,0.0,93.74,4.91
VIL_1008,2024-07-11 18:00:00,24.77,0.0,94.07,5.12
VIL_1009,2024-07-11 18:00:00,24.99,0.0,93.55,5.11
VIL_1010,2024-07-11 18:00:00,24.92,0.0,93.73,4.93
VIL_1011,2024-07-11 18:00:00,24.75,0.0,94.06,4.65
VIL_1012,2024-07-11 18:00:00,24.52,0.0,94.44,4.33
VIL_1013,2024-07-11 18:00:00,24.71,0.0,94.1,4.53
VIL_1014,2024-07-11 18:00:00,24.9,0.0,93.8,4.81
VIL_1015,2024-07-11 18:00:00,24.95,0.0,93.82,4.63
VIL_1016,2024-07-11 18:00:00,24.9,0.0,93.9,4.59
VIL_1017,2024-07-11 18:00:00,24.73,0.0,94.15,4.37
VIL_1018,2024-07-11 18:00:00,24.62,0.0,94.31,4.29
VIL_1019,2024-07-11 18:00:00,24.89,0.0,94.02,4.26
VIL_1020,2024-07-11 18:00:00,25.04,0.0,93.53,5.03
VIL_1021,2024-07-11 18:00:00,25.06,0.0,93.43,5.21
VIL_1022,2024-07-11 18:00:00,25.14,0.0,93.2,5.52
VIL_1023,2024-07-11 18:00:00,25.05,0.0,93.45,5.49
VIL_1024,2024-07-11 18:00:00,25.2,0.0,93.01,5.79
VIL_1025,2024-07-11 18:00:00,25.14,0.0,93.23,5.43
VIL_1026,2024-07-11 18:00:00,25.14,0.0,93.31,5.38
VIL_1027,2024-07-11 18:00:00,25.18,0.0,93.11,5.67
VIL_1028,2024-07-11 18:00:00,25.15,0.0,93.21,5.58
VIL_1029,2024-07-11 18:00:00,25.03,0.0,93.58,5.38
VIL_1030,2024-07-11 18:00:00,17.92,0.03,91.54,8.5
VIL_1031,2024-07-11 18:00:00,25.09,0.04,92.28,4.62
VIL_0001,2024-07-12 00:00:00,24.29,0.12,96.1,3.61
VIL_0002,2024-07-12 00:00:00,24.29,0.12,96.08,3.66
VIL_0003,2024-07-12 00:00:00,24.3,0.11,96.04,3.82
VIL_0004,2024-07-12 00:00:00,24.3,0.11,96.05,3.79
VIL_0005,2024-07-12 00:00:00,24.3,0.11,96.02,3.93
VIL_0006,2024-07-12 00:00:00,24.3,0.11,96.0,4.05
VIL_0007,2024-07-12 00:00:00,24.3,0.11,95.99,4.25
VIL_0008,2024-07-12 00:00:00,24.3,0.12,96.04,3.62
VIL_0009,2024-07-12 00:00:00,24.3,0.1,95.99,4.51
VIL_0010,2024-07-12 00:00:00,24.3,0.1,96.0,4.53
VIL_0011,2024-07-12 00:00:00,24.31,0.11,95.99,4.02
VIL_0012,2024-07-12 00:00:00,24.31,0.12,95.98,3.6
VIL_0013,2024-07-12 00:00:00,24.3,0.12,96.04,3.3
VIL_0014,2024-07-12 00:00:00,24.31,0.11,95.96,4.07
VIL_0015,2024-07-12 00:00:00,24.31,0.13,95.98,3.21
VIL_0016,2024-07-12 00:00:00,24.3,0.1,96.0,4.59
VIL_0017,2024-07-12 00:00:00,24.31,0.11,95.95,4.25
VIL_0018,2024-07-12 00:00:00,24.32,0.13,95.9,3.41
VIL_0019,2024-07-12 00:00:00,24.36,0.14,95.73,2.64
VIL_0020,2024-07-12 00:00:00,24.29,0.13,96.11,2.82
VIL_0021,2024-07-12 00:00:00,24.3,0.14,96.04,2.54
VIL_0022,2024-07-12 00:00:00,24.32,0.15,95.92,2.18
VIL_0023,2024-07-12 00:00:00,24.23,0.13,96.46,2.36
VIL_0024,2024-07-12 00:00:00,24.39,0.17,95.57,1.68
VIL_0025,2024-07-12 00:00:00,24.25,0.14,96.29,2.12
VIL_0026,2024-07-12 00:00:00,24.34,0.16,95.78,1.65
VIL_0027,2024-07-12 00:00:00,24.11,0.12,97.0,2.23
VIL_0028,2024-07-12 00:00:00,24.2,0.14,96.52,2.08
VIL_0029,2024-07-12 00:00:00,24.33,0.12,95.83,3.64
VIL_0030,2024-07-12 00:00:00,24.39,0.15,95.56,2.43
VIL_0031,2024-07-12 00:00:00,24.48,0.19,95.09,0.99
VIL_0032,2024-07-12 00:00:00,24.42,0.17,95.4,1.71
VIL_0033,2024-07-12 00:00:00,24.5,0.2,95.02,0.84
VIL_0034,2024-07-12 00:00:00,24.47,0.19,95.15,1.02
VIL_0035,2024-07-12 00:00:00,24.45,0.19,95.22,1.06
VIL_0036,2024-07-12 00:00:00,24.28,0.16,96.02,1.69
VIL_0037,2024-07-12 00:00:00,24.38,0.17,95.58,1.37
VIL_0038,2024-07-12 00:00:00,24.28,0.16,95.99,1.65
VIL_0039,2024-07-12 00:00:00,24.2,0.15,96.37,1.91
VIL_0040,2024-07-12 00:00:00,24.27,0.16,96.05,1.7
VIL_0041,2024-07-12 00:00:00,24.13,0.14,96.64,2.05
VIL_0042,2024-07-12 00:00:00,23.9,0.11,97.54,2.54
VIL_0043,2024-07-12 00:00:00,23.97,0.12,97.23,2.38
VIL_0044,2024-07-12 00:00:00,24.17,0.14,96.47,1.95
VIL_0045,2024-07-12 00:00:00,24.06,0.13,96.92,2.2
VIL_0046,2024-07-12 00:00:00,24.0,0.12,97.24,2.35
VIL_0047,2024-07-12 00:00:00,24.03,0.11,97.37,2.31
VIL_0048,2024-07-12 00:00:00,23.92,0.11,97.48,2.48
VIL_0049,2024-07-12 00:00:00,23.78,0.1,97.84,2.74
VIL_0050,2024-07-12 00:00:00,23.81,0.1,97.76,2.69
VIL_0051,2024-07-12 00:00:00,23.88,0.11,97.54,2.55
VIL_0052,2024-07-12 00:00:00,23.84,0.1,97.75,2.58
VIL_0053,2024-07-12 00:00:00,23.75,0.1,97.93,2.79
VIL_0054,2024-07-12 00:00:00,23.99,0.09,97.97,2.3
VIL_0055,2024-07-12 00:00:00,23.93,0.09,97.86,2.42
VIL_0056,2024-07-12 00:00:00,23.81,0.1,97.96,2.64
VIL_0057,2024-07-12 00:00:00,23.7,0.1,98.0,2.89
VIL_0058,2024-07-12 00:00:00,23.72,0.1,97.98,2.86
VIL_0059,2024-07-12 00:00:00,23.72,0.1,97.98,2.86
VIL_0060,2024-07-12 00:00:00,23.77,0.1,97.91,2.75
VIL_0061,2024-07-12 00:00:00,23.81,0.1,97.86,2.66
VIL_0062,2024-07-12 00:00:00,23.73,0.1,98.0,2.83
VIL_0063,2024-07-12 00:00:00,23.83,0.09,98.15,2.55
VIL_0064,2024-07-12 00:00:00,23.96,0.08,98.3,2.21
VIL_0065,2024-07-12 00:00:00,24.02,0.05,98.82,1.96
VIL_0066,2024-07-12 00:00:00,23.87,0.03,99.37,2.05
VIL_0067,2024-07-12 00:00:00,23.98,0.06,98.7,2.1
VIL_0068,2024-07-12 00:00:00,23.89,0.04,99.18,2.11
VIL_0069,2024-07-12 00:00:00,23.94,0.07,98.53,2.23
VIL_0070,2024-07-12 00:00:00,23.92,0.08,98.3,2.36
VIL_0071,2024-07-12 00:00:00,23.84,0.09,98.13,2.56
VIL_0072,2024-07-12 00:00:00,23.82,0.09,98.04,2.62
VIL_0073,2024-07-12 00:00:00,23.74,0.1,97.99,2.81
VIL_0074,2024-07-12 00:00:00,23.75,0.1,97.95,2.79
VIL_0075,2024-07-12 00:00:00,23.77,0.1,97.96,2.74
VIL_0076,2024-07-12 00:00:00,23.87,0.1,97.87,2.56
VIL_0077,2024-07-12 00:00:00,23.85,0.09,97.92,2.6
VIL_0078,2024-07-12 00:00:00,23.79,0.1,97.96,2.7
VIL_0079,2024-07-12 00:00:00,23.87,0.09,97.92,2.55
VIL_0080,2024-07-12 00:00:00,23.84,0.09,98.01,2.59
VIL_0081,2024-07-12 00:00:00,23.96,0.08,98.18,2.33
VIL_0082,2024-07-12 00:00:00,23.84,0.06,98.54,2.42
VIL_0083,2024-07-12 00:00:00,23.86,0.07,98.25,2.49
VIL_0084,2024-07-12 00:00:00,23.83,0.07,98.26,2.55
VIL_0085,2024-07-12 00:00:00,23.86,0.07,98.11,2.55
VIL_0086,2024-07-12 00:00:00,23.9,0.07,97.92,2.56
VIL_0087,2024-07-12 00:00:00,24.01,0.09,97.84,2.35
VIL_0088,2024-07-12 00:00:00,23.98,0.01,99.73,1.77
VIL_0089,2024-07-12 00:00:00,24.03,0.01,99.8,1.67
VIL_0090,2024-07-12 00:00:00,24.05,0.0,99.91,1.6
VIL_0091,2024-07-12 00:00:00,24.08,0.0,99.94,1.55
VIL_0092,2024-07-12 00:00:00,24.03,0.01,99.83,1.65
VIL_0093,2024-07-12 00:00:00,24.0,0.01,99.83,1.69
VIL_0094,2024-07-12 00:00:00,23.75,0.02,99.5,2.13
VIL_0095,2024-07-12 00:00:00,23.35,0.03,99.26,2.64
VIL_0096,2024-07-12 00:00:00,23.85,0.02,99.65,1.96
VIL_0097,2024-07-12 00:00:00,23.66,0.02,99.53,2.23
VIL_0098,2024-07-12 00:00:00,21.3,0.07,98.91,5.43
VIL_0099,2024-07-12 00:00:00,22.75,0.04,99.0,3.46
VIL_0100,2024-07-12 00:00:00,23.84,0.05,98.83,2.32
VIL_0101,2024-07-12 00:00:00,23.87,0.04,98.94,2.22
VIL_0102,2024-07-12 00:00:00,23.93,0.03,99.32,1.99
VIL_0103,2024-07-12 00:00:00,23.93,0.02,99.41,1.94
VIL_0104,2024-07-12 00:00:00,23.57,0.04,98.9,2.58
VIL_0105,2024-07-12 00:00:00,23.97,0.07,97.54,2.56
VIL_0106,2024-07-12 00:00:00,23.97,0.07,97.72,2.5
VIL_0107,2024-07-12 00:00:00,23.89,0.06,98.29,2.4
VIL_0108,2024-07-12 00:00:00,23.86,0.04,98.98,2.19
VIL_0109,2024-07-12 00:00:00,23.89,0.05,98.48,2.34
VIL_0110,2024-07-12 00:00:00,23.88,0.04,98.79,2.24
VIL_0111,2024-07-12 00:00:00,23.87,0.06,98.48,2.39
VIL_0112,2024-07-12 00:00:00,23.92,0.07,98.03,2.47
VIL_0113,2024-07-12 00:00:00,23.92,0.06,98.17,2.42
VIL_0114,2024-07-12 00:00:00,23.99,0.07,97.8,2.46
VIL_0115,2024-07-12 00:00:00,24.02,0.07,97.65,2.48
VIL_0116,2024-07-12 00:00:00,24.0,0.07,97.68,2.49
VIL_0117,2024-07-12 00:00:00,23.97,0.07,97.73,2.53
VIL_0118,2024-07-12 00:00:00,24.1,0.08,97.31,2.49
VIL_0119,2024-07-12 00:00:00,24.11,0.08,97.31,2.48
VIL_0120,2024-07-12 00:00:00,24.23,0.09,96.91,2.46
VIL_0121,2024-07-12 00:00:00,24.21,0.08,96.96,2.47
VIL_0122,2024-07-12 00:00:00,24.26,0.09,96.84,2.45
VIL_0123,2024-07-12 00:00:00,21.63,0.07,98.47,4.99
VIL_0124,2024-07-12 00:00:00,21.01,0.08,98.85,5.82
VIL_0125,2024-07-12 00:00:00,20.84,0.09,98.87,6.06
VIL_0126,2024-07-12 00:00:00,20.71,0.1,98.99,6.19
VIL_0127,2024-07-12 00:00:00,20.73,0.1,98.95,6.17
VIL_0128,2024-07-12 00:00:00,20.85,0.07,98.49,5.97
VIL_0129,2024-07-12 00:00:00,20.82,0.07,98.41,6.05
VIL_0130,2024-07-12 00:00:00,21.06,0.04,97.89,5.55
VIL_0131,2024-07-12 00:00:00,21.21,0.03,97.49,5.24
VIL_0132,2024-07-12 00:00:00,21.25,0.01,97.2,5.08
VIL_0133,2024-07-12 00:00:00,21.02,0.03,97.72,5.6
VIL_0134,2024-07-12 00:00:00,21.17,0.01,97.16,5.17
VIL_0135,2024-07-12 00:00:00,20.95,0.02,97.61,5.87
VIL_0136,2024-07-12 00:00:00,20.6,0.02,97.87,7.07
VIL_0137,2024-07-12 00:00:00,20.73,0.04,98.16,6.51
VIL_0138,2024-07-12 00:00:00,20.79,0.05,98.36,6.5
VIL_0139,2024-07-12 00:00:00,20.26,0.0,97.98,8.41
VIL_0140,2024-07-12 00:00:00,20.64,0.01,97.74,7.13
VIL_0141,2024-07-12 00:00:00,20.58,0.0,97.78,7.47
VIL_0142,2024-07-12 00:00:00,20.25,0.0,97.96,8.44
VIL_0143,2024-07-12 00:00:00,20.41,0.01,97.96,8.11
VIL_0144,2024-07-12 00:00:00,21.27,0.01,97.12,5.04
VIL_0145,2024-07-12 00:00:00,21.2,0.0,97.0,5.01
VIL_0146,2024-07-12 00:00:00,21.43,0.0,97.2,5.35
VIL_0147,2024-07-12 00:00:00,21.05,0.01,97.25,5.58
VIL_0148,2024-07-12 00:00:00,21.04,0.01,97.61,6.43
VIL_0149,2024-07-12 00:00:00,23.51,0.01,96.28,1.79
VIL_0150,2024-07-12 00:00:00,24.41,0.09,96.42,2.39
VIL_0151,2024-07-12 00:00:00,24.52,0.1,96.14,2.32
VIL_0152,2024-07-12 00:00:00,24.57,0.1,96.11,2.28
VIL_0153,2024-07-12 00:00:00,24.58,0.1,96.02,2.3
VIL_0154,2024-07-12 00:00:00,24.37,0.09,96.5,2.42
VIL_0155,2024-07-12 00:00:00,24.24,0.09,96.78,2.49
VIL_0156,2024-07-12 00:00:00,24.15,0.08,96.72,2.45
VIL_0157,2024-07-12 00:00:00,23.97,0.08,97.41,2.61
VIL_0158,2024-07-12 00:00:00,23.61,0.07,97.53,2.9
VIL_0159,2024-07-12 00:00:00,23.29,0.06,97.84,3.17
VIL_0160,2024-07-12 00:00:00,23.3,0.07,97.65,3.22
VIL_0161,2024-07-12 00:00:00,22.38,0.06,97.92,4.17
VIL_0162,2024-07-12 00:00:00,22.75,0.06,96.96,3.61
VIL_0163,2024-07-12 00:00:00,23.32,0.07,97.34,3.28
VIL_0164,2024-07-12 00:00:00,23.87,0.08,96.9,2.61
VIL_0165,2024-07-12 00:00:00,23.69,0.08,97.05,2.96
VIL_0166,2024-07-12 00:00:00,24.31,0.09,96.42,2.39
VIL_0167,2024-07-12 00:00:00,24.06,0.08,96.63,2.49
VIL_0168,2024-07-12 00:00:00,24.38,0.09,96.29,2.36
VIL_0169,2024-07-12 00:00:00,24.43,0.09,96.21,2.34
VIL_0170,2024-07-12 00:00:00,24.47,0.09,96.15,2.32
VIL_0171,2024-07-12 00:00:00,24.55,0.1,96.07,2.31
VIL_0172,2024-07-12 00:00:00,24.6,0.1,96.0,2.3
VIL_0173,2024-07-12 00:00:00,24.46,0.09,96.12,2.29
VIL_0174,2024-07-12 00:00:00,24.14,0.08,96.19,2.47
VIL_0175,2024-07-12 00:00:00,23.94,0.08,96.25,2.5
VIL_0176,2024-07-12 00:00:00,24.06,0.08,96.22,2.52
VIL_0177,2024-07-12 00:00:00,23.78,0.07,96.31,2.54
VIL_0178,2024-07-12 00:00:00,23.9,0.08,96.31,2.65
VIL_0179,2024-07-12 00:00:00,23.8,0.07,96.32,2.61
VIL_0180,2024-07-12 00:00:00,23.58,0.06,96.39,2.62
VIL_0181,2024-07-12 00:00:00,23.39,0.06,96.48,2.76
VIL_0182,2024-07-12 00:00:00,23.37,0.06,96.53,2.91
VIL_0183,2024-07-12 00:00:00,23.2,0.07,96.66,3.14
VIL_0184,2024-07-12 00:00:00,23.1,0.06,96.66,3.1
VIL_0185,2024-07-12 00:00:00,22.5,0.05,96.97,3.64
VIL_0186,2024-07-12 00:00:00,22.45,0.03,96.83,3.37
VIL_0187,2024-07-12 00:00:00,22.99,0.04,96.6,2.87
VIL_0188,2024-07-12 00:00:00,23.04,0.02,96.4,2.2
VIL_0189,2024-07-12 00:00:00,23.11,0.03,96.47,2.5
VIL_0190,2024-07-12 00:00:00,23.33,0.05,96.43,2.55
VIL_0191,2024-07-12 00:00:00,23.23,0.03,96.35,2.12
VIL_0192,2024-07-12 00:00:00,23.3,0.04,96.38,2.31
VIL_0193,2024-07-12 00:00:00,23.3,0.03,96.31,2.06
VIL_0194,2024-07-12 00:00:00,23.36,0.04,96.33,2.19
VIL_0195,2024-07-12 00:00:00,23.42,0.04,96.35,2.32
VIL_0196,2024-07-12 00:00:00,23.63,0.06,96.33,2.48
VIL_0197,2024-07-12 00:00:00,23.51,0.01,96.21,1.71
VIL_0198,2024-07-12 00:00:00,23.46,0.01,96.18,1.62
VIL_0199,2024-07-12 00:00:00,23.47,0.01,96.14,1.46
VIL_0200,2024-07-12 00:00:00,23.48,0.01,96.15,1.47
VIL_0201,2024-07-12 00:00:00,23.49,0.01,96.19,1.57
VIL_0202,2024-07-12 00:00:00,23.48,0.0,96.1,1.29
VIL_0203,2024-07-12 00:00:00,23.48,0.0,96.07,1.19
VIL_0204,2024-07-12 00:00:00,23.49,0.0,96.08,1.21
VIL_0205,2024-07-12 00:00:00,23.47,0.0,96.14,1.51
VIL_0206,2024-07-12 00:00:00,23.46,0.01,96.19,1.77
VIL_0207,2024-07-12 00:00:00,23.48,0.0,96.17,1.58
VIL_0208,2024-07-12 00:00:00,23.48,0.0,96.11,1.34
VIL_0209,2024-07-12 00:00:00,23.39,0.0,96.19,1.47
VIL_0210,2024-07-12 00:00:00,23.47,0.01,96.39,2.07
VIL_0211,2024-07-12 00:00:00,23.51,0.01,96.44,2.23
VIL_0212,2024-07-12 00:00:00,23.49,0.01,96.29,1.73
VIL_0213,2024-07-12 00:00:00,23.49,0.01,96.27,2.28
VIL_0214,2024-07-12 00:00:00,23.48,0.01,96.28,2.38
VIL_0215,2024-07-12 00:00:00,23.85,0.03,96.18,2.21
VIL_0216,2024-07-12 00:00:00,23.38,0.01,96.19,1.61
VIL_0217,2024-07-12 00:00:00,22.87,0.01,96.57,2.44
VIL_0218,2024-07-12 00:00:00,22.47,0.0,96.72,3.39
VIL_0219,2024-07-12 00:00:00,22.59,0.0,96.75,3.33
VIL_0220,2024-07-12 00:00:00,22.95,0.0,96.79,3.07
VIL_0221,2024-07-12 00:00:00,23.12,0.0,96.95,3.2
VIL_0222,2024-07-12 00:00:00,23.45,0.0,96.07,1.18
VIL_0223,2024-07-12 00:00:00,23.5,0.0,96.01,1.03
VIL_0224,2024-07-12 00:00:00,23.49,0.0,96.03,1.08
VIL_0225,2024-07-12 00:00:00,23.48,0.0,96.07,1.2
VIL_0226,2024-07-12 00:00:00,23.42,0.0,96.12,1.36
VIL_0227,2024-07-12 00:00:00,22.04,0.0,97.47,5.37
VIL_0228,2024-07-12 00:00:00,23.77,0.0,97.8,4.16
VIL_0229,2024-07-12 00:00:00,24.15,0.0,97.8,3.92
VIL_0230,2024-07-12 00:00:00,24.27,0.0,97.86,3.96
VIL_0231,2024-07-12 00:00:00,24.3,0.0,97.98,4.0
VIL_0232,2024-07-12 00:00:00,24.11,0.2,97.05,4.34
VIL_0233,2024-07-12 00:00:00,24.51,0.3,96.88,3.79
VIL_0234,2024-07-12 00:00:00,24.46,0.05,96.57,4.17
VIL_0235,2024-07-12 00:00:00,24.46,0.45,95.28,9.63
VIL_0236,2024-07-12 00:00:00,23.37,0.0,97.74,4.5
VIL_0237,2024-07-12 00:00:00,23.08,0.0,97.7,5.0
VIL_0238,2024-07-12 00:00:00,23.83,0.01,97.48,4.5
VIL_0239,2024-07-12 00:00:00,23.72,0.01,97.73,4.51
VIL_0240,2024-07-12 00:00:00,23.92,0.01,97.52,4.92
VIL_0241,2024-07-12 00:00:00,23.83,0.01,97.33,5.11
VIL_0242,2024-07-12 00:00:00,24.23,0.01,97.68,3.97
VIL_0243,2024-07-12 00:00:00,24.2,0.01,97.5,3.93
VIL_0244,2024-07-12 00:00:00,24.12,0.02,97.01,4.01
VIL_0245,2024-07-12 00:00:00,23.81,0.02,97.06,5.09
VIL_0246,2024-07-12 00:00:00,23.75,0.03,96.6,5.16
VIL_0247,2024-07-12 00:00:00,23.59,0.03,96.58,5.41
VIL_0248,2024-07-12 00:00:00,23.81,0.01,97.15,3.4
VIL_0249,2024-07-12 00:00:00,24.0,0.01,97.3,3.75
VIL_0250,2024-07-12 00:00:00,24.08,0.03,96.79,3.86
VIL_0251,2024-07-12 00:00:00,24.04,0.05,96.23,4.19
VIL_0252,2024-07-12 00:00:00,24.03,0.06,95.95,4.15
VIL_0253,2024-07-12 00:00:00,24.03,0.04,96.26,3.98
VIL_0254,2024-07-12 00:00:00,23.99,0.05,95.87,4.01
VIL_0255,2024-07-12 00:00:00,23.96,0.04,96.27,3.62
VIL_0256,2024-07-12 00:00:00,23.96,0.03,96.49,3.45
VIL_0257,2024-07-12 00:00:00,23.81,0.02,96.84,3.44
VIL_0258,2024-07-12 00:00:00,23.66,0.01,96.66,2.95
VIL_0259,2024-07-12 00:00:00,23.6,0.01,96.6,2.66
VIL_0260,2024-07-12 00:00:00,23.5,0.01,96.3,2.04
VIL_0261,2024-07-12 00:00:00,23.56,0.01,96.44,2.48
VIL_0262,2024-07-12 00:00:00,23.65,0.02,96.5,2.97
VIL_0263,2024-07-12 00:00:00,23.61,0.02,96.45,2.77
VIL_0264,2024-07-12 00:00:00,23.54,0.01,96.34,2.44
VIL_0265,2024-07-12 00:00:00,23.48,0.01,96.25,2.03
VIL_0266,2024-07-12 00:00:00,23.51,0.01,96.29,2.31
VIL_0267,2024-07-12 00:00:00,23.51,0.02,96.29,2.48
VIL_0268,2024-07-12 00:00:00,23.58,0.02,96.33,2.8
VIL_0269,2024-07-12 00:00:00,23.65,0.02,96.38,3.04
VIL_0270,2024-07-12 00:00:00,23.91,0.03,96.31,3.33
VIL_0271,2024-07-12 00:00:00,23.55,0.02,96.28,2.82
VIL_0272,2024-07-12 00:00:00,23.56,0.02,96.3,2.81
VIL_0273,2024-07-12 00:00:00,23.62,0.03,96.29,3.04
VIL_0274,2024-07-12 00:00:00,23.93,0.03,96.27,3.04
VIL_0275,2024-07-12 00:00:00,23.93,0.03,96.26,3.09
VIL_0276,2024-07-12 00:00:00,23.99,0.03,96.21,3.4
VIL_0277,2024-07-12 00:00:00,23.96,0.03,96.25,3.21
VIL_0278,2024-07-12 00:00:00,23.89,0.03,96.17,3.33
VIL_0279,2024-07-12 00:00:00,23.93,0.04,96.07,3.64
VIL_0280,2024-07-12 00:00:00,24.06,0.05,96.03,3.87
VIL_0281,2024-07-12 00:00:00,24.04,0.04,96.1,3.73
VIL_0282,2024-07-12 00:00:00,24.0,0.04,96.2,3.46
VIL_0283,2024-07-12 00:00:00,24.05,0.05,96.09,3.76
VIL_0284,2024-07-12 00:00:00,24.02,0.04,96.16,3.59
VIL_0285,2024-07-12 00:00:00,24.0,0.04,96.21,3.44
VIL_0286,2024-07-12 00:00:00,24.0,0.03,96.22,3.46
VIL_0287,2024-07-12 00:00:00,24.03,0.04,96.18,3.61
VIL_0288,2024-07-12 00:00:00,24.05,0.04,96.11,3.75
VIL_0289,2024-07-12 00:00:00,24.05,0.04,96.12,3.75
VIL_0290,2024-07-12 00:00:00,24.04,0.04,96.18,3.65
VIL_0291,2024-07-12 00:00:00,24.05,0.04,96.2,3.69
VIL_0292,2024-07-12 00:00:00,24.06,0.04,96.16,3.8
VIL_0293,2024-07-12 00:00:00,24.07,0.04,96.12,3.85
VIL_0294,2024-07-12 00:00:00,24.08,0.05,96.07,3.93
VIL_0295,2024-07-12 00:00:00,24.08,0.05,96.03,3.95
VIL_0296,2024-07-12 00:00:00,24.08,0.05,95.94,4.01
VIL_0297,2024-07-12 00:00:00,24.09,0.06,95.85,4.11
VIL_0298,2024-07-12 00:00:00,24.08,0.06,95.83,4.51
VIL_0299,2024-07-12 00:00:00,24.08,0.06,95.7,4.55
VIL_0300,2024-07-12 00:00:00,24.09,0.06,95.81,4.53
VIL_0301,2024-07-12 00:00:00,24.08,0.06,95.85,4.52
VIL_0302,2024-07-12 00:00:00,24.09,0.05,96.0,4.49
VIL_0303,2024-07-12 00:00:00,24.08,0.05,95.96,4.49
VIL_0304,2024-07-12 00:00:00,24.1,0.05,96.08,4.03
VIL_0305,2024-07-12 00:00:00,24.1,0.04,96.18,3.97
VIL_0306,2024-07-12 00:00:00,24.08,0.04,96.15,3.91
VIL_0307,2024-07-12 00:00:00,24.07,0.04,96.2,3.8
VIL_0308,2024-07-12 00:00:00,24.09,0.04,96.22,3.91
VIL_0309,2024-07-12 00:00:00,24.11,0.04,96.25,3.95
VIL_0310,2024-07-12 00:00:00,24.1,0.04,96.16,4.46
VIL_0311,2024-07-12 00:00:00,24.11,0.04,96.22,4.46
VIL_0312,2024-07-12 00:00:00,24.12,0.04,96.26,4.46
VIL_0313,2024-07-12 00:00:00,24.12,0.03,96.3,4.45
VIL_0314,2024-07-12 00:00:00,24.19,0.04,96.13,4.37
VIL_0315,2024-07-12 00:00:00,24.12,0.03,96.32,4.44
VIL_0316,2024-07-12 00:00:00,24.19,0.04,96.14,4.37
VIL_0317,2024-07-12 00:00:00,24.22,0.04,96.25,4.34
VIL_0318,2024-07-12 00:00:00,24.21,0.04,96.28,4.36
VIL_0319,2024-07-12 00:00:00,24.21,0.04,96.27,4.38
VIL_0320,2024-07-12 00:00:00,23.99,0.06,95.76,4.11
VIL_0321,2024-07-12 00:00:00,24.08,0.07,95.54,4.57
VIL_0322,2024-07-12 00:00:00,24.02,0.07,95.68,4.25
VIL_0323,2024-07-12 00:00:00,24.08,0.08,95.5,4.58
VIL_0324,2024-07-12 00:00:00,24.08,0.08,95.34,4.62
VIL_0325,2024-07-12 00:00:00,24.06,0.08,95.48,4.58
VIL_0326,2024-07-12 00:00:00,24.03,0.07,95.6,4.54
VIL_0327,2024-07-12 00:00:00,23.76,0.05,95.99,5.1
VIL_0328,2024-07-12 00:00:00,24.05,0.08,95.26,4.63
VIL_0329,2024-07-12 00:00:00,23.99,0.07,95.4,4.58
VIL_0330,2024-07-12 00:00:00,24.05,0.08,95.26,4.63
VIL_0331,2024-07-12 00:00:00,24.08,0.09,95.2,4.65
VIL_0332,2024-07-12 00:00:00,24.1,0.1,95.03,4.69
VIL_0333,2024-07-12 00:00:00,24.09,0.1,95.06,4.68
VIL_0334,2024-07-12 00:00:00,24.08,0.08,95.34,4.62
VIL_0335,2024-07-12 00:00:00,24.08,0.09,95.22,4.65
VIL_0336,2024-07-12 00:00:00,24.08,0.08,95.42,4.61
VIL_0337,2024-07-12 00:00:00,24.24,0.04,96.32,4.33
VIL_0338,2024-07-12 00:00:00,24.26,0.03,96.39,4.32
VIL_0339,2024-07-12 00:00:00,24.26,0.03,96.36,4.3
VIL_0340,2024-07-12 00:00:00,24.29,0.03,96.45,4.28
VIL_0341,2024-07-12 00:00:00,24.29,0.03,96.41,4.27
VIL_0342,2024-07-12 00:00:00,24.44,0.07,96.4,4.21
VIL_0343,2024-07-12 00:00:00,24.43,0.06,96.43,4.23
VIL_0344,2024-07-12 00:00:00,24.42,0.06,96.49,4.24
VIL_0345,2024-07-12 00:00:00,24.39,0.04,96.59,4.27
VIL_0346,2024-07-12 00:00:00,24.42,0.05,96.53,4.23
VIL_0347,2024-07-12 00:00:00,24.45,0.06,96.49,4.19
VIL_0348,2024-07-12 00:00:00,24.48,0.07,96.39,4.15
VIL_0349,2024-07-12 00:00:00,24.51,0.08,96.35,4.11
VIL_0350,2024-07-12 00:00:00,24.56,0.09,96.3,4.04
VIL_0351,2024-07-12 00:00:00,24.6,0.1,96.26,3.98
VIL_0352,2024-07-12 00:00:00,24.64,0.11,96.2,3.91
VIL_0353,2024-07-12 00:00:00,24.24,0.03,96.4,4.35
VIL_0354,2024-07-12 00:00:00,24.24,0.03,96.49,4.37
VIL_0355,2024-07-12 00:00:00,24.27,0.02,96.68,4.37
VIL_0356,2024-07-12 00:00:00,24.25,0.03,96.5,4.35
VIL_0357,2024-07-12 00:00:00,24.27,0.02,96.6,4.34
VIL_0358,2024-07-12 00:00:00,24.27,0.03,96.5,4.33
VIL_0359,2024-07-12 00:00:00,24.29,0.02,96.59,4.31
VIL_0360,2024-07-12 00:00:00,24.29,0.02,96.66,4.34
VIL_0361,2024-07-12 00:00:00,24.29,0.01,96.82,4.37
VIL_0362,2024-07-12 00:00:00,24.28,0.01,96.87,4.39
VIL_0363,2024-07-12 00:00:00,24.22,0.01,96.68,4.66
VIL_0364,2024-07-12 00:00:00,24.24,0.01,96.81,4.6
VIL_0365,2024-07-12 00:00:00,24.18,0.01,96.65,4.88
VIL_0366,2024-07-12 00:00:00,24.15,0.01,96.61,5.12
VIL_0367,2024-07-12 00:00:00,24.07,0.01,96.42,5.53
VIL_0368,2024-07-12 00:00:00,23.99,0.01,96.26,6.2
VIL_0369,2024-07-12 00:00:00,24.21,0.01,96.66,5.22
VIL_0370,2024-07-12 00:00:00,24.3,0.0,96.94,4.39
VIL_0371,2024-07-12 00:00:00,24.27,0.0,96.92,4.5
VIL_0372,2024-07-12 00:00:00,24.29,0.0,96.91,4.39
VIL_0373,2024-07-12 00:00:00,24.3,0.0,97.0,4.4
VIL_0374,2024-07-12 00:00:00,24.4,0.04,96.61,4.26
VIL_0375,2024-07-12 00:00:00,24.31,0.02,96.72,4.32
VIL_0376,2024-07-12 00:00:00,24.3,0.01,96.83,4.36
VIL_0377,2024-07-12 00:00:00,24.3,0.01,96.86,4.35
VIL_0378,2024-07-12 00:00:00,24.34,0.02,96.76,4.59
VIL_0379,2024-07-12 00:00:00,24.44,0.05,96.58,4.82
VIL_0380,2024-07-12 00:00:00,24.56,0.07,96.41,4.47
VIL_0381,2024-07-12 00:00:00,24.37,0.03,96.76,4.31
VIL_0382,2024-07-12 00:00:00,24.4,0.04,96.63,4.25
VIL_0383,2024-07-12 00:00:00,24.48,0.05,96.56,4.56
VIL_0384,2024-07-12 00:00:00,24.52,0.08,96.38,4.09
VIL_0385,2024-07-12 00:00:00,24.5,0.07,96.45,4.11
VIL_0386,2024-07-12 00:00:00,24.55,0.08,96.35,4.05
VIL_0387,2024-07-12 00:00:00,24.61,0.1,96.26,3.95
VIL_0388,2024-07-12 00:00:00,24.61,0.09,96.27,3.94
VIL_0389,2024-07-12 00:00:00,24.58,0.08,96.34,3.99
VIL_0390,2024-07-12 00:00:00,24.58,0.08,96.36,3.98
VIL_0391,2024-07-12 00:00:00,24.64,0.09,96.26,3.89
VIL_0392,2024-07-12 00:00:00,24.67,0.1,96.23,3.84
VIL_0393,2024-07-12 00:00:00,24.71,0.1,96.16,4.16
VIL_0394,2024-07-12 00:00:00,24.76,0.13,96.32,3.58
VIL_0395,2024-07-12 00:00:00,22.89,0.26,97.57,4.18
VIL_0396,2024-07-12 00:00:00,24.78,0.14,96.29,3.55
VIL_0397,2024-07-12 00:00:00,24.83,0.13,96.15,3.49
VIL_0398,2024-07-12 00:00:00,24.88,0.11,96.04,3.43
VIL_0399,2024-07-12 00:00:00,24.86,0.12,96.07,3.46
VIL_0400,2024-07-12 00:00:00,24.86,0.11,96.09,3.46
VIL_0401,2024-07-12 00:00:00,24.87,0.11,96.07,3.45
VIL_0402,2024-07-12 00:00:00,24.9,0.1,96.0,3.4
VIL_0403,2024-07-12 00:00:00,24.87,0.12,96.06,3.46
VIL_0404,2024-07-12 00:00:00,24.83,0.14,96.12,3.55
VIL_0405,2024-07-12 00:00:00,24.75,0.21,96.22,3.77
VIL_0406,2024-07-12 00:00:00,24.84,0.13,96.12,3.52
VIL_0407,2024-07-12 00:00:00,24.76,0.18,96.23,3.68
VIL_0408,2024-07-12 00:00:00,24.75,0.18,96.29,3.68
VIL_0409,2024-07-12 00:00:00,24.7,0.2,96.4,3.75
VIL_0410,2024-07-12 00:00:00,24.7,0.19,96.39,3.72
VIL_0411,2024-07-12 00:00:00,24.71,0.17,96.39,3.7
VIL_0412,2024-07-12 00:00:00,24.7,0.17,96.4,3.7
VIL_0413,2024-07-12 00:00:00,24.7,0.16,96.42,3.7
VIL_0414,2024-07-12 00:00:00,24.68,0.15,96.45,3.72
VIL_0415,2024-07-12 00:00:00,24.66,0.14,96.48,3.75
VIL_0416,2024-07-12 00:00:00,24.68,0.13,96.45,3.73
VIL_0417,2024-07-12 00:00:00,24.77,0.15,96.26,3.61
VIL_0418,2024-07-12 00:00:00,24.79,0.15,96.21,3.6
VIL_0419,2024-07-12 00:00:00,24.81,0.13,96.17,3.54
VIL_0420,2024-07-12 00:00:00,24.81,0.12,96.19,3.54
VIL_0421,2024-07-12 00:00:00,24.75,0.13,96.31,3.63
VIL_0422,2024-07-12 00:00:00,24.76,0.12,96.28,3.6
VIL_0423,2024-07-12 00:00:00,24.76,0.12,96.28,3.61
VIL_0424,2024-07-12 00:00:00,24.67,0.09,96.27,4.14
VIL_0425,2024-07-12 00:00:00,24.71,0.09,96.21,4.06
VIL_0426,2024-07-12 00:00:00,24.66,0.09,96.27,4.19
VIL_0427,2024-07-12 00:00:00,24.7,0.13,96.4,3.7
VIL_0428,2024-07-12 00:00:00,24.76,0.15,96.29,3.62
VIL_0429,2024-07-12 00:00:00,21.07,0.0,98.51,14.26
VIL_0430,2024-07-12 00:00:00,20.6,0.0,99.0,15.79
VIL_0431,2024-07-12 00:00:00,23.1,0.01,96.44,7.98
VIL_0432,2024-07-12 00:00:00,23.08,0.01,96.39,6.76
VIL_0433,2024-07-12 00:00:00,23.17,0.0,96.27,5.84
VIL_0434,2024-07-12 00:00:00,23.3,0.0,96.11,5.0
VIL_0435,2024-07-12 00:00:00,23.38,0.0,96.02,4.5
VIL_0436,2024-07-12 00:00:00,23.4,0.0,96.0,4.31
VIL_0437,2024-07-12 00:00:00,23.39,0.01,96.09,4.81
VIL_0438,2024-07-12 00:00:00,23.6,0.04,96.0,5.14
VIL_0439,2024-07-12 00:00:00,23.73,0.04,95.71,4.83
VIL_0440,2024-07-12 00:00:00,23.35,0.0,96.07,4.92
VIL_0441,2024-07-12 00:00:00,23.6,0.0,96.2,10.61
VIL_0442,2024-07-12 00:00:00,23.54,0.0,96.28,11.01
VIL_0443,2024-07-12 00:00:00,23.32,0.0,96.54,11.03
VIL_0444,2024-07-12 00:00:00,23.57,0.0,96.32,10.88
VIL_0445,2024-07-12 00:00:00,23.67,0.0,96.23,10.85
VIL_0446,2024-07-12 00:00:00,23.74,0.0,96.16,10.85
VIL_0447,2024-07-12 00:00:00,23.8,0.0,96.1,11.02
VIL_0448,2024-07-12 00:00:00,23.81,0.0,96.09,10.99
VIL_0449,2024-07-12 00:00:00,23.9,0.0,96.0,11.2
VIL_0450,2024-07-12 00:00:00,23.85,0.0,96.05,11.13
VIL_0451,2024-07-12 00:00:00,23.82,0.0,96.08,10.97
VIL_0452,2024-07-12 00:00:00,23.81,0.0,96.08,11.05
VIL_0453,2024-07-12 00:00:00,23.44,0.01,96.26,9.67
VIL_0454,2024-07-12 00:00:00,24.37,0.07,96.19,6.74
VIL_0455,2024-07-12 00:00:00,22.99,0.04,96.49,7.86
VIL_0456,2024-07-12 00:00:00,24.0,0.01,96.12,8.71
VIL_0457,2024-07-12 00:00:00,24.03,0.01,96.14,8.33
VIL_0458,2024-07-12 00:00:00,24.08,0.02,96.18,7.8
VIL_0459,2024-07-12 00:00:00,24.16,0.02,96.22,6.97
VIL_0460,2024-07-12 00:00:00,23.98,0.01,96.11,9.03
VIL_0461,2024-07-12 00:00:00,23.59,0.0,96.35,10.33
VIL_0462,2024-07-12 00:00:00,23.58,0.0,96.35,10.49
VIL_0463,2024-07-12 00:00:00,23.44,0.0,96.48,10.47
VIL_0464,2024-07-12 00:00:00,23.67,0.0,96.26,10.57
VIL_0465,2024-07-12 00:00:00,23.68,0.0,96.25,10.49
VIL_0466,2024-07-12 00:00:00,23.65,0.0,96.26,10.71
VIL_0467,2024-07-12 00:00:00,23.52,0.0,96.38,10.72
VIL_0468,2024-07-12 00:00:00,23.37,0.0,96.53,10.61
VIL_0469,2024-07-12 00:00:00,23.28,0.0,96.61,10.65
VIL_0470,2024-07-12 00:00:00,23.2,0.0,96.66,10.87
VIL_0471,2024-07-12 00:00:00,24.44,0.07,96.29,5.85
VIL_0472,2024-07-12 00:00:00,24.21,0.03,96.25,6.54
VIL_0473,2024-07-12 00:00:00,24.07,0.02,96.2,7.75
VIL_0474,2024-07-12 00:00:00,24.18,0.02,96.35,6.32
VIL_0475,2024-07-12 00:00:00,24.2,0.02,96.42,5.96
VIL_0476,2024-07-12 00:00:00,24.14,0.01,96.43,6.15
VIL_0477,2024-07-12 00:00:00,24.05,0.01,96.27,7.36
VIL_0478,2024-07-12 00:00:00,24.04,0.01,96.21,7.86
VIL_0479,2024-07-12 00:00:00,23.99,0.01,96.14,8.68
VIL_0480,2024-07-12 00:00:00,23.69,0.0,96.25,10.4
VIL_0481,2024-07-12 00:00:00,23.7,0.0,96.24,10.36
VIL_0482,2024-07-12 00:00:00,23.9,0.01,96.07,8.62
VIL_0483,2024-07-12 00:00:00,23.93,0.01,96.14,7.76
VIL_0484,2024-07-12 00:00:00,23.89,0.01,96.07,8.05
VIL_0485,2024-07-12 00:00:00,23.63,0.0,96.3,9.88
VIL_0486,2024-07-12 00:00:00,23.72,0.0,96.2,10.49
VIL_0487,2024-07-12 00:00:00,23.87,0.01,96.08,6.59
VIL_0488,2024-07-12 00:00:00,23.95,0.02,96.15,5.61
VIL_0489,2024-07-12 00:00:00,24.04,0.02,96.25,5.17
VIL_0490,2024-07-12 00:00:00,24.11,0.02,96.31,4.92
VIL_0491,2024-07-12 00:00:00,24.0,0.04,95.93,5.06
VIL_0492,2024-07-12 00:00:00,23.96,0.03,96.03,5.23
VIL_0493,2024-07-12 00:00:00,23.82,0.02,96.01,5.89
VIL_0494,2024-07-12 00:00:00,23.32,0.01,96.15,6.55
VIL_0495,2024-07-12 00:00:00,23.37,0.01,96.04,5.2
VIL_0496,2024-07-12 00:00:00,23.76,0.03,95.79,5.02
VIL_0497,2024-07-12 00:00:00,23.62,0.02,95.92,5.05
VIL_0498,2024-07-12 00:00:00,23.77,0.03,95.9,5.27
VIL_0499,2024-07-12 00:00:00,23.88,0.04,95.85,5.18
VIL_0500,2024-07-12 00:00:00,23.95,0.06,95.58,4.96
VIL_0501,2024-07-12 00:00:00,24.0,0.06,95.59,4.94
VIL_0502,2024-07-12 00:00:00,23.6,0.0,96.28,10.06
VIL_0503,2024-07-12 00:00:00,23.82,0.01,96.02,7.81
VIL_0504,2024-07-12 00:00:00,23.78,0.01,96.0,7.05
VIL_0505,2024-07-12 00:00:00,23.81,0.01,96.02,6.99
VIL_0506,2024-07-12 00:00:00,23.33,0.01,96.24,8.02
VIL_0507,2024-07-12 00:00:00,24.1,0.04,96.08,4.88
VIL_0508,2024-07-12 00:00:00,24.05,0.05,95.79,4.92
VIL_0509,2024-07-12 00:00:00,24.06,0.07,95.51,4.59
VIL_0510,2024-07-12 00:00:00,24.08,0.07,95.51,4.59
VIL_0511,2024-07-12 00:00:00,24.08,0.07,95.64,4.57
VIL_0512,2024-07-12 00:00:00,24.1,0.04,96.04,4.87
VIL_0513,2024-07-12 00:00:00,24.09,0.06,95.75,4.54
VIL_0514,2024-07-12 00:00:00,24.11,0.04,96.06,4.5
VIL_0515,2024-07-12 00:00:00,24.11,0.05,96.01,4.5
VIL_0516,2024-07-12 00:00:00,24.15,0.03,96.31,4.47
VIL_0517,2024-07-12 00:00:00,24.23,0.02,96.52,4.4
VIL_0518,2024-07-12 00:00:00,24.22,0.03,96.45,4.4
VIL_0519,2024-07-12 00:00:00,24.21,0.03,96.34,4.4
VIL_0520,2024-07-12 00:00:00,24.14,0.03,96.32,4.46
VIL_0521,2024-07-12 00:00:00,24.13,0.03,96.27,4.47
VIL_0522,2024-07-12 00:00:00,24.11,0.04,96.13,4.48
VIL_0523,2024-07-12 00:00:00,17.96,0.11,98.14,6.89
VIL_0524,2024-07-12 00:00:00,20.3,0.19,98.43,5.41
VIL_0525,2024-07-12 00:00:00,24.51,0.26,97.05,3.56
VIL_0526,2024-07-12 00:00:00,23.2,0.37,98.89,3.32
VIL_0527,2024-07-12 00:00:00,23.38,0.36,98.79,3.48
VIL_0528,2024-07-12 00:00:00,24.08,0.38,98.7,3.23
VIL_0529,2024-07-12 00:00:00,24.1,0.38,98.65,3.25
VIL_0530,2024-07-12 00:00:00,24.28,0.34,97.93,3.42
VIL_0531,2024-07-12 00:00:00,24.46,0.3,97.21,3.63
VIL_0532,2024-07-12 00:00:00,24.37,0.32,97.59,3.53
VIL_0533,2024-07-12 00:00:00,24.53,0.27,96.96,3.62
VIL_0534,2024-07-12 00:00:00,24.63,0.27,96.5,3.84
VIL_0535,2024-07-12 00:00:00,24.64,0.24,96.58,3.69
VIL_0536,2024-07-12 00:00:00,24.69,0.22,96.42,3.7
VIL_0537,2024-07-12 00:00:00,24.73,0.19,96.36,3.6
VIL_0538,2024-07-12 00:00:00,24.78,0.17,96.25,3.61
VIL_0539,2024-07-12 00:00:00,24.72,0.24,96.22,3.84
VIL_0540,2024-07-12 00:00:00,24.69,0.26,96.28,3.89
VIL_0541,2024-07-12 00:00:00,24.69,0.28,96.18,4.02
VIL_0542,2024-07-12 00:00:00,24.67,0.29,96.18,4.09
VIL_0543,2024-07-12 00:00:00,24.69,0.29,96.08,4.14
VIL_0544,2024-07-12 00:00:00,24.55,0.29,96.81,3.78
VIL_0545,2024-07-12 00:00:00,24.44,0.32,97.27,3.67
VIL_0546,2024-07-12 00:00:00,24.2,0.38,98.33,3.38
VIL_0547,2024-07-12 00:00:00,24.13,0.39,98.63,3.29
VIL_0548,2024-07-12 00:00:00,24.03,0.42,99.07,3.17
VIL_0549,2024-07-12 00:00:00,23.92,0.44,99.22,3.08
VIL_0550,2024-07-12 00:00:00,23.91,0.45,99.41,3.05
VIL_0551,2024-07-12 00:00:00,23.89,0.41,99.01,3.07
VIL_0552,2024-07-12 00:00:00,23.87,0.4,99.01,3.05
VIL_0553,2024-07-12 00:00:00,23.4,0.34,98.67,3.22
VIL_0554,2024-07-12 00:00:00,23.83,0.33,98.6,3.06
VIL_0555,2024-07-12 00:00:00,23.87,0.42,99.22,3.04
VIL_0556,2024-07-12 00:00:00,23.82,0.31,98.51,3.06
VIL_0557,2024-07-12 00:00:00,23.88,0.45,99.51,3.02
VIL_0558,2024-07-12 00:00:00,23.9,0.5,100.0,3.0
VIL_0559,2024-07-12 00:00:00,23.91,0.49,99.87,3.02
VIL_0560,2024-07-12 00:00:00,23.91,0.49,99.8,3.03
VIL_0561,2024-07-12 00:00:00,24.09,0.42,98.86,3.26
VIL_0562,2024-07-12 00:00:00,24.51,0.32,96.91,3.84
VIL_0563,2024-07-12 00:00:00,24.42,0.33,97.31,3.7
VIL_0564,2024-07-12 00:00:00,24.57,0.31,96.62,3.93
VIL_0565,2024-07-12 00:00:00,24.62,0.29,96.45,3.94
VIL_0566,2024-07-12 00:00:00,24.69,0.3,96.05,4.17
VIL_0567,2024-07-12 00:00:00,24.7,0.3,96.0,4.2
VIL_0568,2024-07-12 00:00:00,24.69,0.26,96.21,3.95
VIL_0569,2024-07-12 00:00:00,24.68,0.28,96.17,4.05
VIL_0570,2024-07-12 00:00:00,24.72,0.22,96.28,3.81
VIL_0571,2024-07-12 00:00:00,24.71,0.22,96.31,3.83
VIL_0572,2024-07-12 00:00:00,24.68,0.25,96.33,3.89
VIL_0573,2024-07-12 00:00:00,24.69,0.23,96.36,3.84
VIL_0574,2024-07-12 00:00:00,24.68,0.23,96.41,3.82
VIL_0575,2024-07-12 00:00:00,24.66,0.27,96.31,3.93
VIL_0576,2024-07-12 00:00:00,24.63,0.26,96.47,3.83
VIL_0577,2024-07-12 00:00:00,24.62,0.27,96.5,3.84
VIL_0578,2024-07-12 00:00:00,24.61,0.28,96.52,3.86
VIL_0579,2024-07-12 00:00:00,24.64,0.27,96.4,3.89
VIL_0580,2024-07-12 00:00:00,24.67,0.29,96.2,4.05
VIL_0581,2024-07-12 00:00:00,24.69,0.3,96.06,4.16
VIL_0582,2024-07-12 00:00:00,24.6,0.28,96.55,3.87
VIL_0583,2024-07-12 00:00:00,24.55,0.29,96.74,3.81
VIL_0584,2024-07-12 00:00:00,24.58,0.29,96.61,3.88
VIL_0585,2024-07-12 00:00:00,24.62,0.29,96.42,3.96
VIL_0586,2024-07-12 00:00:00,24.64,0.29,96.31,4.02
VIL_0587,2024-07-12 00:00:00,24.64,0.29,96.33,3.99
VIL_0588,2024-07-12 00:00:00,24.69,0.22,96.36,3.81
VIL_0589,2024-07-12 00:00:00,24.66,0.29,96.23,4.07
VIL_0590,2024-07-12 00:00:00,24.69,0.3,96.06,4.17
VIL_0591,2024-07-12 00:00:00,24.62,0.3,96.37,4.02
VIL_0592,2024-07-12 00:00:00,24.58,0.3,96.58,3.93
VIL_0593,2024-07-12 00:00:00,24.66,0.3,96.18,4.12
VIL_0594,2024-07-12 00:00:00,24.42,0.34,97.3,3.71
VIL_0595,2024-07-12 00:00:00,24.42,0.33,97.29,3.7
VIL_0596,2024-07-12 00:00:00,24.43,0.32,97.18,3.7
VIL_0597,2024-07-12 00:00:00,24.46,0.32,97.1,3.74
VIL_0598,2024-07-12 00:00:00,24.19,0.42,97.78,3.48
VIL_0599,2024-07-12 00:00:00,24.16,0.43,97.81,3.43
VIL_0600,2024-07-12 00:00:00,24.17,0.42,97.8,3.45
VIL_0601,2024-07-12 00:00:00,24.1,0.44,98.11,3.35
VIL_0602,2024-07-12 00:00:00,24.16,0.42,97.99,3.43
VIL_0603,2024-07-12 00:00:00,24.07,0.44,98.3,3.29
VIL_0604,2024-07-12 00:00:00,24.0,0.46,98.44,3.2
VIL_0605,2024-07-12 00:00:00,23.98,0.47,98.54,3.18
VIL_0606,2024-07-12 00:00:00,23.91,0.47,98.94,3.07
VIL_0607,2024-07-12 00:00:00,24.0,0.45,98.73,3.19
VIL_0608,2024-07-12 00:00:00,24.15,0.42,98.13,3.41
VIL_0609,2024-07-12 00:00:00,24.06,0.44,98.68,3.27
VIL_0610,2024-07-12 00:00:00,24.22,0.38,98.23,3.43
VIL_0611,2024-07-12 00:00:00,23.94,0.47,99.2,3.1
VIL_0612,2024-07-12 00:00:00,23.91,0.47,99.21,3.06
VIL_0613,2024-07-12 00:00:00,23.88,0.46,99.24,3.02
VIL_0614,2024-07-12 00:00:00,23.83,0.46,98.95,2.98
VIL_0615,2024-07-12 00:00:00,23.84,0.42,98.95,3.01
VIL_0616,2024-07-12 00:00:00,23.88,0.46,99.51,3.02
VIL_0617,2024-07-12 00:00:00,23.9,0.49,99.8,3.02
VIL_0618,2024-07-12 00:00:00,23.82,0.49,98.88,2.96
VIL_0619,2024-07-12 00:00:00,17.58,0.08,98.1,7.34
VIL_0620,2024-07-12 00:00:00,17.49,0.08,98.09,7.45
VIL_0621,2024-07-12 00:00:00,17.37,0.07,98.08,7.61
VIL_0622,2024-07-12 00:00:00,16.89,0.05,98.02,8.03
VIL_0623,2024-07-12 00:00:00,17.06,0.09,98.01,7.07
VIL_0624,2024-07-12 00:00:00,17.95,0.11,98.13,6.86
VIL_0625,2024-07-12 00:00:00,20.11,0.18,98.35,5.54
VIL_0626,2024-07-12 00:00:00,17.15,0.08,98.03,7.36
VIL_0627,2024-07-12 00:00:00,17.33,0.07,98.05,7.47
VIL_0628,2024-07-12 00:00:00,16.72,0.03,98.01,8.44
VIL_0629,2024-07-12 00:00:00,16.87,0.05,98.02,8.26
VIL_0630,2024-07-12 00:00:00,17.21,0.07,98.03,7.87
VIL_0631,2024-07-12 00:00:00,17.01,0.06,98.02,8.09
VIL_0632,2024-07-12 00:00:00,17.16,0.07,98.03,7.84
VIL_0633,2024-07-12 00:00:00,17.57,0.1,98.05,7.42
VIL_0634,2024-07-12 00:00:00,17.25,0.08,98.04,7.82
VIL_0635,2024-07-12 00:00:00,17.65,0.07,97.83,7.5
VIL_0636,2024-07-12 00:00:00,18.25,0.09,97.7,7.01
VIL_0637,2024-07-12 00:00:00,18.33,0.15,98.09,6.82
VIL_0638,2024-07-12 00:00:00,19.83,0.2,98.12,5.65
VIL_0639,2024-07-12 00:00:00,22.97,0.32,98.5,3.44
VIL_0640,2024-07-12 00:00:00,23.14,0.31,98.39,3.33
VIL_0641,2024-07-12 00:00:00,23.46,0.29,98.37,3.2
VIL_0642,2024-07-12 00:00:00,20.0,0.24,98.17,5.52
VIL_0643,2024-07-12 00:00:00,22.78,0.34,98.43,3.48
VIL_0644,2024-07-12 00:00:00,19.32,0.21,98.15,6.03
VIL_0645,2024-07-12 00:00:00,19.01,0.2,98.14,6.29
VIL_0646,2024-07-12 00:00:00,19.01,0.11,97.55,6.41
VIL_0647,2024-07-12 00:00:00,18.93,0.11,97.53,6.48
VIL_0648,2024-07-12 00:00:00,18.95,0.11,97.51,6.46
VIL_0649,2024-07-12 00:00:00,19.9,0.27,97.41,5.54
VIL_0650,2024-07-12 00:00:00,20.53,0.3,97.25,5.04
VIL_0651,2024-07-12 00:00:00,22.45,0.36,97.11,3.84
VIL_0652,2024-07-12 00:00:00,19.74,0.13,97.32,5.86
VIL_0653,2024-07-12 00:00:00,20.24,0.3,97.38,5.25
VIL_0654,2024-07-12 00:00:00,22.68,0.39,97.17,3.63
VIL_0655,2024-07-12 00:00:00,23.84,0.34,96.88,3.88
VIL_0656,2024-07-12 00:00:00,22.79,0.34,96.77,3.99
VIL_0657,2024-07-12 00:00:00,24.0,0.35,96.22,3.14
VIL_0658,2024-07-12 00:00:00,24.04,0.36,96.1,2.8
VIL_0659,2024-07-12 00:00:00,23.93,0.37,96.54,3.03
VIL_0660,2024-07-12 00:00:00,23.92,0.4,96.69,2.87
VIL_0661,2024-07-12 00:00:00,22.99,0.42,97.71,3.14
VIL_0662,2024-07-12 00:00:00,23.77,0.39,98.15,2.86
VIL_0663,2024-07-12 00:00:00,23.75,0.43,98.17,2.8
VIL_0664,2024-07-12 00:00:00,23.76,0.34,98.18,2.94
VIL_0665,2024-07-12 00:00:00,23.79,0.26,98.11,3.03
VIL_0666,2024-07-12 00:00:00,23.78,0.31,98.29,2.99
VIL_0667,2024-07-12 00:00:00,23.81,0.29,98.33,3.06
VIL_0668,2024-07-12 00:00:00,23.8,0.23,98.05,3.07
VIL_0669,2024-07-12 00:00:00,23.71,0.24,98.19,3.11
VIL_0670,2024-07-12 00:00:00,23.8,0.2,98.01,3.1
VIL_0671,2024-07-12 00:00:00,23.94,0.49,98.49,3.12
VIL_0672,2024-07-12 00:00:00,24.11,0.44,97.97,3.37
VIL_0673,2024-07-12 00:00:00,24.07,0.45,98.1,3.31
VIL_0674,2024-07-12 00:00:00,24.06,0.45,98.18,3.28
VIL_0675,2024-07-12 00:00:00,24.03,0.46,98.22,3.24
VIL_0676,2024-07-12 00:00:00,24.06,0.46,98.1,3.29
VIL_0677,2024-07-12 00:00:00,24.04,0.46,98.15,3.26
VIL_0678,2024-07-12 00:00:00,23.98,0.48,98.31,3.17
VIL_0679,2024-07-12 00:00:00,24.24,0.49,97.41,4.19
VIL_0680,2024-07-12 00:00:00,24.24,0.49,97.36,4.26
VIL_0681,2024-07-12 00:00:00,24.19,0.52,97.47,4.22
VIL_0682,2024-07-12 00:00:00,24.23,0.51,97.27,4.41
VIL_0683,2024-07-12 00:00:00,24.27,0.49,97.17,4.48
VIL_0684,2024-07-12 00:00:00,24.3,0.49,96.99,4.7
VIL_0685,2024-07-12 00:00:00,24.36,0.48,96.68,5.05
VIL_0686,2024-07-12 00:00:00,24.27,0.51,97.02,4.7
VIL_0687,2024-07-12 00:00:00,24.14,0.49,97.22,4.63
VIL_0688,2024-07-12 00:00:00,24.34,0.47,96.42,5.12
VIL_0689,2024-07-12 00:00:00,24.35,0.47,96.38,5.16
VIL_0690,2024-07-12 00:00:00,24.4,0.45,96.24,5.33
VIL_0691,2024-07-12 00:00:00,24.64,0.38,95.0,6.11
VIL_0692,2024-07-12 00:00:00,24.57,0.39,95.17,5.81
VIL_0693,2024-07-12 00:00:00,24.7,0.36,94.83,6.41
VIL_0694,2024-07-12 00:00:00,24.75,0.35,94.68,6.67
VIL_0695,2024-07-12 00:00:00,24.9,0.31,94.29,7.55
VIL_0696,2024-07-12 00:00:00,24.95,0.31,94.15,7.76
VIL_0697,2024-07-12 00:00:00,24.99,0.3,94.04,7.93
VIL_0698,2024-07-12 00:00:00,24.99,0.3,94.02,7.97
VIL_0699,2024-07-12 00:00:00,24.93,0.3,94.19,7.66
VIL_0700,2024-07-12 00:00:00,24.78,0.34,94.61,6.78
VIL_0701,2024-07-12 00:00:00,24.68,0.34,94.88,6.6
VIL_0702,2024-07-12 00:00:00,24.59,0.37,95.1,5.74
VIL_0703,2024-07-12 00:00:00,24.51,0.38,95.32,5.27
VIL_0704,2024-07-12 00:00:00,24.88,0.31,94.33,7.47
VIL_0705,2024-07-12 00:00:00,24.83,0.3,94.43,7.03
VIL_0706,2024-07-12 00:00:00,24.67,0.29,94.82,6.14
VIL_0707,2024-07-12 00:00:00,24.59,0.29,95.01,5.7
VIL_0708,2024-07-12 00:00:00,24.56,0.29,95.12,5.48
VIL_0709,2024-07-12 00:00:00,24.85,0.29,94.42,7.24
VIL_0710,2024-07-12 00:00:00,24.65,0.29,94.98,6.14
VIL_0711,2024-07-12 00:00:00,24.5,0.28,95.39,5.29
VIL_0712,2024-07-12 00:00:00,24.54,0.28,95.28,5.54
VIL_0713,2024-07-12 00:00:00,24.67,0.29,94.93,6.27
VIL_0714,2024-07-12 00:00:00,24.75,0.29,94.69,6.74
VIL_0715,2024-07-12 00:00:00,24.68,0.29,94.91,6.38
VIL_0716,2024-07-12 00:00:00,24.65,0.28,95.0,6.19
VIL_0717,2024-07-12 00:00:00,24.54,0.28,95.29,5.58
VIL_0718,2024-07-12 00:00:00,24.44,0.28,95.58,4.99
VIL_0719,2024-07-12 00:00:00,24.58,0.28,95.2,5.84
VIL_0720,2024-07-12 00:00:00,24.5,0.27,95.58,5.2
VIL_0721,2024-07-12 00:00:00,24.5,0.28,95.42,5.43
VIL_0722,2024-07-12 00:00:00,24.44,0.27,95.59,5.19
VIL_0723,2024-07-12 00:00:00,24.43,0.26,95.81,4.85
VIL_0724,2024-07-12 00:00:00,24.42,0.28,95.64,4.97
VIL_0725,2024-07-12 00:00:00,24.38,0.27,95.78,4.83
VIL_0726,2024-07-12 00:00:00,24.37,0.26,96.0,4.54
VIL_0727,2024-07-12 00:00:00,24.38,0.26,96.01,4.64
VIL_0728,2024-07-12 00:00:00,24.34,0.25,96.13,4.43
VIL_0729,2024-07-12 00:00:00,24.35,0.29,95.85,4.18
VIL_0730,2024-07-12 00:00:00,24.3,0.29,95.99,3.66
VIL_0731,2024-07-12 00:00:00,24.29,0.29,96.01,3.47
VIL_0732,2024-07-12 00:00:00,24.3,0.3,96.0,3.45
VIL_0733,2024-07-12 00:00:00,24.3,0.3,96.0,3.31
VIL_0734,2024-07-12 00:00:00,24.27,0.29,96.07,3.51
VIL_0735,2024-07-12 00:00:00,24.29,0.3,96.02,3.4
VIL_0736,2024-07-12 00:00:00,24.29,0.3,96.01,3.41
VIL_0737,2024-07-12 00:00:00,24.29,0.29,96.04,3.55
VIL_0738,2024-07-12 00:00:00,24.22,0.27,96.27,3.57
VIL_0739,2024-07-12 00:00:00,24.35,0.28,95.84,4.31
VIL_0740,2024-07-12 00:00:00,24.34,0.27,95.9,4.45
VIL_0741,2024-07-12 00:00:00,24.31,0.28,95.97,4.13
VIL_0742,2024-07-12 00:00:00,24.27,0.28,96.11,3.9
VIL_0743,2024-07-12 00:00:00,24.28,0.27,96.08,4.18
VIL_0744,2024-07-12 00:00:00,24.31,0.26,96.2,4.23
VIL_0745,2024-07-12 00:00:00,24.14,0.23,96.68,3.9
VIL_0746,2024-07-12 00:00:00,24.14,0.23,96.68,3.92
VIL_0747,2024-07-12 00:00:00,24.13,0.22,96.76,4.03
VIL_0748,2024-07-12 00:00:00,24.15,0.24,96.6,3.87
VIL_0749,2024-07-12 00:00:00,24.16,0.25,96.54,3.8
VIL_0750,2024-07-12 00:00:00,23.88,0.5,98.65,3.04
VIL_0751,2024-07-12 00:00:00,23.83,0.52,98.74,2.97
VIL_0752,2024-07-12 00:00:00,23.73,0.55,98.65,2.71
VIL_0753,2024-07-12 00:00:00,23.91,0.5,98.52,3.08
VIL_0754,2024-07-12 00:00:00,23.88,0.52,98.53,3.04
VIL_0755,2024-07-12 00:00:00,23.88,0.52,98.5,3.04
VIL_0756,2024-07-12 00:00:00,23.84,0.53,98.62,2.99
VIL_0757,2024-07-12 00:00:00,23.73,0.56,98.57,2.69
VIL_0758,2024-07-12 00:00:00,23.71,0.59,98.46,2.62
VIL_0759,2024-07-12 00:00:00,23.73,0.57,98.41,2.64
VIL_0760,2024-07-12 00:00:00,23.97,0.52,97.88,3.95
VIL_0761,2024-07-12 00:00:00,23.93,0.54,98.03,3.8
VIL_0762,2024-07-12 00:00:00,23.98,0.54,97.74,4.03
VIL_0763,2024-07-12 00:00:00,23.72,0.49,98.59,2.78
VIL_0764,2024-07-12 00:00:00,23.67,0.58,98.6,2.67
VIL_0765,2024-07-12 00:00:00,23.63,0.6,98.55,2.64
VIL_0766,2024-07-12 00:00:00,23.61,0.62,98.51,2.59
VIL_0767,2024-07-12 00:00:00,23.64,0.62,98.32,2.56
VIL_0768,2024-07-12 00:00:00,23.7,0.58,98.13,2.59
VIL_0769,2024-07-12 00:00:00,23.58,0.73,98.38,2.42
VIL_0770,2024-07-12 00:00:00,23.48,0.81,98.76,2.38
VIL_0771,2024-07-12 00:00:00,23.4,0.9,99.0,2.3
VIL_0772,2024-07-12 00:00:00,23.47,0.82,98.83,2.38
VIL_0773,2024-07-12 00:00:00,23.61,0.66,98.61,2.55
VIL_0774,2024-07-12 00:00:00,23.65,0.63,98.56,2.59
VIL_0775,2024-07-12 00:00:00,23.63,0.67,98.45,2.52
VIL_0776,2024-07-12 00:00:00,23.57,0.73,98.61,2.46
VIL_0777,2024-07-12 00:00:00,23.54,0.77,98.61,2.41
VIL_0778,2024-07-12 00:00:00,23.43,0.88,98.92,2.32
VIL_0779,2024-07-12 00:00:00,23.48,0.83,98.67,2.37
VIL_0780,2024-07-12 00:00:00,23.47,0.83,98.68,2.36
VIL_0781,2024-07-12 00:00:00,23.82,0.56,97.16,2.53
VIL_0782,2024-07-12 00:00:00,23.9,0.48,96.78,2.61
VIL_0783,2024-07-12 00:00:00,23.97,0.43,96.49,2.68
VIL_0784,2024-07-12 00:00:00,23.72,0.61,97.63,2.54
VIL_0785,2024-07-12 00:00:00,23.83,0.5,97.15,2.67
VIL_0786,2024-07-12 00:00:00,23.79,0.51,97.37,2.68
VIL_0787,2024-07-12 00:00:00,24.01,0.53,96.9,3.78
VIL_0788,2024-07-12 00:00:00,23.72,0.6,98.28,2.58
VIL_0789,2024-07-12 00:00:00,23.68,0.64,98.26,2.53
VIL_0790,2024-07-12 00:00:00,23.65,0.67,98.28,2.48
VIL_0791,2024-07-12 00:00:00,23.66,0.64,97.89,2.6
VIL_0792,2024-07-12 00:00:00,23.65,0.68,97.92,2.5
VIL_0793,2024-07-12 00:00:00,23.88,0.53,96.87,2.62
VIL_0794,2024-07-12 00:00:00,23.82,0.57,97.15,2.66
VIL_0795,2024-07-12 00:00:00,23.78,0.59,97.36,2.71
VIL_0796,2024-07-12 00:00:00,23.89,0.5,96.88,2.8
VIL_0797,2024-07-12 00:00:00,23.9,0.48,96.83,2.89
VIL_0798,2024-07-12 00:00:00,23.89,0.49,96.89,2.91
VIL_0799,2024-07-12 00:00:00,24.21,0.47,96.16,3.89
VIL_0800,2024-07-12 00:00:00,23.99,0.58,96.84,3.3
VIL_0801,2024-07-12 00:00:00,24.16,0.52,96.37,4.03
VIL_0802,2024-07-12 00:00:00,24.29,0.47,95.99,4.54
VIL_0803,2024-07-12 00:00:00,24.35,0.41,95.76,4.37
VIL_0804,2024-07-12 00:00:00,24.39,0.28,95.46,4.64
VIL_0805,2024-07-12 00:00:00,24.39,0.28,95.49,4.61
VIL_0806,2024-07-12 00:00:00,24.37,0.29,95.6,4.41
VIL_0807,2024-07-12 00:00:00,24.31,0.28,95.67,4.22
VIL_0808,2024-07-12 00:00:00,24.02,0.38,96.48,3.21
VIL_0809,2024-07-12 00:00:00,23.97,0.42,96.63,3.07
VIL_0810,2024-07-12 00:00:00,23.99,0.39,96.48,3.13
VIL_0811,2024-07-12 00:00:00,24.01,0.37,96.3,3.09
VIL_0812,2024-07-12 00:00:00,24.06,0.36,96.02,2.88
VIL_0813,2024-07-12 00:00:00,24.05,0.33,96.04,3.12
VIL_0814,2024-07-12 00:00:00,23.99,0.29,96.15,3.42
VIL_0815,2024-07-12 00:00:00,24.01,0.3,96.1,3.31
VIL_0816,2024-07-12 00:00:00,23.98,0.33,96.28,3.27
VIL_0817,2024-07-12 00:00:00,24.05,0.32,95.98,3.09
VIL_0818,2024-07-12 00:00:00,24.27,0.31,95.11,2.46
VIL_0819,2024-07-12 00:00:00,24.22,0.33,95.34,2.53
VIL_0820,2024-07-12 00:00:00,24.04,0.38,96.13,2.72
VIL_0821,2024-07-12 00:00:00,24.26,0.31,95.17,2.47
VIL_0822,2024-07-12 00:00:00,24.01,0.44,96.27,2.53
VIL_0823,2024-07-12 00:00:00,24.1,0.38,95.88,2.7
VIL_0824,2024-07-12 00:00:00,24.23,0.49,96.13,4.24
VIL_0825,2024-07-12 00:00:00,24.33,0.24,96.24,4.5
VIL_0826,2024-07-12 00:00:00,24.32,0.24,96.27,4.44
VIL_0827,2024-07-12 00:00:00,24.32,0.25,96.24,4.41
VIL_0828,2024-07-12 00:00:00,24.35,0.25,96.13,4.57
VIL_0829,2024-07-12 00:00:00,24.3,0.24,96.37,4.38
VIL_0830,2024-07-12 00:00:00,24.13,0.21,96.89,4.19
VIL_0831,2024-07-12 00:00:00,24.27,0.24,96.44,4.27
VIL_0832,2024-07-12 00:00:00,24.12,0.21,96.93,4.23
VIL_0833,2024-07-12 00:00:00,24.12,0.2,96.97,4.24
VIL_0834,2024-07-12 00:00:00,24.12,0.2,96.96,4.26
VIL_0835,2024-07-12 00:00:00,24.12,0.2,96.99,4.28
VIL_0836,2024-07-12 00:00:00,24.11,0.2,96.98,4.3
VIL_0837,2024-07-12 00:00:00,24.13,0.21,96.9,4.19
VIL_0838,2024-07-12 00:00:00,24.13,0.21,96.93,4.21
VIL_0839,2024-07-12 00:00:00,24.12,0.2,96.99,4.21
VIL_0840,2024-07-12 00:00:00,24.12,0.21,96.95,4.22
VIL_0841,2024-07-12 00:00:00,24.12,0.2,97.0,4.21
VIL_0842,2024-07-12 00:00:00,24.13,0.2,97.02,4.18
VIL_0843,2024-07-12 00:00:00,24.12,0.2,97.01,4.23
VIL_0844,2024-07-12 00:00:00,24.13,0.2,97.03,4.18
VIL_0845,2024-07-12 00:00:00,24.14,0.2,97.05,4.11
VIL_0846,2024-07-12 00:00:00,24.11,0.2,97.02,4.29
VIL_0847,2024-07-12 00:00:00,24.12,0.2,97.04,4.26
VIL_0848,2024-07-12 00:00:00,24.12,0.2,97.05,4.22
VIL_0849,2024-07-12 00:00:00,24.13,0.19,97.06,4.15
VIL_0850,2024-07-12 00:00:00,24.12,0.19,97.07,4.26
VIL_0851,2024-07-12 00:00:00,24.11,0.19,97.08,4.31
VIL_0852,2024-07-12 00:00:00,24.12,0.19,97.09,4.24
VIL_0853,2024-07-12 00:00:00,24.11,0.19,97.1,4.71
VIL_0854,2024-07-12 00:00:00,24.11,0.19,97.08,4.88
VIL_0855,2024-07-12 00:00:00,24.11,0.19,97.06,5.08
VIL_0856,2024-07-12 00:00:00,24.11,0.19,97.06,5.16
VIL_0857,2024-07-12 00:00:00,24.11,0.19,97.08,5.02
VIL_0858,2024-07-12 00:00:00,24.11,0.19,97.1,4.82
VIL_0859,2024-07-12 00:00:00,24.1,0.19,97.1,5.08
VIL_0860,2024-07-12 00:00:00,24.14,0.2,97.04,4.07
VIL_0861,2024-07-12 00:00:00,24.17,0.2,97.03,3.88
VIL_0862,2024-07-12 00:00:00,24.18,0.2,97.02,3.85
VIL_0863,2024-07-12 00:00:00,24.14,0.2,97.03,4.07
VIL_0864,2024-07-12 00:00:00,24.16,0.2,97.04,3.95
VIL_0865,2024-07-12 00:00:00,24.2,0.2,97.0,3.72
VIL_0866,2024-07-12 00:00:00,24.09,0.18,97.19,4.42
VIL_0867,2024-07-12 00:00:00,24.05,0.17,97.27,4.69
VIL_0868,2024-07-12 00:00:00,24.11,0.18,97.15,4.39
VIL_0869,2024-07-12 00:00:00,24.15,0.19,97.06,4.03
VIL_0870,2024-07-12 00:00:00,24.14,0.19,97.09,4.19
VIL_0871,2024-07-12 00:00:00,24.07,0.18,97.21,4.9
VIL_0872,2024-07-12 00:00:00,24.11,0.19,97.12,4.59
VIL_0873,2024-07-12 00:00:00,24.08,0.18,97.17,4.9
VIL_0874,2024-07-12 00:00:00,24.03,0.18,97.24,5.53
VIL_0875,2024-07-12 00:00:00,24.11,0.23,96.88,6.52
VIL_0876,2024-07-12 00:00:00,23.97,0.16,97.38,5.96
VIL_0877,2024-07-12 00:00:00,24.09,0.22,96.91,6.77
VIL_0878,2024-07-12 00:00:00,24.18,0.26,96.6,7.23
VIL_0879,2024-07-12 00:00:00,24.17,0.26,96.59,7.37
VIL_0880,2024-07-12 00:00:00,24.05,0.18,97.2,4.56
VIL_0881,2024-07-12 00:00:00,23.93,0.15,97.47,5.37
VIL_0882,2024-07-12 00:00:00,23.79,0.12,97.79,6.36
VIL_0883,2024-07-12 00:00:00,23.89,0.15,97.53,5.61
VIL_0884,2024-07-12 00:00:00,23.79,0.12,97.78,6.34
VIL_0885,2024-07-12 00:00:00,23.7,0.1,98.0,6.99
VIL_0886,2024-07-12 00:00:00,23.74,0.11,97.9,6.76
VIL_0887,2024-07-12 00:00:00,23.96,0.16,97.44,5.57
VIL_0888,2024-07-12 00:00:00,23.83,0.13,97.72,6.33
VIL_0889,2024-07-12 00:00:00,23.81,0.13,97.74,6.48
VIL_0890,2024-07-12 00:00:00,23.91,0.15,97.49,6.2
VIL_0891,2024-07-12 00:00:00,23.94,0.16,97.41,6.3
VIL_0892,2024-07-12 00:00:00,23.8,0.13,97.74,6.25
VIL_0893,2024-07-12 00:00:00,23.91,0.15,97.48,6.16
VIL_0894,2024-07-12 00:00:00,24.12,0.2,96.97,4.23
VIL_0895,2024-07-12 00:00:00,24.04,0.18,97.21,4.64
VIL_0896,2024-07-12 00:00:00,24.12,0.2,97.01,4.2
VIL_0897,2024-07-12 00:00:00,24.08,0.19,97.13,5.27
VIL_0898,2024-07-12 00:00:00,24.15,0.24,96.79,6.39
VIL_0899,2024-07-12 00:00:00,24.18,0.25,96.65,6.61
VIL_0900,2024-07-12 00:00:00,24.25,0.29,96.33,7.45
VIL_0901,2024-07-12 00:00:00,24.21,0.27,96.53,6.83
VIL_0902,2024-07-12 00:00:00,24.19,0.26,96.64,6.48
VIL_0903,2024-07-12 00:00:00,24.2,0.26,96.59,6.6
VIL_0904,2024-07-12 00:00:00,24.22,0.28,96.48,6.92
VIL_0905,2024-07-12 00:00:00,24.25,0.3,96.32,7.34
VIL_0906,2024-07-12 00:00:00,24.26,0.3,96.32,7.36
VIL_0907,2024-07-12 00:00:00,24.24,0.29,96.38,7.25
VIL_0908,2024-07-12 00:00:00,24.26,0.3,96.28,7.48
VIL_0909,2024-07-12 00:00:00,24.21,0.27,96.51,7.18
VIL_0910,2024-07-12 00:00:00,24.2,0.27,96.54,7.23
VIL_0911,2024-07-12 00:00:00,24.28,0.3,96.23,7.76
VIL_0912,2024-07-12 00:00:00,24.24,0.29,96.38,7.38
VIL_0913,2024-07-12 00:00:00,24.34,0.34,95.98,8.21
VIL_0914,2024-07-12 00:00:00,24.31,0.33,96.07,7.99
VIL_0915,2024-07-12 00:00:00,24.34,0.34,95.95,8.23
VIL_0916,2024-07-12 00:00:00,24.29,0.32,96.15,7.76
VIL_0917,2024-07-12 00:00:00,24.34,0.35,95.94,8.25
VIL_0918,2024-07-12 00:00:00,24.37,0.37,95.8,8.55
VIL_0919,2024-07-12 00:00:00,24.31,0.33,96.09,7.92
VIL_0920,2024-07-12 00:00:00,24.29,0.32,96.16,7.74
VIL_0921,2024-07-12 00:00:00,24.39,0.37,95.74,8.69
VIL_0922,2024-07-12 00:00:00,24.41,0.38,95.67,8.83
VIL_0923,2024-07-12 00:00:00,24.42,0.4,95.58,9.0
VIL_0924,2024-07-12 00:00:00,24.42,0.41,95.52,9.14
VIL_0925,2024-07-12 00:00:00,24.29,0.3,96.2,7.91
VIL_0926,2024-07-12 00:00:00,24.31,0.31,96.13,8.04
VIL_0927,2024-07-12 00:00:00,24.36,0.32,95.98,8.24
VIL_0928,2024-07-12 00:00:00,24.39,0.34,95.88,8.41
VIL_0929,2024-07-12 00:00:00,24.41,0.34,95.83,8.47
VIL_0930,2024-07-12 00:00:00,24.4,0.32,95.91,8.32
VIL_0931,2024-07-12 00:00:00,24.39,0.32,95.93,8.3
VIL_0932,2024-07-12 00:00:00,24.36,0.32,96.01,8.19
VIL_0933,2024-07-12 00:00:00,24.33,0.32,96.06,8.09
VIL_0934,2024-07-12 00:00:00,24.35,0.33,95.96,8.27
VIL_0935,2024-07-12 00:00:00,24.37,0.33,95.94,8.3
VIL_0936,2024-07-12 00:00:00,24.39,0.35,95.8,8.56
VIL_0937,2024-07-12 00:00:00,24.41,0.35,95.79,8.55
VIL_0938,2024-07-12 00:00:00,24.39,0.32,95.93,8.28
VIL_0939,2024-07-12 00:00:00,24.4,0.31,95.95,8.23
VIL_0940,2024-07-12 00:00:00,24.4,0.3,95.99,8.12
VIL_0941,2024-07-12 00:00:00,24.42,0.35,95.75,8.64
VIL_0942,2024-07-12 00:00:00,24.41,0.33,95.88,8.36
VIL_0943,2024-07-12 00:00:00,24.37,0.34,95.88,8.44
VIL_0944,2024-07-12 00:00:00,24.38,0.35,95.85,8.51
VIL_0945,2024-07-12 00:00:00,24.38,0.35,95.82,8.55
VIL_0946,2024-07-12 00:00:00,24.39,0.36,95.76,8.67
VIL_0947,2024-07-12 00:00:00,24.38,0.36,95.79,8.63
VIL_0948,2024-07-12 00:00:00,24.4,0.37,95.72,8.75
VIL_0949,2024-07-12 00:00:00,24.41,0.37,95.68,8.82
VIL_0950,2024-07-12 00:00:00,24.41,0.36,95.75,8.67
VIL_0951,2024-07-12 00:00:00,24.43,0.38,95.61,8.93
VIL_0952,2024-07-12 00:00:00,24.45,0.42,95.44,9.29
VIL_0953,2024-07-12 00:00:00,24.42,0.39,95.61,8.95
VIL_0954,2024-07-12 00:00:00,24.44,0.4,95.52,9.13
VIL_0955,2024-07-12 00:00:00,24.44,0.41,95.47,9.24
VIL_0956,2024-07-12 00:00:00,24.45,0.43,95.4,9.39
VIL_0957,2024-07-12 00:00:00,24.44,0.42,95.46,9.27
VIL_0958,2024-07-12 00:00:00,24.42,0.4,95.54,9.1
VIL_0959,2024-07-12 00:00:00,24.43,0.4,95.54,9.11
VIL_0960,2024-07-12 00:00:00,24.41,0.39,95.62,8.95
VIL_0961,2024-07-12 00:00:00,24.42,0.4,95.58,9.02
VIL_0962,2024-07-12 00:00:00,24.41,0.4,95.6,9.0
VIL_0963,2024-07-12 00:00:00,24.41,0.39,95.63,8.94
VIL_0964,2024-07-12 00:00:00,24.4,0.39,95.65,8.89
VIL_0965,2024-07-12 00:00:00,24.41,0.39,95.61,8.96
VIL_0966,2024-07-12 00:00:00,24.39,0.38,95.68,8.84
VIL_0967,2024-07-12 00:00:00,24.39,0.38,95.71,8.78
VIL_0968,2024-07-12 00:00:00,24.39,0.37,95.73,8.74
VIL_0969,2024-07-12 00:00:00,24.4,0.38,95.68,8.84
VIL_0970,2024-07-12 00:00:00,24.4,0.38,95.7,8.8
VIL_0971,2024-07-12 00:00:00,24.39,0.37,95.74,8.72
VIL_0972,2024-07-12 00:00:00,24.4,0.38,95.69,8.82
VIL_0973,2024-07-12 00:00:00,24.42,0.28,95.63,4.72
VIL_0974,2024-07-12 00:00:00,24.36,0.29,95.79,4.31
VIL_0975,2024-07-12 00:00:00,24.34,0.28,95.83,4.23
VIL_0976,2024-07-12 00:00:00,24.37,0.29,95.64,4.31
VIL_0977,2024-07-12 00:00:00,24.31,0.29,95.85,3.84
VIL_0978,2024-07-12 00:00:00,24.29,0.29,96.01,3.59
VIL_0979,2024-07-12 00:00:00,24.24,0.29,96.09,3.41
VIL_0980,2024-07-12 00:00:00,24.25,0.28,95.92,3.8
VIL_0981,2024-07-12 00:00:00,24.24,0.28,95.82,3.97
VIL_0982,2024-07-12 00:00:00,24.12,0.27,96.21,3.6
VIL_0983,2024-07-12 00:00:00,24.0,0.33,96.34,3.37
VIL_0984,2024-07-12 00:00:00,24.02,0.32,96.38,3.45
VIL_0985,2024-07-12 00:00:00,24.1,0.26,96.27,3.67
VIL_0986,2024-07-12 00:00:00,23.95,0.24,96.46,3.94
VIL_0987,2024-07-12 00:00:00,23.93,0.28,96.43,3.67
VIL_0988,2024-07-12 00:00:00,23.83,0.22,96.7,4.25
VIL_0989,2024-07-12 00:00:00,24.18,0.28,96.19,3.55
VIL_0990,2024-07-12 00:00:00,24.04,0.25,96.42,3.85
VIL_0991,2024-07-12 00:00:00,23.82,0.22,96.78,4.32
VIL_0992,2024-07-12 00:00:00,23.8,0.21,96.83,4.38
VIL_0993,2024-07-12 00:00:00,23.75,0.21,96.92,4.49
VIL_0994,2024-07-12 00:00:00,23.72,0.2,96.95,4.54
VIL_0995,2024-07-12 00:00:00,23.74,0.21,96.91,4.49
VIL_0996,2024-07-12 00:00:00,23.81,0.21,96.75,4.3
VIL_0997,2024-07-12 00:00:00,23.89,0.23,96.49,4.01
VIL_0998,2024-07-12 00:00:00,23.87,0.2,96.83,4.53
VIL_0999,2024-07-12 00:00:00,23.94,0.23,96.44,3.93
VIL_1000,2024-07-12 00:00:00,23.81,0.21,96.8,4.34
VIL_1001,2024-07-12 00:00:00,23.85,0.22,96.78,4.3
VIL_1002,2024-07-12 00:00:00,23.92,0.22,96.7,4.17
VIL_1003,2024-07-12 00:00:00,23.91,0.19,96.86,4.75
VIL_1004,2024-07-12 00:00:00,23.86,0.15,97.5,5.58
VIL_1005,2024-07-12 00:00:00,23.87,0.18,97.23,4.95
VIL_1006,2024-07-12 00:00:00,23.92,0.16,97.4,5.29
VIL_1007,2024-07-12 00:00:00,24.04,0.21,96.87,4.18
VIL_1008,2024-07-12 00:00:00,23.93,0.18,97.17,4.76
VIL_1009,2024-07-12 00:00:00,24.07,0.21,96.87,4.17
VIL_1010,2024-07-12 00:00:00,24.04,0.22,96.83,4.16
VIL_1011,2024-07-12 00:00:00,23.97,0.22,96.84,4.22
VIL_1012,2024-07-12 00:00:00,23.9,0.22,96.7,4.2
VIL_1013,2024-07-12 00:00:00,24.0,0.23,96.61,4.04
VIL_1014,2024-07-12 00:00:00,24.06,0.23,96.75,4.08
VIL_1015,2024-07-12 00:00:00,24.14,0.25,96.54,3.85
VIL_1016,2024-07-12 00:00:00,24.11,0.24,96.57,3.9
VIL_1017,2024-07-12 00:00:00,24.04,0.25,96.48,3.9
VIL_1018,2024-07-12 00:00:00,23.98,0.24,96.54,4.0
VIL_1019,2024-07-12 00:00:00,24.19,0.27,96.22,3.57
VIL_1020,2024-07-12 00:00:00,24.12,0.23,96.74,4.03
VIL_1021,2024-07-12 00:00:00,24.1,0.22,96.83,4.13
VIL_1022,2024-07-12 00:00:00,24.1,0.21,96.94,4.23
VIL_1023,2024-07-12 00:00:00,24.04,0.19,97.09,4.49
VIL_1024,2024-07-12 00:00:00,24.1,0.2,97.0,4.3
VIL_1025,2024-07-12 00:00:00,24.11,0.21,96.93,4.19
VIL_1026,2024-07-12 00:00:00,24.11,0.2,97.0,4.27
VIL_1027,2024-07-12 00:00:00,24.1,0.2,97.0,4.3
VIL_1028,2024-07-12 00:00:00,24.1,0.2,97.02,4.34
VIL_1029,2024-07-12 00:00:00,24.04,0.19,97.14,4.56
VIL_1030,2024-07-12 00:00:00,17.58,0.09,98.1,7.24
VIL_1031,2024-07-12 00:00:00,24.12,0.03,96.33,4.44
VIL_0001,2024-07-12 06:00:00,26.6,0.72,85.71,11.25
VIL_0002,2024-07-12 06:00:00,26.58,0.71,85.8,11.24
VIL_0003,2024-07-12 06:00:00,26.53,0.69,86.06,11.21
VIL_0004,2024-07-12 06:00:00,26.54,0.69,86.0,11.22
VIL_0005,2024-07-12 06:00:00,26.51,0.66,86.2,11.18
VIL_0006,2024-07-12 06:00:00,26.48,0.64,86.4,11.14
VIL_0007,2024-07-12 06:00:00,26.45,0.59,86.63,11.06
VIL_0008,2024-07-12 06:00:00,26.56,0.74,85.84,11.3
VIL_0009,2024-07-12 06:00:00,26.41,0.53,86.91,10.95
VIL_0010,2024-07-12 06:00:00,26.41,0.52,86.93,10.94
VIL_0011,2024-07-12 06:00:00,26.47,0.65,86.39,11.18
VIL_0012,2024-07-12 06:00:00,26.53,0.76,85.93,11.37
VIL_0013,2024-07-12 06:00:00,26.61,0.82,85.48,11.44
VIL_0014,2024-07-12 06:00:00,26.45,0.65,86.51,11.18
VIL_0015,2024-07-12 06:00:00,26.59,0.86,85.5,11.54
VIL_0016,2024-07-12 06:00:00,26.4,0.5,86.99,10.91
VIL_0017,2024-07-12 06:00:00,26.42,0.61,86.72,11.11
VIL_0018,2024-07-12 06:00:00,26.51,0.84,85.9,11.53
VIL_0019,2024-07-12 06:00:00,26.51,1.09,85.4,12.05
VIL_0020,2024-07-12 06:00:00,26.72,0.92,84.8,11.59
VIL_0021,2024-07-12 06:00:00,26.72,1.01,84.62,11.79
VIL_0022,2024-07-12 06:00:00,26.7,1.14,84.46,12.06
VIL_0023,2024-07-12 06:00:00,27.01,0.92,83.52,11.46
VIL_0024,2024-07-12 06:00:00,26.55,1.39,84.66,12.64
VIL_0025,2024-07-12 06:00:00,26.96,1.03,83.53,11.73
VIL_0026,2024-07-12 06:00:00,26.71,1.32,84.12,12.44
VIL_0027,2024-07-12 06:00:00,27.44,0.76,81.96,10.98
VIL_0028,2024-07-12 06:00:00,27.14,0.96,82.91,11.52
VIL_0029,2024-07-12 06:00:00,26.43,0.8,86.29,11.5
VIL_0030,2024-07-12 06:00:00,26.43,1.2,85.57,12.32
VIL_0031,2024-07-12 06:00:00,26.33,1.72,85.01,13.42
VIL_0032,2024-07-12 06:00:00,26.43,1.43,85.1,12.79
VIL_0033,2024-07-12 06:00:00,26.31,1.78,84.98,13.56
VIL_0034,2024-07-12 06:00:00,26.37,1.69,84.89,13.35
VIL_0035,2024-07-12 06:00:00,26.42,1.66,84.77,13.26
VIL_0036,2024-07-12 06:00:00,26.89,1.23,83.52,12.19
VIL_0037,2024-07-12 06:00:00,26.62,1.46,84.23,12.77
VIL_0038,2024-07-12 06:00:00,26.88,1.25,83.53,12.24
VIL_0039,2024-07-12 06:00:00,27.12,1.05,82.83,11.75
VIL_0040,2024-07-12 06:00:00,26.92,1.21,83.41,12.15
VIL_0041,2024-07-12 06:00:00,27.31,0.92,82.28,11.42
VIL_0042,2024-07-12 06:00:00,27.95,0.47,80.36,10.31
VIL_0043,2024-07-12 06:00:00,27.74,0.62,80.99,10.69
VIL_0044,2024-07-12 06:00:00,27.2,1.0,82.59,11.63
VIL_0045,2024-07-12 06:00:00,27.5,0.78,81.7,11.08
VIL_0046,2024-07-12 06:00:00,27.7,0.63,81.12,10.69
VIL_0047,2024-07-12 06:00:00,27.67,0.62,81.2,10.58
VIL_0048,2024-07-12 06:00:00,27.89,0.51,80.52,10.39
VIL_0049,2024-07-12 06:00:00,28.22,0.31,79.54,9.93
VIL_0050,2024-07-12 06:00:00,28.15,0.35,79.75,10.03
VIL_0051,2024-07-12 06:00:00,27.97,0.47,80.3,10.31
VIL_0052,2024-07-12 06:00:00,28.16,0.37,79.76,10.02
VIL_0053,2024-07-12 06:00:00,28.32,0.25,79.24,9.79
VIL_0054,2024-07-12 06:00:00,27.95,0.44,80.24,9.98
VIL_0055,2024-07-12 06:00:00,28.0,0.42,80.14,10.04
VIL_0056,2024-07-12 06:00:00,28.26,0.3,79.41,9.81
VIL_0057,2024-07-12 06:00:00,28.4,0.2,79.01,9.7
VIL_0058,2024-07-12 06:00:00,28.37,0.22,79.08,9.73
VIL_0059,2024-07-12 06:00:00,28.37,0.22,79.08,9.72
VIL_0060,2024-07-12 06:00:00,28.3,0.27,79.33,9.81
VIL_0061,2024-07-12 06:00:00,28.23,0.31,79.55,9.86
VIL_0062,2024-07-12 06:00:00,28.37,0.22,79.09,9.71
VIL_0063,2024-07-12 06:00:00,28.29,0.27,79.29,9.63
VIL_0064,2024-07-12 06:00:00,28.19,0.34,79.53,9.59
VIL_0065,2024-07-12 06:00:00,28.27,0.27,79.15,9.17
VIL_0066,2024-07-12 06:00:00,28.22,0.15,78.64,8.82
VIL_0067,2024-07-12 06:00:00,28.29,0.26,79.14,9.23
VIL_0068,2024-07-12 06:00:00,28.24,0.17,78.77,8.91
VIL_0069,2024-07-12 06:00:00,28.28,0.26,79.23,9.34
VIL_0070,2024-07-12 06:00:00,28.26,0.28,79.41,9.48
VIL_0071,2024-07-12 06:00:00,28.29,0.26,79.33,9.62
VIL_0072,2024-07-12 06:00:00,28.28,0.27,79.39,9.68
VIL_0073,2024-07-12 06:00:00,28.35,0.23,79.15,9.72
VIL_0074,2024-07-12 06:00:00,28.33,0.25,79.23,9.76
VIL_0075,2024-07-12 06:00:00,28.31,0.26,79.31,9.75
VIL_0076,2024-07-12 06:00:00,28.19,0.33,79.76,9.82
VIL_0077,2024-07-12 06:00:00,28.23,0.31,79.61,9.77
VIL_0078,2024-07-12 06:00:00,28.29,0.27,79.37,9.75
VIL_0079,2024-07-12 06:00:00,28.2,0.32,79.71,9.77
VIL_0080,2024-07-12 06:00:00,28.25,0.29,79.5,9.7
VIL_0081,2024-07-12 06:00:00,28.19,0.31,79.73,9.53
VIL_0082,2024-07-12 06:00:00,28.02,0.24,79.66,9.29
VIL_0083,2024-07-12 06:00:00,27.89,0.29,80.25,9.42
VIL_0084,2024-07-12 06:00:00,27.96,0.27,80.0,9.45
VIL_0085,2024-07-12 06:00:00,27.87,0.31,80.39,9.5
VIL_0086,2024-07-12 06:00:00,27.78,0.34,80.84,9.57
VIL_0087,2024-07-12 06:00:00,28.07,0.38,80.32,9.73
VIL_0088,2024-07-12 06:00:00,28.33,0.13,78.32,8.54
VIL_0089,2024-07-12 06:00:00,28.4,0.12,78.22,8.46
VIL_0090,2024-07-12 06:00:00,28.43,0.11,78.12,8.39
VIL_0091,2024-07-12 06:00:00,28.47,0.11,78.07,8.35
VIL_0092,2024-07-12 06:00:00,28.39,0.12,78.24,8.45
VIL_0093,2024-07-12 06:00:00,28.35,0.12,78.25,8.47
VIL_0094,2024-07-12 06:00:00,27.98,0.16,78.77,8.85
VIL_0095,2024-07-12 06:00:00,27.44,0.31,79.08,9.17
VIL_0096,2024-07-12 06:00:00,28.15,0.14,78.48,8.69
VIL_0097,2024-07-12 06:00:00,27.91,0.15,78.72,8.9
VIL_0098,2024-07-12 06:00:00,25.36,0.39,78.97,10.79
VIL_0099,2024-07-12 06:00:00,26.72,0.39,79.44,9.74
VIL_0100,2024-07-12 06:00:00,28.16,0.2,79.12,9.14
VIL_0101,2024-07-12 06:00:00,28.12,0.2,79.19,9.05
VIL_0102,2024-07-12 06:00:00,28.2,0.17,78.83,8.8
VIL_0103,2024-07-12 06:00:00,28.16,0.17,78.84,8.75
VIL_0104,2024-07-12 06:00:00,27.57,0.24,79.77,9.31
VIL_0105,2024-07-12 06:00:00,27.41,0.45,82.11,9.7
VIL_0106,2024-07-12 06:00:00,27.51,0.42,81.75,9.61
VIL_0107,2024-07-12 06:00:00,27.7,0.33,80.7,9.37
VIL_0108,2024-07-12 06:00:00,27.93,0.23,79.54,9.04
VIL_0109,2024-07-12 06:00:00,27.82,0.29,80.27,9.27
VIL_0110,2024-07-12 06:00:00,27.96,0.24,79.7,9.12
VIL_0111,2024-07-12 06:00:00,27.92,0.27,79.99,9.29
VIL_0112,2024-07-12 06:00:00,27.75,0.34,80.85,9.49
VIL_0113,2024-07-12 06:00:00,27.75,0.33,80.73,9.41
VIL_0114,2024-07-12 06:00:00,27.59,0.4,81.54,9.56
VIL_0115,2024-07-12 06:00:00,27.59,0.42,81.74,9.61
VIL_0116,2024-07-12 06:00:00,27.63,0.41,81.59,9.61
VIL_0117,2024-07-12 06:00:00,27.68,0.39,81.37,9.61
VIL_0118,2024-07-12 06:00:00,27.52,0.47,82.36,9.72
VIL_0119,2024-07-12 06:00:00,27.48,0.48,82.44,9.71
VIL_0120,2024-07-12 06:00:00,27.4,0.55,83.23,9.82
VIL_0121,2024-07-12 06:00:00,27.39,0.54,83.14,9.81
VIL_0122,2024-07-12 06:00:00,27.4,0.55,83.34,9.84
VIL_0123,2024-07-12 06:00:00,25.37,0.59,80.13,10.78
VIL_0124,2024-07-12 06:00:00,24.97,0.39,79.3,11.12
VIL_0125,2024-07-12 06:00:00,24.77,0.33,79.43,11.32
VIL_0126,2024-07-12 06:00:00,24.52,0.21,79.95,11.58
VIL_0127,2024-07-12 06:00:00,24.56,0.25,79.87,11.53
VIL_0128,2024-07-12 06:00:00,24.79,0.6,79.28,11.16
VIL_0129,2024-07-12 06:00:00,24.84,0.67,78.95,11.09
VIL_0130,2024-07-12 06:00:00,25.11,1.1,78.7,10.65
VIL_0131,2024-07-12 06:00:00,25.27,1.45,78.49,10.33
VIL_0132,2024-07-12 06:00:00,25.22,1.83,78.52,10.18
VIL_0133,2024-07-12 06:00:00,25.03,1.36,78.58,10.58
VIL_0134,2024-07-12 06:00:00,25.01,2.03,78.71,10.25
VIL_0135,2024-07-12 06:00:00,25.19,1.4,77.7,10.45
VIL_0136,2024-07-12 06:00:00,25.69,0.78,75.07,10.41
VIL_0137,2024-07-12 06:00:00,25.27,0.7,77.09,10.75
VIL_0138,2024-07-12 06:00:00,25.33,0.61,77.05,10.75
VIL_0139,2024-07-12 06:00:00,26.29,0.33,71.98,10.15
VIL_0140,2024-07-12 06:00:00,25.77,0.94,74.87,10.19
VIL_0141,2024-07-12 06:00:00,25.98,0.78,74.03,10.06
VIL_0142,2024-07-12 06:00:00,26.31,0.33,71.87,10.13
VIL_0143,2024-07-12 06:00:00,26.25,0.42,72.71,10.04
VIL_0144,2024-07-12 06:00:00,25.22,1.94,78.49,10.12
VIL_0145,2024-07-12 06:00:00,24.9,2.29,78.99,10.2
VIL_0146,2024-07-12 06:00:00,25.74,1.66,77.78,9.56
VIL_0147,2024-07-12 06:00:00,25.17,1.83,77.84,10.24
VIL_0148,2024-07-12 06:00:00,25.79,1.2,76.41,9.76
VIL_0149,2024-07-12 06:00:00,27.7,1.18,80.09,8.17
VIL_0150,2024-07-12 06:00:00,27.33,0.63,84.17,9.93
VIL_0151,2024-07-12 06:00:00,27.3,0.69,84.68,9.96
VIL_0152,2024-07-12 06:00:00,27.35,0.69,84.71,9.94
VIL_0153,2024-07-12 06:00:00,27.3,0.7,84.94,9.99
VIL_0154,2024-07-12 06:00:00,27.31,0.62,84.05,9.93
VIL_0155,2024-07-12 06:00:00,27.32,0.57,83.52,9.88
VIL_0156,2024-07-12 06:00:00,27.25,0.62,83.41,9.82
VIL_0157,2024-07-12 06:00:00,27.34,0.47,82.37,9.77
VIL_0158,2024-07-12 06:00:00,26.98,0.61,81.99,9.82
VIL_0159,2024-07-12 06:00:00,26.8,0.61,81.36,9.87
VIL_0160,2024-07-12 06:00:00,26.73,0.65,81.67,9.95
VIL_0161,2024-07-12 06:00:00,25.95,0.77,80.83,10.36
VIL_0162,2024-07-12 06:00:00,26.23,0.98,81.54,10.13
VIL_0163,2024-07-12 06:00:00,26.63,0.72,82.14,10.07
VIL_0164,2024-07-12 06:00:00,27.13,0.61,82.8,9.81
VIL_0165,2024-07-12 06:00:00,26.87,0.7,82.8,10.0
VIL_0166,2024-07-12 06:00:00,27.27,0.66,84.0,9.88
VIL_0167,2024-07-12 06:00:00,27.2,0.65,83.31,9.82
VIL_0168,2024-07-12 06:00:00,27.27,0.67,84.25,9.91
VIL_0169,2024-07-12 06:00:00,27.28,0.69,84.42,9.92
VIL_0170,2024-07-12 06:00:00,27.29,0.69,84.54,9.93
VIL_0171,2024-07-12 06:00:00,27.3,0.69,84.81,9.97
VIL_0172,2024-07-12 06:00:00,27.3,0.7,84.99,10.0
VIL_0173,2024-07-12 06:00:00,27.3,0.74,84.43,9.88
VIL_0174,2024-07-12 06:00:00,27.13,0.81,83.83,9.88
VIL_0175,2024-07-12 06:00:00,27.08,0.87,83.25,9.78
VIL_0176,2024-07-12 06:00:00,27.09,0.83,83.67,9.88
VIL_0177,2024-07-12 06:00:00,27.04,0.91,82.81,9.72
VIL_0178,2024-07-12 06:00:00,26.98,0.85,83.4,9.9
VIL_0179,2024-07-12 06:00:00,27.0,0.89,83.02,9.8
VIL_0180,2024-07-12 06:00:00,26.96,0.96,82.3,9.67
VIL_0181,2024-07-12 06:00:00,26.84,1.0,81.97,9.69
VIL_0182,2024-07-12 06:00:00,26.75,0.97,82.19,9.82
VIL_0183,2024-07-12 06:00:00,26.58,0.97,82.08,9.94
VIL_0184,2024-07-12 06:00:00,26.58,1.03,81.68,9.84
VIL_0185,2024-07-12 06:00:00,26.16,1.14,80.76,9.97
VIL_0186,2024-07-12 06:00:00,26.3,1.32,80.05,9.65
VIL_0187,2024-07-12 06:00:00,26.72,1.13,80.9,9.54
VIL_0188,2024-07-12 06:00:00,27.15,1.23,79.8,8.94
VIL_0189,2024-07-12 06:00:00,26.97,1.15,80.56,9.26
VIL_0190,2024-07-12 06:00:00,26.97,1.06,81.39,9.46
VIL_0191,2024-07-12 06:00:00,27.23,1.16,80.24,8.98
VIL_0192,2024-07-12 06:00:00,27.12,1.11,80.82,9.21
VIL_0193,2024-07-12 06:00:00,27.28,1.14,80.37,8.97
VIL_0194,2024-07-12 06:00:00,27.21,1.1,80.79,9.13
VIL_0195,2024-07-12 06:00:00,27.13,1.06,81.24,9.29
VIL_0196,2024-07-12 06:00:00,27.05,0.97,82.2,9.57
VIL_0197,2024-07-12 06:00:00,27.67,1.19,80.1,8.33
VIL_0198,2024-07-12 06:00:00,27.7,1.21,79.82,8.3
VIL_0199,2024-07-12 06:00:00,27.79,1.21,79.59,8.22
VIL_0200,2024-07-12 06:00:00,27.79,1.2,79.62,8.2
VIL_0201,2024-07-12 06:00:00,27.76,1.19,79.79,8.21
VIL_0202,2024-07-12 06:00:00,27.89,1.2,79.34,8.12
VIL_0203,2024-07-12 06:00:00,27.92,1.2,79.21,8.12
VIL_0204,2024-07-12 06:00:00,27.93,1.2,79.22,8.09
VIL_0205,2024-07-12 06:00:00,27.82,1.37,79.65,8.0
VIL_0206,2024-07-12 06:00:00,27.73,1.47,80.04,7.95
VIL_0207,2024-07-12 06:00:00,27.81,1.38,79.76,7.95
VIL_0208,2024-07-12 06:00:00,27.89,1.29,79.4,8.02
VIL_0209,2024-07-12 06:00:00,27.88,1.19,79.06,8.04
VIL_0210,2024-07-12 06:00:00,27.73,1.41,80.26,7.7
VIL_0211,2024-07-12 06:00:00,27.72,1.46,80.6,7.58
VIL_0212,2024-07-12 06:00:00,27.77,1.18,79.89,8.03
VIL_0213,2024-07-12 06:00:00,27.55,1.74,80.97,7.84
VIL_0214,2024-07-12 06:00:00,27.5,1.8,81.15,7.84
VIL_0215,2024-07-12 06:00:00,27.7,1.71,82.02,7.84
VIL_0216,2024-07-12 06:00:00,27.68,1.25,79.56,8.26
VIL_0217,2024-07-12 06:00:00,27.13,1.32,79.36,8.55
VIL_0218,2024-07-12 06:00:00,26.83,1.44,78.69,8.68
VIL_0219,2024-07-12 06:00:00,26.98,1.37,78.79,8.48
VIL_0220,2024-07-12 06:00:00,27.4,1.2,79.22,7.92
VIL_0221,2024-07-12 06:00:00,27.57,1.11,79.64,7.49
VIL_0222,2024-07-12 06:00:00,27.94,1.2,79.01,8.1
VIL_0223,2024-07-12 06:00:00,27.99,1.2,79.03,8.1
VIL_0224,2024-07-12 06:00:00,27.96,1.2,79.07,8.11
VIL_0225,2024-07-12 06:00:00,27.91,1.21,79.21,8.13
VIL_0226,2024-07-12 06:00:00,27.83,1.23,79.27,8.15
VIL_0227,2024-07-12 06:00:00,26.75,1.08,77.86,8.33
VIL_0228,2024-07-12 06:00:00,28.16,0.74,81.73,5.57
VIL_0229,2024-07-12 06:00:00,28.38,0.81,82.87,5.06
VIL_0230,2024-07-12 06:00:00,28.48,0.98,83.19,4.83
VIL_0231,2024-07-12 06:00:00,28.58,0.65,83.03,4.63
VIL_0232,2024-07-12 06:00:00,27.17,0.47,84.14,10.38
VIL_0233,2024-07-12 06:00:00,26.99,0.84,85.66,8.43
VIL_0234,2024-07-12 06:00:00,26.59,1.29,86.35,9.97
VIL_0235,2024-07-12 06:00:00,28.27,0.24,78.89,14.52
VIL_0236,2024-07-12 06:00:00,27.88,0.78,80.75,6.17
VIL_0237,2024-07-12 06:00:00,27.42,2.38,81.04,6.73
VIL_0238,2024-07-12 06:00:00,27.74,3.19,83.58,6.03
VIL_0239,2024-07-12 06:00:00,27.97,1.02,82.2,5.74
VIL_0240,2024-07-12 06:00:00,27.57,3.37,84.95,6.57
VIL_0241,2024-07-12 06:00:00,27.25,4.4,85.61,7.13
VIL_0242,2024-07-12 06:00:00,28.27,1.69,83.64,5.15
VIL_0243,2024-07-12 06:00:00,28.12,2.03,83.88,5.43
VIL_0244,2024-07-12 06:00:00,27.58,3.67,85.15,6.24
VIL_0245,2024-07-12 06:00:00,26.97,5.35,86.32,7.48
VIL_0246,2024-07-12 06:00:00,26.49,6.84,87.52,8.18
VIL_0247,2024-07-12 06:00:00,26.16,8.46,88.04,8.75
VIL_0248,2024-07-12 06:00:00,27.89,1.34,82.29,6.33
VIL_0249,2024-07-12 06:00:00,27.98,1.39,83.14,5.9
VIL_0250,2024-07-12 06:00:00,27.49,3.64,85.09,6.56
VIL_0251,2024-07-12 06:00:00,26.81,5.52,87.09,7.41
VIL_0252,2024-07-12 06:00:00,26.67,5.32,87.35,7.75
VIL_0253,2024-07-12 06:00:00,26.98,4.75,86.37,7.33
VIL_0254,2024-07-12 06:00:00,26.65,5.4,87.15,7.89
VIL_0255,2024-07-12 06:00:00,27.12,4.42,85.45,7.39
VIL_0256,2024-07-12 06:00:00,27.38,3.78,84.59,7.07
VIL_0257,2024-07-12 06:00:00,27.64,1.82,83.0,6.74
VIL_0258,2024-07-12 06:00:00,27.64,1.69,81.98,7.14
VIL_0259,2024-07-12 06:00:00,27.68,1.56,81.35,7.3
VIL_0260,2024-07-12 06:00:00,27.7,1.53,80.48,7.77
VIL_0261,2024-07-12 06:00:00,27.63,1.65,81.22,7.54
VIL_0262,2024-07-12 06:00:00,27.5,1.95,82.33,7.37
VIL_0263,2024-07-12 06:00:00,27.53,1.86,81.91,7.48
VIL_0264,2024-07-12 06:00:00,27.56,1.76,81.28,7.69
VIL_0265,2024-07-12 06:00:00,27.65,1.59,80.51,7.87
VIL_0266,2024-07-12 06:00:00,27.56,1.74,81.04,7.8
VIL_0267,2024-07-12 06:00:00,27.48,1.86,81.4,7.8
VIL_0268,2024-07-12 06:00:00,27.41,2.06,82.16,7.67
VIL_0269,2024-07-12 06:00:00,27.38,2.17,82.7,7.53
VIL_0270,2024-07-12 06:00:00,27.26,4.04,84.63,7.38
VIL_0271,2024-07-12 06:00:00,27.33,2.13,82.18,7.78
VIL_0272,2024-07-12 06:00:00,27.36,2.11,82.18,7.74
VIL_0273,2024-07-12 06:00:00,27.29,2.29,82.8,7.68
VIL_0274,2024-07-12 06:00:00,27.36,2.27,83.77,7.9
VIL_0275,2024-07-12 06:00:00,27.32,2.3,83.91,7.97
VIL_0276,2024-07-12 06:00:00,27.17,2.6,84.78,8.03
VIL_0277,2024-07-12 06:00:00,27.29,2.43,84.23,7.89
VIL_0278,2024-07-12 06:00:00,27.13,4.4,84.93,7.6
VIL_0279,2024-07-12 06:00:00,26.93,4.9,85.9,7.7
VIL_0280,2024-07-12 06:00:00,26.88,3.24,86.26,8.1
VIL_0281,2024-07-12 06:00:00,26.97,3.02,85.79,8.07
VIL_0282,2024-07-12 06:00:00,27.15,2.69,84.96,7.95
VIL_0283,2024-07-12 06:00:00,26.92,3.05,85.94,8.2
VIL_0284,2024-07-12 06:00:00,27.04,2.82,85.39,8.13
VIL_0285,2024-07-12 06:00:00,27.13,2.63,84.92,8.1
VIL_0286,2024-07-12 06:00:00,27.1,2.6,84.97,8.21
VIL_0287,2024-07-12 06:00:00,27.0,2.78,85.45,8.26
VIL_0288,2024-07-12 06:00:00,26.91,3.01,85.91,8.26
VIL_0289,2024-07-12 06:00:00,26.91,2.96,85.88,8.33
VIL_0290,2024-07-12 06:00:00,26.97,2.78,85.55,8.34
VIL_0291,2024-07-12 06:00:00,26.94,2.77,85.65,8.44
VIL_0292,2024-07-12 06:00:00,26.86,2.89,85.99,8.52
VIL_0293,2024-07-12 06:00:00,26.83,3.02,86.17,8.48
VIL_0294,2024-07-12 06:00:00,26.76,3.14,86.46,8.54
VIL_0295,2024-07-12 06:00:00,26.75,3.24,86.57,8.48
VIL_0296,2024-07-12 06:00:00,26.72,3.47,86.8,8.31
VIL_0297,2024-07-12 06:00:00,26.64,3.7,87.18,8.31
VIL_0298,2024-07-12 06:00:00,26.22,5.82,88.69,8.7
VIL_0299,2024-07-12 06:00:00,26.12,5.84,88.97,8.87
VIL_0300,2024-07-12 06:00:00,26.11,5.71,88.85,9.07
VIL_0301,2024-07-12 06:00:00,26.16,5.74,88.74,8.96
VIL_0302,2024-07-12 06:00:00,26.19,5.57,88.52,9.09
VIL_0303,2024-07-12 06:00:00,26.23,5.72,88.53,8.86
VIL_0304,2024-07-12 06:00:00,26.67,3.18,86.77,8.75
VIL_0305,2024-07-12 06:00:00,26.72,2.93,86.47,8.83
VIL_0306,2024-07-12 06:00:00,26.77,2.97,86.32,8.66
VIL_0307,2024-07-12 06:00:00,26.85,2.82,85.97,8.6
VIL_0308,2024-07-12 06:00:00,26.77,2.83,86.26,8.8
VIL_0309,2024-07-12 06:00:00,26.73,2.79,86.36,8.93
VIL_0310,2024-07-12 06:00:00,26.23,5.36,88.28,9.24
VIL_0311,2024-07-12 06:00:00,26.23,5.22,88.2,9.36
VIL_0312,2024-07-12 06:00:00,26.21,5.01,88.17,9.53
VIL_0313,2024-07-12 06:00:00,26.23,4.97,88.1,9.54
VIL_0314,2024-07-12 06:00:00,26.12,4.88,88.13,9.8
VIL_0315,2024-07-12 06:00:00,26.25,5.08,88.06,9.45
VIL_0316,2024-07-12 06:00:00,26.13,4.83,88.08,9.8
VIL_0317,2024-07-12 06:00:00,26.18,4.37,87.84,9.91
VIL_0318,2024-07-12 06:00:00,26.16,4.29,87.89,10.01
VIL_0319,2024-07-12 06:00:00,26.14,4.32,87.96,10.04
VIL_0320,2024-07-12 06:00:00,26.52,5.62,87.58,8.04
VIL_0321,2024-07-12 06:00:00,26.13,5.86,89.14,8.61
VIL_0322,2024-07-12 06:00:00,26.43,5.67,88.04,8.1
VIL_0323,2024-07-12 06:00:00,26.13,5.84,89.18,8.57
VIL_0324,2024-07-12 06:00:00,26.05,5.84,89.45,8.62
VIL_0325,2024-07-12 06:00:00,26.1,6.2,89.26,8.51
VIL_0326,2024-07-12 06:00:00,26.11,6.81,89.15,8.47
VIL_0327,2024-07-12 06:00:00,26.0,8.03,88.89,8.81
VIL_0328,2024-07-12 06:00:00,25.93,6.52,89.74,8.76
VIL_0329,2024-07-12 06:00:00,25.85,7.7,89.75,8.85
VIL_0330,2024-07-12 06:00:00,25.9,6.52,89.77,8.86
VIL_0331,2024-07-12 06:00:00,25.92,5.95,89.78,8.85
VIL_0332,2024-07-12 06:00:00,25.9,5.59,89.96,8.8
VIL_0333,2024-07-12 06:00:00,25.92,5.61,89.91,8.79
VIL_0334,2024-07-12 06:00:00,26.03,5.83,89.48,8.71
VIL_0335,2024-07-12 06:00:00,25.95,5.81,89.72,8.82
VIL_0336,2024-07-12 06:00:00,26.02,5.88,89.41,8.82
VIL_0337,2024-07-12 06:00:00,26.21,4.08,87.7,9.98
VIL_0338,2024-07-12 06:00:00,26.24,3.75,87.55,10.07
VIL_0339,2024-07-12 06:00:00,26.25,3.85,87.54,9.97
VIL_0340,2024-07-12 06:00:00,26.29,3.38,87.33,10.08
VIL_0341,2024-07-12 06:00:00,26.3,3.5,87.33,9.97
VIL_0342,2024-07-12 06:00:00,26.57,1.58,86.56,9.79
VIL_0343,2024-07-12 06:00:00,26.53,1.62,86.65,9.9
VIL_0344,2024-07-12 06:00:00,26.52,1.56,86.64,10.03
VIL_0345,2024-07-12 06:00:00,26.47,1.56,86.75,10.29
VIL_0346,2024-07-12 06:00:00,26.52,1.5,86.6,10.08
VIL_0347,2024-07-12 06:00:00,26.58,1.42,86.45,9.89
VIL_0348,2024-07-12 06:00:00,26.64,1.41,86.33,9.63
VIL_0349,2024-07-12 06:00:00,26.69,1.31,86.17,9.46
VIL_0350,2024-07-12 06:00:00,26.78,1.16,85.91,9.19
VIL_0351,2024-07-12 06:00:00,26.85,1.03,85.68,8.95
VIL_0352,2024-07-12 06:00:00,26.94,0.88,85.42,8.68
VIL_0353,2024-07-12 06:00:00,26.2,3.78,87.67,10.18
VIL_0354,2024-07-12 06:00:00,26.2,3.44,87.61,10.39
VIL_0355,2024-07-12 06:00:00,26.25,2.71,87.36,10.69
VIL_0356,2024-07-12 06:00:00,26.23,3.39,87.53,10.34
VIL_0357,2024-07-12 06:00:00,26.26,2.94,87.35,10.49
VIL_0358,2024-07-12 06:00:00,26.25,3.33,87.45,10.28
VIL_0359,2024-07-12 06:00:00,26.3,2.88,87.23,10.37
VIL_0360,2024-07-12 06:00:00,26.28,2.68,87.24,10.57
VIL_0361,2024-07-12 06:00:00,26.28,2.11,87.16,10.94
VIL_0362,2024-07-12 06:00:00,26.27,2.01,87.18,11.06
VIL_0363,2024-07-12 06:00:00,26.18,2.85,87.53,11.01
VIL_0364,2024-07-12 06:00:00,26.22,2.36,87.32,11.15
VIL_0365,2024-07-12 06:00:00,26.14,3.33,87.57,11.08
VIL_0366,2024-07-12 06:00:00,26.12,3.54,87.58,11.17
VIL_0367,2024-07-12 06:00:00,26.02,4.68,87.84,11.15
VIL_0368,2024-07-12 06:00:00,25.94,5.55,87.96,11.32
VIL_0369,2024-07-12 06:00:00,26.25,3.13,86.98,11.05
VIL_0370,2024-07-12 06:00:00,26.3,1.66,87.04,11.16
VIL_0371,2024-07-12 06:00:00,26.26,1.81,87.13,11.25
VIL_0372,2024-07-12 06:00:00,26.28,1.78,87.1,11.14
VIL_0373,2024-07-12 06:00:00,26.3,1.42,87.0,11.29
VIL_0374,2024-07-12 06:00:00,26.48,1.49,86.68,10.28
VIL_0375,2024-07-12 06:00:00,26.32,2.33,87.07,10.62
VIL_0376,2024-07-12 06:00:00,26.31,2.0,87.07,10.91
VIL_0377,2024-07-12 06:00:00,26.31,1.88,87.03,10.95
VIL_0378,2024-07-12 06:00:00,26.4,1.44,86.77,10.83
VIL_0379,2024-07-12 06:00:00,26.62,0.97,86.02,10.35
VIL_0380,2024-07-12 06:00:00,26.83,0.74,85.46,9.46
VIL_0381,2024-07-12 06:00:00,26.42,1.44,86.77,10.64
VIL_0382,2024-07-12 06:00:00,26.49,1.44,86.63,10.29
VIL_0383,2024-07-12 06:00:00,26.68,0.92,85.9,10.05
VIL_0384,2024-07-12 06:00:00,26.7,1.25,86.1,9.46
VIL_0385,2024-07-12 06:00:00,26.67,1.25,86.17,9.62
VIL_0386,2024-07-12 06:00:00,26.76,1.16,85.94,9.28
VIL_0387,2024-07-12 06:00:00,26.88,0.97,85.59,8.88
VIL_0388,2024-07-12 06:00:00,26.88,0.95,85.57,8.87
VIL_0389,2024-07-12 06:00:00,26.82,1.03,85.73,9.09
VIL_0390,2024-07-12 06:00:00,26.82,1.01,85.72,9.11
VIL_0391,2024-07-12 06:00:00,26.93,0.86,85.4,8.68
VIL_0392,2024-07-12 06:00:00,26.98,0.79,85.27,8.53
VIL_0393,2024-07-12 06:00:00,27.11,0.43,84.73,8.36
VIL_0394,2024-07-12 06:00:00,27.2,0.49,84.65,7.71
VIL_0395,2024-07-12 06:00:00,25.25,1.31,88.38,7.8
VIL_0396,2024-07-12 06:00:00,27.24,0.45,84.55,7.56
VIL_0397,2024-07-12 06:00:00,27.32,0.32,84.3,7.27
VIL_0398,2024-07-12 06:00:00,27.38,0.23,84.09,7.02
VIL_0399,2024-07-12 06:00:00,27.35,0.25,84.16,7.13
VIL_0400,2024-07-12 06:00:00,27.34,0.28,84.19,7.15
VIL_0401,2024-07-12 06:00:00,27.35,0.26,84.16,7.11
VIL_0402,2024-07-12 06:00:00,27.4,0.2,84.0,6.91
VIL_0403,2024-07-12 06:00:00,27.36,0.25,84.16,7.13
VIL_0404,2024-07-12 06:00:00,27.3,0.29,84.34,7.43
VIL_0405,2024-07-12 06:00:00,27.2,0.34,84.72,8.14
VIL_0406,2024-07-12 06:00:00,27.32,0.29,84.3,7.34
VIL_0407,2024-07-12 06:00:00,27.22,0.37,84.63,7.89
VIL_0408,2024-07-12 06:00:00,27.2,0.43,84.72,7.94
VIL_0409,2024-07-12 06:00:00,27.14,0.52,84.93,8.21
VIL_0410,2024-07-12 06:00:00,27.14,0.53,84.9,8.14
VIL_0411,2024-07-12 06:00:00,27.14,0.53,84.88,8.09
VIL_0412,2024-07-12 06:00:00,27.13,0.56,84.91,8.12
VIL_0413,2024-07-12 06:00:00,27.12,0.58,84.94,8.15
VIL_0414,2024-07-12 06:00:00,27.09,0.61,85.02,8.25
VIL_0415,2024-07-12 06:00:00,27.05,0.66,85.12,8.39
VIL_0416,2024-07-12 06:00:00,27.07,0.63,85.05,8.3
VIL_0417,2024-07-12 06:00:00,27.22,0.42,84.6,7.73
VIL_0418,2024-07-12 06:00:00,27.25,0.37,84.52,7.65
VIL_0419,2024-07-12 06:00:00,27.28,0.35,84.4,7.45
VIL_0420,2024-07-12 06:00:00,27.26,0.38,84.44,7.49
VIL_0421,2024-07-12 06:00:00,27.17,0.5,84.73,7.87
VIL_0422,2024-07-12 06:00:00,27.19,0.47,84.65,7.77
VIL_0423,2024-07-12 06:00:00,27.19,0.48,84.66,7.79
VIL_0424,2024-07-12 06:00:00,27.01,0.55,85.01,8.69
VIL_0425,2024-07-12 06:00:00,27.08,0.48,84.82,8.4
VIL_0426,2024-07-12 06:00:00,27.0,0.56,85.04,8.76
VIL_0427,2024-07-12 06:00:00,27.1,0.59,84.95,8.17
VIL_0428,2024-07-12 06:00:00,27.2,0.46,84.67,7.81
VIL_0429,2024-07-12 06:00:00,24.21,2.87,87.42,17.33
VIL_0430,2024-07-12 06:00:00,24.0,0.91,87.0,18.59
VIL_0431,2024-07-12 06:00:00,25.14,11.0,89.01,12.13
VIL_0432,2024-07-12 06:00:00,24.96,14.25,89.82,11.3
VIL_0433,2024-07-12 06:00:00,24.91,16.37,90.3,10.63
VIL_0434,2024-07-12 06:00:00,24.92,18.09,90.67,10.01
VIL_0435,2024-07-12 06:00:00,24.92,19.16,90.89,9.63
VIL_0436,2024-07-12 06:00:00,24.9,19.76,90.99,9.51
VIL_0437,2024-07-12 06:00:00,25.1,16.85,90.45,9.63
VIL_0438,2024-07-12 06:00:00,25.64,10.88,89.5,9.26
VIL_0439,2024-07-12 06:00:00,25.42,12.48,90.1,9.63
VIL_0440,2024-07-12 06:00:00,24.94,18.15,90.67,9.93
VIL_0441,2024-07-12 06:00:00,25.89,3.16,86.73,13.78
VIL_0442,2024-07-12 06:00:00,25.88,2.47,86.56,14.09
VIL_0443,2024-07-12 06:00:00,25.71,2.83,86.69,14.29
VIL_0444,2024-07-12 06:00:00,25.91,2.35,86.49,14.09
VIL_0445,2024-07-12 06:00:00,25.98,2.12,86.4,14.02
VIL_0446,2024-07-12 06:00:00,26.04,1.91,86.32,13.99
VIL_0447,2024-07-12 06:00:00,26.1,1.55,86.19,14.05
VIL_0448,2024-07-12 06:00:00,26.11,1.54,86.18,14.03
VIL_0449,2024-07-12 06:00:00,26.2,1.01,86.0,14.1
VIL_0450,2024-07-12 06:00:00,26.15,1.25,86.08,14.08
VIL_0451,2024-07-12 06:00:00,26.11,1.61,86.2,14.01
VIL_0452,2024-07-12 06:00:00,26.11,1.54,86.18,14.05
VIL_0453,2024-07-12 06:00:00,25.64,5.75,87.53,13.18
VIL_0454,2024-07-12 06:00:00,26.68,0.72,85.49,10.88
VIL_0455,2024-07-12 06:00:00,25.18,0.92,87.81,11.12
VIL_0456,2024-07-12 06:00:00,26.2,3.15,86.47,12.42
VIL_0457,2024-07-12 06:00:00,26.22,3.22,86.47,12.15
VIL_0458,2024-07-12 06:00:00,26.26,3.32,86.48,11.8
VIL_0459,2024-07-12 06:00:00,26.34,3.28,86.38,11.18
VIL_0460,2024-07-12 06:00:00,26.18,2.98,86.47,12.67
VIL_0461,2024-07-12 06:00:00,25.89,2.88,86.67,13.8
VIL_0462,2024-07-12 06:00:00,25.88,2.76,86.63,13.88
VIL_0463,2024-07-12 06:00:00,25.77,3.16,86.78,13.94
VIL_0464,2024-07-12 06:00:00,25.96,2.43,86.5,13.88
VIL_0465,2024-07-12 06:00:00,25.97,2.5,86.52,13.83
VIL_0466,2024-07-12 06:00:00,25.96,2.32,86.47,13.96
VIL_0467,2024-07-12 06:00:00,25.85,2.67,86.6,14.03
VIL_0468,2024-07-12 06:00:00,25.72,3.19,86.8,14.05
VIL_0469,2024-07-12 06:00:00,25.66,3.35,86.87,14.12
VIL_0470,2024-07-12 06:00:00,25.61,3.29,86.87,14.27
VIL_0471,2024-07-12 06:00:00,26.73,0.75,85.52,10.38
VIL_0472,2024-07-12 06:00:00,26.39,3.21,86.33,10.88
VIL_0473,2024-07-12 06:00:00,26.23,3.44,86.56,11.84
VIL_0474,2024-07-12 06:00:00,26.3,3.49,86.61,11.05
VIL_0475,2024-07-12 06:00:00,26.3,3.43,86.68,10.96
VIL_0476,2024-07-12 06:00:00,26.23,3.78,86.87,11.19
VIL_0477,2024-07-12 06:00:00,26.16,3.99,86.83,11.77
VIL_0478,2024-07-12 06:00:00,26.18,3.63,86.67,11.99
VIL_0479,2024-07-12 06:00:00,26.17,3.27,86.57,12.49
VIL_0480,2024-07-12 06:00:00,25.97,2.59,86.55,13.78
VIL_0481,2024-07-12 06:00:00,25.97,2.68,86.57,13.74
VIL_0482,2024-07-12 06:00:00,25.99,4.29,87.23,12.56
VIL_0483,2024-07-12 06:00:00,25.98,4.7,87.48,12.13
VIL_0484,2024-07-12 06:00:00,25.93,5.23,87.55,12.2
VIL_0485,2024-07-12 06:00:00,25.86,3.81,86.9,13.48
VIL_0486,2024-07-12 06:00:00,25.99,2.59,86.52,13.79
VIL_0487,2024-07-12 06:00:00,25.79,7.36,88.32,11.29
VIL_0488,2024-07-12 06:00:00,25.83,7.06,88.51,10.79
VIL_0489,2024-07-12 06:00:00,25.94,5.72,88.33,10.69
VIL_0490,2024-07-12 06:00:00,26.02,4.73,88.18,10.64
VIL_0491,2024-07-12 06:00:00,25.85,6.75,88.91,10.18
VIL_0492,2024-07-12 06:00:00,25.81,7.29,88.81,10.41
VIL_0493,2024-07-12 06:00:00,25.65,9.38,88.93,10.72
VIL_0494,2024-07-12 06:00:00,25.16,13.29,89.67,11.01
VIL_0495,2024-07-12 06:00:00,25.02,16.71,90.47,10.07
VIL_0496,2024-07-12 06:00:00,25.48,11.68,89.82,9.87
VIL_0497,2024-07-12 06:00:00,25.28,14.42,90.06,9.98
VIL_0498,2024-07-12 06:00:00,25.52,11.12,89.53,10.16
VIL_0499,2024-07-12 06:00:00,25.67,9.08,89.31,10.1
VIL_0500,2024-07-12 06:00:00,25.73,8.08,89.58,9.64
VIL_0501,2024-07-12 06:00:00,25.81,7.11,89.43,9.66
VIL_0502,2024-07-12 06:00:00,25.84,4.0,86.92,13.54
VIL_0503,2024-07-12 06:00:00,25.81,6.82,87.93,11.95
VIL_0504,2024-07-12 06:00:00,25.68,8.74,88.48,11.43
VIL_0505,2024-07-12 06:00:00,25.73,8.07,88.37,11.43
VIL_0506,2024-07-12 06:00:00,25.34,9.84,88.72,12.05
VIL_0507,2024-07-12 06:00:00,25.98,5.1,88.54,10.31
VIL_0508,2024-07-12 06:00:00,25.9,5.96,89.01,9.94
VIL_0509,2024-07-12 06:00:00,25.97,6.18,89.38,9.05
VIL_0510,2024-07-12 06:00:00,26.0,5.93,89.33,9.0
VIL_0511,2024-07-12 06:00:00,26.01,5.9,89.16,9.14
VIL_0512,2024-07-12 06:00:00,25.98,5.04,88.59,10.25
VIL_0513,2024-07-12 06:00:00,26.07,5.72,88.96,9.15
VIL_0514,2024-07-12 06:00:00,26.11,5.17,88.53,9.6
VIL_0515,2024-07-12 06:00:00,26.12,5.32,88.58,9.44
VIL_0516,2024-07-12 06:00:00,26.16,4.48,88.14,9.96
VIL_0517,2024-07-12 06:00:00,26.18,3.38,87.69,10.53
VIL_0518,2024-07-12 06:00:00,26.16,3.64,87.79,10.4
VIL_0519,2024-07-12 06:00:00,26.15,4.03,87.91,10.21
VIL_0520,2024-07-12 06:00:00,26.2,4.68,88.1,9.76
VIL_0521,2024-07-12 06:00:00,26.17,4.73,88.19,9.77
VIL_0522,2024-07-12 06:00:00,26.17,5.19,88.37,9.44
VIL_0523,2024-07-12 06:00:00,20.09,1.77,93.31,8.27
VIL_0524,2024-07-12 06:00:00,22.65,2.04,90.97,7.7
VIL_0525,2024-07-12 06:00:00,27.03,1.0,85.58,7.79
VIL_0526,2024-07-12 06:00:00,25.77,2.17,88.9,6.76
VIL_0527,2024-07-12 06:00:00,25.94,2.32,88.51,7.34
VIL_0528,2024-07-12 06:00:00,26.7,2.35,87.23,7.52
VIL_0529,2024-07-12 06:00:00,26.72,2.31,87.15,7.59
VIL_0530,2024-07-12 06:00:00,26.85,1.72,86.49,7.77
VIL_0531,2024-07-12 06:00:00,26.97,1.12,85.83,8.11
VIL_0532,2024-07-12 06:00:00,26.91,1.43,86.17,7.96
VIL_0533,2024-07-12 06:00:00,27.04,0.93,85.53,7.94
VIL_0534,2024-07-12 06:00:00,27.09,0.54,85.19,8.41
VIL_0535,2024-07-12 06:00:00,27.12,0.62,85.11,7.99
VIL_0536,2024-07-12 06:00:00,27.16,0.49,84.93,7.96
VIL_0537,2024-07-12 06:00:00,27.22,0.46,84.72,7.64
VIL_0538,2024-07-12 06:00:00,27.25,0.39,84.55,7.67
VIL_0539,2024-07-12 06:00:00,27.17,0.32,84.84,8.3
VIL_0540,2024-07-12 06:00:00,27.13,0.36,84.98,8.49
VIL_0541,2024-07-12 06:00:00,27.12,0.26,85.0,8.82
VIL_0542,2024-07-12 06:00:00,27.09,0.26,85.09,9.04
VIL_0543,2024-07-12 06:00:00,27.1,0.17,85.02,9.15
VIL_0544,2024-07-12 06:00:00,27.03,0.79,85.5,8.37
VIL_0545,2024-07-12 06:00:00,26.95,1.17,85.93,8.27
VIL_0546,2024-07-12 06:00:00,26.79,2.06,86.81,7.89
VIL_0547,2024-07-12 06:00:00,26.74,2.31,87.06,7.76
VIL_0548,2024-07-12 06:00:00,26.67,2.67,87.46,7.59
VIL_0549,2024-07-12 06:00:00,26.58,2.66,87.75,7.38
VIL_0550,2024-07-12 06:00:00,26.57,2.86,87.84,7.41
VIL_0551,2024-07-12 06:00:00,26.53,2.41,87.8,7.08
VIL_0552,2024-07-12 06:00:00,26.52,2.41,87.85,7.01
VIL_0553,2024-07-12 06:00:00,25.99,1.99,88.59,6.52
VIL_0554,2024-07-12 06:00:00,26.46,2.0,87.92,6.53
VIL_0555,2024-07-12 06:00:00,26.53,2.65,87.9,7.13
VIL_0556,2024-07-12 06:00:00,26.45,1.92,87.94,6.41
VIL_0557,2024-07-12 06:00:00,26.56,2.95,87.93,7.34
VIL_0558,2024-07-12 06:00:00,26.6,3.5,88.0,7.7
VIL_0559,2024-07-12 06:00:00,26.6,3.36,87.95,7.66
VIL_0560,2024-07-12 06:00:00,26.6,3.29,87.92,7.65
VIL_0561,2024-07-12 06:00:00,26.72,2.51,87.23,7.81
VIL_0562,2024-07-12 06:00:00,26.98,0.87,85.69,8.62
VIL_0563,2024-07-12 06:00:00,26.93,1.2,85.99,8.37
VIL_0564,2024-07-12 06:00:00,27.03,0.63,85.44,8.75
VIL_0565,2024-07-12 06:00:00,27.07,0.49,85.25,8.71
VIL_0566,2024-07-12 06:00:00,27.1,0.15,85.03,9.24
VIL_0567,2024-07-12 06:00:00,27.1,0.1,85.0,9.29
VIL_0568,2024-07-12 06:00:00,27.13,0.29,84.97,8.63
VIL_0569,2024-07-12 06:00:00,27.11,0.25,85.04,8.92
VIL_0570,2024-07-12 06:00:00,27.16,0.4,84.86,8.31
VIL_0571,2024-07-12 06:00:00,27.15,0.42,84.91,8.37
VIL_0572,2024-07-12 06:00:00,27.12,0.43,85.01,8.58
VIL_0573,2024-07-12 06:00:00,27.13,0.46,84.98,8.43
VIL_0574,2024-07-12 06:00:00,27.11,0.52,85.03,8.42
VIL_0575,2024-07-12 06:00:00,27.11,0.38,85.08,8.61
VIL_0576,2024-07-12 06:00:00,27.1,0.51,85.16,8.36
VIL_0577,2024-07-12 06:00:00,27.08,0.53,85.22,8.41
VIL_0578,2024-07-12 06:00:00,27.07,0.55,85.28,8.49
VIL_0579,2024-07-12 06:00:00,27.1,0.45,85.14,8.52
VIL_0580,2024-07-12 06:00:00,27.1,0.27,85.08,8.93
VIL_0581,2024-07-12 06:00:00,27.1,0.15,85.03,9.2
VIL_0582,2024-07-12 06:00:00,27.06,0.57,85.32,8.51
VIL_0583,2024-07-12 06:00:00,27.02,0.73,85.51,8.41
VIL_0584,2024-07-12 06:00:00,27.04,0.61,85.41,8.57
VIL_0585,2024-07-12 06:00:00,27.07,0.45,85.25,8.75
VIL_0586,2024-07-12 06:00:00,27.07,0.37,85.19,8.89
VIL_0587,2024-07-12 06:00:00,27.08,0.38,85.17,8.81
VIL_0588,2024-07-12 06:00:00,27.13,0.47,84.95,8.36
VIL_0589,2024-07-12 06:00:00,27.08,0.29,85.13,9.0
VIL_0590,2024-07-12 06:00:00,27.1,0.15,85.03,9.23
VIL_0591,2024-07-12 06:00:00,27.06,0.41,85.26,8.92
VIL_0592,2024-07-12 06:00:00,27.03,0.59,85.42,8.74
VIL_0593,2024-07-12 06:00:00,27.08,0.25,85.12,9.12
VIL_0594,2024-07-12 06:00:00,26.93,1.19,86.01,8.41
VIL_0595,2024-07-12 06:00:00,26.93,1.18,86.01,8.36
VIL_0596,2024-07-12 06:00:00,26.94,1.09,85.93,8.28
VIL_0597,2024-07-12 06:00:00,26.95,1.01,85.85,8.38
VIL_0598,2024-07-12 06:00:00,26.74,1.3,86.62,7.96
VIL_0599,2024-07-12 06:00:00,26.71,1.26,86.7,7.84
VIL_0600,2024-07-12 06:00:00,26.72,1.27,86.67,7.88
VIL_0601,2024-07-12 06:00:00,26.68,1.54,86.92,7.74
VIL_0602,2024-07-12 06:00:00,26.73,1.52,86.77,7.92
VIL_0603,2024-07-12 06:00:00,26.66,1.7,87.07,7.65
VIL_0604,2024-07-12 06:00:00,26.6,1.72,87.24,7.44
VIL_0605,2024-07-12 06:00:00,26.59,1.82,87.31,7.41
VIL_0606,2024-07-12 06:00:00,26.55,2.21,87.61,7.27
VIL_0607,2024-07-12 06:00:00,26.62,2.13,87.37,7.54
VIL_0608,2024-07-12 06:00:00,26.72,1.68,86.85,7.92
VIL_0609,2024-07-12 06:00:00,26.67,2.19,87.24,7.77
VIL_0610,2024-07-12 06:00:00,26.8,1.97,86.76,7.99
VIL_0611,2024-07-12 06:00:00,26.6,2.62,87.65,7.52
VIL_0612,2024-07-12 06:00:00,26.57,2.57,87.73,7.37
VIL_0613,2024-07-12 06:00:00,26.54,2.57,87.82,7.22
VIL_0614,2024-07-12 06:00:00,26.48,2.12,87.83,6.88
VIL_0615,2024-07-12 06:00:00,26.49,2.23,87.88,6.85
VIL_0616,2024-07-12 06:00:00,26.56,2.94,87.92,7.36
VIL_0617,2024-07-12 06:00:00,26.59,3.28,87.94,7.61
VIL_0618,2024-07-12 06:00:00,26.47,1.94,87.76,6.87
VIL_0619,2024-07-12 06:00:00,19.77,1.89,92.61,8.64
VIL_0620,2024-07-12 06:00:00,19.69,1.92,92.42,8.73
VIL_0621,2024-07-12 06:00:00,19.61,1.97,92.09,8.87
VIL_0622,2024-07-12 06:00:00,19.13,1.99,92.02,9.13
VIL_0623,2024-07-12 06:00:00,18.91,1.35,96.28,7.96
VIL_0624,2024-07-12 06:00:00,20.06,1.73,93.52,8.21
VIL_0625,2024-07-12 06:00:00,22.45,1.96,91.13,7.69
VIL_0626,2024-07-12 06:00:00,19.17,1.63,94.39,8.39
VIL_0627,2024-07-12 06:00:00,19.48,1.82,93.01,8.65
VIL_0628,2024-07-12 06:00:00,19.1,2.19,90.53,9.57
VIL_0629,2024-07-12 06:00:00,19.22,2.12,90.8,9.42
VIL_0630,2024-07-12 06:00:00,19.52,1.99,91.25,9.09
VIL_0631,2024-07-12 06:00:00,19.34,2.06,91.02,9.28
VIL_0632,2024-07-12 06:00:00,19.43,1.95,91.65,9.03
VIL_0633,2024-07-12 06:00:00,19.82,1.82,91.96,8.69
VIL_0634,2024-07-12 06:00:00,19.56,1.97,91.3,9.05
VIL_0635,2024-07-12 06:00:00,20.0,1.87,91.24,8.68
VIL_0636,2024-07-12 06:00:00,20.67,1.74,91.02,8.25
VIL_0637,2024-07-12 06:00:00,20.62,1.71,91.54,8.32
VIL_0638,2024-07-12 06:00:00,22.16,1.52,91.06,7.52
VIL_0639,2024-07-12 06:00:00,25.49,1.73,89.21,6.44
VIL_0640,2024-07-12 06:00:00,25.68,1.62,88.93,6.29
VIL_0641,2024-07-12 06:00:00,26.04,1.7,88.48,6.23
VIL_0642,2024-07-12 06:00:00,22.38,1.49,90.68,7.49
VIL_0643,2024-07-12 06:00:00,25.28,1.54,89.45,6.36
VIL_0644,2024-07-12 06:00:00,21.66,1.57,91.07,7.81
VIL_0645,2024-07-12 06:00:00,21.34,1.61,91.12,7.99
VIL_0646,2024-07-12 06:00:00,21.49,1.6,90.66,7.75
VIL_0647,2024-07-12 06:00:00,21.43,1.6,90.6,7.79
VIL_0648,2024-07-12 06:00:00,21.45,1.6,90.56,7.77
VIL_0649,2024-07-12 06:00:00,22.57,1.2,89.78,7.06
VIL_0650,2024-07-12 06:00:00,23.31,1.05,89.24,6.63
VIL_0651,2024-07-12 06:00:00,25.49,0.97,86.87,5.89
VIL_0652,2024-07-12 06:00:00,22.35,1.45,90.02,7.25
VIL_0653,2024-07-12 06:00:00,22.96,1.11,89.55,6.85
VIL_0654,2024-07-12 06:00:00,25.7,0.92,86.91,5.77
VIL_0655,2024-07-12 06:00:00,27.3,0.39,84.17,6.55
VIL_0656,2024-07-12 06:00:00,26.08,0.62,85.75,5.72
VIL_0657,2024-07-12 06:00:00,27.48,0.27,84.99,5.29
VIL_0658,2024-07-12 06:00:00,27.49,0.33,85.46,4.48
VIL_0659,2024-07-12 06:00:00,27.29,0.4,85.58,4.88
VIL_0660,2024-07-12 06:00:00,27.2,0.46,85.94,4.87
VIL_0661,2024-07-12 06:00:00,25.74,0.86,88.58,5.6
VIL_0662,2024-07-12 06:00:00,26.51,1.37,87.73,5.87
VIL_0663,2024-07-12 06:00:00,26.49,1.25,87.7,5.81
VIL_0664,2024-07-12 06:00:00,26.42,1.4,87.89,5.92
VIL_0665,2024-07-12 06:00:00,26.41,1.5,87.96,5.94
VIL_0666,2024-07-12 06:00:00,26.43,1.62,87.93,6.07
VIL_0667,2024-07-12 06:00:00,26.43,1.73,87.95,6.22
VIL_0668,2024-07-12 06:00:00,26.41,1.51,87.97,5.93
VIL_0669,2024-07-12 06:00:00,26.31,1.62,88.12,6.06
VIL_0670,2024-07-12 06:00:00,26.4,1.51,88.0,5.91
VIL_0671,2024-07-12 06:00:00,26.55,1.63,87.35,7.24
VIL_0672,2024-07-12 06:00:00,26.68,1.37,86.84,7.73
VIL_0673,2024-07-12 06:00:00,26.65,1.45,86.96,7.62
VIL_0674,2024-07-12 06:00:00,26.64,1.51,87.03,7.58
VIL_0675,2024-07-12 06:00:00,26.62,1.48,87.08,7.48
VIL_0676,2024-07-12 06:00:00,26.64,1.41,86.98,7.57
VIL_0677,2024-07-12 06:00:00,26.62,1.41,87.04,7.5
VIL_0678,2024-07-12 06:00:00,26.58,1.47,87.2,7.33
VIL_0679,2024-07-12 06:00:00,26.83,1.13,86.13,8.58
VIL_0680,2024-07-12 06:00:00,26.84,1.11,86.08,8.62
VIL_0681,2024-07-12 06:00:00,26.8,1.12,86.2,8.49
VIL_0682,2024-07-12 06:00:00,26.84,1.04,86.02,8.67
VIL_0683,2024-07-12 06:00:00,26.87,1.02,85.92,8.77
VIL_0684,2024-07-12 06:00:00,26.91,0.94,85.76,8.93
VIL_0685,2024-07-12 06:00:00,26.97,0.83,85.49,9.21
VIL_0686,2024-07-12 06:00:00,26.89,0.92,85.8,8.88
VIL_0687,2024-07-12 06:00:00,26.79,1.08,86.19,8.39
VIL_0688,2024-07-12 06:00:00,27.11,0.71,85.1,9.62
VIL_0689,2024-07-12 06:00:00,27.12,0.71,85.06,9.67
VIL_0690,2024-07-12 06:00:00,27.16,0.7,84.93,9.83
VIL_0691,2024-07-12 06:00:00,27.46,0.17,83.95,10.2
VIL_0692,2024-07-12 06:00:00,27.43,0.19,84.13,9.91
VIL_0693,2024-07-12 06:00:00,27.49,0.16,83.78,10.51
VIL_0694,2024-07-12 06:00:00,27.52,0.15,83.63,10.76
VIL_0695,2024-07-12 06:00:00,27.56,0.12,83.19,11.56
VIL_0696,2024-07-12 06:00:00,27.58,0.11,83.1,11.72
VIL_0697,2024-07-12 06:00:00,27.6,0.1,83.03,11.85
VIL_0698,2024-07-12 06:00:00,27.6,0.1,83.01,11.88
VIL_0699,2024-07-12 06:00:00,27.59,0.11,83.11,11.71
VIL_0700,2024-07-12 06:00:00,27.54,0.15,83.55,10.91
VIL_0701,2024-07-12 06:00:00,27.48,0.17,83.58,10.88
VIL_0702,2024-07-12 06:00:00,27.5,0.19,83.98,10.11
VIL_0703,2024-07-12 06:00:00,27.49,0.21,84.17,9.76
VIL_0704,2024-07-12 06:00:00,27.56,0.13,83.21,11.52
VIL_0705,2024-07-12 06:00:00,27.61,0.14,83.25,11.16
VIL_0706,2024-07-12 06:00:00,27.62,0.17,83.47,10.59
VIL_0707,2024-07-12 06:00:00,27.63,0.19,83.59,10.16
VIL_0708,2024-07-12 06:00:00,27.63,0.2,83.63,10.25
VIL_0709,2024-07-12 06:00:00,27.58,0.13,83.24,11.5
VIL_0710,2024-07-12 06:00:00,27.56,0.18,83.55,10.99
VIL_0711,2024-07-12 06:00:00,27.56,0.22,83.76,10.66
VIL_0712,2024-07-12 06:00:00,27.55,0.2,83.73,10.77
VIL_0713,2024-07-12 06:00:00,27.56,0.17,83.53,11.05
VIL_0714,2024-07-12 06:00:00,27.56,0.15,83.4,11.25
VIL_0715,2024-07-12 06:00:00,27.54,0.17,83.55,11.03
VIL_0716,2024-07-12 06:00:00,27.54,0.18,83.59,10.97
VIL_0717,2024-07-12 06:00:00,27.54,0.2,83.75,10.74
VIL_0718,2024-07-12 06:00:00,27.53,0.23,83.92,10.53
VIL_0719,2024-07-12 06:00:00,27.52,0.19,83.72,10.79
VIL_0720,2024-07-12 06:00:00,27.45,0.23,84.12,10.78
VIL_0721,2024-07-12 06:00:00,27.51,0.21,83.86,10.61
VIL_0722,2024-07-12 06:00:00,27.48,0.22,84.0,10.43
VIL_0723,2024-07-12 06:00:00,27.42,0.25,84.3,10.61
VIL_0724,2024-07-12 06:00:00,27.51,0.23,83.99,10.44
VIL_0725,2024-07-12 06:00:00,27.47,0.23,84.12,10.29
VIL_0726,2024-07-12 06:00:00,27.39,0.26,84.46,10.46
VIL_0727,2024-07-12 06:00:00,27.37,0.26,84.49,10.44
VIL_0728,2024-07-12 06:00:00,27.35,0.27,84.59,10.35
VIL_0729,2024-07-12 06:00:00,27.59,0.26,84.0,10.45
VIL_0730,2024-07-12 06:00:00,27.63,0.28,84.04,10.5
VIL_0731,2024-07-12 06:00:00,27.66,0.29,84.02,10.55
VIL_0732,2024-07-12 06:00:00,27.67,0.29,84.02,10.59
VIL_0733,2024-07-12 06:00:00,27.7,0.3,84.0,10.69
VIL_0734,2024-07-12 06:00:00,27.63,0.29,84.1,10.41
VIL_0735,2024-07-12 06:00:00,27.67,0.3,84.04,10.59
VIL_0736,2024-07-12 06:00:00,27.67,0.3,84.02,10.61
VIL_0737,2024-07-12 06:00:00,27.63,0.29,84.08,10.48
VIL_0738,2024-07-12 06:00:00,27.52,0.29,84.34,10.11
VIL_0739,2024-07-12 06:00:00,27.56,0.26,84.04,10.4
VIL_0740,2024-07-12 06:00:00,27.5,0.25,84.15,10.26
VIL_0741,2024-07-12 06:00:00,27.53,0.26,84.16,10.28
VIL_0742,2024-07-12 06:00:00,27.52,0.27,84.26,10.19
VIL_0743,2024-07-12 06:00:00,27.47,0.26,84.31,10.11
VIL_0744,2024-07-12 06:00:00,27.36,0.27,84.63,10.31
VIL_0745,2024-07-12 06:00:00,27.22,0.3,84.98,9.53
VIL_0746,2024-07-12 06:00:00,27.22,0.29,85.02,9.54
VIL_0747,2024-07-12 06:00:00,27.14,0.26,85.26,9.47
VIL_0748,2024-07-12 06:00:00,27.27,0.28,84.91,9.63
VIL_0749,2024-07-12 06:00:00,27.32,0.29,84.77,9.7
VIL_0750,2024-07-12 06:00:00,26.51,1.72,87.51,7.09
VIL_0751,2024-07-12 06:00:00,26.47,1.72,87.63,6.93
VIL_0752,2024-07-12 06:00:00,26.49,1.53,87.72,6.15
VIL_0753,2024-07-12 06:00:00,26.53,1.59,87.4,7.15
VIL_0754,2024-07-12 06:00:00,26.5,1.52,87.44,7.05
VIL_0755,2024-07-12 06:00:00,26.5,1.48,87.43,7.04
VIL_0756,2024-07-12 06:00:00,26.48,1.56,87.54,6.95
VIL_0757,2024-07-12 06:00:00,26.53,1.47,87.65,6.08
VIL_0758,2024-07-12 06:00:00,26.52,1.23,87.6,5.91
VIL_0759,2024-07-12 06:00:00,26.56,1.3,87.54,5.91
VIL_0760,2024-07-12 06:00:00,26.63,1.3,86.84,7.7
VIL_0761,2024-07-12 06:00:00,26.59,1.34,86.98,7.53
VIL_0762,2024-07-12 06:00:00,26.63,1.13,86.73,7.74
VIL_0763,2024-07-12 06:00:00,26.44,1.52,87.83,6.14
VIL_0764,2024-07-12 06:00:00,26.41,1.26,87.79,6.02
VIL_0765,2024-07-12 06:00:00,26.36,1.07,87.83,5.91
VIL_0766,2024-07-12 06:00:00,26.34,0.92,87.81,5.81
VIL_0767,2024-07-12 06:00:00,26.44,0.85,87.64,5.68
VIL_0768,2024-07-12 06:00:00,26.54,0.89,87.5,5.59
VIL_0769,2024-07-12 06:00:00,26.41,0.59,87.59,5.57
VIL_0770,2024-07-12 06:00:00,26.22,0.54,87.86,5.74
VIL_0771,2024-07-12 06:00:00,26.1,0.4,88.0,5.8
VIL_0772,2024-07-12 06:00:00,26.19,0.55,87.91,5.79
VIL_0773,2024-07-12 06:00:00,26.37,0.99,87.76,5.88
VIL_0774,2024-07-12 06:00:00,26.43,1.11,87.7,5.91
VIL_0775,2024-07-12 06:00:00,26.45,0.9,87.62,5.75
VIL_0776,2024-07-12 06:00:00,26.34,0.76,87.74,5.77
VIL_0777,2024-07-12 06:00:00,26.32,0.63,87.73,5.71
VIL_0778,2024-07-12 06:00:00,26.14,0.44,87.95,5.78
VIL_0779,2024-07-12 06:00:00,26.26,0.42,87.73,5.66
VIL_0780,2024-07-12 06:00:00,26.25,0.42,87.75,5.67
VIL_0781,2024-07-12 06:00:00,26.97,0.4,86.54,4.92
VIL_0782,2024-07-12 06:00:00,27.15,0.41,86.22,4.75
VIL_0783,2024-07-12 06:00:00,27.29,0.39,85.94,4.63
VIL_0784,2024-07-12 06:00:00,26.74,0.46,86.93,5.2
VIL_0785,2024-07-12 06:00:00,26.96,0.5,86.52,5.01
VIL_0786,2024-07-12 06:00:00,26.85,0.55,86.73,5.15
VIL_0787,2024-07-12 06:00:00,26.87,0.47,86.25,6.82
VIL_0788,2024-07-12 06:00:00,26.57,1.09,87.47,5.75
VIL_0789,2024-07-12 06:00:00,26.55,0.92,87.47,5.66
VIL_0790,2024-07-12 06:00:00,26.51,0.79,87.49,5.61
VIL_0791,2024-07-12 06:00:00,26.62,0.46,87.02,5.37
VIL_0792,2024-07-12 06:00:00,26.61,0.42,87.09,5.33
VIL_0793,2024-07-12 06:00:00,27.14,0.3,86.06,5.16
VIL_0794,2024-07-12 06:00:00,27.01,0.31,86.2,5.5
VIL_0795,2024-07-12 06:00:00,26.92,0.32,86.27,5.82
VIL_0796,2024-07-12 06:00:00,27.15,0.3,85.81,5.71
VIL_0797,2024-07-12 06:00:00,27.19,0.3,85.65,5.98
VIL_0798,2024-07-12 06:00:00,27.16,0.3,85.66,6.15
VIL_0799,2024-07-12 06:00:00,27.29,0.26,85.15,7.91
VIL_0800,2024-07-12 06:00:00,27.02,0.29,85.94,6.89
VIL_0801,2024-07-12 06:00:00,27.14,0.26,85.39,7.87
VIL_0802,2024-07-12 06:00:00,27.25,0.24,84.98,8.5
VIL_0803,2024-07-12 06:00:00,27.43,0.24,84.61,8.85
VIL_0804,2024-07-12 06:00:00,27.64,0.23,83.9,9.08
VIL_0805,2024-07-12 06:00:00,27.64,0.23,83.88,9.27
VIL_0806,2024-07-12 06:00:00,27.64,0.25,83.9,9.49
VIL_0807,2024-07-12 06:00:00,27.64,0.25,83.99,8.86
VIL_0808,2024-07-12 06:00:00,27.4,0.29,84.9,7.19
VIL_0809,2024-07-12 06:00:00,27.31,0.3,85.23,6.59
VIL_0810,2024-07-12 06:00:00,27.38,0.29,85.05,6.53
VIL_0811,2024-07-12 06:00:00,27.45,0.27,85.04,5.86
VIL_0812,2024-07-12 06:00:00,27.56,0.26,85.13,5.07
VIL_0813,2024-07-12 06:00:00,27.57,0.26,84.87,5.28
VIL_0814,2024-07-12 06:00:00,27.53,0.26,84.65,5.28
VIL_0815,2024-07-12 06:00:00,27.55,0.26,84.74,5.17
VIL_0816,2024-07-12 06:00:00,27.46,0.27,84.89,5.46
VIL_0817,2024-07-12 06:00:00,27.59,0.25,84.89,4.97
VIL_0818,2024-07-12 06:00:00,27.95,0.21,85.01,3.74
VIL_0819,2024-07-12 06:00:00,27.85,0.22,85.08,3.98
VIL_0820,2024-07-12 06:00:00,27.47,0.34,85.58,4.45
VIL_0821,2024-07-12 06:00:00,27.93,0.21,85.03,3.81
VIL_0822,2024-07-12 06:00:00,27.4,0.31,85.84,4.41
VIL_0823,2024-07-12 06:00:00,27.61,0.25,85.25,4.66
VIL_0824,2024-07-12 06:00:00,27.23,0.25,85.12,8.19
VIL_0825,2024-07-12 06:00:00,27.28,0.29,84.72,10.23
VIL_0826,2024-07-12 06:00:00,27.28,0.28,84.75,10.21
VIL_0827,2024-07-12 06:00:00,27.3,0.28,84.72,10.24
VIL_0828,2024-07-12 06:00:00,27.32,0.27,84.61,10.33
VIL_0829,2024-07-12 06:00:00,27.24,0.3,84.84,10.13
VIL_0830,2024-07-12 06:00:00,27.19,0.39,84.52,10.22
VIL_0831,2024-07-12 06:00:00,27.22,0.29,84.95,10.06
VIL_0832,2024-07-12 06:00:00,27.19,0.41,84.38,10.29
VIL_0833,2024-07-12 06:00:00,27.16,0.42,84.44,10.23
VIL_0834,2024-07-12 06:00:00,27.18,0.43,84.32,10.31
VIL_0835,2024-07-12 06:00:00,27.18,0.44,84.29,10.32
VIL_0836,2024-07-12 06:00:00,27.19,0.44,84.23,10.36
VIL_0837,2024-07-12 06:00:00,27.13,0.34,84.86,10.03
VIL_0838,2024-07-12 06:00:00,27.14,0.37,84.72,10.09
VIL_0839,2024-07-12 06:00:00,27.11,0.4,84.72,10.06
VIL_0840,2024-07-12 06:00:00,27.16,0.4,84.53,10.19
VIL_0841,2024-07-12 06:00:00,27.13,0.42,84.57,10.14
VIL_0842,2024-07-12 06:00:00,27.13,0.44,84.55,10.12
VIL_0843,2024-07-12 06:00:00,27.15,0.44,84.44,10.21
VIL_0844,2024-07-12 06:00:00,27.13,0.46,84.51,10.13
VIL_0845,2024-07-12 06:00:00,27.12,0.47,84.55,10.07
VIL_0846,2024-07-12 06:00:00,27.16,0.46,84.27,10.31
VIL_0847,2024-07-12 06:00:00,27.15,0.46,84.32,10.26
VIL_0848,2024-07-12 06:00:00,27.14,0.47,84.37,10.21
VIL_0849,2024-07-12 06:00:00,27.13,0.49,84.43,10.15
VIL_0850,2024-07-12 06:00:00,27.15,0.49,84.26,10.27
VIL_0851,2024-07-12 06:00:00,27.16,0.49,84.16,10.34
VIL_0852,2024-07-12 06:00:00,27.14,0.5,84.24,10.26
VIL_0853,2024-07-12 06:00:00,27.25,0.51,83.56,10.45
VIL_0854,2024-07-12 06:00:00,27.28,0.49,83.38,10.51
VIL_0855,2024-07-12 06:00:00,27.34,0.5,83.01,10.63
VIL_0856,2024-07-12 06:00:00,27.37,0.5,82.84,10.69
VIL_0857,2024-07-12 06:00:00,27.33,0.51,83.06,10.64
VIL_0858,2024-07-12 06:00:00,27.27,0.51,83.37,10.53
VIL_0859,2024-07-12 06:00:00,27.34,0.52,82.92,10.72
VIL_0860,2024-07-12 06:00:00,27.09,0.44,84.81,9.92
VIL_0861,2024-07-12 06:00:00,27.11,0.5,84.79,9.86
VIL_0862,2024-07-12 06:00:00,27.11,0.49,84.84,9.83
VIL_0863,2024-07-12 06:00:00,27.1,0.45,84.74,9.97
VIL_0864,2024-07-12 06:00:00,27.11,0.49,84.7,9.93
VIL_0865,2024-07-12 06:00:00,27.1,0.5,84.98,9.72
VIL_0866,2024-07-12 06:00:00,27.16,0.56,83.82,10.5
VIL_0867,2024-07-12 06:00:00,27.18,0.59,83.32,10.82
VIL_0868,2024-07-12 06:00:00,27.17,0.54,83.91,10.38
VIL_0869,2024-07-12 06:00:00,27.12,0.5,84.55,10.04
VIL_0870,2024-07-12 06:00:00,27.15,0.52,84.28,10.13
VIL_0871,2024-07-12 06:00:00,27.25,0.57,83.08,10.81
VIL_0872,2024-07-12 06:00:00,27.22,0.53,83.67,10.43
VIL_0873,2024-07-12 06:00:00,27.27,0.55,83.13,10.73
VIL_0874,2024-07-12 06:00:00,27.39,0.59,82.03,11.28
VIL_0875,2024-07-12 06:00:00,27.65,0.56,80.84,12.08
VIL_0876,2024-07-12 06:00:00,27.43,0.65,81.22,11.81
VIL_0877,2024-07-12 06:00:00,27.7,0.57,80.41,12.3
VIL_0878,2024-07-12 06:00:00,27.89,0.49,79.98,12.35
VIL_0879,2024-07-12 06:00:00,27.94,0.5,79.71,12.42
VIL_0880,2024-07-12 06:00:00,27.11,0.49,84.05,10.27
VIL_0881,2024-07-12 06:00:00,27.22,0.64,82.28,11.4
VIL_0882,2024-07-12 06:00:00,27.33,0.8,80.27,12.74
VIL_0883,2024-07-12 06:00:00,27.23,0.64,81.96,11.53
VIL_0884,2024-07-12 06:00:00,27.32,0.78,80.39,12.58
VIL_0885,2024-07-12 06:00:00,27.4,0.9,79.02,13.59
VIL_0886,2024-07-12 06:00:00,27.38,0.86,79.48,13.27
VIL_0887,2024-07-12 06:00:00,27.31,0.66,81.81,11.66
VIL_0888,2024-07-12 06:00:00,27.36,0.78,80.35,12.65
VIL_0889,2024-07-12 06:00:00,27.39,0.79,80.1,12.78
VIL_0890,2024-07-12 06:00:00,27.44,0.69,80.73,12.17
VIL_0891,2024-07-12 06:00:00,27.5,0.66,80.64,12.09
VIL_0892,2024-07-12 06:00:00,27.31,0.76,80.58,12.4
VIL_0893,2024-07-12 06:00:00,27.41,0.67,80.91,12.1
VIL_0894,2024-07-12 06:00:00,27.08,0.34,85.0,9.93
VIL_0895,2024-07-12 06:00:00,27.09,0.46,84.09,10.24
VIL_0896,2024-07-12 06:00:00,27.07,0.38,84.94,9.93
VIL_0897,2024-07-12 06:00:00,27.38,0.54,82.54,10.91
VIL_0898,2024-07-12 06:00:00,27.65,0.53,81.17,11.9
VIL_0899,2024-07-12 06:00:00,27.72,0.49,80.99,12.0
VIL_0900,2024-07-12 06:00:00,27.96,0.43,80.05,12.44
VIL_0901,2024-07-12 06:00:00,27.78,0.47,80.82,12.13
VIL_0902,2024-07-12 06:00:00,27.68,0.49,81.23,11.91
VIL_0903,2024-07-12 06:00:00,27.71,0.48,81.13,11.99
VIL_0904,2024-07-12 06:00:00,27.79,0.46,80.77,12.19
VIL_0905,2024-07-12 06:00:00,27.9,0.43,80.33,12.45
VIL_0906,2024-07-12 06:00:00,27.92,0.43,80.28,12.46
VIL_0907,2024-07-12 06:00:00,27.89,0.44,80.36,12.37
VIL_0908,2024-07-12 06:00:00,27.95,0.42,80.13,12.51
VIL_0909,2024-07-12 06:00:00,27.89,0.47,80.21,12.3
VIL_0910,2024-07-12 06:00:00,27.9,0.48,80.07,12.33
VIL_0911,2024-07-12 06:00:00,28.1,0.41,79.54,12.48
VIL_0912,2024-07-12 06:00:00,27.95,0.44,80.07,12.39
VIL_0913,2024-07-12 06:00:00,28.21,0.35,79.24,12.77
VIL_0914,2024-07-12 06:00:00,28.11,0.38,79.58,12.76
VIL_0915,2024-07-12 06:00:00,28.15,0.35,79.43,12.96
VIL_0916,2024-07-12 06:00:00,28.02,0.39,79.9,12.71
VIL_0917,2024-07-12 06:00:00,28.14,0.35,79.47,13.02
VIL_0918,2024-07-12 06:00:00,28.21,0.32,79.21,13.22
VIL_0919,2024-07-12 06:00:00,28.06,0.38,79.73,12.78
VIL_0920,2024-07-12 06:00:00,28.01,0.4,79.94,12.7
VIL_0921,2024-07-12 06:00:00,28.27,0.31,79.04,13.25
VIL_0922,2024-07-12 06:00:00,28.35,0.29,78.8,13.21
VIL_0923,2024-07-12 06:00:00,28.3,0.28,78.9,13.58
VIL_0924,2024-07-12 06:00:00,28.27,0.27,78.95,13.84
VIL_0925,2024-07-12 06:00:00,28.22,0.39,79.13,12.34
VIL_0926,2024-07-12 06:00:00,28.29,0.37,78.93,12.31
VIL_0927,2024-07-12 06:00:00,28.42,0.33,78.63,12.2
VIL_0928,2024-07-12 06:00:00,28.48,0.31,78.48,12.25
VIL_0929,2024-07-12 06:00:00,28.56,0.29,78.3,12.1
VIL_0930,2024-07-12 06:00:00,28.59,0.3,78.25,11.83
VIL_0931,2024-07-12 06:00:00,28.55,0.31,78.34,11.91
VIL_0932,2024-07-12 06:00:00,28.42,0.34,78.65,12.14
VIL_0933,2024-07-12 06:00:00,28.26,0.36,79.09,12.47
VIL_0934,2024-07-12 06:00:00,28.3,0.34,78.97,12.59
VIL_0935,2024-07-12 06:00:00,28.42,0.32,78.67,12.3
VIL_0936,2024-07-12 06:00:00,28.41,0.3,78.66,12.65
VIL_0937,2024-07-12 06:00:00,28.52,0.29,78.38,12.32
VIL_0938,2024-07-12 06:00:00,28.53,0.31,78.39,11.94
VIL_0939,2024-07-12 06:00:00,28.63,0.3,78.15,11.57
VIL_0940,2024-07-12 06:00:00,28.69,0.3,78.02,11.26
VIL_0941,2024-07-12 06:00:00,28.55,0.28,78.31,12.36
VIL_0942,2024-07-12 06:00:00,28.62,0.29,78.18,11.8
VIL_0943,2024-07-12 06:00:00,28.38,0.32,78.72,12.58
VIL_0944,2024-07-12 06:00:00,28.36,0.32,78.76,12.73
VIL_0945,2024-07-12 06:00:00,28.35,0.31,78.79,12.83
VIL_0946,2024-07-12 06:00:00,28.37,0.3,78.73,12.92
VIL_0947,2024-07-12 06:00:00,28.32,0.31,78.86,13.02
VIL_0948,2024-07-12 06:00:00,28.36,0.3,78.76,13.06
VIL_0949,2024-07-12 06:00:00,28.4,0.28,78.66,13.05
VIL_0950,2024-07-12 06:00:00,28.45,0.29,78.54,12.7
VIL_0951,2024-07-12 06:00:00,28.44,0.27,78.54,13.07
VIL_0952,2024-07-12 06:00:00,28.36,0.25,78.71,13.8
VIL_0953,2024-07-12 06:00:00,28.37,0.28,78.72,13.32
VIL_0954,2024-07-12 06:00:00,28.37,0.26,78.69,13.54
VIL_0955,2024-07-12 06:00:00,28.33,0.26,78.79,13.82
VIL_0956,2024-07-12 06:00:00,28.3,0.25,78.84,14.11
VIL_0957,2024-07-12 06:00:00,28.3,0.26,78.87,13.96
VIL_0958,2024-07-12 06:00:00,28.29,0.28,78.89,13.73
VIL_0959,2024-07-12 06:00:00,28.32,0.27,78.81,13.66
VIL_0960,2024-07-12 06:00:00,28.32,0.28,78.83,13.44
VIL_0961,2024-07-12 06:00:00,28.31,0.28,78.86,13.58
VIL_0962,2024-07-12 06:00:00,28.29,0.28,78.92,13.61
VIL_0963,2024-07-12 06:00:00,28.29,0.29,78.91,13.51
VIL_0964,2024-07-12 06:00:00,28.28,0.29,78.95,13.49
VIL_0965,2024-07-12 06:00:00,28.28,0.29,78.94,13.59
VIL_0966,2024-07-12 06:00:00,28.28,0.3,78.96,13.43
VIL_0967,2024-07-12 06:00:00,28.27,0.3,78.97,13.36
VIL_0968,2024-07-12 06:00:00,28.28,0.31,78.95,13.27
VIL_0969,2024-07-12 06:00:00,28.29,0.3,78.92,13.38
VIL_0970,2024-07-12 06:00:00,28.31,0.3,78.88,13.28
VIL_0971,2024-07-12 06:00:00,28.32,0.3,78.86,13.15
VIL_0972,2024-07-12 06:00:00,28.33,0.29,78.83,13.25
VIL_0973,2024-07-12 06:00:00,27.57,0.24,83.89,10.53
VIL_0974,2024-07-12 06:00:00,27.59,0.26,83.96,10.46
VIL_0975,2024-07-12 06:00:00,27.59,0.26,83.97,10.39
VIL_0976,2024-07-12 06:00:00,27.65,0.25,83.88,9.82
VIL_0977,2024-07-12 06:00:00,27.66,0.27,83.96,9.92
VIL_0978,2024-07-12 06:00:00,27.64,0.29,84.03,10.45
VIL_0979,2024-07-12 06:00:00,27.64,0.29,84.11,10.02
VIL_0980,2024-07-12 06:00:00,27.64,0.27,84.02,9.31
VIL_0981,2024-07-12 06:00:00,27.63,0.26,84.07,8.51
VIL_0982,2024-07-12 06:00:00,27.55,0.28,84.28,8.38
VIL_0983,2024-07-12 06:00:00,27.46,0.28,84.72,6.4
VIL_0984,2024-07-12 06:00:00,27.46,0.29,84.58,7.14
VIL_0985,2024-07-12 06:00:00,27.52,0.28,84.26,8.33
VIL_0986,2024-07-12 06:00:00,27.42,0.28,84.28,6.94
VIL_0987,2024-07-12 06:00:00,27.42,0.28,84.52,6.08
VIL_0988,2024-07-12 06:00:00,27.32,0.29,84.17,6.28
VIL_0989,2024-07-12 06:00:00,27.57,0.29,84.17,9.41
VIL_0990,2024-07-12 06:00:00,27.45,0.28,84.24,8.21
VIL_0991,2024-07-12 06:00:00,27.29,0.29,84.14,6.61
VIL_0992,2024-07-12 06:00:00,27.26,0.29,84.15,6.57
VIL_0993,2024-07-12 06:00:00,27.23,0.29,84.08,6.28
VIL_0994,2024-07-12 06:00:00,27.22,0.3,84.03,6.15
VIL_0995,2024-07-12 06:00:00,27.24,0.3,84.06,6.14
VIL_0996,2024-07-12 06:00:00,27.29,0.29,84.18,6.2
VIL_0997,2024-07-12 06:00:00,27.4,0.27,84.33,6.02
VIL_0998,2024-07-12 06:00:00,27.29,0.35,83.87,7.37
VIL_0999,2024-07-12 06:00:00,27.4,0.27,84.45,6.38
VIL_1000,2024-07-12 06:00:00,27.27,0.29,84.22,6.49
VIL_1001,2024-07-12 06:00:00,27.26,0.28,84.3,6.84
VIL_1002,2024-07-12 06:00:00,27.26,0.27,84.55,7.23
VIL_1003,2024-07-12 06:00:00,27.36,0.43,83.22,8.35
VIL_1004,2024-07-12 06:00:00,27.23,0.61,82.05,11.04
VIL_1005,2024-07-12 06:00:00,27.15,0.44,83.5,9.2
VIL_1006,2024-07-12 06:00:00,27.17,0.55,82.79,10.86
VIL_1007,2024-07-12 06:00:00,27.1,0.27,85.14,8.77
VIL_1008,2024-07-12 06:00:00,27.1,0.39,84.09,9.14
VIL_1009,2024-07-12 06:00:00,27.07,0.25,85.32,9.03
VIL_1010,2024-07-12 06:00:00,27.12,0.26,85.1,8.84
VIL_1011,2024-07-12 06:00:00,27.17,0.28,84.78,8.26
VIL_1012,2024-07-12 06:00:00,27.3,0.28,84.32,7.22
VIL_1013,2024-07-12 06:00:00,27.31,0.27,84.56,8.03
VIL_1014,2024-07-12 06:00:00,27.19,0.27,84.95,8.96
VIL_1015,2024-07-12 06:00:00,27.33,0.28,84.72,9.53
VIL_1016,2024-07-12 06:00:00,27.32,0.28,84.67,9.28
VIL_1017,2024-07-12 06:00:00,27.4,0.28,84.38,8.34
VIL_1018,2024-07-12 06:00:00,27.38,0.28,84.29,7.84
VIL_1019,2024-07-12 06:00:00,27.55,0.29,84.23,9.58
VIL_1020,2024-07-12 06:00:00,27.15,0.26,85.22,9.44
VIL_1021,2024-07-12 06:00:00,27.08,0.25,85.4,9.3
VIL_1022,2024-07-12 06:00:00,26.97,0.22,85.74,9.34
VIL_1023,2024-07-12 06:00:00,26.99,0.3,85.11,9.54
VIL_1024,2024-07-12 06:00:00,26.9,0.2,85.99,9.4
VIL_1025,2024-07-12 06:00:00,26.98,0.24,85.7,9.4
VIL_1026,2024-07-12 06:00:00,26.99,0.29,85.42,9.7
VIL_1027,2024-07-12 06:00:00,26.93,0.23,85.78,9.52
VIL_1028,2024-07-12 06:00:00,26.96,0.26,85.54,9.65
VIL_1029,2024-07-12 06:00:00,27.02,0.36,84.75,9.85
VIL_1030,2024-07-12 06:00:00,19.73,1.81,93.11,8.51
VIL_1031,2024-07-12 06:00:00,26.24,5.01,88.05,9.5
VIL_0001,2024-07-12 12:00:00,25.68,0.47,90.24,9.88
VIL_0002,2024-07-12 12:00:00,25.68,0.46,90.25,9.9
VIL_0003,2024-07-12 12:00:00,25.67,0.42,90.32,9.94
VIL_0004,2024-07-12 12:00:00,25.67,0.43,90.31,9.93
VIL_0005,2024-07-12 12:00:00,25.66,0.4,90.39,9.95
VIL_0006,2024-07-12 12:00:00,25.66,0.37,90.46,9.96
VIL_0007,2024-07-12 12:00:00,25.64,0.34,90.64,9.95
VIL_0008,2024-07-12 12:00:00,25.69,0.45,90.12,9.96
VIL_0009,2024-07-12 12:00:00,25.61,0.31,90.89,9.92
VIL_0010,2024-07-12 12:00:00,25.61,0.31,90.92,9.92
VIL_0011,2024-07-12 12:00:00,25.67,0.37,90.39,9.99
VIL_0012,2024-07-12 12:00:00,25.71,0.43,89.96,10.05
VIL_0013,2024-07-12 12:00:00,25.72,0.49,89.8,10.0
VIL_0014,2024-07-12 12:00:00,25.67,0.36,90.37,10.03
VIL_0015,2024-07-12 12:00:00,25.75,0.48,89.57,10.1
VIL_0016,2024-07-12 12:00:00,25.6,0.3,90.99,9.9
VIL_0017,2024-07-12 12:00:00,25.65,0.33,90.54,10.02
VIL_0018,2024-07-12 12:00:00,25.76,0.43,89.58,10.2
VIL_0019,2024-07-12 12:00:00,25.89,0.47,88.44,10.54
VIL_0020,2024-07-12 12:00:00,25.76,0.58,89.47,9.95
VIL_0021,2024-07-12 12:00:00,25.81,0.58,89.01,10.09
VIL_0022,2024-07-12 12:00:00,25.88,0.59,88.38,10.3
VIL_0023,2024-07-12 12:00:00,25.7,0.75,89.78,9.47
VIL_0024,2024-07-12 12:00:00,26.04,0.54,87.1,10.89
VIL_0025,2024-07-12 12:00:00,25.78,0.69,89.09,9.72
VIL_0026,2024-07-12 12:00:00,25.98,0.59,87.48,10.55
VIL_0027,2024-07-12 12:00:00,25.55,0.85,90.63,8.56
VIL_0028,2024-07-12 12:00:00,25.71,0.73,89.46,9.34
VIL_0029,2024-07-12 12:00:00,25.75,0.38,89.66,10.27
VIL_0030,2024-07-12 12:00:00,25.96,0.45,87.84,10.84
VIL_0031,2024-07-12 12:00:00,26.25,0.5,85.39,11.74
VIL_0032,2024-07-12 12:00:00,26.08,0.5,86.78,11.16
VIL_0033,2024-07-12 12:00:00,26.29,0.5,85.09,11.86
VIL_0034,2024-07-12 12:00:00,26.23,0.51,85.55,11.63
VIL_0035,2024-07-12 12:00:00,26.21,0.52,85.72,11.51
VIL_0036,2024-07-12 12:00:00,25.9,0.61,87.91,10.13
VIL_0037,2024-07-12 12:00:00,26.07,0.56,86.73,10.89
VIL_0038,2024-07-12 12:00:00,25.92,0.6,87.78,10.18
VIL_0039,2024-07-12 12:00:00,25.78,0.64,88.77,9.5
VIL_0040,2024-07-12 12:00:00,25.89,0.61,87.96,10.06
VIL_0041,2024-07-12 12:00:00,25.68,0.65,89.36,9.02
VIL_0042,2024-07-12 12:00:00,25.37,0.7,91.39,7.37
VIL_0043,2024-07-12 12:00:00,25.48,0.66,90.67,7.92
VIL_0044,2024-07-12 12:00:00,25.74,0.64,88.97,9.31
VIL_0045,2024-07-12 12:00:00,25.59,0.67,90.0,8.52
VIL_0046,2024-07-12 12:00:00,25.47,0.74,90.85,7.98
VIL_0047,2024-07-12 12:00:00,25.44,0.93,91.47,7.96
VIL_0048,2024-07-12 12:00:00,25.39,0.71,91.27,7.51
VIL_0049,2024-07-12 12:00:00,25.26,0.61,91.85,6.72
VIL_0050,2024-07-12 12:00:00,25.29,0.62,91.7,6.89
VIL_0051,2024-07-12 12:00:00,25.37,0.65,91.29,7.34
VIL_0052,2024-07-12 12:00:00,25.29,0.68,91.8,6.99
VIL_0053,2024-07-12 12:00:00,25.23,0.58,92.0,6.51
VIL_0054,2024-07-12 12:00:00,25.25,1.28,93.19,7.2
VIL_0055,2024-07-12 12:00:00,25.28,1.04,92.59,7.15
VIL_0056,2024-07-12 12:00:00,25.23,0.76,92.34,6.67
VIL_0057,2024-07-12 12:00:00,25.2,0.51,92.01,6.31
VIL_0058,2024-07-12 12:00:00,25.21,0.54,92.02,6.37
VIL_0059,2024-07-12 12:00:00,25.21,0.54,92.03,6.37
VIL_0060,2024-07-12 12:00:00,25.23,0.62,92.05,6.6
VIL_0061,2024-07-12 12:00:00,25.25,0.7,92.12,6.79
VIL_0062,2024-07-12 12:00:00,25.2,0.57,92.13,6.38
VIL_0063,2024-07-12 12:00:00,25.17,0.98,93.1,6.57
VIL_0064,2024-07-12 12:00:00,25.15,1.44,94.13,6.8
VIL_0065,2024-07-12 12:00:00,25.0,2.04,96.09,6.47
VIL_0066,2024-07-12 12:00:00,24.64,2.44,98.12,6.21
VIL_0067,2024-07-12 12:00:00,25.03,1.82,95.54,6.45
VIL_0068,2024-07-12 12:00:00,24.73,2.23,97.41,6.28
VIL_0069,2024-07-12 12:00:00,25.07,1.58,94.85,6.52
VIL_0070,2024-07-12 12:00:00,25.12,1.33,94.1,6.67
VIL_0071,2024-07-12 12:00:00,25.17,0.97,93.12,6.6
VIL_0072,2024-07-12 12:00:00,25.19,0.87,92.79,6.64
VIL_0073,2024-07-12 12:00:00,25.21,0.59,92.16,6.43
VIL_0074,2024-07-12 12:00:00,25.22,0.6,92.11,6.51
VIL_0075,2024-07-12 12:00:00,25.21,0.67,92.26,6.57
VIL_0076,2024-07-12 12:00:00,25.24,0.85,92.52,6.96
VIL_0077,2024-07-12 12:00:00,25.22,0.84,92.57,6.83
VIL_0078,2024-07-12 12:00:00,25.22,0.71,92.35,6.62
VIL_0079,2024-07-12 12:00:00,25.22,0.9,92.71,6.91
VIL_0080,2024-07-12 12:00:00,25.2,0.9,92.83,6.73
VIL_0081,2024-07-12 12:00:00,25.15,1.34,94.04,6.93
VIL_0082,2024-07-12 12:00:00,24.79,1.71,95.93,7.06
VIL_0083,2024-07-12 12:00:00,24.81,1.59,95.58,7.58
VIL_0084,2024-07-12 12:00:00,24.85,1.45,95.15,7.35
VIL_0085,2024-07-12 12:00:00,24.85,1.44,95.12,7.68
VIL_0086,2024-07-12 12:00:00,24.87,1.41,94.99,8.05
VIL_0087,2024-07-12 12:00:00,25.23,1.18,93.4,7.41
VIL_0088,2024-07-12 12:00:00,24.63,2.88,99.3,5.89
VIL_0089,2024-07-12 12:00:00,24.68,2.98,99.46,5.75
VIL_0090,2024-07-12 12:00:00,24.66,3.09,99.78,5.65
VIL_0091,2024-07-12 12:00:00,24.69,3.14,99.86,5.58
VIL_0092,2024-07-12 12:00:00,24.66,3.02,99.61,5.77
VIL_0093,2024-07-12 12:00:00,24.62,3.01,99.64,5.82
VIL_0094,2024-07-12 12:00:00,24.37,2.62,99.09,6.54
VIL_0095,2024-07-12 12:00:00,23.93,2.33,98.78,7.32
VIL_0096,2024-07-12 12:00:00,24.48,2.76,99.25,6.18
VIL_0097,2024-07-12 12:00:00,24.28,2.58,99.16,6.59
VIL_0098,2024-07-12 12:00:00,21.73,0.94,98.58,10.09
VIL_0099,2024-07-12 12:00:00,23.28,1.82,98.49,8.32
VIL_0100,2024-07-12 12:00:00,24.79,1.86,96.34,6.58
VIL_0101,2024-07-12 12:00:00,24.73,2.08,97.02,6.67
VIL_0102,2024-07-12 12:00:00,24.67,2.5,98.21,6.35
VIL_0103,2024-07-12 12:00:00,24.61,2.64,98.7,6.39
VIL_0104,2024-07-12 12:00:00,24.23,2.12,98.03,7.61
VIL_0105,2024-07-12 12:00:00,24.77,1.54,95.51,9.22
VIL_0106,2024-07-12 12:00:00,24.78,1.62,95.71,8.89
VIL_0107,2024-07-12 12:00:00,24.67,1.88,96.59,8.04
VIL_0108,2024-07-12 12:00:00,24.57,2.31,97.9,7.08
VIL_0109,2024-07-12 12:00:00,24.69,1.95,96.75,7.65
VIL_0110,2024-07-12 12:00:00,24.68,2.11,97.19,7.14
VIL_0111,2024-07-12 12:00:00,24.75,1.81,96.25,7.37
VIL_0112,2024-07-12 12:00:00,24.82,1.6,95.6,8.08
VIL_0113,2024-07-12 12:00:00,24.76,1.75,96.07,8.01
VIL_0114,2024-07-12 12:00:00,24.81,1.64,95.69,8.68
VIL_0115,2024-07-12 12:00:00,24.88,1.53,95.29,8.8
VIL_0116,2024-07-12 12:00:00,24.89,1.5,95.2,8.67
VIL_0117,2024-07-12 12:00:00,24.89,1.45,95.05,8.48
VIL_0118,2024-07-12 12:00:00,24.99,1.39,94.72,9.25
VIL_0119,2024-07-12 12:00:00,24.96,1.45,94.92,9.34
VIL_0120,2024-07-12 12:00:00,25.1,1.32,94.33,9.92
VIL_0121,2024-07-12 12:00:00,25.06,1.35,94.47,9.87
VIL_0122,2024-07-12 12:00:00,25.13,1.29,94.18,9.98
VIL_0123,2024-07-12 12:00:00,22.08,0.85,97.75,10.22
VIL_0124,2024-07-12 12:00:00,21.37,0.7,98.77,10.58
VIL_0125,2024-07-12 12:00:00,21.16,0.59,99.06,10.87
VIL_0126,2024-07-12 12:00:00,20.92,0.5,99.91,11.09
VIL_0127,2024-07-12 12:00:00,20.96,0.51,99.7,11.05
VIL_0128,2024-07-12 12:00:00,21.29,0.46,97.69,10.86
VIL_0129,2024-07-12 12:00:00,21.33,0.44,97.17,10.89
VIL_0130,2024-07-12 12:00:00,21.77,0.41,95.13,10.51
VIL_0131,2024-07-12 12:00:00,22.07,0.37,93.47,10.25
VIL_0132,2024-07-12 12:00:00,22.18,0.3,92.11,10.1
VIL_0133,2024-07-12 12:00:00,21.78,0.35,94.12,10.49
VIL_0134,2024-07-12 12:00:00,22.06,0.25,91.7,10.13
VIL_0135,2024-07-12 12:00:00,21.84,0.34,93.23,10.61
VIL_0136,2024-07-12 12:00:00,21.75,0.43,93.29,11.33
VIL_0137,2024-07-12 12:00:00,21.55,0.44,95.37,11.09
VIL_0138,2024-07-12 12:00:00,21.56,0.57,95.87,10.97
VIL_0139,2024-07-12 12:00:00,21.76,0.55,92.33,12.08
VIL_0140,2024-07-12 12:00:00,21.86,0.49,92.53,11.33
VIL_0141,2024-07-12 12:00:00,21.9,0.56,92.38,11.53
VIL_0142,2024-07-12 12:00:00,21.77,0.55,92.22,12.09
VIL_0143,2024-07-12 12:00:00,21.85,0.63,92.6,11.92
VIL_0144,2024-07-12 12:00:00,22.22,0.29,91.7,10.05
VIL_0145,2024-07-12 12:00:00,22.1,0.2,91.01,10.0
VIL_0146,2024-07-12 12:00:00,22.52,0.66,91.96,10.26
VIL_0147,2024-07-12 12:00:00,22.02,0.28,91.72,10.37
VIL_0148,2024-07-12 12:00:00,22.17,0.73,92.76,10.93
VIL_0149,2024-07-12 12:00:00,24.84,1.13,92.7,8.5
VIL_0150,2024-07-12 12:00:00,25.3,1.19,93.62,10.56
VIL_0151,2024-07-12 12:00:00,25.41,1.14,93.25,10.92
VIL_0152,2024-07-12 12:00:00,25.47,1.13,93.12,10.89
VIL_0153,2024-07-12 12:00:00,25.48,1.11,93.04,11.07
VIL_0154,2024-07-12 12:00:00,25.24,1.21,93.79,10.51
VIL_0155,2024-07-12 12:00:00,25.09,1.29,94.26,10.17
VIL_0156,2024-07-12 12:00:00,24.99,1.28,94.34,10.24
VIL_0157,2024-07-12 12:00:00,24.76,1.47,95.34,9.45
VIL_0158,2024-07-12 12:00:00,24.33,1.46,95.61,9.6
VIL_0159,2024-07-12 12:00:00,23.96,1.47,96.17,9.41
VIL_0160,2024-07-12 12:00:00,23.99,1.36,95.81,9.68
VIL_0161,2024-07-12 12:00:00,22.98,1.01,96.19,10.01
VIL_0162,2024-07-12 12:00:00,23.57,0.72,94.2,10.32
VIL_0163,2024-07-12 12:00:00,24.04,1.2,95.2,10.07
VIL_0164,2024-07-12 12:00:00,24.7,1.23,94.71,10.06
VIL_0165,2024-07-12 12:00:00,24.45,1.23,94.72,10.22
VIL_0166,2024-07-12 12:00:00,25.18,1.2,93.79,10.57
VIL_0167,2024-07-12 12:00:00,24.93,1.19,94.18,10.28
VIL_0168,2024-07-12 12:00:00,25.27,1.16,93.54,10.72
VIL_0169,2024-07-12 12:00:00,25.32,1.14,93.39,10.8
VIL_0170,2024-07-12 12:00:00,25.37,1.12,93.27,10.86
VIL_0171,2024-07-12 12:00:00,25.44,1.11,93.13,11.0
VIL_0172,2024-07-12 12:00:00,25.5,1.1,93.01,11.09
VIL_0173,2024-07-12 12:00:00,25.38,1.12,93.08,10.79
VIL_0174,2024-07-12 12:00:00,25.07,1.0,93.11,10.68
VIL_0175,2024-07-12 12:00:00,24.9,0.95,93.11,10.44
VIL_0176,2024-07-12 12:00:00,24.99,0.98,93.15,10.64
VIL_0177,2024-07-12 12:00:00,24.76,0.91,93.12,10.27
VIL_0178,2024-07-12 12:00:00,24.82,0.95,93.26,10.59
VIL_0179,2024-07-12 12:00:00,24.76,0.92,93.19,10.4
VIL_0180,2024-07-12 12:00:00,24.57,0.87,93.15,10.08
VIL_0181,2024-07-12 12:00:00,24.38,0.83,93.24,10.02
VIL_0182,2024-07-12 12:00:00,24.31,0.83,93.41,10.21
VIL_0183,2024-07-12 12:00:00,24.09,0.8,93.65,10.29
VIL_0184,2024-07-12 12:00:00,24.03,0.77,93.53,10.09
VIL_0185,2024-07-12 12:00:00,23.38,0.64,93.84,9.98
VIL_0186,2024-07-12 12:00:00,23.44,0.6,93.16,9.52
VIL_0187,2024-07-12 12:00:00,24.02,0.73,93.19,9.61
VIL_0188,2024-07-12 12:00:00,24.27,0.72,92.61,8.74
VIL_0189,2024-07-12 12:00:00,24.23,0.75,92.92,9.25
VIL_0190,2024-07-12 12:00:00,24.39,0.8,93.04,9.65
VIL_0191,2024-07-12 12:00:00,24.44,0.76,92.67,8.89
VIL_0192,2024-07-12 12:00:00,24.44,0.79,92.84,9.26
VIL_0193,2024-07-12 12:00:00,24.52,0.78,92.66,8.91
VIL_0194,2024-07-12 12:00:00,24.53,0.8,92.77,9.17
VIL_0195,2024-07-12 12:00:00,24.53,0.82,92.89,9.45
VIL_0196,2024-07-12 12:00:00,24.65,0.87,93.05,9.96
VIL_0197,2024-07-12 12:00:00,24.84,1.01,92.49,8.51
VIL_0198,2024-07-12 12:00:00,24.83,0.96,92.37,8.35
VIL_0199,2024-07-12 12:00:00,24.87,0.93,92.3,8.17
VIL_0200,2024-07-12 12:00:00,24.88,0.95,92.33,8.18
VIL_0201,2024-07-12 12:00:00,24.87,1.0,92.44,8.29
VIL_0202,2024-07-12 12:00:00,24.92,0.91,92.24,7.97
VIL_0203,2024-07-12 12:00:00,24.95,0.87,92.14,7.87
VIL_0204,2024-07-12 12:00:00,24.95,0.89,92.19,7.88
VIL_0205,2024-07-12 12:00:00,24.9,1.05,92.43,7.97
VIL_0206,2024-07-12 12:00:00,24.86,1.19,92.66,8.1
VIL_0207,2024-07-12 12:00:00,24.89,1.12,92.55,8.01
VIL_0208,2024-07-12 12:00:00,24.93,0.98,92.32,7.89
VIL_0209,2024-07-12 12:00:00,24.84,0.96,92.34,7.99
VIL_0210,2024-07-12 12:00:00,24.81,1.46,93.2,8.31
VIL_0211,2024-07-12 12:00:00,24.84,1.61,93.47,8.4
VIL_0212,2024-07-12 12:00:00,24.85,1.16,92.75,8.36
VIL_0213,2024-07-12 12:00:00,24.82,1.48,93.1,8.33
VIL_0214,2024-07-12 12:00:00,24.81,1.52,93.15,8.37
VIL_0215,2024-07-12 12:00:00,25.15,1.66,93.43,8.55
VIL_0216,2024-07-12 12:00:00,24.76,0.93,92.29,8.24
VIL_0217,2024-07-12 12:00:00,24.11,0.91,92.87,8.59
VIL_0218,2024-07-12 12:00:00,23.72,0.92,92.34,9.12
VIL_0219,2024-07-12 12:00:00,23.84,1.06,92.6,9.1
VIL_0220,2024-07-12 12:00:00,24.23,1.44,93.33,8.98
VIL_0221,2024-07-12 12:00:00,24.38,1.82,94.06,9.09
VIL_0222,2024-07-12 12:00:00,24.93,0.85,92.1,7.81
VIL_0223,2024-07-12 12:00:00,24.99,0.81,92.02,7.73
VIL_0224,2024-07-12 12:00:00,24.97,0.83,92.05,7.77
VIL_0225,2024-07-12 12:00:00,24.94,0.86,92.13,7.88
VIL_0226,2024-07-12 12:00:00,24.85,0.89,92.2,7.98
VIL_0227,2024-07-12 12:00:00,23.24,1.58,93.74,10.36
VIL_0228,2024-07-12 12:00:00,24.83,3.63,97.54,9.82
VIL_0229,2024-07-12 12:00:00,25.18,4.04,98.26,9.68
VIL_0230,2024-07-12 12:00:00,25.28,4.28,98.73,9.69
VIL_0231,2024-07-12 12:00:00,25.3,4.39,98.97,9.79
VIL_0232,2024-07-12 12:00:00,25.26,0.23,92.36,7.85
VIL_0233,2024-07-12 12:00:00,25.66,1.71,90.05,5.33
VIL_0234,2024-07-12 12:00:00,25.46,3.35,91.24,10.2
VIL_0235,2024-07-12 12:00:00,25.71,0.05,89.2,11.11
VIL_0236,2024-07-12 12:00:00,24.47,3.19,96.73,9.98
VIL_0237,2024-07-12 12:00:00,24.13,3.16,96.81,10.01
VIL_0238,2024-07-12 12:00:00,24.84,3.86,97.94,9.55
VIL_0239,2024-07-12 12:00:00,24.78,3.64,97.45,9.93
VIL_0240,2024-07-12 12:00:00,24.85,3.87,98.48,10.2
VIL_0241,2024-07-12 12:00:00,24.73,3.73,98.3,10.19
VIL_0242,2024-07-12 12:00:00,25.24,4.16,98.47,9.54
VIL_0243,2024-07-12 12:00:00,25.22,4.0,98.08,9.42
VIL_0244,2024-07-12 12:00:00,25.14,3.71,97.34,9.08
VIL_0245,2024-07-12 12:00:00,24.72,3.62,97.92,9.92
VIL_0246,2024-07-12 12:00:00,24.66,3.37,97.26,9.6
VIL_0247,2024-07-12 12:00:00,24.43,3.37,97.65,9.65
VIL_0248,2024-07-12 12:00:00,24.95,2.95,96.02,9.18
VIL_0249,2024-07-12 12:00:00,25.08,3.43,96.88,9.37
VIL_0250,2024-07-12 12:00:00,25.14,3.41,96.66,8.95
VIL_0251,2024-07-12 12:00:00,25.09,3.21,95.97,8.67
VIL_0252,2024-07-12 12:00:00,25.13,2.9,95.13,8.58
VIL_0253,2024-07-12 12:00:00,25.12,3.06,95.68,8.68
VIL_0254,2024-07-12 12:00:00,25.11,2.75,94.88,8.49
VIL_0255,2024-07-12 12:00:00,25.09,2.83,95.37,8.56
VIL_0256,2024-07-12 12:00:00,25.1,2.9,95.66,8.64
VIL_0257,2024-07-12 12:00:00,24.97,2.75,95.43,9.03
VIL_0258,2024-07-12 12:00:00,24.89,2.24,94.54,8.77
VIL_0259,2024-07-12 12:00:00,24.86,1.99,94.14,8.63
VIL_0260,2024-07-12 12:00:00,24.86,1.42,93.07,8.25
VIL_0261,2024-07-12 12:00:00,24.86,1.77,93.68,8.48
VIL_0262,2024-07-12 12:00:00,24.89,2.12,94.21,8.69
VIL_0263,2024-07-12 12:00:00,24.87,1.95,93.93,8.59
VIL_0264,2024-07-12 12:00:00,24.85,1.66,93.42,8.42
VIL_0265,2024-07-12 12:00:00,24.84,1.36,92.93,8.22
VIL_0266,2024-07-12 12:00:00,24.83,1.53,93.19,8.35
VIL_0267,2024-07-12 12:00:00,24.82,1.6,93.28,8.41
VIL_0268,2024-07-12 12:00:00,24.85,1.85,93.66,8.55
VIL_0269,2024-07-12 12:00:00,24.89,2.06,94.01,8.66
VIL_0270,2024-07-12 12:00:00,25.08,2.67,95.17,8.49
VIL_0271,2024-07-12 12:00:00,24.82,1.78,93.5,8.53
VIL_0272,2024-07-12 12:00:00,24.84,1.8,93.55,8.53
VIL_0273,2024-07-12 12:00:00,24.87,1.96,93.77,8.61
VIL_0274,2024-07-12 12:00:00,25.17,2.19,93.89,8.83
VIL_0275,2024-07-12 12:00:00,25.17,2.2,93.86,8.88
VIL_0276,2024-07-12 12:00:00,25.2,2.34,93.99,8.98
VIL_0277,2024-07-12 12:00:00,25.18,2.28,94.01,8.89
VIL_0278,2024-07-12 12:00:00,25.06,2.57,94.92,8.4
VIL_0279,2024-07-12 12:00:00,25.08,2.69,95.0,8.45
VIL_0280,2024-07-12 12:00:00,25.24,2.5,94.06,9.02
VIL_0281,2024-07-12 12:00:00,25.22,2.47,94.07,9.03
VIL_0282,2024-07-12 12:00:00,25.2,2.39,94.08,8.97
VIL_0283,2024-07-12 12:00:00,25.22,2.45,93.98,9.08
VIL_0284,2024-07-12 12:00:00,25.21,2.41,93.99,9.05
VIL_0285,2024-07-12 12:00:00,25.2,2.35,93.95,9.03
VIL_0286,2024-07-12 12:00:00,25.2,2.34,93.9,9.1
VIL_0287,2024-07-12 12:00:00,25.21,2.4,93.92,9.14
VIL_0288,2024-07-12 12:00:00,25.22,2.44,93.94,9.12
VIL_0289,2024-07-12 12:00:00,25.22,2.43,93.91,9.17
VIL_0290,2024-07-12 12:00:00,25.21,2.4,93.89,9.2
VIL_0291,2024-07-12 12:00:00,25.21,2.41,93.86,9.28
VIL_0292,2024-07-12 12:00:00,25.22,2.44,93.83,9.33
VIL_0293,2024-07-12 12:00:00,25.22,2.45,93.85,9.27
VIL_0294,2024-07-12 12:00:00,25.23,2.46,93.82,9.29
VIL_0295,2024-07-12 12:00:00,25.23,2.47,93.83,9.22
VIL_0296,2024-07-12 12:00:00,25.24,2.49,93.9,9.06
VIL_0297,2024-07-12 12:00:00,25.25,2.51,93.88,9.0
VIL_0298,2024-07-12 12:00:00,25.13,2.86,94.61,9.0
VIL_0299,2024-07-12 12:00:00,25.14,2.75,94.27,8.97
VIL_0300,2024-07-12 12:00:00,25.13,2.76,94.26,9.16
VIL_0301,2024-07-12 12:00:00,25.12,2.81,94.43,9.14
VIL_0302,2024-07-12 12:00:00,25.1,2.86,94.53,9.34
VIL_0303,2024-07-12 12:00:00,25.11,2.89,94.67,9.18
VIL_0304,2024-07-12 12:00:00,25.23,2.48,93.73,9.43
VIL_0305,2024-07-12 12:00:00,25.23,2.48,93.73,9.55
VIL_0306,2024-07-12 12:00:00,25.23,2.46,93.78,9.42
VIL_0307,2024-07-12 12:00:00,25.22,2.44,93.81,9.4
VIL_0308,2024-07-12 12:00:00,25.22,2.47,93.75,9.56
VIL_0309,2024-07-12 12:00:00,25.22,2.48,93.71,9.67
VIL_0310,2024-07-12 12:00:00,25.09,2.91,94.61,9.56
VIL_0311,2024-07-12 12:00:00,25.08,2.91,94.57,9.68
VIL_0312,2024-07-12 12:00:00,25.09,2.87,94.43,9.81
VIL_0313,2024-07-12 12:00:00,25.08,2.89,94.48,9.86
VIL_0314,2024-07-12 12:00:00,25.17,3.13,93.22,9.64
VIL_0315,2024-07-12 12:00:00,25.08,2.93,94.61,9.81
VIL_0316,2024-07-12 12:00:00,25.17,3.16,93.19,9.65
VIL_0317,2024-07-12 12:00:00,25.19,3.19,93.04,9.84
VIL_0318,2024-07-12 12:00:00,25.18,3.09,93.13,9.97
VIL_0319,2024-07-12 12:00:00,25.17,3.03,93.19,10.0
VIL_0320,2024-07-12 12:00:00,25.12,2.72,94.7,8.46
VIL_0321,2024-07-12 12:00:00,25.18,2.7,94.19,8.74
VIL_0322,2024-07-12 12:00:00,25.15,2.72,94.58,8.5
VIL_0323,2024-07-12 12:00:00,25.19,2.69,94.15,8.7
VIL_0324,2024-07-12 12:00:00,25.22,2.58,93.84,8.6
VIL_0325,2024-07-12 12:00:00,25.16,2.72,94.29,8.58
VIL_0326,2024-07-12 12:00:00,25.09,2.87,94.78,8.54
VIL_0327,2024-07-12 12:00:00,24.71,3.04,96.14,9.09
VIL_0328,2024-07-12 12:00:00,25.17,2.58,93.89,8.48
VIL_0329,2024-07-12 12:00:00,25.04,2.77,94.53,8.39
VIL_0330,2024-07-12 12:00:00,25.17,2.56,93.82,8.52
VIL_0331,2024-07-12 12:00:00,25.23,2.46,93.48,8.58
VIL_0332,2024-07-12 12:00:00,25.29,2.33,93.09,8.51
VIL_0333,2024-07-12 12:00:00,25.28,2.35,93.16,8.52
VIL_0334,2024-07-12 12:00:00,25.21,2.56,93.77,8.64
VIL_0335,2024-07-12 12:00:00,25.23,2.46,93.47,8.61
VIL_0336,2024-07-12 12:00:00,25.19,2.59,93.85,8.74
VIL_0337,2024-07-12 12:00:00,25.2,3.2,92.95,9.97
VIL_0338,2024-07-12 12:00:00,25.22,3.2,92.86,10.12
VIL_0339,2024-07-12 12:00:00,25.23,3.28,92.79,9.99
VIL_0340,2024-07-12 12:00:00,25.25,3.29,92.65,10.19
VIL_0341,2024-07-12 12:00:00,25.26,3.36,92.59,10.06
VIL_0342,2024-07-12 12:00:00,25.47,3.19,91.18,9.84
VIL_0343,2024-07-12 12:00:00,25.45,3.13,91.35,9.98
VIL_0344,2024-07-12 12:00:00,25.43,3.12,91.48,10.16
VIL_0345,2024-07-12 12:00:00,25.38,3.01,91.82,10.5
VIL_0346,2024-07-12 12:00:00,25.42,3.13,91.51,10.25
VIL_0347,2024-07-12 12:00:00,25.46,3.26,91.21,10.02
VIL_0348,2024-07-12 12:00:00,25.52,3.35,90.84,9.65
VIL_0349,2024-07-12 12:00:00,25.56,3.47,90.55,9.45
VIL_0350,2024-07-12 12:00:00,25.62,3.67,90.1,9.13
VIL_0351,2024-07-12 12:00:00,25.68,3.85,89.7,8.85
VIL_0352,2024-07-12 12:00:00,25.74,4.05,89.23,8.52
VIL_0353,2024-07-12 12:00:00,25.19,3.08,93.03,10.23
VIL_0354,2024-07-12 12:00:00,25.19,2.96,93.09,10.5
VIL_0355,2024-07-12 12:00:00,25.19,2.87,93.02,10.95
VIL_0356,2024-07-12 12:00:00,25.2,3.03,92.99,10.46
VIL_0357,2024-07-12 12:00:00,25.21,3.01,92.9,10.69
VIL_0358,2024-07-12 12:00:00,25.21,3.11,92.88,10.41
VIL_0359,2024-07-12 12:00:00,25.24,3.13,92.72,10.58
VIL_0360,2024-07-12 12:00:00,25.22,3.0,92.84,10.82
VIL_0361,2024-07-12 12:00:00,25.2,2.78,92.97,11.3
VIL_0362,2024-07-12 12:00:00,25.19,2.69,93.06,11.45
VIL_0363,2024-07-12 12:00:00,25.1,2.61,93.44,11.31
VIL_0364,2024-07-12 12:00:00,25.13,2.61,93.32,11.53
VIL_0365,2024-07-12 12:00:00,25.03,2.62,93.72,11.36
VIL_0366,2024-07-12 12:00:00,24.97,2.59,93.88,11.48
VIL_0367,2024-07-12 12:00:00,24.84,2.59,94.39,11.37
VIL_0368,2024-07-12 12:00:00,24.67,2.53,94.92,11.57
VIL_0369,2024-07-12 12:00:00,25.01,2.97,93.39,11.48
VIL_0370,2024-07-12 12:00:00,25.2,2.68,92.98,11.61
VIL_0371,2024-07-12 12:00:00,25.16,2.6,93.15,11.7
VIL_0372,2024-07-12 12:00:00,25.2,2.67,93.02,11.57
VIL_0373,2024-07-12 12:00:00,25.2,2.6,93.0,11.79
VIL_0374,2024-07-12 12:00:00,25.38,3.05,91.77,10.51
VIL_0375,2024-07-12 12:00:00,25.24,3.03,92.7,10.93
VIL_0376,2024-07-12 12:00:00,25.22,2.84,92.86,11.29
VIL_0377,2024-07-12 12:00:00,25.22,2.83,92.84,11.35
VIL_0378,2024-07-12 12:00:00,25.26,2.94,92.44,11.37
VIL_0379,2024-07-12 12:00:00,25.36,3.27,91.36,10.8
VIL_0380,2024-07-12 12:00:00,25.55,3.93,90.13,9.79
VIL_0381,2024-07-12 12:00:00,25.32,2.91,92.2,10.98
VIL_0382,2024-07-12 12:00:00,25.39,3.08,91.74,10.54
VIL_0383,2024-07-12 12:00:00,25.44,3.49,90.99,10.43
VIL_0384,2024-07-12 12:00:00,25.56,3.54,90.53,9.49
VIL_0385,2024-07-12 12:00:00,25.53,3.5,90.75,9.72
VIL_0386,2024-07-12 12:00:00,25.6,3.68,90.24,9.29
VIL_0387,2024-07-12 12:00:00,25.7,3.98,89.59,8.81
VIL_0388,2024-07-12 12:00:00,25.7,4.05,89.6,8.86
VIL_0389,2024-07-12 12:00:00,25.65,3.93,89.95,9.16
VIL_0390,2024-07-12 12:00:00,25.64,3.98,89.97,9.22
VIL_0391,2024-07-12 12:00:00,25.74,4.29,89.34,8.73
VIL_0392,2024-07-12 12:00:00,25.77,4.46,89.12,8.61
VIL_0393,2024-07-12 12:00:00,25.79,4.8,88.61,8.61
VIL_0394,2024-07-12 12:00:00,25.93,5.02,88.24,7.47
VIL_0395,2024-07-12 12:00:00,23.98,2.62,92.6,6.39
VIL_0396,2024-07-12 12:00:00,25.96,5.1,88.03,7.26
VIL_0397,2024-07-12 12:00:00,26.03,5.61,87.53,7.27
VIL_0398,2024-07-12 12:00:00,26.08,6.13,87.15,7.35
VIL_0399,2024-07-12 12:00:00,26.06,5.88,87.27,7.3
VIL_0400,2024-07-12 12:00:00,26.05,5.95,87.35,7.41
VIL_0401,2024-07-12 12:00:00,26.06,5.99,87.28,7.38
VIL_0402,2024-07-12 12:00:00,26.1,6.39,87.01,7.4
VIL_0403,2024-07-12 12:00:00,26.06,5.89,87.25,7.31
VIL_0404,2024-07-12 12:00:00,26.01,5.19,87.53,7.18
VIL_0405,2024-07-12 12:00:00,25.91,3.53,88.04,6.87
VIL_0406,2024-07-12 12:00:00,26.02,5.45,87.49,7.26
VIL_0407,2024-07-12 12:00:00,25.93,4.17,87.99,7.01
VIL_0408,2024-07-12 12:00:00,25.91,4.16,88.19,7.07
VIL_0409,2024-07-12 12:00:00,25.86,3.57,88.57,6.96
VIL_0410,2024-07-12 12:00:00,25.87,3.82,88.56,7.08
VIL_0411,2024-07-12 12:00:00,25.87,4.02,88.54,7.19
VIL_0412,2024-07-12 12:00:00,25.86,4.1,88.64,7.31
VIL_0413,2024-07-12 12:00:00,25.85,4.15,88.72,7.43
VIL_0414,2024-07-12 12:00:00,25.83,4.13,88.89,7.57
VIL_0415,2024-07-12 12:00:00,25.8,4.12,89.11,7.83
VIL_0416,2024-07-12 12:00:00,25.81,4.3,88.98,7.86
VIL_0417,2024-07-12 12:00:00,25.94,4.77,88.05,7.28
VIL_0418,2024-07-12 12:00:00,25.96,4.82,87.87,7.19
VIL_0419,2024-07-12 12:00:00,25.99,5.37,87.72,7.36
VIL_0420,2024-07-12 12:00:00,25.98,5.41,87.81,7.48
VIL_0421,2024-07-12 12:00:00,25.9,4.87,88.36,7.65
VIL_0422,2024-07-12 12:00:00,25.92,5.11,88.23,7.69
VIL_0423,2024-07-12 12:00:00,25.92,5.11,88.27,7.73
VIL_0424,2024-07-12 12:00:00,25.73,4.52,89.1,8.93
VIL_0425,2024-07-12 12:00:00,25.79,4.8,88.73,8.66
VIL_0426,2024-07-12 12:00:00,25.71,4.5,89.19,9.03
VIL_0427,2024-07-12 12:00:00,25.84,4.5,88.79,7.82
VIL_0428,2024-07-12 12:00:00,25.92,4.74,88.21,7.39
VIL_0429,2024-07-12 12:00:00,21.58,0.6,98.82,20.68
VIL_0430,2024-07-12 12:00:00,21.1,0.1,99.0,22.79
VIL_0431,2024-07-12 12:00:00,23.57,2.69,98.12,12.02
VIL_0432,2024-07-12 12:00:00,23.58,3.24,98.95,10.29
VIL_0433,2024-07-12 12:00:00,23.68,3.64,99.37,8.99
VIL_0434,2024-07-12 12:00:00,23.81,3.98,99.64,7.81
VIL_0435,2024-07-12 12:00:00,23.89,4.19,99.82,7.1
VIL_0436,2024-07-12 12:00:00,23.9,4.29,99.99,6.82
VIL_0437,2024-07-12 12:00:00,23.98,3.92,99.19,7.74
VIL_0438,2024-07-12 12:00:00,24.43,3.25,97.05,8.79
VIL_0439,2024-07-12 12:00:00,24.49,3.31,96.78,8.27
VIL_0440,2024-07-12 12:00:00,23.86,4.0,99.6,7.69
VIL_0441,2024-07-12 12:00:00,23.89,1.49,95.78,15.69
VIL_0442,2024-07-12 12:00:00,23.81,1.34,95.72,16.24
VIL_0443,2024-07-12 12:00:00,23.62,1.37,96.08,16.42
VIL_0444,2024-07-12 12:00:00,23.85,1.37,95.66,16.22
VIL_0445,2024-07-12 12:00:00,23.93,1.36,95.49,16.17
VIL_0446,2024-07-12 12:00:00,23.99,1.35,95.35,16.16
VIL_0447,2024-07-12 12:00:00,24.03,1.28,95.22,16.32
VIL_0448,2024-07-12 12:00:00,24.04,1.29,95.2,16.29
VIL_0449,2024-07-12 12:00:00,24.1,1.2,95.0,16.5
VIL_0450,2024-07-12 12:00:00,24.06,1.23,95.11,16.43
VIL_0451,2024-07-12 12:00:00,24.05,1.3,95.21,16.25
VIL_0452,2024-07-12 12:00:00,24.03,1.28,95.22,16.33
VIL_0453,2024-07-12 12:00:00,23.8,1.89,96.51,14.39
VIL_0454,2024-07-12 12:00:00,25.11,2.84,91.39,11.64
VIL_0455,2024-07-12 12:00:00,23.53,2.7,93.97,13.2
VIL_0456,2024-07-12 12:00:00,24.43,2.32,94.44,13.78
VIL_0457,2024-07-12 12:00:00,24.51,2.49,94.22,13.41
VIL_0458,2024-07-12 12:00:00,24.61,2.72,93.93,12.9
VIL_0459,2024-07-12 12:00:00,24.79,3.14,93.28,12.06
VIL_0460,2024-07-12 12:00:00,24.38,2.14,94.61,14.15
VIL_0461,2024-07-12 12:00:00,23.91,1.53,95.67,15.69
VIL_0462,2024-07-12 12:00:00,23.89,1.49,95.69,15.84
VIL_0463,2024-07-12 12:00:00,23.77,1.52,95.94,15.85
VIL_0464,2024-07-12 12:00:00,23.96,1.45,95.52,15.9
VIL_0465,2024-07-12 12:00:00,23.97,1.47,95.51,15.81
VIL_0466,2024-07-12 12:00:00,23.93,1.41,95.53,16.04
VIL_0467,2024-07-12 12:00:00,23.82,1.43,95.76,16.07
VIL_0468,2024-07-12 12:00:00,23.7,1.49,96.04,16.0
VIL_0469,2024-07-12 12:00:00,23.62,1.49,96.18,16.06
VIL_0470,2024-07-12 12:00:00,23.54,1.44,96.29,16.29
VIL_0471,2024-07-12 12:00:00,25.27,3.24,90.98,10.98
VIL_0472,2024-07-12 12:00:00,24.89,3.34,92.95,11.66
VIL_0473,2024-07-12 12:00:00,24.6,2.68,94.05,12.9
VIL_0474,2024-07-12 12:00:00,24.86,3.15,93.35,11.73
VIL_0475,2024-07-12 12:00:00,24.92,3.18,93.27,11.54
VIL_0476,2024-07-12 12:00:00,24.83,3.0,93.71,11.76
VIL_0477,2024-07-12 12:00:00,24.6,2.68,94.31,12.63
VIL_0478,2024-07-12 12:00:00,24.55,2.56,94.31,13.05
VIL_0479,2024-07-12 12:00:00,24.42,2.25,94.59,13.82
VIL_0480,2024-07-12 12:00:00,23.99,1.5,95.51,15.72
VIL_0481,2024-07-12 12:00:00,24.0,1.51,95.52,15.66
VIL_0482,2024-07-12 12:00:00,24.33,1.97,95.31,13.69
VIL_0483,2024-07-12 12:00:00,24.45,2.17,95.16,12.95
VIL_0484,2024-07-12 12:00:00,24.36,2.16,95.46,13.01
VIL_0485,2024-07-12 12:00:00,23.96,1.71,95.84,15.08
VIL_0486,2024-07-12 12:00:00,24.0,1.48,95.51,15.75
VIL_0487,2024-07-12 12:00:00,24.48,2.61,95.72,11.33
VIL_0488,2024-07-12 12:00:00,24.69,2.75,95.2,10.6
VIL_0489,2024-07-12 12:00:00,24.86,2.7,94.52,10.61
VIL_0490,2024-07-12 12:00:00,24.99,2.65,94.03,10.66
VIL_0491,2024-07-12 12:00:00,24.88,2.72,94.6,9.87
VIL_0492,2024-07-12 12:00:00,24.77,2.79,95.02,10.06
VIL_0493,2024-07-12 12:00:00,24.46,2.91,96.21,10.22
VIL_0494,2024-07-12 12:00:00,23.85,3.17,98.26,10.07
VIL_0495,2024-07-12 12:00:00,23.92,3.78,99.07,8.16
VIL_0496,2024-07-12 12:00:00,24.5,3.22,96.6,8.71
VIL_0497,2024-07-12 12:00:00,24.23,3.57,97.93,8.39
VIL_0498,2024-07-12 12:00:00,24.47,3.16,96.57,9.17
VIL_0499,2024-07-12 12:00:00,24.68,2.93,95.6,9.42
VIL_0500,2024-07-12 12:00:00,24.88,2.75,94.8,9.04
VIL_0501,2024-07-12 12:00:00,24.96,2.65,94.37,9.22
VIL_0502,2024-07-12 12:00:00,23.91,1.69,95.97,15.16
VIL_0503,2024-07-12 12:00:00,24.29,2.35,95.99,12.42
VIL_0504,2024-07-12 12:00:00,24.28,2.67,96.46,11.36
VIL_0505,2024-07-12 12:00:00,24.35,2.61,96.16,11.46
VIL_0506,2024-07-12 12:00:00,23.79,2.57,97.51,12.12
VIL_0507,2024-07-12 12:00:00,25.02,2.61,93.95,10.24
VIL_0508,2024-07-12 12:00:00,25.01,2.6,94.06,9.71
VIL_0509,2024-07-12 12:00:00,25.14,2.64,93.97,8.85
VIL_0510,2024-07-12 12:00:00,25.17,2.62,93.89,8.87
VIL_0511,2024-07-12 12:00:00,25.14,2.67,94.02,9.04
VIL_0512,2024-07-12 12:00:00,25.04,2.59,93.88,10.18
VIL_0513,2024-07-12 12:00:00,25.13,2.71,94.12,9.15
VIL_0514,2024-07-12 12:00:00,25.11,2.76,94.12,9.67
VIL_0515,2024-07-12 12:00:00,25.11,2.77,94.2,9.54
VIL_0516,2024-07-12 12:00:00,25.11,2.77,94.01,10.14
VIL_0517,2024-07-12 12:00:00,25.17,2.83,93.23,10.66
VIL_0518,2024-07-12 12:00:00,25.17,2.87,93.23,10.48
VIL_0519,2024-07-12 12:00:00,25.17,2.94,93.23,10.22
VIL_0520,2024-07-12 12:00:00,25.1,2.83,94.24,10.02
VIL_0521,2024-07-12 12:00:00,25.1,2.8,94.16,9.98
VIL_0522,2024-07-12 12:00:00,25.1,2.83,94.35,9.65
VIL_0523,2024-07-12 12:00:00,18.62,2.91,99.14,10.59
VIL_0524,2024-07-12 12:00:00,21.12,2.61,98.09,7.0
VIL_0525,2024-07-12 12:00:00,25.7,2.94,90.22,5.25
VIL_0526,2024-07-12 12:00:00,24.26,1.93,96.95,2.79
VIL_0527,2024-07-12 12:00:00,24.51,1.5,95.71,2.88
VIL_0528,2024-07-12 12:00:00,25.34,1.51,94.28,2.58
VIL_0529,2024-07-12 12:00:00,25.38,1.47,94.05,2.7
VIL_0530,2024-07-12 12:00:00,25.5,1.93,92.4,3.8
VIL_0531,2024-07-12 12:00:00,25.65,2.08,90.63,4.94
VIL_0532,2024-07-12 12:00:00,25.58,1.95,91.53,4.35
VIL_0533,2024-07-12 12:00:00,25.71,2.74,90.01,5.37
VIL_0534,2024-07-12 12:00:00,25.78,2.29,88.95,6.03
VIL_0535,2024-07-12 12:00:00,25.81,3.13,89.01,6.03
VIL_0536,2024-07-12 12:00:00,25.85,3.41,88.59,6.3
VIL_0537,2024-07-12 12:00:00,25.91,4.22,88.29,6.52
VIL_0538,2024-07-12 12:00:00,25.96,4.58,87.91,6.98
VIL_0539,2024-07-12 12:00:00,25.86,2.89,88.19,6.54
VIL_0540,2024-07-12 12:00:00,25.83,2.39,88.41,6.38
VIL_0541,2024-07-12 12:00:00,25.81,1.76,88.28,6.45
VIL_0542,2024-07-12 12:00:00,25.79,1.26,88.37,6.37
VIL_0543,2024-07-12 12:00:00,25.8,1.15,88.14,6.52
VIL_0544,2024-07-12 12:00:00,25.71,1.99,89.72,5.53
VIL_0545,2024-07-12 12:00:00,25.63,1.67,90.77,4.82
VIL_0546,2024-07-12 12:00:00,25.48,1.33,93.08,3.27
VIL_0547,2024-07-12 12:00:00,25.43,1.27,93.75,2.82
VIL_0548,2024-07-12 12:00:00,25.36,1.13,94.77,2.15
VIL_0549,2024-07-12 12:00:00,25.23,1.02,95.64,1.94
VIL_0550,2024-07-12 12:00:00,25.25,0.9,95.82,1.7
VIL_0551,2024-07-12 12:00:00,25.09,1.45,95.94,2.01
VIL_0552,2024-07-12 12:00:00,25.06,1.55,96.09,1.93
VIL_0553,2024-07-12 12:00:00,24.38,2.32,96.96,2.53
VIL_0554,2024-07-12 12:00:00,24.83,2.34,96.51,1.98
VIL_0555,2024-07-12 12:00:00,25.12,1.32,96.12,1.72
VIL_0556,2024-07-12 12:00:00,24.77,2.54,96.62,1.97
VIL_0557,2024-07-12 12:00:00,25.23,0.93,96.07,1.52
VIL_0558,2024-07-12 12:00:00,25.4,0.3,96.0,1.1
VIL_0559,2024-07-12 12:00:00,25.38,0.41,95.91,1.26
VIL_0560,2024-07-12 12:00:00,25.37,0.45,95.85,1.34
VIL_0561,2024-07-12 12:00:00,25.43,0.99,94.1,2.54
VIL_0562,2024-07-12 12:00:00,25.67,1.31,90.01,5.3
VIL_0563,2024-07-12 12:00:00,25.62,1.42,90.88,4.74
VIL_0564,2024-07-12 12:00:00,25.72,1.37,89.36,5.73
VIL_0565,2024-07-12 12:00:00,25.76,1.68,88.93,6.03
VIL_0566,2024-07-12 12:00:00,25.79,0.98,88.12,6.53
VIL_0567,2024-07-12 12:00:00,25.8,0.91,88.01,6.6
VIL_0568,2024-07-12 12:00:00,25.82,2.14,88.3,6.45
VIL_0569,2024-07-12 12:00:00,25.8,1.55,88.31,6.42
VIL_0570,2024-07-12 12:00:00,25.87,3.15,88.28,6.8
VIL_0571,2024-07-12 12:00:00,25.86,3.02,88.37,6.76
VIL_0572,2024-07-12 12:00:00,25.83,2.5,88.49,6.64
VIL_0573,2024-07-12 12:00:00,25.84,2.88,88.51,6.72
VIL_0574,2024-07-12 12:00:00,25.83,2.93,88.66,6.73
VIL_0575,2024-07-12 12:00:00,25.8,2.06,88.58,6.27
VIL_0576,2024-07-12 12:00:00,25.78,2.41,88.91,6.07
VIL_0577,2024-07-12 12:00:00,25.76,2.25,89.01,6.0
VIL_0578,2024-07-12 12:00:00,25.75,2.04,89.11,5.94
VIL_0579,2024-07-12 12:00:00,25.78,2.15,88.77,6.15
VIL_0580,2024-07-12 12:00:00,25.79,1.47,88.39,6.37
VIL_0581,2024-07-12 12:00:00,25.8,1.04,88.13,6.52
VIL_0582,2024-07-12 12:00:00,25.74,1.95,89.2,5.88
VIL_0583,2024-07-12 12:00:00,25.69,1.91,89.7,5.56
VIL_0584,2024-07-12 12:00:00,25.72,1.74,89.37,5.76
VIL_0585,2024-07-12 12:00:00,25.75,1.59,88.91,6.04
VIL_0586,2024-07-12 12:00:00,25.76,1.43,88.68,6.18
VIL_0587,2024-07-12 12:00:00,25.77,1.59,88.68,6.19
VIL_0588,2024-07-12 12:00:00,25.85,3.08,88.5,6.78
VIL_0589,2024-07-12 12:00:00,25.78,1.28,88.48,6.3
VIL_0590,2024-07-12 12:00:00,25.79,0.99,88.12,6.53
VIL_0591,2024-07-12 12:00:00,25.75,1.28,88.82,6.09
VIL_0592,2024-07-12 12:00:00,25.72,1.42,89.32,5.78
VIL_0593,2024-07-12 12:00:00,25.78,1.08,88.39,6.35
VIL_0594,2024-07-12 12:00:00,25.61,1.33,90.89,4.73
VIL_0595,2024-07-12 12:00:00,25.6,1.42,90.92,4.73
VIL_0596,2024-07-12 12:00:00,25.6,1.66,90.77,4.86
VIL_0597,2024-07-12 12:00:00,25.62,1.57,90.54,5.0
VIL_0598,2024-07-12 12:00:00,25.4,1.1,92.71,4.26
VIL_0599,2024-07-12 12:00:00,25.37,1.16,92.97,4.27
VIL_0600,2024-07-12 12:00:00,25.38,1.14,92.88,4.27
VIL_0601,2024-07-12 12:00:00,25.34,1.12,93.55,3.81
VIL_0602,2024-07-12 12:00:00,25.39,1.05,93.06,3.92
VIL_0603,2024-07-12 12:00:00,25.31,1.11,93.94,3.54
VIL_0604,2024-07-12 12:00:00,25.25,1.19,94.5,3.43
VIL_0605,2024-07-12 12:00:00,25.24,1.17,94.68,3.26
VIL_0606,2024-07-12 12:00:00,25.2,1.13,95.46,2.61
VIL_0607,2024-07-12 12:00:00,25.29,1.02,94.7,2.87
VIL_0608,2024-07-12 12:00:00,25.4,1.0,93.24,3.69
VIL_0609,2024-07-12 12:00:00,25.36,0.88,94.22,2.89
VIL_0610,2024-07-12 12:00:00,25.49,1.21,92.89,3.39
VIL_0611,2024-07-12 12:00:00,25.29,0.84,95.34,2.16
VIL_0612,2024-07-12 12:00:00,25.24,0.96,95.62,2.14
VIL_0613,2024-07-12 12:00:00,25.18,1.1,95.93,2.03
VIL_0614,2024-07-12 12:00:00,25.04,1.52,96.21,2.43
VIL_0615,2024-07-12 12:00:00,25.01,1.65,96.29,2.14
VIL_0616,2024-07-12 12:00:00,25.24,0.89,96.04,1.57
VIL_0617,2024-07-12 12:00:00,25.36,0.48,95.92,1.33
VIL_0618,2024-07-12 12:00:00,25.06,1.44,96.12,2.79
VIL_0619,2024-07-12 12:00:00,18.27,3.05,99.18,11.18
VIL_0620,2024-07-12 12:00:00,18.18,3.09,99.19,11.32
VIL_0621,2024-07-12 12:00:00,18.08,3.14,99.18,11.49
VIL_0622,2024-07-12 12:00:00,17.59,3.26,99.33,12.24
VIL_0623,2024-07-12 12:00:00,17.54,2.86,99.8,11.97
VIL_0624,2024-07-12 12:00:00,18.6,2.91,99.17,10.6
VIL_0625,2024-07-12 12:00:00,20.9,2.74,98.2,7.31
VIL_0626,2024-07-12 12:00:00,17.73,3.01,99.54,11.84
VIL_0627,2024-07-12 12:00:00,17.98,3.1,99.32,11.57
VIL_0628,2024-07-12 12:00:00,17.5,3.42,99.22,12.52
VIL_0629,2024-07-12 12:00:00,17.63,3.38,99.22,12.33
VIL_0630,2024-07-12 12:00:00,17.96,3.28,99.2,11.87
VIL_0631,2024-07-12 12:00:00,17.76,3.33,99.21,12.14
VIL_0632,2024-07-12 12:00:00,17.89,3.26,99.25,11.92
VIL_0633,2024-07-12 12:00:00,18.29,3.17,99.2,11.36
VIL_0634,2024-07-12 12:00:00,18.0,3.27,99.19,11.81
VIL_0635,2024-07-12 12:00:00,18.35,3.18,99.13,11.25
VIL_0636,2024-07-12 12:00:00,18.94,3.05,99.01,10.45
VIL_0637,2024-07-12 12:00:00,19.09,3.07,98.98,10.37
VIL_0638,2024-07-12 12:00:00,20.58,3.02,98.55,8.21
VIL_0639,2024-07-12 12:00:00,23.87,2.53,97.27,3.32
VIL_0640,2024-07-12 12:00:00,24.02,2.71,97.25,3.12
VIL_0641,2024-07-12 12:00:00,24.32,2.82,97.07,2.53
VIL_0642,2024-07-12 12:00:00,20.81,2.92,98.5,8.11
VIL_0643,2024-07-12 12:00:00,23.67,2.56,97.46,3.81
VIL_0644,2024-07-12 12:00:00,20.11,2.96,98.71,9.04
VIL_0645,2024-07-12 12:00:00,19.8,2.98,98.79,9.5
VIL_0646,2024-07-12 12:00:00,19.69,2.92,98.83,9.44
VIL_0647,2024-07-12 12:00:00,19.62,2.91,98.86,9.57
VIL_0648,2024-07-12 12:00:00,19.64,2.9,98.86,9.56
VIL_0649,2024-07-12 12:00:00,20.73,2.22,98.81,8.92
VIL_0650,2024-07-12 12:00:00,21.38,2.01,98.69,8.2
VIL_0651,2024-07-12 12:00:00,23.38,1.96,98.0,5.55
VIL_0652,2024-07-12 12:00:00,20.42,2.74,98.68,8.53
VIL_0653,2024-07-12 12:00:00,21.09,2.11,98.75,8.54
VIL_0654,2024-07-12 12:00:00,23.62,1.93,97.95,5.25
VIL_0655,2024-07-12 12:00:00,24.72,0.6,97.74,4.67
VIL_0656,2024-07-12 12:00:00,23.73,1.12,97.6,5.52
VIL_0657,2024-07-12 12:00:00,24.91,0.6,96.66,4.53
VIL_0658,2024-07-12 12:00:00,24.89,0.92,97.6,3.85
VIL_0659,2024-07-12 12:00:00,24.82,0.99,97.37,3.9
VIL_0660,2024-07-12 12:00:00,24.83,1.16,97.5,3.88
VIL_0661,2024-07-12 12:00:00,23.9,2.14,97.85,4.5
VIL_0662,2024-07-12 12:00:00,24.73,2.41,97.19,2.71
VIL_0663,2024-07-12 12:00:00,24.74,2.27,97.28,2.99
VIL_0664,2024-07-12 12:00:00,24.64,2.79,97.14,2.5
VIL_0665,2024-07-12 12:00:00,24.57,3.16,97.03,2.12
VIL_0666,2024-07-12 12:00:00,24.67,2.79,96.99,2.19
VIL_0667,2024-07-12 12:00:00,24.68,2.84,96.76,2.05
VIL_0668,2024-07-12 12:00:00,24.54,3.33,97.01,1.99
VIL_0669,2024-07-12 12:00:00,24.5,3.16,96.99,2.07
VIL_0670,2024-07-12 12:00:00,24.51,3.47,97.0,1.91
VIL_0671,2024-07-12 12:00:00,25.19,1.27,94.94,3.48
VIL_0672,2024-07-12 12:00:00,25.33,1.17,93.39,4.06
VIL_0673,2024-07-12 12:00:00,25.3,1.19,93.75,3.9
VIL_0674,2024-07-12 12:00:00,25.29,1.19,93.92,3.79
VIL_0675,2024-07-12 12:00:00,25.26,1.22,94.14,3.8
VIL_0676,2024-07-12 12:00:00,25.29,1.21,93.83,3.94
VIL_0677,2024-07-12 12:00:00,25.26,1.23,94.03,3.92
VIL_0678,2024-07-12 12:00:00,25.21,1.27,94.53,3.76
VIL_0679,2024-07-12 12:00:00,25.52,0.61,92.71,5.55
VIL_0680,2024-07-12 12:00:00,25.52,0.61,92.75,5.67
VIL_0681,2024-07-12 12:00:00,25.49,0.61,93.2,5.65
VIL_0682,2024-07-12 12:00:00,25.52,0.59,92.93,5.93
VIL_0683,2024-07-12 12:00:00,25.54,0.58,92.67,6.0
VIL_0684,2024-07-12 12:00:00,25.56,0.55,92.57,6.32
VIL_0685,2024-07-12 12:00:00,25.59,0.51,92.31,6.8
VIL_0686,2024-07-12 12:00:00,25.54,0.55,92.79,6.37
VIL_0687,2024-07-12 12:00:00,25.33,0.98,94.19,5.81
VIL_0688,2024-07-12 12:00:00,25.57,0.38,92.35,7.63
VIL_0689,2024-07-12 12:00:00,25.57,0.38,92.28,7.66
VIL_0690,2024-07-12 12:00:00,25.6,0.35,92.05,7.8
VIL_0691,2024-07-12 12:00:00,25.7,0.3,91.1,8.98
VIL_0692,2024-07-12 12:00:00,25.65,0.34,91.48,8.73
VIL_0693,2024-07-12 12:00:00,25.75,0.27,90.71,9.23
VIL_0694,2024-07-12 12:00:00,25.79,0.23,90.39,9.44
VIL_0695,2024-07-12 12:00:00,25.92,0.13,89.43,10.07
VIL_0696,2024-07-12 12:00:00,25.96,0.12,89.22,10.23
VIL_0697,2024-07-12 12:00:00,25.99,0.1,89.06,10.36
VIL_0698,2024-07-12 12:00:00,25.99,0.1,89.02,10.38
VIL_0699,2024-07-12 12:00:00,25.94,0.11,89.19,10.17
VIL_0700,2024-07-12 12:00:00,25.82,0.21,90.19,9.56
VIL_0701,2024-07-12 12:00:00,25.75,0.19,90.27,9.42
VIL_0702,2024-07-12 12:00:00,25.66,0.3,91.13,8.87
VIL_0703,2024-07-12 12:00:00,25.6,0.34,91.55,8.57
VIL_0704,2024-07-12 12:00:00,25.9,0.13,89.47,10.04
VIL_0705,2024-07-12 12:00:00,25.84,0.14,89.79,9.69
VIL_0706,2024-07-12 12:00:00,25.69,0.18,90.4,9.13
VIL_0707,2024-07-12 12:00:00,25.61,0.21,90.87,8.73
VIL_0708,2024-07-12 12:00:00,25.6,0.2,90.74,8.79
VIL_0709,2024-07-12 12:00:00,25.88,0.12,89.4,9.93
VIL_0710,2024-07-12 12:00:00,25.72,0.14,89.91,9.34
VIL_0711,2024-07-12 12:00:00,25.6,0.16,90.22,8.97
VIL_0712,2024-07-12 12:00:00,25.64,0.16,90.1,9.07
VIL_0713,2024-07-12 12:00:00,25.74,0.14,89.84,9.4
VIL_0714,2024-07-12 12:00:00,25.8,0.13,89.65,9.63
VIL_0715,2024-07-12 12:00:00,25.74,0.14,89.86,9.36
VIL_0716,2024-07-12 12:00:00,25.72,0.14,89.91,9.29
VIL_0717,2024-07-12 12:00:00,25.64,0.16,90.13,9.03
VIL_0718,2024-07-12 12:00:00,25.57,0.17,90.32,8.77
VIL_0719,2024-07-12 12:00:00,25.67,0.15,90.09,9.06
VIL_0720,2024-07-12 12:00:00,25.66,0.16,89.93,9.03
VIL_0721,2024-07-12 12:00:00,25.61,0.16,90.26,8.84
VIL_0722,2024-07-12 12:00:00,25.56,0.17,90.42,8.6
VIL_0723,2024-07-12 12:00:00,25.61,0.17,90.08,8.8
VIL_0724,2024-07-12 12:00:00,25.55,0.17,90.4,8.65
VIL_0725,2024-07-12 12:00:00,25.52,0.17,90.55,8.42
VIL_0726,2024-07-12 12:00:00,25.57,0.18,90.2,8.6
VIL_0727,2024-07-12 12:00:00,25.58,0.18,90.22,8.59
VIL_0728,2024-07-12 12:00:00,25.55,0.18,90.29,8.44
VIL_0729,2024-07-12 12:00:00,25.5,0.18,90.35,8.74
VIL_0730,2024-07-12 12:00:00,25.48,0.19,90.26,8.82
VIL_0731,2024-07-12 12:00:00,25.48,0.2,90.19,8.92
VIL_0732,2024-07-12 12:00:00,25.49,0.2,90.15,8.95
VIL_0733,2024-07-12 12:00:00,25.5,0.2,90.01,9.09
VIL_0734,2024-07-12 12:00:00,25.46,0.2,90.35,8.72
VIL_0735,2024-07-12 12:00:00,25.49,0.2,90.13,8.95
VIL_0736,2024-07-12 12:00:00,25.49,0.2,90.11,8.98
VIL_0737,2024-07-12 12:00:00,25.47,0.2,90.27,8.79
VIL_0738,2024-07-12 12:00:00,25.41,0.2,90.66,8.3
VIL_0739,2024-07-12 12:00:00,25.5,0.18,90.41,8.65
VIL_0740,2024-07-12 12:00:00,25.49,0.18,90.56,8.42
VIL_0741,2024-07-12 12:00:00,25.47,0.19,90.52,8.47
VIL_0742,2024-07-12 12:00:00,25.45,0.19,90.58,8.34
VIL_0743,2024-07-12 12:00:00,25.45,0.19,90.68,8.2
VIL_0744,2024-07-12 12:00:00,25.53,0.19,90.32,8.36
VIL_0745,2024-07-12 12:00:00,25.37,0.2,91.19,7.45
VIL_0746,2024-07-12 12:00:00,25.37,0.2,91.16,7.4
VIL_0747,2024-07-12 12:00:00,25.37,0.2,91.16,7.1
VIL_0748,2024-07-12 12:00:00,25.37,0.2,91.09,7.48
VIL_0749,2024-07-12 12:00:00,25.38,0.2,91.04,7.67
VIL_0750,2024-07-12 12:00:00,25.14,1.31,95.41,3.29
VIL_0751,2024-07-12 12:00:00,25.09,1.37,95.82,3.22
VIL_0752,2024-07-12 12:00:00,24.95,1.45,97.18,3.17
VIL_0753,2024-07-12 12:00:00,25.16,1.3,95.13,3.52
VIL_0754,2024-07-12 12:00:00,25.13,1.33,95.31,3.6
VIL_0755,2024-07-12 12:00:00,25.13,1.34,95.29,3.67
VIL_0756,2024-07-12 12:00:00,25.1,1.36,95.62,3.5
VIL_0757,2024-07-12 12:00:00,24.95,1.4,97.23,3.26
VIL_0758,2024-07-12 12:00:00,24.93,1.39,97.39,3.61
VIL_0759,2024-07-12 12:00:00,24.94,1.37,97.34,3.47
VIL_0760,2024-07-12 12:00:00,25.2,1.15,95.22,4.85
VIL_0761,2024-07-12 12:00:00,25.17,1.19,95.47,4.66
VIL_0762,2024-07-12 12:00:00,25.2,1.13,95.14,5.23
VIL_0763,2024-07-12 12:00:00,24.86,1.87,97.15,2.96
VIL_0764,2024-07-12 12:00:00,24.88,1.64,97.35,3.52
VIL_0765,2024-07-12 12:00:00,24.83,1.78,97.47,3.76
VIL_0766,2024-07-12 12:00:00,24.82,1.75,97.57,4.01
VIL_0767,2024-07-12 12:00:00,24.84,1.63,97.62,4.07
VIL_0768,2024-07-12 12:00:00,24.84,1.65,97.58,3.88
VIL_0769,2024-07-12 12:00:00,24.89,1.27,97.83,4.72
VIL_0770,2024-07-12 12:00:00,24.89,1.24,97.88,5.06
VIL_0771,2024-07-12 12:00:00,24.9,1.1,98.0,5.5
VIL_0772,2024-07-12 12:00:00,24.89,1.23,97.88,5.08
VIL_0773,2024-07-12 12:00:00,24.89,1.45,97.55,4.08
VIL_0774,2024-07-12 12:00:00,24.91,1.43,97.47,3.85
VIL_0775,2024-07-12 12:00:00,24.91,1.33,97.62,4.2
VIL_0776,2024-07-12 12:00:00,24.9,1.31,97.72,4.55
VIL_0777,2024-07-12 12:00:00,24.9,1.24,97.81,4.8
VIL_0778,2024-07-12 12:00:00,24.9,1.13,97.97,5.38
VIL_0779,2024-07-12 12:00:00,24.89,1.14,97.93,5.24
VIL_0780,2024-07-12 12:00:00,24.89,1.14,97.94,5.25
VIL_0781,2024-07-12 12:00:00,24.89,1.11,97.81,4.37
VIL_0782,2024-07-12 12:00:00,24.89,1.13,97.74,4.1
VIL_0783,2024-07-12 12:00:00,24.88,1.09,97.69,3.95
VIL_0784,2024-07-12 12:00:00,24.87,1.24,97.78,4.48
VIL_0785,2024-07-12 12:00:00,24.85,1.31,97.66,4.07
VIL_0786,2024-07-12 12:00:00,24.83,1.43,97.64,4.06
VIL_0787,2024-07-12 12:00:00,25.11,1.19,95.73,5.71
VIL_0788,2024-07-12 12:00:00,24.93,1.35,97.48,3.76
VIL_0789,2024-07-12 12:00:00,24.92,1.32,97.59,4.05
VIL_0790,2024-07-12 12:00:00,24.91,1.28,97.69,4.31
VIL_0791,2024-07-12 12:00:00,24.85,1.2,97.73,4.63
VIL_0792,2024-07-12 12:00:00,24.88,1.13,97.82,4.78
VIL_0793,2024-07-12 12:00:00,24.95,0.83,97.32,4.76
VIL_0794,2024-07-12 12:00:00,24.95,0.82,97.1,5.02
VIL_0795,2024-07-12 12:00:00,24.96,0.81,96.84,5.26
VIL_0796,2024-07-12 12:00:00,24.97,0.74,96.64,5.11
VIL_0797,2024-07-12 12:00:00,24.99,0.7,96.27,5.29
VIL_0798,2024-07-12 12:00:00,25.0,0.68,96.1,5.42
VIL_0799,2024-07-12 12:00:00,25.33,0.57,93.93,7.08
VIL_0800,2024-07-12 12:00:00,25.17,0.75,95.48,6.29
VIL_0801,2024-07-12 12:00:00,25.32,0.62,94.19,7.08
VIL_0802,2024-07-12 12:00:00,25.42,0.53,93.33,7.58
VIL_0803,2024-07-12 12:00:00,25.45,0.45,92.65,7.81
VIL_0804,2024-07-12 12:00:00,25.4,0.27,92.06,7.72
VIL_0805,2024-07-12 12:00:00,25.42,0.26,91.83,7.88
VIL_0806,2024-07-12 12:00:00,25.42,0.25,91.56,8.05
VIL_0807,2024-07-12 12:00:00,25.33,0.28,92.29,7.49
VIL_0808,2024-07-12 12:00:00,25.08,0.49,94.55,6.12
VIL_0809,2024-07-12 12:00:00,25.03,0.58,95.38,5.69
VIL_0810,2024-07-12 12:00:00,25.03,0.55,95.35,5.6
VIL_0811,2024-07-12 12:00:00,24.98,0.59,96.04,5.05
VIL_0812,2024-07-12 12:00:00,24.96,0.67,96.83,4.52
VIL_0813,2024-07-12 12:00:00,24.93,0.59,96.56,4.54
VIL_0814,2024-07-12 12:00:00,24.85,0.51,96.59,4.33
VIL_0815,2024-07-12 12:00:00,24.87,0.55,96.71,4.31
VIL_0816,2024-07-12 12:00:00,24.89,0.56,96.49,4.58
VIL_0817,2024-07-12 12:00:00,24.91,0.61,96.9,4.29
VIL_0818,2024-07-12 12:00:00,24.99,0.79,97.9,3.68
VIL_0819,2024-07-12 12:00:00,24.98,0.77,97.74,3.83
VIL_0820,2024-07-12 12:00:00,24.9,0.97,97.67,3.86
VIL_0821,2024-07-12 12:00:00,24.99,0.78,97.85,3.73
VIL_0822,2024-07-12 12:00:00,24.93,0.95,97.84,4.06
VIL_0823,2024-07-12 12:00:00,24.97,0.73,97.26,4.29
VIL_0824,2024-07-12 12:00:00,25.37,0.56,93.7,7.33
VIL_0825,2024-07-12 12:00:00,25.55,0.18,90.4,8.36
VIL_0826,2024-07-12 12:00:00,25.54,0.18,90.42,8.31
VIL_0827,2024-07-12 12:00:00,25.54,0.19,90.39,8.31
VIL_0828,2024-07-12 12:00:00,25.56,0.18,90.31,8.46
VIL_0829,2024-07-12 12:00:00,25.53,0.19,90.5,8.24
VIL_0830,2024-07-12 12:00:00,25.32,0.22,91.75,7.69
VIL_0831,2024-07-12 12:00:00,25.51,0.19,90.54,8.05
VIL_0832,2024-07-12 12:00:00,25.3,0.23,91.94,7.76
VIL_0833,2024-07-12 12:00:00,25.31,0.22,91.95,7.75
VIL_0834,2024-07-12 12:00:00,25.29,0.23,92.05,7.78
VIL_0835,2024-07-12 12:00:00,25.29,0.23,92.12,7.8
VIL_0836,2024-07-12 12:00:00,25.28,0.23,92.17,7.8
VIL_0837,2024-07-12 12:00:00,25.35,0.22,91.52,7.43
VIL_0838,2024-07-12 12:00:00,25.34,0.22,91.67,7.55
VIL_0839,2024-07-12 12:00:00,25.34,0.22,91.74,7.63
VIL_0840,2024-07-12 12:00:00,25.32,0.22,91.84,7.7
VIL_0841,2024-07-12 12:00:00,25.33,0.22,91.86,7.75
VIL_0842,2024-07-12 12:00:00,25.33,0.22,91.88,7.88
VIL_0843,2024-07-12 12:00:00,25.31,0.22,91.99,7.82
VIL_0844,2024-07-12 12:00:00,25.33,0.22,91.91,7.94
VIL_0845,2024-07-12 12:00:00,25.36,0.22,91.81,8.1
VIL_0846,2024-07-12 12:00:00,25.29,0.23,92.18,7.85
VIL_0847,2024-07-12 12:00:00,25.3,0.23,92.14,7.89
VIL_0848,2024-07-12 12:00:00,25.31,0.23,92.07,7.96
VIL_0849,2024-07-12 12:00:00,25.34,0.22,91.97,8.11
VIL_0850,2024-07-12 12:00:00,25.3,0.23,92.21,7.99
VIL_0851,2024-07-12 12:00:00,25.27,0.23,92.35,7.96
VIL_0852,2024-07-12 12:00:00,25.3,0.23,92.23,8.09
VIL_0853,2024-07-12 12:00:00,25.29,0.24,92.42,7.93
VIL_0854,2024-07-12 12:00:00,25.28,0.24,92.44,7.81
VIL_0855,2024-07-12 12:00:00,25.28,0.24,92.53,7.8
VIL_0856,2024-07-12 12:00:00,25.27,0.24,92.57,7.8
VIL_0857,2024-07-12 12:00:00,25.27,0.24,92.61,7.84
VIL_0858,2024-07-12 12:00:00,25.27,0.24,92.53,7.91
VIL_0859,2024-07-12 12:00:00,25.25,0.24,92.76,7.84
VIL_0860,2024-07-12 12:00:00,25.38,0.21,91.6,7.97
VIL_0861,2024-07-12 12:00:00,25.44,0.21,91.39,8.46
VIL_0862,2024-07-12 12:00:00,25.45,0.21,91.31,8.48
VIL_0863,2024-07-12 12:00:00,25.38,0.22,91.63,8.03
VIL_0864,2024-07-12 12:00:00,25.41,0.21,91.53,8.36
VIL_0865,2024-07-12 12:00:00,25.49,0.2,91.04,8.68
VIL_0866,2024-07-12 12:00:00,25.22,0.24,92.84,8.11
VIL_0867,2024-07-12 12:00:00,25.12,0.26,93.58,7.94
VIL_0868,2024-07-12 12:00:00,25.28,0.23,92.5,8.18
VIL_0869,2024-07-12 12:00:00,25.38,0.22,91.75,8.31
VIL_0870,2024-07-12 12:00:00,25.36,0.22,91.92,8.3
VIL_0871,2024-07-12 12:00:00,25.16,0.25,93.31,7.88
VIL_0872,2024-07-12 12:00:00,25.28,0.24,92.48,8.04
VIL_0873,2024-07-12 12:00:00,25.2,0.25,93.03,7.9
VIL_0874,2024-07-12 12:00:00,25.06,0.27,94.04,7.62
VIL_0875,2024-07-12 12:00:00,25.16,0.24,93.4,8.33
VIL_0876,2024-07-12 12:00:00,24.89,0.3,95.25,7.37
VIL_0877,2024-07-12 12:00:00,25.11,0.25,93.8,8.22
VIL_0878,2024-07-12 12:00:00,25.29,0.22,92.55,8.56
VIL_0879,2024-07-12 12:00:00,25.29,0.22,92.64,8.49
VIL_0880,2024-07-12 12:00:00,25.18,0.24,92.97,7.48
VIL_0881,2024-07-12 12:00:00,24.84,0.29,95.4,7.25
VIL_0882,2024-07-12 12:00:00,24.45,0.36,98.22,6.86
VIL_0883,2024-07-12 12:00:00,24.75,0.31,96.02,6.92
VIL_0884,2024-07-12 12:00:00,24.45,0.36,98.15,6.73
VIL_0885,2024-07-12 12:00:00,24.2,0.4,99.98,6.6
VIL_0886,2024-07-12 12:00:00,24.31,0.38,99.2,6.73
VIL_0887,2024-07-12 12:00:00,24.87,0.3,95.32,7.46
VIL_0888,2024-07-12 12:00:00,24.53,0.35,97.68,6.99
VIL_0889,2024-07-12 12:00:00,24.5,0.36,97.93,6.92
VIL_0890,2024-07-12 12:00:00,24.76,0.32,96.16,7.2
VIL_0891,2024-07-12 12:00:00,24.82,0.31,95.74,7.2
VIL_0892,2024-07-12 12:00:00,24.48,0.35,97.92,6.73
VIL_0893,2024-07-12 12:00:00,24.77,0.32,96.07,7.11
VIL_0894,2024-07-12 12:00:00,25.35,0.21,91.56,7.33
VIL_0895,2024-07-12 12:00:00,25.16,0.24,93.07,7.22
VIL_0896,2024-07-12 12:00:00,25.35,0.22,91.62,7.51
VIL_0897,2024-07-12 12:00:00,25.2,0.25,93.12,7.78
VIL_0898,2024-07-12 12:00:00,25.25,0.22,92.77,8.52
VIL_0899,2024-07-12 12:00:00,25.32,0.21,92.3,8.71
VIL_0900,2024-07-12 12:00:00,25.44,0.18,91.47,9.04
VIL_0901,2024-07-12 12:00:00,25.37,0.2,91.94,8.88
VIL_0902,2024-07-12 12:00:00,25.34,0.2,92.13,8.78
VIL_0903,2024-07-12 12:00:00,25.36,0.2,92.01,8.85
VIL_0904,2024-07-12 12:00:00,25.39,0.19,91.8,8.97
VIL_0905,2024-07-12 12:00:00,25.44,0.18,91.43,9.15
VIL_0906,2024-07-12 12:00:00,25.44,0.18,91.43,9.14
VIL_0907,2024-07-12 12:00:00,25.42,0.18,91.59,9.04
VIL_0908,2024-07-12 12:00:00,25.46,0.18,91.34,9.16
VIL_0909,2024-07-12 12:00:00,25.36,0.2,92.08,8.76
VIL_0910,2024-07-12 12:00:00,25.34,0.21,92.26,8.67
VIL_0911,2024-07-12 12:00:00,25.5,0.18,91.15,9.0
VIL_0912,2024-07-12 12:00:00,25.42,0.19,91.64,8.94
VIL_0913,2024-07-12 12:00:00,25.61,0.15,90.38,9.4
VIL_0914,2024-07-12 12:00:00,25.55,0.16,90.75,9.38
VIL_0915,2024-07-12 12:00:00,25.58,0.14,90.45,9.59
VIL_0916,2024-07-12 12:00:00,25.5,0.16,91.01,9.36
VIL_0917,2024-07-12 12:00:00,25.58,0.14,90.46,9.66
VIL_0918,2024-07-12 12:00:00,25.63,0.12,90.09,9.86
VIL_0919,2024-07-12 12:00:00,25.53,0.16,90.83,9.42
VIL_0920,2024-07-12 12:00:00,25.5,0.16,91.03,9.36
VIL_0921,2024-07-12 12:00:00,25.67,0.12,89.86,9.91
VIL_0922,2024-07-12 12:00:00,25.72,0.12,89.55,9.9
VIL_0923,2024-07-12 12:00:00,25.7,0.1,89.55,10.23
VIL_0924,2024-07-12 12:00:00,25.69,0.09,89.53,10.46
VIL_0925,2024-07-12 12:00:00,25.55,0.19,90.93,8.83
VIL_0926,2024-07-12 12:00:00,25.6,0.18,90.61,8.84
VIL_0927,2024-07-12 12:00:00,25.72,0.17,89.89,8.91
VIL_0928,2024-07-12 12:00:00,25.77,0.16,89.5,9.03
VIL_0929,2024-07-12 12:00:00,25.83,0.16,89.17,8.96
VIL_0930,2024-07-12 12:00:00,25.84,0.18,89.22,8.71
VIL_0931,2024-07-12 12:00:00,25.81,0.17,89.37,8.76
VIL_0932,2024-07-12 12:00:00,25.71,0.18,89.94,8.85
VIL_0933,2024-07-12 12:00:00,25.61,0.17,90.46,9.08
VIL_0934,2024-07-12 12:00:00,25.66,0.16,90.13,9.25
VIL_0935,2024-07-12 12:00:00,25.73,0.16,89.79,9.03
VIL_0936,2024-07-12 12:00:00,25.74,0.14,89.57,9.4
VIL_0937,2024-07-12 12:00:00,25.81,0.15,89.22,9.16
VIL_0938,2024-07-12 12:00:00,25.8,0.17,89.43,8.78
VIL_0939,2024-07-12 12:00:00,25.86,0.19,89.13,8.5
VIL_0940,2024-07-12 12:00:00,25.9,0.2,89.01,8.25
VIL_0941,2024-07-12 12:00:00,25.84,0.15,89.07,9.22
VIL_0942,2024-07-12 12:00:00,25.86,0.17,89.07,8.72
VIL_0943,2024-07-12 12:00:00,25.7,0.15,89.84,9.27
VIL_0944,2024-07-12 12:00:00,25.7,0.15,89.83,9.4
VIL_0945,2024-07-12 12:00:00,25.69,0.14,89.83,9.49
VIL_0946,2024-07-12 12:00:00,25.72,0.13,89.65,9.61
VIL_0947,2024-07-12 12:00:00,25.68,0.13,89.86,9.66
VIL_0948,2024-07-12 12:00:00,25.72,0.13,89.62,9.74
VIL_0949,2024-07-12 12:00:00,25.75,0.12,89.43,9.76
VIL_0950,2024-07-12 12:00:00,25.77,0.14,89.38,9.45
VIL_0951,2024-07-12 12:00:00,25.78,0.12,89.19,9.82
VIL_0952,2024-07-12 12:00:00,25.75,0.08,89.19,10.47
VIL_0953,2024-07-12 12:00:00,25.74,0.11,89.42,10.0
VIL_0954,2024-07-12 12:00:00,25.75,0.1,89.27,10.23
VIL_0955,2024-07-12 12:00:00,25.73,0.08,89.33,10.46
VIL_0956,2024-07-12 12:00:00,25.72,0.07,89.3,10.72
VIL_0957,2024-07-12 12:00:00,25.71,0.08,89.4,10.57
VIL_0958,2024-07-12 12:00:00,25.7,0.09,89.54,10.35
VIL_0959,2024-07-12 12:00:00,25.72,0.09,89.44,10.3
VIL_0960,2024-07-12 12:00:00,25.71,0.11,89.57,10.08
VIL_0961,2024-07-12 12:00:00,25.7,0.1,89.55,10.21
VIL_0962,2024-07-12 12:00:00,25.69,0.1,89.64,10.23
VIL_0963,2024-07-12 12:00:00,25.69,0.11,89.67,10.13
VIL_0964,2024-07-12 12:00:00,25.68,0.11,89.75,10.1
VIL_0965,2024-07-12 12:00:00,25.68,0.1,89.69,10.2
VIL_0966,2024-07-12 12:00:00,25.67,0.11,89.81,10.04
VIL_0967,2024-07-12 12:00:00,25.66,0.12,89.86,9.97
VIL_0968,2024-07-12 12:00:00,25.67,0.12,89.87,9.88
VIL_0969,2024-07-12 12:00:00,25.68,0.11,89.75,10.0
VIL_0970,2024-07-12 12:00:00,25.69,0.12,89.74,9.91
VIL_0971,2024-07-12 12:00:00,25.69,0.12,89.78,9.79
VIL_0972,2024-07-12 12:00:00,25.7,0.12,89.66,9.9
VIL_0973,2024-07-12 12:00:00,25.55,0.17,90.32,8.83
VIL_0974,2024-07-12 12:00:00,25.51,0.18,90.36,8.76
VIL_0975,2024-07-12 12:00:00,25.49,0.18,90.45,8.69
VIL_0976,2024-07-12 12:00:00,25.45,0.23,91.15,8.34
VIL_0977,2024-07-12 12:00:00,25.43,0.23,91.0,8.39
VIL_0978,2024-07-12 12:00:00,25.47,0.2,90.33,8.79
VIL_0979,2024-07-12 12:00:00,25.4,0.22,90.82,8.4
VIL_0980,2024-07-12 12:00:00,25.34,0.25,91.73,7.82
VIL_0981,2024-07-12 12:00:00,25.26,0.3,92.69,7.14
VIL_0982,2024-07-12 12:00:00,25.18,0.28,92.81,6.81
VIL_0983,2024-07-12 12:00:00,24.97,0.48,95.38,5.33
VIL_0984,2024-07-12 12:00:00,25.03,0.41,94.51,5.91
VIL_0985,2024-07-12 12:00:00,25.15,0.27,92.89,6.73
VIL_0986,2024-07-12 12:00:00,24.91,0.29,94.67,5.34
VIL_0987,2024-07-12 12:00:00,24.86,0.42,95.78,4.84
VIL_0988,2024-07-12 12:00:00,24.74,0.27,95.61,4.58
VIL_0989,2024-07-12 12:00:00,25.3,0.23,91.57,7.75
VIL_0990,2024-07-12 12:00:00,25.09,0.24,93.1,6.48
VIL_0991,2024-07-12 12:00:00,24.75,0.23,95.24,4.8
VIL_0992,2024-07-12 12:00:00,24.74,0.22,95.3,4.71
VIL_0993,2024-07-12 12:00:00,24.66,0.22,95.72,4.41
VIL_0994,2024-07-12 12:00:00,24.63,0.21,95.91,4.28
VIL_0995,2024-07-12 12:00:00,24.64,0.22,95.9,4.3
VIL_0996,2024-07-12 12:00:00,24.72,0.26,95.72,4.46
VIL_0997,2024-07-12 12:00:00,24.79,0.33,95.79,4.5
VIL_0998,2024-07-12 12:00:00,24.76,0.32,95.86,4.86
VIL_0999,2024-07-12 12:00:00,24.87,0.34,95.27,4.82
VIL_1000,2024-07-12 12:00:00,24.75,0.24,95.35,4.66
VIL_1001,2024-07-12 12:00:00,24.82,0.24,94.87,4.95
VIL_1002,2024-07-12 12:00:00,24.94,0.25,94.25,5.28
VIL_1003,2024-07-12 12:00:00,24.74,0.38,96.51,5.19
VIL_1004,2024-07-12 12:00:00,24.7,0.3,96.21,6.57
VIL_1005,2024-07-12 12:00:00,24.84,0.25,94.92,5.97
VIL_1006,2024-07-12 12:00:00,24.86,0.28,95.08,6.76
VIL_1007,2024-07-12 12:00:00,25.22,0.2,92.12,6.45
VIL_1008,2024-07-12 12:00:00,24.97,0.23,94.01,6.09
VIL_1009,2024-07-12 12:00:00,25.28,0.2,91.73,6.56
VIL_1010,2024-07-12 12:00:00,25.23,0.2,92.04,6.5
VIL_1011,2024-07-12 12:00:00,25.09,0.2,92.91,6.1
VIL_1012,2024-07-12 12:00:00,24.89,0.23,94.37,5.34
VIL_1013,2024-07-12 12:00:00,25.07,0.24,93.23,6.05
VIL_1014,2024-07-12 12:00:00,25.24,0.2,91.94,6.71
VIL_1015,2024-07-12 12:00:00,25.33,0.2,91.28,7.46
VIL_1016,2024-07-12 12:00:00,25.28,0.2,91.62,7.22
VIL_1017,2024-07-12 12:00:00,25.12,0.24,92.88,6.5
VIL_1018,2024-07-12 12:00:00,25.01,0.24,93.57,6.03
VIL_1019,2024-07-12 12:00:00,25.33,0.22,91.34,7.86
VIL_1020,2024-07-12 12:00:00,25.36,0.2,91.23,7.05
VIL_1021,2024-07-12 12:00:00,25.34,0.2,91.34,6.77
VIL_1022,2024-07-12 12:00:00,25.37,0.2,91.17,6.56
VIL_1023,2024-07-12 12:00:00,25.24,0.22,92.19,6.5
VIL_1024,2024-07-12 12:00:00,25.4,0.2,91.01,6.41
VIL_1025,2024-07-12 12:00:00,25.39,0.2,91.11,6.71
VIL_1026,2024-07-12 12:00:00,25.37,0.21,91.37,6.93
VIL_1027,2024-07-12 12:00:00,25.38,0.2,91.15,6.57
VIL_1028,2024-07-12 12:00:00,25.36,0.21,91.37,6.7
VIL_1029,2024-07-12 12:00:00,25.21,0.23,92.49,6.76
VIL_1030,2024-07-12 12:00:00,18.25,3.01,99.24,11.17
VIL_1031,2024-07-12 12:00:00,25.08,2.92,94.56,9.85
VIL_0001,2024-07-12 18:00:00,24.63,0.93,95.14,9.9
VIL_0002,2024-07-12 18:00:00,24.64,0.94,95.11,10.01
VIL_0003,2024-07-12 18:00:00,24.68,0.97,95.04,10.29
VIL_0004,2024-07-12 18:00:00,24.67,0.96,95.06,10.23
VIL_0005,2024-07-12 18:00:00,24.7,0.99,95.02,10.46
VIL_0006,2024-07-12 18:00:00,24.72,1.01,94.98,10.67
VIL_0007,2024-07-12 18:00:00,24.75,1.04,94.98,10.95
VIL_0008,2024-07-12 18:00:00,24.65,0.94,95.04,10.03
VIL_0009,2024-07-12 18:00:00,24.79,1.09,94.98,11.29
VIL_0010,2024-07-12 18:00:00,24.79,1.09,94.99,11.32
VIL_0011,2024-07-12 18:00:00,24.73,1.01,94.96,10.65
VIL_0012,2024-07-12 18:00:00,24.67,0.94,94.94,10.1
VIL_0013,2024-07-12 18:00:00,24.6,0.88,95.03,9.59
VIL_0014,2024-07-12 18:00:00,24.74,1.02,94.9,10.78
VIL_0015,2024-07-12 18:00:00,24.61,0.87,94.92,9.59
VIL_0016,2024-07-12 18:00:00,24.8,1.1,95.0,11.39
VIL_0017,2024-07-12 18:00:00,24.77,1.05,94.9,11.03
VIL_0018,2024-07-12 18:00:00,24.68,0.92,94.78,10.01
VIL_0019,2024-07-12 18:00:00,24.64,0.81,94.45,9.3
VIL_0020,2024-07-12 18:00:00,24.51,0.8,95.14,8.83
VIL_0021,2024-07-12 18:00:00,24.49,0.75,95.02,8.57
VIL_0022,2024-07-12 18:00:00,24.48,0.7,94.81,8.31
VIL_0023,2024-07-12 18:00:00,24.29,0.68,95.79,7.53
VIL_0024,2024-07-12 18:00:00,24.56,0.66,94.14,8.32
VIL_0025,2024-07-12 18:00:00,24.3,0.64,95.53,7.47
VIL_0026,2024-07-12 18:00:00,24.45,0.62,94.57,7.84
VIL_0027,2024-07-12 18:00:00,23.97,0.54,96.97,6.15
VIL_0028,2024-07-12 18:00:00,24.17,0.59,96.02,6.93
VIL_0029,2024-07-12 18:00:00,24.73,0.96,94.66,10.44
VIL_0030,2024-07-12 18:00:00,24.69,0.8,94.1,9.38
VIL_0031,2024-07-12 18:00:00,24.69,0.62,93.18,8.37
VIL_0032,2024-07-12 18:00:00,24.65,0.7,93.8,8.71
VIL_0033,2024-07-12 18:00:00,24.69,0.6,93.05,8.3
VIL_0034,2024-07-12 18:00:00,24.66,0.61,93.31,8.28
VIL_0035,2024-07-12 18:00:00,24.63,0.61,93.45,8.19
VIL_0036,2024-07-12 18:00:00,24.31,0.57,95.11,7.35
VIL_0037,2024-07-12 18:00:00,24.49,0.6,94.2,7.85
VIL_0038,2024-07-12 18:00:00,24.31,0.56,95.06,7.34
VIL_0039,2024-07-12 18:00:00,24.14,0.53,95.9,6.85
VIL_0040,2024-07-12 18:00:00,24.28,0.56,95.21,7.27
VIL_0041,2024-07-12 18:00:00,24.0,0.49,96.49,6.43
VIL_0042,2024-07-12 18:00:00,23.51,0.36,98.56,5.01
VIL_0043,2024-07-12 18:00:00,23.67,0.4,97.88,5.48
VIL_0044,2024-07-12 18:00:00,24.08,0.51,96.13,6.66
VIL_0045,2024-07-12 18:00:00,23.85,0.46,97.12,6.0
VIL_0046,2024-07-12 18:00:00,23.72,0.43,97.76,5.54
VIL_0047,2024-07-12 18:00:00,23.8,0.5,97.7,5.52
VIL_0048,2024-07-12 18:00:00,23.56,0.38,98.38,5.11
VIL_0049,2024-07-12 18:00:00,23.27,0.27,99.42,4.44
VIL_0050,2024-07-12 18:00:00,23.33,0.29,99.2,4.59
VIL_0051,2024-07-12 18:00:00,23.49,0.34,98.62,4.98
VIL_0052,2024-07-12 18:00:00,23.35,0.28,99.19,4.36
VIL_0053,2024-07-12 18:00:00,23.18,0.23,99.74,4.16
VIL_0054,2024-07-12 18:00:00,23.68,0.51,98.54,4.57
VIL_0055,2024-07-12 18:00:00,23.58,0.44,98.7,4.64
VIL_0056,2024-07-12 18:00:00,23.29,0.28,99.52,4.11
VIL_0057,2024-07-12 18:00:00,23.1,0.2,99.99,4.1
VIL_0058,2024-07-12 18:00:00,23.13,0.21,99.91,4.11
VIL_0059,2024-07-12 18:00:00,23.13,0.21,99.91,4.11
VIL_0060,2024-07-12 18:00:00,23.22,0.24,99.65,4.16
VIL_0061,2024-07-12 18:00:00,23.3,0.26,99.45,4.18
VIL_0062,2024-07-12 18:00:00,23.15,0.22,99.89,4.08
VIL_0063,2024-07-12 18:00:00,23.33,0.32,99.6,3.83
VIL_0064,2024-07-12 18:00:00,23.55,0.44,99.21,3.6
VIL_0065,2024-07-12 18:00:00,23.66,0.56,99.41,2.93
VIL_0066,2024-07-12 18:00:00,23.52,0.62,99.85,2.49
VIL_0067,2024-07-12 18:00:00,23.58,0.51,99.5,3.08
VIL_0068,2024-07-12 18:00:00,23.51,0.57,99.82,2.64
VIL_0069,2024-07-12 18:00:00,23.52,0.45,99.52,3.28
VIL_0070,2024-07-12 18:00:00,23.47,0.39,99.48,3.52
VIL_0071,2024-07-12 18:00:00,23.33,0.31,99.61,3.81
VIL_0072,2024-07-12 18:00:00,23.31,0.29,99.6,3.92
VIL_0073,2024-07-12 18:00:00,23.17,0.23,99.85,4.08
VIL_0074,2024-07-12 18:00:00,23.19,0.23,99.76,4.12
VIL_0075,2024-07-12 18:00:00,23.23,0.25,99.69,4.08
VIL_0076,2024-07-12 18:00:00,23.39,0.29,99.3,4.06
VIL_0077,2024-07-12 18:00:00,23.35,0.29,99.43,4.01
VIL_0078,2024-07-12 18:00:00,23.26,0.26,99.64,4.06
VIL_0079,2024-07-12 18:00:00,23.39,0.3,99.36,3.97
VIL_0080,2024-07-12 18:00:00,23.34,0.3,99.51,3.91
VIL_0081,2024-07-12 18:00:00,23.53,0.39,99.29,3.54
VIL_0082,2024-07-12 18:00:00,23.44,0.44,99.5,3.21
VIL_0083,2024-07-12 18:00:00,23.48,0.4,99.23,3.36
VIL_0084,2024-07-12 18:00:00,23.42,0.38,99.37,3.45
VIL_0085,2024-07-12 18:00:00,23.47,0.37,99.19,3.49
VIL_0086,2024-07-12 18:00:00,23.53,0.35,98.98,3.53
VIL_0087,2024-07-12 18:00:00,23.6,0.35,98.96,3.77
VIL_0088,2024-07-12 18:00:00,23.66,0.72,99.92,2.02
VIL_0089,2024-07-12 18:00:00,23.72,0.75,99.94,1.87
VIL_0090,2024-07-12 18:00:00,23.74,0.77,99.97,1.75
VIL_0091,2024-07-12 18:00:00,23.77,0.78,99.98,1.68
VIL_0092,2024-07-12 18:00:00,23.73,0.76,99.93,1.84
VIL_0093,2024-07-12 18:00:00,23.7,0.75,99.93,1.89
VIL_0094,2024-07-12 18:00:00,23.43,0.65,99.79,2.54
VIL_0095,2024-07-12 18:00:00,23.03,0.57,99.66,3.22
VIL_0096,2024-07-12 18:00:00,23.53,0.69,99.88,2.28
VIL_0097,2024-07-12 18:00:00,23.34,0.64,99.83,2.66
VIL_0098,2024-07-12 18:00:00,20.93,0.21,99.83,6.71
VIL_0099,2024-07-12 18:00:00,22.4,0.44,99.61,4.31
VIL_0100,2024-07-12 18:00:00,23.43,0.49,99.72,3.01
VIL_0101,2024-07-12 18:00:00,23.49,0.53,99.65,2.84
VIL_0102,2024-07-12 18:00:00,23.59,0.63,99.75,2.42
VIL_0103,2024-07-12 18:00:00,23.61,0.66,99.72,2.33
VIL_0104,2024-07-12 18:00:00,23.25,0.52,99.43,3.26
VIL_0105,2024-07-12 18:00:00,23.69,0.35,98.37,3.57
VIL_0106,2024-07-12 18:00:00,23.68,0.37,98.52,3.45
VIL_0107,2024-07-12 18:00:00,23.58,0.45,98.98,3.19
VIL_0108,2024-07-12 18:00:00,23.54,0.57,99.46,2.75
VIL_0109,2024-07-12 18:00:00,23.56,0.48,99.17,3.07
VIL_0110,2024-07-12 18:00:00,23.54,0.52,99.41,2.88
VIL_0111,2024-07-12 18:00:00,23.5,0.45,99.32,3.16
VIL_0112,2024-07-12 18:00:00,23.58,0.39,98.95,3.38
VIL_0113,2024-07-12 18:00:00,23.59,0.42,98.98,3.26
VIL_0114,2024-07-12 18:00:00,23.68,0.38,98.61,3.39
VIL_0115,2024-07-12 18:00:00,23.71,0.36,98.53,3.45
VIL_0116,2024-07-12 18:00:00,23.68,0.35,98.61,3.47
VIL_0117,2024-07-12 18:00:00,23.63,0.35,98.72,3.52
VIL_0118,2024-07-12 18:00:00,23.81,0.31,98.26,3.56
VIL_0119,2024-07-12 18:00:00,23.83,0.32,98.21,3.53
VIL_0120,2024-07-12 18:00:00,23.98,0.28,97.84,3.59
VIL_0121,2024-07-12 18:00:00,23.95,0.29,97.88,3.59
VIL_0122,2024-07-12 18:00:00,24.0,0.27,97.79,3.6
VIL_0123,2024-07-12 18:00:00,21.23,0.18,99.51,6.37
VIL_0124,2024-07-12 18:00:00,20.62,0.15,99.86,7.24
VIL_0125,2024-07-12 18:00:00,20.45,0.12,99.89,7.56
VIL_0126,2024-07-12 18:00:00,20.31,0.1,99.99,7.79
VIL_0127,2024-07-12 18:00:00,20.33,0.1,99.97,7.75
VIL_0128,2024-07-12 18:00:00,20.48,0.08,99.44,7.46
VIL_0129,2024-07-12 18:00:00,20.45,0.07,99.45,7.53
VIL_0130,2024-07-12 18:00:00,20.73,0.05,98.72,6.94
VIL_0131,2024-07-12 18:00:00,20.88,0.04,98.3,6.58
VIL_0132,2024-07-12 18:00:00,20.84,0.02,98.37,6.48
VIL_0133,2024-07-12 18:00:00,20.61,0.04,98.98,7.05
VIL_0134,2024-07-12 18:00:00,20.65,0.01,98.86,6.69
VIL_0135,2024-07-12 18:00:00,20.57,0.03,98.95,7.25
VIL_0136,2024-07-12 18:00:00,20.45,0.02,98.92,8.16
VIL_0137,2024-07-12 18:00:00,20.48,0.05,99.12,7.79
VIL_0138,2024-07-12 18:00:00,20.5,0.08,99.51,7.77
VIL_0139,2024-07-12 18:00:00,20.3,0.0,99.05,9.2
VIL_0140,2024-07-12 18:00:00,20.45,0.01,99.11,8.23
VIL_0141,2024-07-12 18:00:00,20.46,0.0,99.09,8.47
VIL_0142,2024-07-12 18:00:00,20.3,0.0,99.04,9.21
VIL_0143,2024-07-12 18:00:00,20.41,0.01,99.09,8.96
VIL_0144,2024-07-12 18:00:00,20.84,0.01,98.37,6.45
VIL_0145,2024-07-12 18:00:00,20.6,0.0,99.0,6.6
VIL_0146,2024-07-12 18:00:00,21.11,0.01,98.4,6.61
VIL_0147,2024-07-12 18:00:00,20.59,0.01,98.89,7.01
VIL_0148,2024-07-12 18:00:00,20.77,0.01,99.16,7.64
VIL_0149,2024-07-12 18:00:00,23.98,0.09,92.57,2.19
VIL_0150,2024-07-12 18:00:00,24.19,0.23,97.4,3.62
VIL_0151,2024-07-12 18:00:00,24.33,0.21,97.01,3.58
VIL_0152,2024-07-12 18:00:00,24.37,0.21,97.01,3.53
VIL_0153,2024-07-12 18:00:00,24.39,0.2,97.0,3.6
VIL_0154,2024-07-12 18:00:00,24.14,0.24,97.46,3.64
VIL_0155,2024-07-12 18:00:00,23.99,0.27,97.71,3.65
VIL_0156,2024-07-12 18:00:00,23.98,0.26,97.18,3.56
VIL_0157,2024-07-12 18:00:00,23.69,0.33,98.26,3.66
VIL_0158,2024-07-12 18:00:00,23.32,0.32,98.37,3.97
VIL_0159,2024-07-12 18:00:00,22.98,0.33,98.67,4.23
VIL_0160,2024-07-12 18:00:00,22.99,0.3,98.54,4.34
VIL_0161,2024-07-12 18:00:00,22.0,0.21,98.98,5.46
VIL_0162,2024-07-12 18:00:00,22.58,0.12,97.01,4.84
VIL_0163,2024-07-12 18:00:00,23.01,0.25,98.32,4.49
VIL_0164,2024-07-12 18:00:00,23.74,0.25,97.01,3.67
VIL_0165,2024-07-12 18:00:00,23.41,0.25,98.01,4.17
VIL_0166,2024-07-12 18:00:00,24.14,0.23,97.04,3.57
VIL_0167,2024-07-12 18:00:00,23.94,0.23,96.84,3.58
VIL_0168,2024-07-12 18:00:00,24.21,0.22,96.97,3.57
VIL_0169,2024-07-12 18:00:00,24.26,0.21,96.92,3.57
VIL_0170,2024-07-12 18:00:00,24.3,0.21,96.9,3.56
VIL_0171,2024-07-12 18:00:00,24.36,0.2,96.98,3.59
VIL_0172,2024-07-12 18:00:00,24.4,0.2,97.0,3.6
VIL_0173,2024-07-12 18:00:00,24.29,0.21,96.82,3.51
VIL_0174,2024-07-12 18:00:00,24.01,0.17,96.48,3.66
VIL_0175,2024-07-12 18:00:00,23.87,0.16,96.12,3.62
VIL_0176,2024-07-12 18:00:00,23.94,0.17,96.46,3.7
VIL_0177,2024-07-12 18:00:00,23.74,0.15,95.88,3.61
VIL_0178,2024-07-12 18:00:00,23.78,0.16,96.52,3.84
VIL_0179,2024-07-12 18:00:00,23.73,0.16,96.16,3.73
VIL_0180,2024-07-12 18:00:00,23.58,0.14,95.66,3.63
VIL_0181,2024-07-12 18:00:00,23.39,0.13,95.7,3.78
VIL_0182,2024-07-12 18:00:00,23.3,0.14,96.16,4.01
VIL_0183,2024-07-12 18:00:00,23.09,0.13,96.51,4.3
VIL_0184,2024-07-12 18:00:00,23.03,0.12,96.17,4.19
VIL_0185,2024-07-12 18:00:00,22.38,0.1,96.57,4.78
VIL_0186,2024-07-12 18:00:00,22.44,0.08,95.64,4.35
VIL_0187,2024-07-12 18:00:00,23.07,0.11,95.17,3.78
VIL_0188,2024-07-12 18:00:00,23.41,0.1,93.06,2.74
VIL_0189,2024-07-12 18:00:00,23.31,0.11,94.19,3.24
VIL_0190,2024-07-12 18:00:00,23.44,0.12,94.88,3.42
VIL_0191,2024-07-12 18:00:00,23.57,0.11,93.19,2.69
VIL_0192,2024-07-12 18:00:00,23.53,0.12,93.99,3.02
VIL_0193,2024-07-12 18:00:00,23.66,0.11,93.15,2.62
VIL_0194,2024-07-12 18:00:00,23.64,0.12,93.71,2.85
VIL_0195,2024-07-12 18:00:00,23.61,0.13,94.31,3.1
VIL_0196,2024-07-12 18:00:00,23.67,0.14,95.32,3.44
VIL_0197,2024-07-12 18:00:00,23.99,0.1,92.38,2.1
VIL_0198,2024-07-12 18:00:00,24.0,0.1,91.97,1.94
VIL_0199,2024-07-12 18:00:00,24.08,0.1,91.46,1.7
VIL_0200,2024-07-12 18:00:00,24.08,0.1,91.49,1.71
VIL_0201,2024-07-12 18:00:00,24.05,0.1,91.85,1.86
VIL_0202,2024-07-12 18:00:00,24.17,0.1,90.89,1.42
VIL_0203,2024-07-12 18:00:00,24.21,0.1,90.57,1.27
VIL_0204,2024-07-12 18:00:00,24.21,0.1,90.63,1.3
VIL_0205,2024-07-12 18:00:00,24.12,0.09,91.23,1.65
VIL_0206,2024-07-12 18:00:00,24.04,0.09,91.84,1.98
VIL_0207,2024-07-12 18:00:00,24.11,0.09,91.44,1.76
VIL_0208,2024-07-12 18:00:00,24.17,0.09,90.86,1.45
VIL_0209,2024-07-12 18:00:00,24.07,0.09,91.07,1.6
VIL_0210,2024-07-12 18:00:00,23.95,0.08,92.81,2.41
VIL_0211,2024-07-12 18:00:00,23.96,0.08,93.23,2.61
VIL_0212,2024-07-12 18:00:00,24.01,0.09,92.31,2.07
VIL_0213,2024-07-12 18:00:00,23.94,0.09,92.97,2.61
VIL_0214,2024-07-12 18:00:00,23.91,0.09,93.16,2.72
VIL_0215,2024-07-12 18:00:00,24.28,0.11,93.21,2.55
VIL_0216,2024-07-12 18:00:00,23.94,0.09,91.78,1.9
VIL_0217,2024-07-12 18:00:00,23.22,0.07,93.36,2.98
VIL_0218,2024-07-12 18:00:00,22.63,0.05,94.94,4.12
VIL_0219,2024-07-12 18:00:00,22.77,0.05,94.9,4.03
VIL_0220,2024-07-12 18:00:00,23.22,0.05,94.67,3.68
VIL_0221,2024-07-12 18:00:00,23.36,0.04,95.31,3.86
VIL_0222,2024-07-12 18:00:00,24.2,0.1,90.4,1.23
VIL_0223,2024-07-12 18:00:00,24.28,0.1,90.09,1.05
VIL_0224,2024-07-12 18:00:00,24.26,0.1,90.24,1.12
VIL_0225,2024-07-12 18:00:00,24.2,0.1,90.6,1.29
VIL_0226,2024-07-12 18:00:00,24.09,0.09,91.01,1.52
VIL_0227,2024-07-12 18:00:00,21.94,0.01,98.31,6.39
VIL_0228,2024-07-12 18:00:00,23.71,0.01,99.21,5.2
VIL_0229,2024-07-12 18:00:00,24.08,0.01,99.4,4.96
VIL_0230,2024-07-12 18:00:00,24.19,0.01,99.68,4.99
VIL_0231,2024-07-12 18:00:00,24.2,0.0,99.96,5.09
VIL_0232,2024-07-12 18:00:00,24.41,0.03,95.77,5.71
VIL_0233,2024-07-12 18:00:00,23.97,0.68,98.52,3.46
VIL_0234,2024-07-12 18:00:00,23.96,0.15,97.18,3.52
VIL_0235,2024-07-12 18:00:00,24.53,0.91,96.23,9.23
VIL_0236,2024-07-12 18:00:00,23.31,0.01,99.03,5.52
VIL_0237,2024-07-12 18:00:00,22.93,0.01,99.69,5.91
VIL_0238,2024-07-12 18:00:00,23.74,0.03,99.43,5.22
VIL_0239,2024-07-12 18:00:00,23.61,0.01,99.51,5.55
VIL_0240,2024-07-12 18:00:00,23.83,0.04,99.4,5.7
VIL_0241,2024-07-12 18:00:00,23.73,0.05,99.2,5.77
VIL_0242,2024-07-12 18:00:00,24.16,0.02,99.41,4.89
VIL_0243,2024-07-12 18:00:00,24.15,0.03,98.98,4.77
VIL_0244,2024-07-12 18:00:00,24.1,0.06,98.29,4.6
VIL_0245,2024-07-12 18:00:00,23.72,0.07,98.87,5.6
VIL_0246,2024-07-12 18:00:00,23.67,0.1,98.28,5.45
VIL_0247,2024-07-12 18:00:00,23.49,0.1,98.5,5.56
VIL_0248,2024-07-12 18:00:00,23.91,0.04,96.98,4.18
VIL_0249,2024-07-12 18:00:00,24.01,0.04,98.0,4.61
VIL_0250,2024-07-12 18:00:00,24.12,0.07,97.49,4.38
VIL_0251,2024-07-12 18:00:00,24.06,0.11,97.12,4.47
VIL_0252,2024-07-12 18:00:00,24.1,0.13,96.32,4.37
VIL_0253,2024-07-12 18:00:00,24.1,0.11,96.66,4.29
VIL_0254,2024-07-12 18:00:00,24.1,0.13,95.92,4.18
VIL_0255,2024-07-12 18:00:00,24.11,0.1,95.97,3.89
VIL_0256,2024-07-12 18:00:00,24.13,0.09,96.08,3.8
VIL_0257,2024-07-12 18:00:00,23.94,0.06,96.4,4.11
VIL_0258,2024-07-12 18:00:00,23.92,0.07,95.07,3.5
VIL_0259,2024-07-12 18:00:00,23.92,0.07,94.38,3.15
VIL_0260,2024-07-12 18:00:00,24.01,0.09,92.57,2.33
VIL_0261,2024-07-12 18:00:00,23.95,0.08,93.71,2.89
VIL_0262,2024-07-12 18:00:00,23.92,0.08,94.78,3.47
VIL_0263,2024-07-12 18:00:00,23.93,0.08,94.28,3.22
VIL_0264,2024-07-12 18:00:00,23.95,0.09,93.41,2.8
VIL_0265,2024-07-12 18:00:00,23.99,0.09,92.45,2.31
VIL_0266,2024-07-12 18:00:00,23.95,0.09,93.06,2.64
VIL_0267,2024-07-12 18:00:00,23.91,0.09,93.39,2.84
VIL_0268,2024-07-12 18:00:00,23.91,0.09,94.09,3.22
VIL_0269,2024-07-12 18:00:00,23.92,0.09,94.67,3.5
VIL_0270,2024-07-12 18:00:00,24.13,0.1,95.47,3.59
VIL_0271,2024-07-12 18:00:00,23.87,0.09,94.02,3.23
VIL_0272,2024-07-12 18:00:00,23.89,0.09,94.03,3.22
VIL_0273,2024-07-12 18:00:00,23.9,0.09,94.47,3.47
VIL_0274,2024-07-12 18:00:00,24.21,0.09,94.3,3.18
VIL_0275,2024-07-12 18:00:00,24.2,0.09,94.36,3.21
VIL_0276,2024-07-12 18:00:00,24.19,0.1,94.84,3.52
VIL_0277,2024-07-12 18:00:00,24.2,0.1,94.61,3.37
VIL_0278,2024-07-12 18:00:00,24.12,0.11,95.22,3.53
VIL_0279,2024-07-12 18:00:00,24.1,0.12,95.62,3.83
VIL_0280,2024-07-12 18:00:00,24.18,0.12,95.39,4.01
VIL_0281,2024-07-12 18:00:00,24.18,0.11,95.26,3.87
VIL_0282,2024-07-12 18:00:00,24.19,0.1,94.97,3.62
VIL_0283,2024-07-12 18:00:00,24.18,0.11,95.26,3.87
VIL_0284,2024-07-12 18:00:00,24.18,0.1,95.09,3.7
VIL_0285,2024-07-12 18:00:00,24.18,0.1,94.89,3.54
VIL_0286,2024-07-12 18:00:00,24.18,0.1,94.91,3.52
VIL_0287,2024-07-12 18:00:00,24.17,0.1,95.11,3.67
VIL_0288,2024-07-12 18:00:00,24.17,0.11,95.25,3.83
VIL_0289,2024-07-12 18:00:00,24.17,0.11,95.25,3.8
VIL_0290,2024-07-12 18:00:00,24.16,0.1,95.16,3.68
VIL_0291,2024-07-12 18:00:00,24.16,0.1,95.23,3.68
VIL_0292,2024-07-12 18:00:00,24.15,0.1,95.35,3.77
VIL_0293,2024-07-12 18:00:00,24.16,0.11,95.37,3.85
VIL_0294,2024-07-12 18:00:00,24.15,0.11,95.44,3.92
VIL_0295,2024-07-12 18:00:00,24.16,0.11,95.43,3.97
VIL_0296,2024-07-12 18:00:00,24.17,0.12,95.43,4.1
VIL_0297,2024-07-12 18:00:00,24.18,0.13,95.47,4.23
VIL_0298,2024-07-12 18:00:00,24.03,0.13,96.56,4.42
VIL_0299,2024-07-12 18:00:00,24.04,0.14,96.29,4.43
VIL_0300,2024-07-12 18:00:00,24.02,0.13,96.41,4.32
VIL_0301,2024-07-12 18:00:00,24.01,0.13,96.51,4.34
VIL_0302,2024-07-12 18:00:00,23.98,0.11,96.72,4.23
VIL_0303,2024-07-12 18:00:00,24.0,0.12,96.72,4.32
VIL_0304,2024-07-12 18:00:00,24.14,0.11,95.57,3.96
VIL_0305,2024-07-12 18:00:00,24.13,0.1,95.59,3.84
VIL_0306,2024-07-12 18:00:00,24.14,0.1,95.48,3.84
VIL_0307,2024-07-12 18:00:00,24.14,0.1,95.38,3.74
VIL_0308,2024-07-12 18:00:00,24.13,0.09,95.55,3.78
VIL_0309,2024-07-12 18:00:00,24.11,0.09,95.64,3.78
VIL_0310,2024-07-12 18:00:00,23.96,0.1,96.91,4.12
VIL_0311,2024-07-12 18:00:00,23.95,0.09,96.96,4.06
VIL_0312,2024-07-12 18:00:00,23.94,0.08,96.93,4.0
VIL_0313,2024-07-12 18:00:00,23.93,0.08,97.0,3.98
VIL_0314,2024-07-12 18:00:00,23.91,0.11,96.85,3.8
VIL_0315,2024-07-12 18:00:00,23.93,0.08,97.07,4.0
VIL_0316,2024-07-12 18:00:00,23.9,0.11,96.87,3.78
VIL_0317,2024-07-12 18:00:00,23.9,0.1,96.95,3.71
VIL_0318,2024-07-12 18:00:00,23.9,0.09,96.91,3.71
VIL_0319,2024-07-12 18:00:00,23.91,0.09,96.86,3.72
VIL_0320,2024-07-12 18:00:00,24.1,0.14,95.85,4.25
VIL_0321,2024-07-12 18:00:00,24.09,0.16,96.07,4.59
VIL_0322,2024-07-12 18:00:00,24.11,0.15,95.91,4.4
VIL_0323,2024-07-12 18:00:00,24.1,0.16,96.01,4.62
VIL_0324,2024-07-12 18:00:00,24.13,0.17,95.72,4.68
VIL_0325,2024-07-12 18:00:00,24.09,0.16,96.06,4.63
VIL_0326,2024-07-12 18:00:00,24.03,0.15,96.43,4.55
VIL_0327,2024-07-12 18:00:00,23.72,0.13,97.35,5.16
VIL_0328,2024-07-12 18:00:00,24.09,0.18,95.71,4.63
VIL_0329,2024-07-12 18:00:00,23.99,0.16,96.21,4.46
VIL_0330,2024-07-12 18:00:00,24.08,0.18,95.69,4.59
VIL_0331,2024-07-12 18:00:00,24.13,0.18,95.44,4.66
VIL_0332,2024-07-12 18:00:00,24.19,0.2,95.08,4.78
VIL_0333,2024-07-12 18:00:00,24.18,0.19,95.14,4.77
VIL_0334,2024-07-12 18:00:00,24.12,0.17,95.69,4.65
VIL_0335,2024-07-12 18:00:00,24.14,0.18,95.45,4.67
VIL_0336,2024-07-12 18:00:00,24.1,0.16,95.82,4.57
VIL_0337,2024-07-12 18:00:00,23.9,0.09,96.99,3.66
VIL_0338,2024-07-12 18:00:00,23.9,0.09,97.03,3.62
VIL_0339,2024-07-12 18:00:00,23.89,0.09,97.05,3.63
VIL_0340,2024-07-12 18:00:00,23.89,0.09,97.1,3.57
VIL_0341,2024-07-12 18:00:00,23.89,0.09,97.11,3.59
VIL_0342,2024-07-12 18:00:00,23.98,0.19,97.04,3.66
VIL_0343,2024-07-12 18:00:00,23.98,0.17,97.01,3.65
VIL_0344,2024-07-12 18:00:00,23.97,0.15,97.03,3.6
VIL_0345,2024-07-12 18:00:00,23.96,0.12,97.0,3.55
VIL_0346,2024-07-12 18:00:00,23.96,0.15,97.06,3.57
VIL_0347,2024-07-12 18:00:00,23.97,0.17,97.12,3.59
VIL_0348,2024-07-12 18:00:00,23.98,0.21,97.15,3.65
VIL_0349,2024-07-12 18:00:00,23.99,0.23,97.22,3.66
VIL_0350,2024-07-12 18:00:00,23.99,0.26,97.32,3.67
VIL_0351,2024-07-12 18:00:00,24.0,0.29,97.41,3.68
VIL_0352,2024-07-12 18:00:00,24.01,0.32,97.52,3.7
VIL_0353,2024-07-12 18:00:00,23.9,0.08,96.97,3.63
VIL_0354,2024-07-12 18:00:00,23.9,0.07,96.95,3.58
VIL_0355,2024-07-12 18:00:00,23.9,0.04,97.0,3.47
VIL_0356,2024-07-12 18:00:00,23.9,0.07,96.99,3.57
VIL_0357,2024-07-12 18:00:00,23.9,0.06,97.03,3.5
VIL_0358,2024-07-12 18:00:00,23.9,0.07,97.03,3.56
VIL_0359,2024-07-12 18:00:00,23.9,0.07,97.08,3.5
VIL_0360,2024-07-12 18:00:00,23.9,0.05,97.05,3.47
VIL_0361,2024-07-12 18:00:00,23.9,0.03,97.02,3.39
VIL_0362,2024-07-12 18:00:00,23.9,0.02,97.0,3.37
VIL_0363,2024-07-12 18:00:00,23.87,0.03,96.97,3.69
VIL_0364,2024-07-12 18:00:00,23.87,0.02,97.02,3.58
VIL_0365,2024-07-12 18:00:00,23.82,0.04,97.12,3.9
VIL_0366,2024-07-12 18:00:00,23.79,0.04,97.2,4.13
VIL_0367,2024-07-12 18:00:00,23.72,0.06,97.35,4.59
VIL_0368,2024-07-12 18:00:00,23.62,0.07,97.58,5.27
VIL_0369,2024-07-12 18:00:00,23.75,0.05,97.55,4.25
VIL_0370,2024-07-12 18:00:00,23.9,0.01,97.02,3.33
VIL_0371,2024-07-12 18:00:00,23.88,0.01,97.02,3.43
VIL_0372,2024-07-12 18:00:00,23.9,0.01,97.0,3.35
VIL_0373,2024-07-12 18:00:00,23.9,0.0,97.0,3.3
VIL_0374,2024-07-12 18:00:00,23.95,0.12,97.04,3.53
VIL_0375,2024-07-12 18:00:00,23.9,0.05,97.09,3.43
VIL_0376,2024-07-12 18:00:00,23.9,0.03,97.05,3.38
VIL_0377,2024-07-12 18:00:00,23.9,0.02,97.06,3.36
VIL_0378,2024-07-12 18:00:00,23.9,0.05,97.06,3.68
VIL_0379,2024-07-12 18:00:00,23.88,0.15,97.42,4.11
VIL_0380,2024-07-12 18:00:00,23.92,0.22,97.59,4.02
VIL_0381,2024-07-12 18:00:00,23.93,0.07,97.04,3.44
VIL_0382,2024-07-12 18:00:00,23.95,0.12,97.07,3.51
VIL_0383,2024-07-12 18:00:00,23.9,0.17,97.44,3.92
VIL_0384,2024-07-12 18:00:00,23.98,0.22,97.25,3.63
VIL_0385,2024-07-12 18:00:00,23.97,0.2,97.23,3.59
VIL_0386,2024-07-12 18:00:00,23.99,0.24,97.31,3.64
VIL_0387,2024-07-12 18:00:00,24.0,0.29,97.45,3.67
VIL_0388,2024-07-12 18:00:00,23.99,0.28,97.46,3.65
VIL_0389,2024-07-12 18:00:00,23.98,0.24,97.39,3.62
VIL_0390,2024-07-12 18:00:00,23.98,0.23,97.4,3.6
VIL_0391,2024-07-12 18:00:00,23.99,0.28,97.52,3.64
VIL_0392,2024-07-12 18:00:00,23.99,0.28,97.57,3.63
VIL_0393,2024-07-12 18:00:00,23.95,0.31,97.84,4.03
VIL_0394,2024-07-12 18:00:00,23.99,0.34,97.99,3.51
VIL_0395,2024-07-12 18:00:00,22.44,0.46,99.0,4.72
VIL_0396,2024-07-12 18:00:00,24.0,0.36,98.04,3.52
VIL_0397,2024-07-12 18:00:00,24.0,0.35,98.03,3.57
VIL_0398,2024-07-12 18:00:00,24.0,0.32,98.01,3.6
VIL_0399,2024-07-12 18:00:00,24.0,0.34,98.02,3.6
VIL_0400,2024-07-12 18:00:00,24.0,0.32,98.0,3.58
VIL_0401,2024-07-12 18:00:00,24.0,0.32,98.0,3.59
VIL_0402,2024-07-12 18:00:00,24.0,0.3,98.0,3.6
VIL_0403,2024-07-12 18:00:00,24.0,0.34,98.01,3.6
VIL_0404,2024-07-12 18:00:00,24.01,0.4,98.03,3.63
VIL_0405,2024-07-12 18:00:00,24.03,0.57,98.07,3.71
VIL_0406,2024-07-12 18:00:00,24.01,0.37,98.02,3.61
VIL_0407,2024-07-12 18:00:00,24.02,0.49,98.06,3.65
VIL_0408,2024-07-12 18:00:00,24.01,0.47,98.05,3.61
VIL_0409,2024-07-12 18:00:00,24.01,0.51,98.08,3.59
VIL_0410,2024-07-12 18:00:00,24.01,0.47,98.06,3.57
VIL_0411,2024-07-12 18:00:00,24.0,0.45,98.04,3.56
VIL_0412,2024-07-12 18:00:00,24.0,0.42,98.01,3.54
VIL_0413,2024-07-12 18:00:00,24.0,0.4,97.99,3.52
VIL_0414,2024-07-12 18:00:00,23.99,0.38,97.96,3.51
VIL_0415,2024-07-12 18:00:00,23.98,0.35,97.9,3.49
VIL_0416,2024-07-12 18:00:00,23.98,0.34,97.9,3.49
VIL_0417,2024-07-12 18:00:00,24.0,0.4,98.02,3.57
VIL_0418,2024-07-12 18:00:00,24.01,0.41,98.03,3.6
VIL_0419,2024-07-12 18:00:00,24.0,0.36,98.0,3.58
VIL_0420,2024-07-12 18:00:00,24.0,0.34,97.98,3.56
VIL_0421,2024-07-12 18:00:00,23.99,0.34,97.94,3.53
VIL_0422,2024-07-12 18:00:00,23.99,0.32,97.93,3.53
VIL_0423,2024-07-12 18:00:00,23.99,0.32,97.93,3.53
VIL_0424,2024-07-12 18:00:00,23.95,0.28,97.73,3.89
VIL_0425,2024-07-12 18:00:00,23.96,0.29,97.79,3.89
VIL_0426,2024-07-12 18:00:00,23.94,0.27,97.73,3.94
VIL_0427,2024-07-12 18:00:00,23.99,0.34,97.91,3.5
VIL_0428,2024-07-12 18:00:00,24.0,0.38,98.0,3.55
VIL_0429,2024-07-12 18:00:00,21.02,0.1,98.98,15.63
VIL_0430,2024-07-12 18:00:00,20.6,0.1,99.0,17.59
VIL_0431,2024-07-12 18:00:00,22.8,0.11,99.01,7.44
VIL_0432,2024-07-12 18:00:00,22.81,0.11,99.38,6.15
VIL_0433,2024-07-12 18:00:00,22.9,0.1,99.6,5.08
VIL_0434,2024-07-12 18:00:00,23.02,0.1,99.77,4.07
VIL_0435,2024-07-12 18:00:00,23.09,0.1,99.88,3.46
VIL_0436,2024-07-12 18:00:00,23.1,0.1,99.99,3.22
VIL_0437,2024-07-12 18:00:00,23.15,0.11,99.43,4.03
VIL_0438,2024-07-12 18:00:00,23.5,0.13,97.95,4.94
VIL_0439,2024-07-12 18:00:00,23.55,0.13,97.92,4.16
VIL_0440,2024-07-12 18:00:00,23.06,0.1,99.76,3.94
VIL_0441,2024-07-12 18:00:00,23.1,0.1,98.21,9.76
VIL_0442,2024-07-12 18:00:00,23.04,0.1,98.18,10.22
VIL_0443,2024-07-12 18:00:00,22.85,0.1,98.32,10.41
VIL_0444,2024-07-12 18:00:00,23.06,0.1,98.2,10.05
VIL_0445,2024-07-12 18:00:00,23.13,0.1,98.15,9.94
VIL_0446,2024-07-12 18:00:00,23.19,0.1,98.11,9.88
VIL_0447,2024-07-12 18:00:00,23.23,0.1,98.07,10.0
VIL_0448,2024-07-12 18:00:00,23.24,0.1,98.06,9.96
VIL_0449,2024-07-12 18:00:00,23.3,0.1,98.0,10.1
VIL_0450,2024-07-12 18:00:00,23.26,0.1,98.03,10.07
VIL_0451,2024-07-12 18:00:00,23.25,0.1,98.07,9.93
VIL_0452,2024-07-12 18:00:00,23.23,0.1,98.07,10.02
VIL_0453,2024-07-12 18:00:00,23.02,0.11,98.42,8.94
VIL_0454,2024-07-12 18:00:00,23.72,0.26,97.81,6.14
VIL_0455,2024-07-12 18:00:00,22.43,0.16,98.19,7.98
VIL_0456,2024-07-12 18:00:00,23.43,0.11,98.12,7.76
VIL_0457,2024-07-12 18:00:00,23.46,0.11,98.1,7.41
VIL_0458,2024-07-12 18:00:00,23.5,0.12,98.08,6.92
VIL_0459,2024-07-12 18:00:00,23.57,0.13,98.03,6.18
VIL_0460,2024-07-12 18:00:00,23.41,0.11,98.1,8.04
VIL_0461,2024-07-12 18:00:00,23.09,0.09,98.2,9.48
VIL_0462,2024-07-12 18:00:00,23.08,0.09,98.21,9.66
VIL_0463,2024-07-12 18:00:00,22.97,0.09,98.28,9.75
VIL_0464,2024-07-12 18:00:00,23.14,0.09,98.16,9.66
VIL_0465,2024-07-12 18:00:00,23.16,0.09,98.15,9.57
VIL_0466,2024-07-12 18:00:00,23.13,0.1,98.16,9.81
VIL_0467,2024-07-12 18:00:00,23.02,0.09,98.23,9.94
VIL_0468,2024-07-12 18:00:00,22.91,0.09,98.31,9.95
VIL_0469,2024-07-12 18:00:00,22.84,0.09,98.35,10.07
VIL_0470,2024-07-12 18:00:00,22.77,0.09,98.38,10.35
VIL_0471,2024-07-12 18:00:00,23.8,0.23,97.71,5.3
VIL_0472,2024-07-12 18:00:00,23.61,0.13,98.0,5.79
VIL_0473,2024-07-12 18:00:00,23.5,0.11,98.06,6.84
VIL_0474,2024-07-12 18:00:00,23.62,0.11,97.92,5.49
VIL_0475,2024-07-12 18:00:00,23.66,0.1,97.84,5.11
VIL_0476,2024-07-12 18:00:00,23.63,0.09,97.86,5.24
VIL_0477,2024-07-12 18:00:00,23.51,0.1,98.05,6.41
VIL_0478,2024-07-12 18:00:00,23.48,0.1,98.07,6.92
VIL_0479,2024-07-12 18:00:00,23.43,0.1,98.1,7.7
VIL_0480,2024-07-12 18:00:00,23.17,0.09,98.15,9.47
VIL_0481,2024-07-12 18:00:00,23.18,0.09,98.16,9.42
VIL_0482,2024-07-12 18:00:00,23.43,0.09,97.92,7.61
VIL_0483,2024-07-12 18:00:00,23.5,0.09,97.8,6.78
VIL_0484,2024-07-12 18:00:00,23.45,0.09,97.94,7.06
VIL_0485,2024-07-12 18:00:00,23.13,0.09,98.27,8.98
VIL_0486,2024-07-12 18:00:00,23.18,0.09,98.16,9.53
VIL_0487,2024-07-12 18:00:00,23.51,0.09,97.91,5.67
VIL_0488,2024-07-12 18:00:00,23.65,0.09,97.55,4.76
VIL_0489,2024-07-12 18:00:00,23.76,0.07,97.21,4.34
VIL_0490,2024-07-12 18:00:00,23.83,0.07,96.96,4.11
VIL_0491,2024-07-12 18:00:00,23.8,0.11,96.92,4.42
VIL_0492,2024-07-12 18:00:00,23.72,0.1,97.28,4.49
VIL_0493,2024-07-12 18:00:00,23.51,0.1,98.03,5.01
VIL_0494,2024-07-12 18:00:00,23.04,0.11,99.01,5.83
VIL_0495,2024-07-12 18:00:00,23.1,0.11,99.4,4.33
VIL_0496,2024-07-12 18:00:00,23.55,0.12,97.93,4.3
VIL_0497,2024-07-12 18:00:00,23.35,0.11,98.82,4.13
VIL_0498,2024-07-12 18:00:00,23.52,0.11,98.04,4.47
VIL_0499,2024-07-12 18:00:00,23.67,0.11,97.43,4.5
VIL_0500,2024-07-12 18:00:00,23.84,0.14,96.66,4.53
VIL_0501,2024-07-12 18:00:00,23.9,0.14,96.42,4.55
VIL_0502,2024-07-12 18:00:00,23.1,0.09,98.33,9.17
VIL_0503,2024-07-12 18:00:00,23.4,0.1,98.16,6.83
VIL_0504,2024-07-12 18:00:00,23.39,0.1,98.31,6.09
VIL_0505,2024-07-12 18:00:00,23.44,0.1,98.16,6.04
VIL_0506,2024-07-12 18:00:00,22.99,0.11,98.73,7.35
VIL_0507,2024-07-12 18:00:00,23.88,0.09,96.67,4.23
VIL_0508,2024-07-12 18:00:00,23.91,0.12,96.45,4.42
VIL_0509,2024-07-12 18:00:00,24.04,0.15,96.01,4.44
VIL_0510,2024-07-12 18:00:00,24.06,0.15,95.95,4.47
VIL_0511,2024-07-12 18:00:00,24.03,0.14,96.15,4.36
VIL_0512,2024-07-12 18:00:00,23.9,0.1,96.58,4.25
VIL_0513,2024-07-12 18:00:00,24.02,0.13,96.3,4.32
VIL_0514,2024-07-12 18:00:00,23.96,0.1,96.62,4.06
VIL_0515,2024-07-12 18:00:00,23.98,0.11,96.59,4.13
VIL_0516,2024-07-12 18:00:00,23.93,0.07,96.81,3.87
VIL_0517,2024-07-12 18:00:00,23.9,0.06,96.89,3.58
VIL_0518,2024-07-12 18:00:00,23.91,0.07,96.87,3.62
VIL_0519,2024-07-12 18:00:00,23.91,0.08,96.85,3.68
VIL_0520,2024-07-12 18:00:00,23.93,0.08,96.92,3.92
VIL_0521,2024-07-12 18:00:00,23.94,0.08,96.83,3.94
VIL_0522,2024-07-12 18:00:00,23.96,0.1,96.77,4.08
VIL_0523,2024-07-12 18:00:00,17.74,0.3,100.0,10.18
VIL_0524,2024-07-12 18:00:00,20.03,0.29,100.0,7.06
VIL_0525,2024-07-12 18:00:00,23.92,0.52,98.62,3.24
VIL_0526,2024-07-12 18:00:00,22.93,0.31,100.0,3.18
VIL_0527,2024-07-12 18:00:00,23.1,0.39,99.77,3.01
VIL_0528,2024-07-12 18:00:00,23.76,0.43,99.54,2.28
VIL_0529,2024-07-12 18:00:00,23.78,0.44,99.49,2.31
VIL_0530,2024-07-12 18:00:00,23.85,0.5,99.11,2.75
VIL_0531,2024-07-12 18:00:00,23.93,0.59,98.69,3.21
VIL_0532,2024-07-12 18:00:00,23.89,0.55,98.9,2.97
VIL_0533,2024-07-12 18:00:00,23.94,0.55,98.56,3.31
VIL_0534,2024-07-12 18:00:00,24.01,0.67,98.29,3.65
VIL_0535,2024-07-12 18:00:00,23.99,0.57,98.34,3.53
VIL_0536,2024-07-12 18:00:00,24.0,0.56,98.25,3.6
VIL_0537,2024-07-12 18:00:00,23.99,0.48,98.21,3.57
VIL_0538,2024-07-12 18:00:00,24.01,0.45,98.08,3.6
VIL_0539,2024-07-12 18:00:00,24.03,0.65,98.13,3.78
VIL_0540,2024-07-12 18:00:00,24.04,0.69,98.16,3.78
VIL_0541,2024-07-12 18:00:00,24.06,0.78,98.1,3.91
VIL_0542,2024-07-12 18:00:00,24.07,0.83,98.1,3.95
VIL_0543,2024-07-12 18:00:00,24.09,0.86,98.05,4.03
VIL_0544,2024-07-12 18:00:00,23.98,0.66,98.46,3.47
VIL_0545,2024-07-12 18:00:00,23.94,0.63,98.71,3.2
VIL_0546,2024-07-12 18:00:00,23.85,0.51,99.27,2.51
VIL_0547,2024-07-12 18:00:00,23.82,0.47,99.43,2.31
VIL_0548,2024-07-12 18:00:00,23.77,0.42,99.67,2.04
VIL_0549,2024-07-12 18:00:00,23.71,0.4,99.83,2.08
VIL_0550,2024-07-12 18:00:00,23.72,0.39,99.89,1.91
VIL_0551,2024-07-12 18:00:00,23.63,0.37,99.87,2.28
VIL_0552,2024-07-12 18:00:00,23.61,0.35,99.9,2.28
VIL_0553,2024-07-12 18:00:00,23.08,0.28,100.0,3.09
VIL_0554,2024-07-12 18:00:00,23.48,0.29,99.95,2.6
VIL_0555,2024-07-12 18:00:00,23.64,0.36,99.93,2.09
VIL_0556,2024-07-12 18:00:00,23.45,0.27,99.96,2.67
VIL_0557,2024-07-12 18:00:00,23.7,0.37,99.95,1.84
VIL_0558,2024-07-12 18:00:00,23.8,0.4,100.0,1.4
VIL_0559,2024-07-12 18:00:00,23.79,0.4,99.97,1.51
VIL_0560,2024-07-12 18:00:00,23.78,0.41,99.95,1.57
VIL_0561,2024-07-12 18:00:00,23.82,0.47,99.52,2.16
VIL_0562,2024-07-12 18:00:00,23.99,0.72,98.51,3.46
VIL_0563,2024-07-12 18:00:00,23.95,0.65,98.73,3.18
VIL_0564,2024-07-12 18:00:00,24.02,0.76,98.35,3.65
VIL_0565,2024-07-12 18:00:00,24.03,0.75,98.26,3.74
VIL_0566,2024-07-12 18:00:00,24.09,0.88,98.03,4.06
VIL_0567,2024-07-12 18:00:00,24.1,0.9,98.0,4.1
VIL_0568,2024-07-12 18:00:00,24.05,0.73,98.12,3.85
VIL_0569,2024-07-12 18:00:00,24.07,0.8,98.1,3.93
VIL_0570,2024-07-12 18:00:00,24.03,0.59,98.08,3.7
VIL_0571,2024-07-12 18:00:00,24.03,0.6,98.09,3.7
VIL_0572,2024-07-12 18:00:00,24.04,0.66,98.11,3.73
VIL_0573,2024-07-12 18:00:00,24.03,0.61,98.1,3.68
VIL_0574,2024-07-12 18:00:00,24.03,0.58,98.11,3.63
VIL_0575,2024-07-12 18:00:00,24.04,0.73,98.19,3.79
VIL_0576,2024-07-12 18:00:00,24.01,0.66,98.28,3.67
VIL_0577,2024-07-12 18:00:00,24.01,0.68,98.3,3.66
VIL_0578,2024-07-12 18:00:00,24.01,0.7,98.31,3.66
VIL_0579,2024-07-12 18:00:00,24.02,0.7,98.24,3.73
VIL_0580,2024-07-12 18:00:00,24.06,0.81,98.12,3.92
VIL_0581,2024-07-12 18:00:00,24.09,0.88,98.04,4.05
VIL_0582,2024-07-12 18:00:00,24.01,0.7,98.33,3.65
VIL_0583,2024-07-12 18:00:00,23.98,0.67,98.45,3.53
VIL_0584,2024-07-12 18:00:00,24.0,0.71,98.36,3.63
VIL_0585,2024-07-12 18:00:00,24.03,0.76,98.25,3.77
VIL_0586,2024-07-12 18:00:00,24.05,0.79,98.19,3.85
VIL_0587,2024-07-12 18:00:00,24.04,0.78,98.19,3.83
VIL_0588,2024-07-12 18:00:00,24.03,0.58,98.1,3.66
VIL_0589,2024-07-12 18:00:00,24.06,0.82,98.13,3.92
VIL_0590,2024-07-12 18:00:00,24.09,0.88,98.03,4.06
VIL_0591,2024-07-12 18:00:00,24.05,0.8,98.21,3.83
VIL_0592,2024-07-12 18:00:00,24.02,0.75,98.34,3.68
VIL_0593,2024-07-12 18:00:00,24.08,0.85,98.1,3.97
VIL_0594,2024-07-12 18:00:00,23.95,0.66,98.72,3.2
VIL_0595,2024-07-12 18:00:00,23.94,0.65,98.73,3.21
VIL_0596,2024-07-12 18:00:00,23.93,0.64,98.7,3.27
VIL_0597,2024-07-12 18:00:00,23.95,0.66,98.64,3.33
VIL_0598,2024-07-12 18:00:00,23.82,0.6,99.08,3.17
VIL_0599,2024-07-12 18:00:00,23.8,0.59,99.13,3.2
VIL_0600,2024-07-12 18:00:00,23.8,0.59,99.11,3.19
VIL_0601,2024-07-12 18:00:00,23.78,0.55,99.28,2.98
VIL_0602,2024-07-12 18:00:00,23.82,0.58,99.18,2.99
VIL_0603,2024-07-12 18:00:00,23.76,0.52,99.38,2.85
VIL_0604,2024-07-12 18:00:00,23.71,0.49,99.49,2.84
VIL_0605,2024-07-12 18:00:00,23.71,0.48,99.54,2.76
VIL_0606,2024-07-12 18:00:00,23.68,0.42,99.74,2.45
VIL_0607,2024-07-12 18:00:00,23.74,0.47,99.58,2.51
VIL_0608,2024-07-12 18:00:00,23.82,0.57,99.23,2.86
VIL_0609,2024-07-12 18:00:00,23.79,0.5,99.49,2.45
VIL_0610,2024-07-12 18:00:00,23.86,0.54,99.21,2.59
VIL_0611,2024-07-12 18:00:00,23.74,0.43,99.77,2.11
VIL_0612,2024-07-12 18:00:00,23.71,0.41,99.82,2.15
VIL_0613,2024-07-12 18:00:00,23.67,0.39,99.88,2.16
VIL_0614,2024-07-12 18:00:00,23.59,0.36,99.89,2.52
VIL_0615,2024-07-12 18:00:00,23.57,0.34,99.92,2.43
VIL_0616,2024-07-12 18:00:00,23.71,0.38,99.95,1.85
VIL_0617,2024-07-12 18:00:00,23.77,0.4,99.96,1.58
VIL_0618,2024-07-12 18:00:00,23.59,0.38,99.84,2.68
VIL_0619,2024-07-12 18:00:00,17.36,0.3,100.0,10.73
VIL_0620,2024-07-12 18:00:00,17.28,0.3,100.0,10.86
VIL_0621,2024-07-12 18:00:00,17.16,0.3,100.0,11.03
VIL_0622,2024-07-12 18:00:00,16.68,0.3,100.0,11.7
VIL_0623,2024-07-12 18:00:00,16.86,0.3,100.0,11.32
VIL_0624,2024-07-12 18:00:00,17.73,0.3,100.0,10.19
VIL_0625,2024-07-12 18:00:00,19.84,0.29,100.0,7.36
VIL_0626,2024-07-12 18:00:00,16.94,0.3,100.0,11.26
VIL_0627,2024-07-12 18:00:00,17.12,0.3,100.0,11.07
VIL_0628,2024-07-12 18:00:00,16.52,0.3,100.0,11.99
VIL_0629,2024-07-12 18:00:00,16.66,0.3,100.0,11.8
VIL_0630,2024-07-12 18:00:00,17.0,0.3,100.0,11.34
VIL_0631,2024-07-12 18:00:00,16.8,0.3,100.0,11.61
VIL_0632,2024-07-12 18:00:00,16.95,0.3,100.0,11.39
VIL_0633,2024-07-12 18:00:00,17.36,0.3,100.0,10.86
VIL_0634,2024-07-12 18:00:00,17.04,0.3,100.0,11.29
VIL_0635,2024-07-12 18:00:00,17.4,0.3,100.0,10.79
VIL_0636,2024-07-12 18:00:00,17.98,0.3,100.0,10.04
VIL_0637,2024-07-12 18:00:00,18.11,0.3,100.0,9.92
VIL_0638,2024-07-12 18:00:00,19.56,0.28,100.0,8.04
VIL_0639,2024-07-12 18:00:00,22.63,0.27,100.0,3.78
VIL_0640,2024-07-12 18:00:00,22.78,0.26,100.0,3.65
VIL_0641,2024-07-12 18:00:00,23.07,0.25,100.0,3.23
VIL_0642,2024-07-12 18:00:00,19.74,0.29,100.0,7.86
VIL_0643,2024-07-12 18:00:00,22.46,0.27,100.0,4.12
VIL_0644,2024-07-12 18:00:00,19.09,0.29,100.0,8.7
VIL_0645,2024-07-12 18:00:00,18.78,0.3,100.0,9.1
VIL_0646,2024-07-12 18:00:00,18.7,0.3,100.0,9.11
VIL_0647,2024-07-12 18:00:00,18.63,0.3,100.0,9.21
VIL_0648,2024-07-12 18:00:00,18.64,0.3,100.0,9.19
VIL_0649,2024-07-12 18:00:00,19.63,0.34,100.0,8.14
VIL_0650,2024-07-12 18:00:00,20.25,0.35,100.0,7.38
VIL_0651,2024-07-12 18:00:00,22.09,0.34,100.0,5.05
VIL_0652,2024-07-12 18:00:00,19.39,0.3,100.0,8.23
VIL_0653,2024-07-12 18:00:00,19.97,0.35,100.0,7.72
VIL_0654,2024-07-12 18:00:00,22.32,0.34,100.0,4.76
VIL_0655,2024-07-12 18:00:00,23.52,0.27,99.82,4.29
VIL_0656,2024-07-12 18:00:00,22.42,0.3,100.0,5.0
VIL_0657,2024-07-12 18:00:00,23.6,0.27,99.64,3.72
VIL_0658,2024-07-12 18:00:00,23.56,0.34,100.0,3.35
VIL_0659,2024-07-12 18:00:00,23.5,0.3,100.0,3.55
VIL_0660,2024-07-12 18:00:00,23.5,0.32,100.0,3.46
VIL_0661,2024-07-12 18:00:00,22.66,0.31,100.0,4.24
VIL_0662,2024-07-12 18:00:00,23.41,0.28,100.0,3.02
VIL_0663,2024-07-12 18:00:00,23.41,0.29,100.0,3.12
VIL_0664,2024-07-12 18:00:00,23.36,0.25,100.0,3.05
VIL_0665,2024-07-12 18:00:00,23.34,0.23,100.0,2.99
VIL_0666,2024-07-12 18:00:00,23.38,0.25,100.0,2.89
VIL_0667,2024-07-12 18:00:00,23.39,0.25,99.97,2.83
VIL_0668,2024-07-12 18:00:00,23.32,0.21,100.0,2.98
VIL_0669,2024-07-12 18:00:00,23.27,0.22,100.0,3.0
VIL_0670,2024-07-12 18:00:00,23.3,0.2,100.0,2.99
VIL_0671,2024-07-12 18:00:00,23.67,0.47,99.57,2.92
VIL_0672,2024-07-12 18:00:00,23.77,0.56,99.23,3.12
VIL_0673,2024-07-12 18:00:00,23.75,0.54,99.31,3.06
VIL_0674,2024-07-12 18:00:00,23.74,0.53,99.35,3.0
VIL_0675,2024-07-12 18:00:00,23.72,0.52,99.39,3.03
VIL_0676,2024-07-12 18:00:00,23.74,0.54,99.32,3.09
VIL_0677,2024-07-12 18:00:00,23.72,0.52,99.36,3.09
VIL_0678,2024-07-12 18:00:00,23.69,0.49,99.47,3.04
VIL_0679,2024-07-12 18:00:00,24.02,0.57,98.62,3.93
VIL_0680,2024-07-12 18:00:00,24.03,0.56,98.58,4.02
VIL_0681,2024-07-12 18:00:00,24.01,0.53,98.64,4.04
VIL_0682,2024-07-12 18:00:00,24.05,0.53,98.5,4.22
VIL_0683,2024-07-12 18:00:00,24.08,0.55,98.43,4.25
VIL_0684,2024-07-12 18:00:00,24.12,0.54,98.29,4.47
VIL_0685,2024-07-12 18:00:00,24.2,0.52,98.06,4.8
VIL_0686,2024-07-12 18:00:00,24.11,0.52,98.31,4.52
VIL_0687,2024-07-12 18:00:00,24.0,0.4,98.55,4.48
VIL_0688,2024-07-12 18:00:00,24.3,0.38,97.55,5.16
VIL_0689,2024-07-12 18:00:00,24.31,0.38,97.52,5.18
VIL_0690,2024-07-12 18:00:00,24.35,0.38,97.42,5.28
VIL_0691,2024-07-12 18:00:00,24.53,0.41,96.87,6.05
VIL_0692,2024-07-12 18:00:00,24.47,0.4,97.03,5.87
VIL_0693,2024-07-12 18:00:00,24.6,0.42,96.7,6.24
VIL_0694,2024-07-12 18:00:00,24.65,0.43,96.57,6.4
VIL_0695,2024-07-12 18:00:00,24.8,0.46,96.19,6.94
VIL_0696,2024-07-12 18:00:00,24.85,0.48,96.1,7.06
VIL_0697,2024-07-12 18:00:00,24.89,0.49,96.02,7.16
VIL_0698,2024-07-12 18:00:00,24.89,0.5,96.01,7.18
VIL_0699,2024-07-12 18:00:00,24.84,0.46,96.05,7.02
VIL_0700,2024-07-12 18:00:00,24.68,0.43,96.48,6.47
VIL_0701,2024-07-12 18:00:00,24.6,0.38,96.55,6.39
VIL_0702,2024-07-12 18:00:00,24.5,0.37,96.85,5.84
VIL_0703,2024-07-12 18:00:00,24.42,0.34,97.01,5.56
VIL_0704,2024-07-12 18:00:00,24.79,0.46,96.2,6.89
VIL_0705,2024-07-12 18:00:00,24.72,0.41,96.34,6.6
VIL_0706,2024-07-12 18:00:00,24.57,0.33,96.58,6.06
VIL_0707,2024-07-12 18:00:00,24.47,0.3,96.79,5.77
VIL_0708,2024-07-12 18:00:00,24.46,0.27,96.69,5.68
VIL_0709,2024-07-12 18:00:00,24.78,0.42,96.1,6.79
VIL_0710,2024-07-12 18:00:00,24.62,0.29,96.22,6.2
VIL_0711,2024-07-12 18:00:00,24.5,0.2,96.28,5.74
VIL_0712,2024-07-12 18:00:00,24.54,0.23,96.23,5.89
VIL_0713,2024-07-12 18:00:00,24.64,0.31,96.18,6.28
VIL_0714,2024-07-12 18:00:00,24.7,0.36,96.14,6.53
VIL_0715,2024-07-12 18:00:00,24.65,0.32,96.18,6.35
VIL_0716,2024-07-12 18:00:00,24.62,0.3,96.19,6.25
VIL_0717,2024-07-12 18:00:00,24.54,0.23,96.22,5.93
VIL_0718,2024-07-12 18:00:00,24.47,0.16,96.23,5.62
VIL_0719,2024-07-12 18:00:00,24.57,0.26,96.21,6.07
VIL_0720,2024-07-12 18:00:00,24.62,0.18,95.71,5.91
VIL_0721,2024-07-12 18:00:00,24.52,0.21,96.23,5.86
VIL_0722,2024-07-12 18:00:00,24.48,0.18,96.23,5.75
VIL_0723,2024-07-12 18:00:00,24.58,0.14,95.65,5.77
VIL_0724,2024-07-12 18:00:00,24.46,0.16,96.23,5.62
VIL_0725,2024-07-12 18:00:00,24.43,0.14,96.22,5.58
VIL_0726,2024-07-12 18:00:00,24.55,0.1,95.6,5.64
VIL_0727,2024-07-12 18:00:00,24.57,0.11,95.57,5.71
VIL_0728,2024-07-12 18:00:00,24.54,0.08,95.54,5.62
VIL_0729,2024-07-12 18:00:00,24.4,0.08,96.21,5.17
VIL_0730,2024-07-12 18:00:00,24.38,0.03,96.13,4.89
VIL_0731,2024-07-12 18:00:00,24.38,0.02,96.11,4.78
VIL_0732,2024-07-12 18:00:00,24.39,0.01,96.08,4.78
VIL_0733,2024-07-12 18:00:00,24.4,0.0,96.01,4.7
VIL_0734,2024-07-12 18:00:00,24.36,0.01,96.15,4.81
VIL_0735,2024-07-12 18:00:00,24.39,0.01,96.06,4.76
VIL_0736,2024-07-12 18:00:00,24.39,0.01,96.05,4.76
VIL_0737,2024-07-12 18:00:00,24.38,0.02,96.11,4.84
VIL_0738,2024-07-12 18:00:00,24.34,0.01,96.12,4.92
VIL_0739,2024-07-12 18:00:00,24.41,0.09,96.21,5.26
VIL_0740,2024-07-12 18:00:00,24.4,0.1,96.21,5.36
VIL_0741,2024-07-12 18:00:00,24.38,0.07,96.2,5.19
VIL_0742,2024-07-12 18:00:00,24.36,0.04,96.16,5.09
VIL_0743,2024-07-12 18:00:00,24.37,0.07,96.17,5.26
VIL_0744,2024-07-12 18:00:00,24.52,0.06,95.56,5.51
VIL_0745,2024-07-12 18:00:00,24.36,0.01,95.83,5.35
VIL_0746,2024-07-12 18:00:00,24.37,0.01,95.8,5.37
VIL_0747,2024-07-12 18:00:00,24.39,0.01,95.64,5.53
VIL_0748,2024-07-12 18:00:00,24.35,0.01,95.88,5.3
VIL_0749,2024-07-12 18:00:00,24.34,0.01,95.96,5.21
VIL_0750,2024-07-12 18:00:00,23.64,0.44,99.67,2.85
VIL_0751,2024-07-12 18:00:00,23.6,0.41,99.75,2.85
VIL_0752,2024-07-12 18:00:00,23.52,0.35,100.0,2.91
VIL_0753,2024-07-12 18:00:00,23.65,0.46,99.6,2.96
VIL_0754,2024-07-12 18:00:00,23.63,0.45,99.63,3.02
VIL_0755,2024-07-12 18:00:00,23.63,0.45,99.62,3.05
VIL_0756,2024-07-12 18:00:00,23.61,0.43,99.69,2.99
VIL_0757,2024-07-12 18:00:00,23.52,0.35,100.0,2.94
VIL_0758,2024-07-12 18:00:00,23.5,0.36,100.0,3.12
VIL_0759,2024-07-12 18:00:00,23.51,0.36,100.0,3.04
VIL_0760,2024-07-12 18:00:00,23.83,0.38,99.07,3.91
VIL_0761,2024-07-12 18:00:00,23.78,0.38,99.19,3.8
VIL_0762,2024-07-12 18:00:00,23.84,0.39,98.98,4.12
VIL_0763,2024-07-12 18:00:00,23.47,0.32,100.0,2.96
VIL_0764,2024-07-12 18:00:00,23.46,0.34,100.0,3.16
VIL_0765,2024-07-12 18:00:00,23.43,0.33,100.0,3.34
VIL_0766,2024-07-12 18:00:00,23.41,0.34,100.0,3.46
VIL_0767,2024-07-12 18:00:00,23.44,0.35,100.0,3.45
VIL_0768,2024-07-12 18:00:00,23.45,0.35,100.0,3.35
VIL_0769,2024-07-12 18:00:00,23.44,0.38,100.0,3.66
VIL_0770,2024-07-12 18:00:00,23.42,0.39,100.0,3.82
VIL_0771,2024-07-12 18:00:00,23.4,0.4,100.0,4.0
VIL_0772,2024-07-12 18:00:00,23.41,0.39,100.0,3.83
VIL_0773,2024-07-12 18:00:00,23.45,0.36,100.0,3.39
VIL_0774,2024-07-12 18:00:00,23.48,0.36,100.0,3.26
VIL_0775,2024-07-12 18:00:00,23.47,0.37,100.0,3.41
VIL_0776,2024-07-12 18:00:00,23.44,0.38,100.0,3.58
VIL_0777,2024-07-12 18:00:00,23.44,0.38,100.0,3.68
VIL_0778,2024-07-12 18:00:00,23.41,0.4,100.0,3.95
VIL_0779,2024-07-12 18:00:00,23.41,0.39,100.0,3.91
VIL_0780,2024-07-12 18:00:00,23.41,0.39,100.0,3.91
VIL_0781,2024-07-12 18:00:00,23.51,0.37,100.0,3.51
VIL_0782,2024-07-12 18:00:00,23.53,0.36,100.0,3.41
VIL_0783,2024-07-12 18:00:00,23.54,0.35,100.0,3.35
VIL_0784,2024-07-12 18:00:00,23.47,0.36,100.0,3.6
VIL_0785,2024-07-12 18:00:00,23.49,0.34,100.0,3.47
VIL_0786,2024-07-12 18:00:00,23.47,0.34,100.0,3.49
VIL_0787,2024-07-12 18:00:00,23.79,0.39,99.06,4.38
VIL_0788,2024-07-12 18:00:00,23.5,0.36,100.0,3.18
VIL_0789,2024-07-12 18:00:00,23.49,0.37,100.0,3.32
VIL_0790,2024-07-12 18:00:00,23.48,0.37,100.0,3.45
VIL_0791,2024-07-12 18:00:00,23.44,0.35,100.0,3.72
VIL_0792,2024-07-12 18:00:00,23.46,0.37,100.0,3.72
VIL_0793,2024-07-12 18:00:00,23.59,0.35,99.75,3.61
VIL_0794,2024-07-12 18:00:00,23.58,0.33,99.66,3.75
VIL_0795,2024-07-12 18:00:00,23.58,0.32,99.53,3.86
VIL_0796,2024-07-12 18:00:00,23.63,0.3,99.47,3.79
VIL_0797,2024-07-12 18:00:00,23.66,0.28,99.3,3.86
VIL_0798,2024-07-12 18:00:00,23.67,0.27,99.22,3.91
VIL_0799,2024-07-12 18:00:00,24.07,0.32,98.08,4.66
VIL_0800,2024-07-12 18:00:00,23.84,0.35,98.81,4.3
VIL_0801,2024-07-12 18:00:00,24.03,0.36,98.23,4.77
VIL_0802,2024-07-12 18:00:00,24.17,0.36,97.84,5.09
VIL_0803,2024-07-12 18:00:00,24.24,0.3,97.48,4.99
VIL_0804,2024-07-12 18:00:00,24.24,0.22,97.33,5.06
VIL_0805,2024-07-12 18:00:00,24.26,0.2,97.2,5.08
VIL_0806,2024-07-12 18:00:00,24.27,0.17,97.03,5.03
VIL_0807,2024-07-12 18:00:00,24.16,0.17,97.42,4.82
VIL_0808,2024-07-12 18:00:00,23.83,0.18,98.49,4.13
VIL_0809,2024-07-12 18:00:00,23.74,0.23,98.89,4.0
VIL_0810,2024-07-12 18:00:00,23.74,0.22,98.9,3.99
VIL_0811,2024-07-12 18:00:00,23.68,0.25,99.27,3.82
VIL_0812,2024-07-12 18:00:00,23.66,0.3,99.6,3.54
VIL_0813,2024-07-12 18:00:00,23.63,0.27,99.57,3.68
VIL_0814,2024-07-12 18:00:00,23.56,0.24,99.73,3.82
VIL_0815,2024-07-12 18:00:00,23.57,0.26,99.74,3.75
VIL_0816,2024-07-12 18:00:00,23.59,0.25,99.61,3.82
VIL_0817,2024-07-12 18:00:00,23.6,0.29,99.74,3.6
VIL_0818,2024-07-12 18:00:00,23.69,0.39,99.97,2.97
VIL_0819,2024-07-12 18:00:00,23.68,0.38,99.93,3.08
VIL_0820,2024-07-12 18:00:00,23.57,0.35,100.0,3.31
VIL_0821,2024-07-12 18:00:00,23.69,0.39,99.96,3.0
VIL_0822,2024-07-12 18:00:00,23.58,0.37,100.0,3.29
VIL_0823,2024-07-12 18:00:00,23.65,0.34,99.75,3.37
VIL_0824,2024-07-12 18:00:00,24.11,0.35,98.0,4.9
VIL_0825,2024-07-12 18:00:00,24.57,0.08,95.43,5.73
VIL_0826,2024-07-12 18:00:00,24.56,0.08,95.43,5.7
VIL_0827,2024-07-12 18:00:00,24.55,0.07,95.46,5.67
VIL_0828,2024-07-12 18:00:00,24.56,0.09,95.5,5.72
VIL_0829,2024-07-12 18:00:00,24.56,0.07,95.37,5.71
VIL_0830,2024-07-12 18:00:00,24.42,0.02,95.64,5.63
VIL_0831,2024-07-12 18:00:00,24.54,0.05,95.36,5.67
VIL_0832,2024-07-12 18:00:00,24.41,0.03,95.7,5.65
VIL_0833,2024-07-12 18:00:00,24.43,0.02,95.64,5.67
VIL_0834,2024-07-12 18:00:00,24.41,0.03,95.72,5.66
VIL_0835,2024-07-12 18:00:00,24.41,0.03,95.72,5.68
VIL_0836,2024-07-12 18:00:00,24.41,0.03,95.76,5.68
VIL_0837,2024-07-12 18:00:00,24.44,0.02,95.49,5.7
VIL_0838,2024-07-12 18:00:00,24.44,0.02,95.53,5.69
VIL_0839,2024-07-12 18:00:00,24.45,0.02,95.48,5.72
VIL_0840,2024-07-12 18:00:00,24.43,0.02,95.61,5.67
VIL_0841,2024-07-12 18:00:00,24.45,0.02,95.55,5.7
VIL_0842,2024-07-12 18:00:00,24.46,0.02,95.51,5.69
VIL_0843,2024-07-12 18:00:00,24.44,0.02,95.61,5.69
VIL_0844,2024-07-12 18:00:00,24.46,0.02,95.52,5.68
VIL_0845,2024-07-12 18:00:00,24.49,0.02,95.44,5.66
VIL_0846,2024-07-12 18:00:00,24.42,0.03,95.7,5.69
VIL_0847,2024-07-12 18:00:00,24.43,0.03,95.65,5.69
VIL_0848,2024-07-12 18:00:00,24.45,0.03,95.59,5.69
VIL_0849,2024-07-12 18:00:00,24.47,0.02,95.51,5.66
VIL_0850,2024-07-12 18:00:00,24.44,0.03,95.64,5.69
VIL_0851,2024-07-12 18:00:00,24.42,0.03,95.71,5.71
VIL_0852,2024-07-12 18:00:00,24.45,0.03,95.62,5.69
VIL_0853,2024-07-12 18:00:00,24.4,0.09,95.86,5.96
VIL_0854,2024-07-12 18:00:00,24.38,0.11,95.94,6.05
VIL_0855,2024-07-12 18:00:00,24.36,0.14,96.08,6.14
VIL_0856,2024-07-12 18:00:00,24.35,0.15,96.14,6.18
VIL_0857,2024-07-12 18:00:00,24.36,0.13,96.07,6.1
VIL_0858,2024-07-12 18:00:00,24.39,0.1,95.94,6.0
VIL_0859,2024-07-12 18:00:00,24.35,0.13,96.15,6.12
VIL_0860,2024-07-12 18:00:00,24.51,0.01,95.31,5.68
VIL_0861,2024-07-12 18:00:00,24.55,0.01,95.19,5.57
VIL_0862,2024-07-12 18:00:00,24.56,0.01,95.15,5.56
VIL_0863,2024-07-12 18:00:00,24.5,0.02,95.34,5.66
VIL_0864,2024-07-12 18:00:00,24.53,0.01,95.27,5.6
VIL_0865,2024-07-12 18:00:00,24.6,0.0,95.02,5.51
VIL_0866,2024-07-12 18:00:00,24.4,0.04,95.84,5.75
VIL_0867,2024-07-12 18:00:00,24.33,0.06,96.17,5.84
VIL_0868,2024-07-12 18:00:00,24.43,0.05,95.72,5.77
VIL_0869,2024-07-12 18:00:00,24.51,0.02,95.37,5.62
VIL_0870,2024-07-12 18:00:00,24.49,0.04,95.47,5.7
VIL_0871,2024-07-12 18:00:00,24.33,0.09,96.19,5.98
VIL_0872,2024-07-12 18:00:00,24.41,0.07,95.81,5.88
VIL_0873,2024-07-12 18:00:00,24.35,0.1,96.12,6.0
VIL_0874,2024-07-12 18:00:00,24.22,0.16,96.71,6.26
VIL_0875,2024-07-12 18:00:00,24.24,0.33,96.87,6.89
VIL_0876,2024-07-12 18:00:00,24.1,0.19,97.25,6.4
VIL_0877,2024-07-12 18:00:00,24.19,0.36,97.1,6.99
VIL_0878,2024-07-12 18:00:00,24.25,0.46,96.95,7.35
VIL_0879,2024-07-12 18:00:00,24.23,0.48,97.07,7.41
VIL_0880,2024-07-12 18:00:00,24.35,0.04,95.97,5.83
VIL_0881,2024-07-12 18:00:00,24.12,0.1,97.04,6.07
VIL_0882,2024-07-12 18:00:00,23.86,0.16,98.25,6.39
VIL_0883,2024-07-12 18:00:00,24.04,0.11,97.37,6.14
VIL_0884,2024-07-12 18:00:00,23.85,0.16,98.27,6.36
VIL_0885,2024-07-12 18:00:00,23.7,0.2,98.99,6.6
VIL_0886,2024-07-12 18:00:00,23.77,0.19,98.67,6.53
VIL_0887,2024-07-12 18:00:00,24.14,0.13,97.05,6.19
VIL_0888,2024-07-12 18:00:00,23.91,0.17,98.05,6.42
VIL_0889,2024-07-12 18:00:00,23.88,0.18,98.19,6.48
VIL_0890,2024-07-12 18:00:00,24.02,0.2,97.61,6.46
VIL_0891,2024-07-12 18:00:00,24.04,0.22,97.56,6.55
VIL_0892,2024-07-12 18:00:00,23.86,0.15,98.21,6.32
VIL_0893,2024-07-12 18:00:00,24.03,0.19,97.55,6.46
VIL_0894,2024-07-12 18:00:00,24.46,0.01,95.4,5.77
VIL_0895,2024-07-12 18:00:00,24.32,0.05,96.04,5.87
VIL_0896,2024-07-12 18:00:00,24.47,0.02,95.37,5.76
VIL_0897,2024-07-12 18:00:00,24.3,0.15,96.35,6.19
VIL_0898,2024-07-12 18:00:00,24.3,0.33,96.61,6.87
VIL_0899,2024-07-12 18:00:00,24.33,0.38,96.55,7.05
VIL_0900,2024-07-12 18:00:00,24.34,0.53,96.64,7.59
VIL_0901,2024-07-12 18:00:00,24.35,0.42,96.5,7.21
VIL_0902,2024-07-12 18:00:00,24.35,0.37,96.42,6.99
VIL_0903,2024-07-12 18:00:00,24.36,0.39,96.42,7.07
VIL_0904,2024-07-12 18:00:00,24.36,0.44,96.48,7.28
VIL_0905,2024-07-12 18:00:00,24.36,0.51,96.52,7.55
VIL_0906,2024-07-12 18:00:00,24.36,0.52,96.54,7.56
VIL_0907,2024-07-12 18:00:00,24.35,0.49,96.56,7.48
VIL_0908,2024-07-12 18:00:00,24.36,0.54,96.57,7.63
VIL_0909,2024-07-12 18:00:00,24.3,0.47,96.75,7.37
VIL_0910,2024-07-12 18:00:00,24.28,0.47,96.85,7.38
VIL_0911,2024-07-12 18:00:00,24.33,0.58,96.75,7.77
VIL_0912,2024-07-12 18:00:00,24.33,0.51,96.68,7.53
VIL_0913,2024-07-12 18:00:00,24.37,0.67,96.64,8.12
VIL_0914,2024-07-12 18:00:00,24.37,0.63,96.6,7.97
VIL_0915,2024-07-12 18:00:00,24.39,0.67,96.56,8.15
VIL_0916,2024-07-12 18:00:00,24.38,0.59,96.54,7.84
VIL_0917,2024-07-12 18:00:00,24.4,0.67,96.53,8.17
VIL_0918,2024-07-12 18:00:00,24.42,0.73,96.51,8.39
VIL_0919,2024-07-12 18:00:00,24.38,0.62,96.56,7.94
VIL_0920,2024-07-12 18:00:00,24.38,0.58,96.54,7.82
VIL_0921,2024-07-12 18:00:00,24.42,0.76,96.52,8.48
VIL_0922,2024-07-12 18:00:00,24.43,0.79,96.54,8.57
VIL_0923,2024-07-12 18:00:00,24.45,0.81,96.45,8.72
VIL_0924,2024-07-12 18:00:00,24.47,0.83,96.39,8.83
VIL_0925,2024-07-12 18:00:00,24.3,0.61,96.88,7.83
VIL_0926,2024-07-12 18:00:00,24.31,0.64,96.88,7.91
VIL_0927,2024-07-12 18:00:00,24.33,0.69,96.83,8.06
VIL_0928,2024-07-12 18:00:00,24.35,0.73,96.79,8.19
VIL_0929,2024-07-12 18:00:00,24.36,0.75,96.8,8.22
VIL_0930,2024-07-12 18:00:00,24.34,0.72,96.87,8.1
VIL_0931,2024-07-12 18:00:00,24.34,0.72,96.86,8.09
VIL_0932,2024-07-12 18:00:00,24.33,0.68,96.85,8.02
VIL_0933,2024-07-12 18:00:00,24.34,0.65,96.76,7.99
VIL_0934,2024-07-12 18:00:00,24.36,0.69,96.71,8.13
VIL_0935,2024-07-12 18:00:00,24.35,0.7,96.78,8.12
VIL_0936,2024-07-12 18:00:00,24.38,0.75,96.68,8.33
VIL_0937,2024-07-12 18:00:00,24.37,0.76,96.75,8.3
VIL_0938,2024-07-12 18:00:00,24.34,0.71,96.85,8.08
VIL_0939,2024-07-12 18:00:00,24.32,0.71,96.92,8.02
VIL_0940,2024-07-12 18:00:00,24.3,0.7,96.99,7.92
VIL_0941,2024-07-12 18:00:00,24.38,0.77,96.73,8.37
VIL_0942,2024-07-12 18:00:00,24.34,0.74,96.86,8.13
VIL_0943,2024-07-12 18:00:00,24.37,0.72,96.73,8.23
VIL_0944,2024-07-12 18:00:00,24.38,0.73,96.69,8.3
VIL_0945,2024-07-12 18:00:00,24.38,0.74,96.67,8.34
VIL_0946,2024-07-12 18:00:00,24.4,0.76,96.63,8.43
VIL_0947,2024-07-12 18:00:00,24.4,0.75,96.62,8.41
VIL_0948,2024-07-12 18:00:00,24.41,0.77,96.6,8.49
VIL_0949,2024-07-12 18:00:00,24.41,0.79,96.59,8.54
VIL_0950,2024-07-12 18:00:00,24.39,0.77,96.67,8.41
VIL_0951,2024-07-12 18:00:00,24.42,0.81,96.57,8.63
VIL_0952,2024-07-12 18:00:00,24.48,0.86,96.4,8.93
VIL_0953,2024-07-12 18:00:00,24.43,0.81,96.53,8.66
VIL_0954,2024-07-12 18:00:00,24.45,0.84,96.47,8.8
VIL_0955,2024-07-12 18:00:00,24.47,0.85,96.4,8.9
VIL_0956,2024-07-12 18:00:00,24.49,0.87,96.33,9.03
VIL_0957,2024-07-12 18:00:00,24.48,0.85,96.37,8.93
VIL_0958,2024-07-12 18:00:00,24.46,0.83,96.43,8.79
VIL_0959,2024-07-12 18:00:00,24.46,0.83,96.44,8.79
VIL_0960,2024-07-12 18:00:00,24.44,0.8,96.5,8.66
VIL_0961,2024-07-12 18:00:00,24.45,0.81,96.47,8.73
VIL_0962,2024-07-12 18:00:00,24.45,0.81,96.46,8.71
VIL_0963,2024-07-12 18:00:00,24.44,0.8,96.48,8.66
VIL_0964,2024-07-12 18:00:00,24.44,0.79,96.49,8.63
VIL_0965,2024-07-12 18:00:00,24.45,0.8,96.47,8.69
VIL_0966,2024-07-12 18:00:00,24.43,0.78,96.51,8.59
VIL_0967,2024-07-12 18:00:00,24.42,0.77,96.53,8.54
VIL_0968,2024-07-12 18:00:00,24.42,0.76,96.55,8.5
VIL_0969,2024-07-12 18:00:00,24.43,0.78,96.52,8.58
VIL_0970,2024-07-12 18:00:00,24.42,0.78,96.55,8.55
VIL_0971,2024-07-12 18:00:00,24.41,0.76,96.58,8.48
VIL_0972,2024-07-12 18:00:00,24.42,0.78,96.55,8.56
VIL_0973,2024-07-12 18:00:00,24.45,0.14,96.26,5.44
VIL_0974,2024-07-12 18:00:00,24.41,0.1,96.25,5.23
VIL_0975,2024-07-12 18:00:00,24.39,0.09,96.3,5.17
VIL_0976,2024-07-12 18:00:00,24.31,0.14,96.79,5.04
VIL_0977,2024-07-12 18:00:00,24.29,0.08,96.65,4.83
VIL_0978,2024-07-12 18:00:00,24.36,0.03,96.19,4.84
VIL_0979,2024-07-12 18:00:00,24.29,0.02,96.44,4.68
VIL_0980,2024-07-12 18:00:00,24.18,0.09,97.08,4.7
VIL_0981,2024-07-12 18:00:00,24.08,0.15,97.63,4.64
VIL_0982,2024-07-12 18:00:00,24.01,0.08,97.57,4.52
VIL_0983,2024-07-12 18:00:00,23.7,0.2,99.03,4.04
VIL_0984,2024-07-12 18:00:00,23.79,0.16,98.59,4.2
VIL_0985,2024-07-12 18:00:00,23.98,0.08,97.65,4.55
VIL_0986,2024-07-12 18:00:00,23.68,0.12,98.81,4.44
VIL_0987,2024-07-12 18:00:00,23.58,0.19,99.41,4.12
VIL_0988,2024-07-12 18:00:00,23.47,0.12,99.54,4.46
VIL_0989,2024-07-12 18:00:00,24.17,0.04,96.88,4.67
VIL_0990,2024-07-12 18:00:00,23.91,0.07,97.83,4.64
VIL_0991,2024-07-12 18:00:00,23.49,0.1,99.35,4.58
VIL_0992,2024-07-12 18:00:00,23.47,0.1,99.39,4.62
VIL_0993,2024-07-12 18:00:00,23.38,0.1,99.73,4.6
VIL_0994,2024-07-12 18:00:00,23.33,0.1,99.9,4.58
VIL_0995,2024-07-12 18:00:00,23.35,0.11,99.86,4.56
VIL_0996,2024-07-12 18:00:00,23.44,0.12,99.61,4.49
VIL_0997,2024-07-12 18:00:00,23.52,0.16,99.48,4.3
VIL_0998,2024-07-12 18:00:00,23.65,0.14,98.89,4.88
VIL_0999,2024-07-12 18:00:00,23.64,0.15,99.02,4.38
VIL_1000,2024-07-12 18:00:00,23.49,0.11,99.35,4.6
VIL_1001,2024-07-12 18:00:00,23.59,0.09,98.97,4.68
VIL_1002,2024-07-12 18:00:00,23.75,0.09,98.33,4.79
VIL_1003,2024-07-12 18:00:00,23.74,0.17,98.7,5.09
VIL_1004,2024-07-12 18:00:00,23.94,0.11,97.73,6.0
VIL_1005,2024-07-12 18:00:00,23.89,0.08,97.77,5.55
VIL_1006,2024-07-12 18:00:00,24.09,0.09,97.07,6.01
VIL_1007,2024-07-12 18:00:00,24.2,0.02,96.37,5.43
VIL_1008,2024-07-12 18:00:00,24.02,0.06,97.17,5.61
VIL_1009,2024-07-12 18:00:00,24.29,0.02,95.99,5.55
VIL_1010,2024-07-12 18:00:00,24.2,0.02,96.37,5.4
VIL_1011,2024-07-12 18:00:00,24.0,0.04,97.22,5.18
VIL_1012,2024-07-12 18:00:00,23.68,0.09,98.62,4.71
VIL_1013,2024-07-12 18:00:00,23.93,0.07,97.65,4.88
VIL_1014,2024-07-12 18:00:00,24.19,0.02,96.45,5.3
VIL_1015,2024-07-12 18:00:00,24.28,0.01,96.2,5.16
VIL_1016,2024-07-12 18:00:00,24.21,0.02,96.47,5.12
VIL_1017,2024-07-12 18:00:00,23.96,0.06,97.57,4.77
VIL_1018,2024-07-12 18:00:00,23.83,0.07,98.11,4.69
VIL_1019,2024-07-12 18:00:00,24.21,0.03,96.69,4.74
VIL_1020,2024-07-12 18:00:00,24.36,0.01,95.75,5.49
VIL_1021,2024-07-12 18:00:00,24.37,0.01,95.67,5.61
VIL_1022,2024-07-12 18:00:00,24.44,0.0,95.29,5.83
VIL_1023,2024-07-12 18:00:00,24.34,0.03,95.75,5.88
VIL_1024,2024-07-12 18:00:00,24.5,0.0,95.01,5.99
VIL_1025,2024-07-12 18:00:00,24.46,0.0,95.25,5.82
VIL_1026,2024-07-12 18:00:00,24.48,0.01,95.23,5.88
VIL_1027,2024-07-12 18:00:00,24.49,0.0,95.09,5.96
VIL_1028,2024-07-12 18:00:00,24.47,0.01,95.2,5.94
VIL_1029,2024-07-12 18:00:00,24.35,0.03,95.82,5.91
VIL_1030,2024-07-12 18:00:00,17.37,0.3,100.0,10.7
VIL_1031,2024-07-12 18:00:00,23.93,0.08,97.06,3.98
